  0
SECTION
  2
HEADER
  9
$ACADVER
  1
AC1018
  9
$ACADMAINTVER
 70
   104
  9
$DWGCODEPAGE
  3
ANSI_1252
  9
$LASTSAVEDBY
  1
cbarreiroblan
  9
$INSBASE
 10
0.0
 20
0.0
 30
0.0
  9
$EXTMIN
 10
217.4340832622654
 20
8.442856536296744
 30
-0.0000000000112498
  9
$EXTMAX
 10
307.9568489919846
 20
80.47677656248765
 30
0.0000000000002956
  9
$LIMMIN
 10
0.0
 20
0.0
  9
$LIMMAX
 10
420.0
 20
297.0
  9
$ORTHOMODE
 70
     1
  9
$REGENMODE
 70
     1
  9
$FILLMODE
 70
     1
  9
$QTEXTMODE
 70
     0
  9
$MIRRTEXT
 70
     0
  9
$LTSCALE
 40
1.0
  9
$ATTMODE
 70
     1
  9
$TEXTSIZE
 40
2.5
  9
$TRACEWID
 40
1.0
  9
$TEXTSTYLE
  7
Standard
  9
$CLAYER
  8
0
  9
$CELTYPE
  6
ByLayer
  9
$CECOLOR
 62
   146
  9
$CELTSCALE
 40
1.0
  9
$DISPSILH
 70
     0
  9
$DIMSCALE
 40
1.0
  9
$DIMASZ
 40
2.5
  9
$DIMEXO
 40
2.5
  9
$DIMDLI
 40
0.4
  9
$DIMRND
 40
0.0
  9
$DIMDLE
 40
0.0
  9
$DIMEXE
 40
0.5
  9
$DIMTP
 40
0.2
  9
$DIMTM
 40
0.2
  9
$DIMTXT
 40
2.5
  9
$DIMCEN
 40
0.0
  9
$DIMTSZ
 40
0.0
  9
$DIMTOL
 70
     0
  9
$DIMLIM
 70
     0
  9
$DIMTIH
 70
     0
  9
$DIMTOH
 70
     0
  9
$DIMSE1
 70
     0
  9
$DIMSE2
 70
     0
  9
$DIMTAD
 70
     1
  9
$DIMZIN
 70
     0
  9
$DIMBLK
  1

  9
$DIMASO
 70
     1
  9
$DIMSHO
 70
     1
  9
$DIMPOST
  1

  9
$DIMAPOST
  1

  9
$DIMALT
 70
     0
  9
$DIMALTD
 70
     2
  9
$DIMALTF
 40
25.4
  9
$DIMLFAC
 40
1.0
  9
$DIMTOFL
 70
     1
  9
$DIMTVP
 40
0.0
  9
$DIMTIX
 70
     0
  9
$DIMSOXD
 70
     0
  9
$DIMSAH
 70
     0
  9
$DIMBLK1
  1

  9
$DIMBLK2
  1

  9
$DIMSTYLE
  2
1-1
  9
$DIMCLRD
 70
   256
  9
$DIMCLRE
 70
   256
  9
$DIMCLRT
 70
   256
  9
$DIMTFAC
 40
0.2
  9
$DIMGAP
 40
1.0
  9
$DIMJUST
 70
     0
  9
$DIMSD1
 70
     0
  9
$DIMSD2
 70
     0
  9
$DIMTOLJ
 70
     1
  9
$DIMTZIN
 70
     0
  9
$DIMALTZ
 70
     0
  9
$DIMALTTZ
 70
     0
  9
$DIMUPT
 70
     0
  9
$DIMDEC
 70
     2
  9
$DIMTDEC
 70
     2
  9
$DIMALTU
 70
     2
  9
$DIMALTTD
 70
     2
  9
$DIMTXSTY
  7
ROMANS
  9
$DIMAUNIT
 70
     0
  9
$DIMADEC
 70
     0
  9
$DIMALTRND
 40
0.0
  9
$DIMAZIN
 70
     0
  9
$DIMDSEP
 70
    46
  9
$DIMATFIT
 70
     0
  9
$DIMFRAC
 70
     0
  9
$DIMLDRBLK
  1

  9
$DIMLUNIT
 70
     2
  9
$DIMLWD
 70
    -2
  9
$DIMLWE
 70
    -2
  9
$DIMTMOVE
 70
     0
  9
$LUNITS
 70
     2
  9
$LUPREC
 70
     4
  9
$SKETCHINC
 40
1.0
  9
$FILLETRAD
 40
0.0
  9
$AUNITS
 70
     0
  9
$AUPREC
 70
     0
  9
$MENU
  1
.
  9
$ELEVATION
 40
0.0
  9
$PELEVATION
 40
0.0
  9
$THICKNESS
 40
0.0
  9
$LIMCHECK
 70
     0
  9
$CHAMFERA
 40
0.0
  9
$CHAMFERB
 40
0.0
  9
$CHAMFERC
 40
0.0
  9
$CHAMFERD
 40
0.0
  9
$SKPOLY
 70
     0
  9
$TDCREATE
 40
2455708.765833333
  9
$TDUCREATE
 40
2455708.682502755
  9
$TDUPDATE
 40
2461083.526134259
  9
$TDUUPDATE
 40
2461083.484467593
  9
$TDINDWG
 40
0.2033934028
  9
$TDUSRTIMER
 40
0.2033928588
  9
$USRTIMER
 70
     1
  9
$ANGBASE
 50
0.0
  9
$ANGDIR
 70
     0
  9
$PDMODE
 70
     0
  9
$PDSIZE
 40
0.0
  9
$PLINEWID
 40
0.0
  9
$SPLFRAME
 70
     0
  9
$SPLINETYPE
 70
     6
  9
$SPLINESEGS
 70
     8
  9
$HANDSEED
  5
292D
  9
$SURFTAB1
 70
     6
  9
$SURFTAB2
 70
     6
  9
$SURFTYPE
 70
     6
  9
$SURFU
 70
     6
  9
$SURFV
 70
     6
  9
$UCSBASE
  2

  9
$UCSNAME
  2

  9
$UCSORG
 10
0.0
 20
0.0
 30
0.0
  9
$UCSXDIR
 10
1.0
 20
0.0
 30
0.0
  9
$UCSYDIR
 10
0.0
 20
1.0
 30
0.0
  9
$UCSORTHOREF
  2

  9
$UCSORTHOVIEW
 70
     0
  9
$UCSORGTOP
 10
0.0
 20
0.0
 30
0.0
  9
$UCSORGBOTTOM
 10
0.0
 20
0.0
 30
0.0
  9
$UCSORGLEFT
 10
0.0
 20
0.0
 30
0.0
  9
$UCSORGRIGHT
 10
0.0
 20
0.0
 30
0.0
  9
$UCSORGFRONT
 10
0.0
 20
0.0
 30
0.0
  9
$UCSORGBACK
 10
0.0
 20
0.0
 30
0.0
  9
$PUCSBASE
  2

  9
$PUCSNAME
  2

  9
$PUCSORG
 10
0.0
 20
0.0
 30
0.0
  9
$PUCSXDIR
 10
1.0
 20
0.0
 30
0.0
  9
$PUCSYDIR
 10
0.0
 20
1.0
 30
0.0
  9
$PUCSORTHOREF
  2

  9
$PUCSORTHOVIEW
 70
     0
  9
$PUCSORGTOP
 10
0.0
 20
0.0
 30
0.0
  9
$PUCSORGBOTTOM
 10
0.0
 20
0.0
 30
0.0
  9
$PUCSORGLEFT
 10
0.0
 20
0.0
 30
0.0
  9
$PUCSORGRIGHT
 10
0.0
 20
0.0
 30
0.0
  9
$PUCSORGFRONT
 10
0.0
 20
0.0
 30
0.0
  9
$PUCSORGBACK
 10
0.0
 20
0.0
 30
0.0
  9
$USERI1
 70
     0
  9
$USERI2
 70
     0
  9
$USERI3
 70
     0
  9
$USERI4
 70
     0
  9
$USERI5
 70
     0
  9
$USERR1
 40
0.0
  9
$USERR2
 40
0.0
  9
$USERR3
 40
0.0
  9
$USERR4
 40
0.0
  9
$USERR5
 40
0.0
  9
$WORLDVIEW
 70
     1
  9
$SHADEDGE
 70
     3
  9
$SHADEDIF
 70
    70
  9
$TILEMODE
 70
     1
  9
$MAXACTVP
 70
    64
  9
$PINSBASE
 10
0.0
 20
0.0
 30
0.0
  9
$PLIMCHECK
 70
     0
  9
$PEXTMIN
 10
0.0
 20
0.0
 30
0.0
  9
$PEXTMAX
 10
0.0
 20
0.0
 30
0.0
  9
$PLIMMIN
 10
0.0
 20
0.0
  9
$PLIMMAX
 10
12.0
 20
9.0
  9
$UNITMODE
 70
     0
  9
$VISRETAIN
 70
     1
  9
$PLINEGEN
 70
     0
  9
$PSLTSCALE
 70
     1
  9
$TREEDEPTH
 70
  3020
  9
$CMLSTYLE
  2
Standard
  9
$CMLJUST
 70
     0
  9
$CMLSCALE
 40
20.0
  9
$PROXYGRAPHICS
 70
     1
  9
$MEASUREMENT
 70
     1
  9
$CELWEIGHT
370
   100
  9
$ENDCAPS
280
     0
  9
$JOINSTYLE
280
     0
  9
$LWDISPLAY
290
     0
  9
$INSUNITS
 70
     4
  9
$HYPERLINKBASE
  1

  9
$STYLESHEET
  1

  9
$XEDIT
290
     1
  9
$CEPSNTYPE
380
     0
  9
$PSTYLEMODE
290
     1
  9
$FINGERPRINTGUID
  2
{3567DA1E-0DD3-4DF6-AFCE-7EB681551C87}
  9
$VERSIONGUID
  2
{ED68C38F-ADDA-E847-A733-D132EF5FFC35}
  9
$EXTNAMES
290
     1
  9
$PSVPSCALE
 40
0.0
  9
$OLESTARTUP
290
     0
  9
$SORTENTS
280
   127
  9
$INDEXCTL
280
     0
  9
$HIDETEXT
280
     1
  9
$XCLIPFRAME
290
     0
  9
$HALOGAP
280
     0
  9
$OBSCOLOR
 70
   257
  9
$OBSLTYPE
280
     0
  9
$INTERSECTIONDISPLAY
280
     0
  9
$INTERSECTIONCOLOR
 70
   257
  9
$DIMASSOC
280
     2
  9
$PROJECTNAME
  1

  0
ENDSEC
  0
SECTION
  2
CLASSES
  0
CLASS
  1
ACDBDICTIONARYWDFLT
  2
AcDbDictionaryWithDefault
  3
ObjectDBX Classes
 90
        0
 91
        1
280
     0
281
     0
  0
CLASS
  1
DICTIONARYVAR
  2
AcDbDictionaryVar
  3
ObjectDBX Classes
 90
        0
 91
       29
280
     0
281
     0
  0
CLASS
  1
TABLESTYLE
  2
AcDbTableStyle
  3
ObjectDBX Classes
 90
     4095
 91
        1
280
     0
281
     0
  0
CLASS
  1
MATERIAL
  2
AcDbMaterial
  3
ObjectDBX Classes
 90
     1153
 91
        3
280
     0
281
     0
  0
CLASS
  1
VISUALSTYLE
  2
AcDbVisualStyle
  3
ObjectDBX Classes
 90
     4095
 91
       26
280
     0
281
     0
  0
CLASS
  1
SCALE
  2
AcDbScale
  3
ObjectDBX Classes
 90
     1153
 91
       17
280
     0
281
     0
  0
CLASS
  1
MLEADERSTYLE
  2
AcDbMLeaderStyle
  3
ACDB_MLEADERSTYLE_CLASS
 90
     4095
 91
        1
280
     0
281
     0
  0
CLASS
  1
CELLSTYLEMAP
  2
AcDbCellStyleMap
  3
ObjectDBX Classes
 90
     1152
 91
        2
280
     0
281
     0
  0
CLASS
  1
EXACXREFPANELOBJECT
  2
ExAcXREFPanelObject
  3
EXAC_ESW
 90
     1025
 91
        0
280
     0
281
     0
  0
CLASS
  1
NPOCOLLECTION
  2
AcDbImpNonPersistentObjectsCollection
  3
ObjectDBX Classes
 90
     1153
 91
        0
280
     0
281
     0
  0
CLASS
  1
LAYER_INDEX
  2
AcDbLayerIndex
  3
ObjectDBX Classes
 90
        0
 91
        0
280
     0
281
     0
  0
CLASS
  1
SPATIAL_INDEX
  2
AcDbSpatialIndex
  3
ObjectDBX Classes
 90
        0
 91
        0
280
     0
281
     0
  0
CLASS
  1
IDBUFFER
  2
AcDbIdBuffer
  3
ObjectDBX Classes
 90
        0
 91
        0
280
     0
281
     0
  0
CLASS
  1
SORTENTSTABLE
  2
AcDbSortentsTable
  3
ObjectDBX Classes
 90
        0
 91
        1
280
     0
281
     0
  0
CLASS
  1
AEC_REFEDIT_STATUS_TRACKER
  2
AecDbRefEditStatusTracker
  3
AecArchBase80|Product Desc: Autodesk Architectural Desktop 2007 |Company: Autodesk,Inc. |WEB Address: www.autodesk.com
 90
      129
 91
        0
280
     0
281
     0
  0
CLASS
  1
DIMASSOC
  2
AcDbDimAssoc
  3
"AcDbDimAssoc|Product Desc:     AcDim ARX App For Dimension|Company:          Autodesk, Inc.|WEB Address:      www.autodesk.com"
 90
        0
 91
        0
280
     0
281
     0
  0
CLASS
  1
ACDBSECTIONVIEWSTYLE
  2
AcDbSectionViewStyle
  3
ObjectDBX Classes
 90
     1025
 91
        1
280
     0
281
     0
  0
CLASS
  1
ACDBDETAILVIEWSTYLE
  2
AcDbDetailViewStyle
  3
ObjectDBX Classes
 90
     1025
 91
        1
280
     0
281
     0
  0
CLASS
  1
ACDBASSOCPERSSUBENTMANAGER
  2
AcDbAssocPersSubentManager
  3
ObjectDBX Classes
 90
     1024
 91
        1
280
     0
281
     0
  0
CLASS
  1
RAPIDRTRENDERSETTINGS
  2
AcDbRapidRTRenderSettings
  3
ObjectDBX Classes
 90
     1024
 91
        1
280
     0
281
     0
  0
CLASS
  1
MENTALRAYRENDERSETTINGS
  2
AcDbMentalRayRenderSettings
  3
SCENEOE
 90
     1024
 91
        1
280
     0
281
     0
  0
ENDSEC
  0
SECTION
  2
TABLES
  0
TABLE
  2
VPORT
  5
8
330
0
100
AcDbSymbolTable
 70
     1
  0
VPORT
  5
EA
330
8
100
AcDbSymbolTableRecord
100
AcDbViewportTableRecord
  2
*Active
 70
     0
 10
0.0
 20
0.0
 11
1.0
 21
1.0
 12
262.695466127125
 22
44.45981654939219
 13
0.0
 23
0.0
 14
10.0
 24
10.0
 15
10.0
 25
10.0
 16
0.0
 26
0.0
 36
1.0
 17
0.0
 27
0.0
 37
0.0
 40
72.57015268147274
 41
1.981366459627329
 42
50.0
 43
0.0
 44
0.0
 50
0.0
 51
0.0
 71
     0
 72
  1000
 73
     1
 74
     3
 75
     0
 76
     0
 77
     0
 78
     0
281
     0
 65
     1
110
0.0
120
0.0
130
0.0
111
1.0
121
0.0
131
0.0
112
0.0
122
1.0
132
0.0
 79
     0
146
0.0
1001
ACAD_NAV_VCDISPLAY
1070
     3
  0
ENDTAB
  0
TABLE
  2
LTYPE
  5
5
330
0
100
AcDbSymbolTable
 70
     1
  0
LTYPE
  5
14
330
5
100
AcDbSymbolTableRecord
100
AcDbLinetypeTableRecord
  2
ByBlock
 70
     0
  3

 72
    65
 73
     0
 40
0.0
  0
LTYPE
  5
15
330
5
100
AcDbSymbolTableRecord
100
AcDbLinetypeTableRecord
  2
ByLayer
 70
     0
  3

 72
    65
 73
     0
 40
0.0
  0
LTYPE
  5
16
330
5
100
AcDbSymbolTableRecord
100
AcDbLinetypeTableRecord
  2
Continuous
 70
     0
  3
Solid line
 72
    65
 73
     0
 40
0.0
  0
ENDTAB
  0
TABLE
  2
LAYER
  5
2
102
{ACAD_XDICTIONARY
360
1F8
102
}
330
0
100
AcDbSymbolTable
 70
     4
  0
LAYER
  5
10
102
{ACAD_XDICTIONARY
360
13C
102
}
330
2
100
AcDbSymbolTableRecord
100
AcDbLayerTableRecord
  2
0
 70
     0
 62
     7
  6
Continuous
370
    -3
390
F
  0
LAYER
  5
255D
330
2
100
AcDbSymbolTableRecord
100
AcDbLayerTableRecord
  2
00_POLIAMIDAS
 70
     0
 62
     8
  6
Continuous
370
    70
390
F
1001
AcAecLayerStandard
1000

1000

  0
LAYER
  5
255E
330
2
100
AcDbSymbolTableRecord
100
AcDbLayerTableRecord
  2
00_COTAS
 70
     0
 62
   250
  6
Continuous
370
     9
390
F
1001
AcAecLayerStandard
1000

1000

  0
LAYER
  5
255F
330
2
100
AcDbSymbolTableRecord
100
AcDbLayerTableRecord
  2
00_ALUMINIO
 70
     0
 62
     7
  6
Continuous
370
   100
390
F
1001
AcAecLayerStandard
1000

1000

  0
ENDTAB
  0
TABLE
  2
STYLE
  5
3
330
0
100
AcDbSymbolTable
 70
     3
  0
STYLE
  5
11
330
3
100
AcDbSymbolTableRecord
100
AcDbTextStyleTableRecord
  2
Standard
 70
     0
 40
0.0
 41
1.0
 50
0.0
 71
     0
 42
2.5
  3
arial.ttf
  4

1001
ACAD
1000
Arial
1071
       34
  0
STYLE
  5
215
330
3
100
AcDbSymbolTableRecord
100
AcDbTextStyleTableRecord
  2
ROMANS
 70
     0
 40
2.5
 41
0.85
 50
10.0
 71
     0
 42
2.5
  3
ROMANS.SHX
  4

  0
STYLE
  5
2560
330
3
100
AcDbSymbolTableRecord
100
AcDbTextStyleTableRecord
  2
ARIAL 2
 70
     0
 40
2.0
 41
1.0
 50
0.0
 71
     0
 42
2.5
  3
arial.ttf
  4

1001
ACAD
1000
Arial
1071
       34
  0
ENDTAB
  0
TABLE
  2
VIEW
  5
6
330
0
100
AcDbSymbolTable
 70
     0
  0
ENDTAB
  0
TABLE
  2
UCS
  5
7
330
0
100
AcDbSymbolTable
 70
     0
  0
ENDTAB
  0
TABLE
  2
APPID
  5
9
330
0
100
AcDbSymbolTable
 70
    17
  0
APPID
  5
12
330
9
100
AcDbSymbolTableRecord
100
AcDbRegAppTableRecord
  2
ACAD
 70
     0
  0
APPID
  5
9E
330
9
100
AcDbSymbolTableRecord
100
AcDbRegAppTableRecord
  2
ACAD_PSEXT
 70
     0
  0
APPID
  5
133
330
9
100
AcDbSymbolTableRecord
100
AcDbRegAppTableRecord
  2
AcadAnnoPO
 70
     0
  0
APPID
  5
134
330
9
100
AcDbSymbolTableRecord
100
AcDbRegAppTableRecord
  2
AcadAnnotative
 70
     0
  0
APPID
  5
135
330
9
100
AcDbSymbolTableRecord
100
AcDbRegAppTableRecord
  2
ACAD_DSTYLE_DIMJAG
 70
     0
  0
APPID
  5
136
330
9
100
AcDbSymbolTableRecord
100
AcDbRegAppTableRecord
  2
ACAD_DSTYLE_DIMTALN
 70
     0
  0
APPID
  5
165
330
9
100
AcDbSymbolTableRecord
100
AcDbRegAppTableRecord
  2
ACAD_MLEADERVER
 70
     0
  0
APPID
  5
1F7
330
9
100
AcDbSymbolTableRecord
100
AcDbRegAppTableRecord
  2
AcAecLayerStandard
 70
     0
  0
APPID
  5
ACC
330
9
100
AcDbSymbolTableRecord
100
AcDbRegAppTableRecord
  2
ACAD_DSTYLE_DIMBREAK
 70
     0
  0
APPID
  5
1514
330
9
100
AcDbSymbolTableRecord
100
AcDbRegAppTableRecord
  2
ACAD_DSTYLE_DIMJOGGED_JOGANGLE_SYMBOL
 70
     0
  0
APPID
  5
1515
330
9
100
AcDbSymbolTableRecord
100
AcDbRegAppTableRecord
  2
AcDbBlockRepETag
 70
     0
  0
APPID
  5
19A6
330
9
100
AcDbSymbolTableRecord
100
AcDbRegAppTableRecord
  2
ACAD_EXEMPT_FROM_CAD_STANDARDS
 70
     0
  0
APPID
  5
20AF
330
9
100
AcDbSymbolTableRecord
100
AcDbRegAppTableRecord
  2
ACAD_NAV_VCDISPLAY
 70
     0
  0
APPID
  5
2135
330
9
100
AcDbSymbolTableRecord
100
AcDbRegAppTableRecord
  2
GradientColor1ACI
 70
     0
  0
APPID
  5
2136
330
9
100
AcDbSymbolTableRecord
100
AcDbRegAppTableRecord
  2
GradientColor2ACI
 70
     0
  0
APPID
  5
2286
330
9
100
AcDbSymbolTableRecord
100
AcDbRegAppTableRecord
  2
ACAD_STEPID
 70
     0
  0
APPID
  5
24AC
330
9
100
AcDbSymbolTableRecord
100
AcDbRegAppTableRecord
  2
ACAD_OBJECT_CHANGE_GUID
 70
     0
  0
ENDTAB
  0
TABLE
  2
DIMSTYLE
  5
A
330
0
100
AcDbSymbolTable
 70
     2
100
AcDbDimStyleTable
 71
     1
340
216
  0
DIMSTYLE
105
216
330
A
100
AcDbSymbolTableRecord
100
AcDbDimStyleTableRecord
  2
1-1
 70
     0
 41
2.5
 42
2.5
 43
0.4
 44
0.5
 47
0.2
 48
0.2
 73
     0
 74
     0
 77
     1
140
2.5
141
0.0
146
0.2
147
1.0
172
     1
176
   256
177
   256
178
   256
271
     2
272
     2
289
     0
340
215
1001
ACAD_DSTYLE_DIMJAG
1070
   388
1040
1.5
1001
ACAD_DSTYLE_DIMTALN
1070
   392
1070
     0
  0
DIMSTYLE
105
2561
330
A
100
AcDbSymbolTableRecord
100
AcDbDimStyleTableRecord
  2
1-1-ARIAL
 70
     0
 41
2.5
 42
2.5
 43
0.4
 44
0.5
 47
0.2
 48
0.2
 73
     0
 74
     0
 77
     1
140
2.0
141
0.0
146
0.2
147
1.0
172
     1
176
   256
177
   256
178
   256
271
     1
272
     1
289
     0
340
2560
1001
ACAD_DSTYLE_DIMBREAK
1070
   391
1040
3.75
1001
ACAD_DSTYLE_DIMJAG
1070
   388
1040
1.5
1001
ACAD_DSTYLE_DIMTALN
1070
   392
1070
     0
  0
ENDTAB
  0
TABLE
  2
BLOCK_RECORD
  5
1
330
0
100
AcDbSymbolTable
 70
     1
  0
BLOCK_RECORD
  5
1F
102
{ACAD_XDICTIONARY
360
1CE
102
}
330
1
100
AcDbSymbolTableRecord
100
AcDbBlockTableRecord
  2
*Model_Space
340
22
  0
BLOCK_RECORD
  5
D2
330
1
100
AcDbSymbolTableRecord
100
AcDbBlockTableRecord
  2
*Paper_Space
340
D3
  0
BLOCK_RECORD
  5
D6
330
1
100
AcDbSymbolTableRecord
100
AcDbBlockTableRecord
  2
*Paper_Space0
340
D7
  0
ENDTAB
  0
ENDSEC
  0
SECTION
  2
BLOCKS
  0
BLOCK
  5
20
330
1F
100
AcDbEntity
  8
0
100
AcDbBlockBegin
  2
*Model_Space
 70
     0
 10
0.0
 20
0.0
 30
0.0
  3
*Model_Space
  1

  0
ENDBLK
  5
21
330
1F
100
AcDbEntity
  8
0
100
AcDbBlockEnd
  0
BLOCK
  5
D4
330
D2
100
AcDbEntity
 67
     1
  8
0
100
AcDbBlockBegin
  2
*Paper_Space
 70
     0
 10
0.0
 20
0.0
 30
0.0
  3
*Paper_Space
  1

  0
ENDBLK
  5
D5
330
D2
100
AcDbEntity
 67
     1
  8
0
100
AcDbBlockEnd
  0
BLOCK
  5
D8
330
D6
100
AcDbEntity
 67
     1
  8
0
100
AcDbBlockBegin
  2
*Paper_Space0
 70
     0
 10
0.0
 20
0.0
 30
0.0
  3
*Paper_Space0
  1

  0
ENDBLK
  5
D9
330
D6
100
AcDbEntity
 67
     1
  8
0
100
AcDbBlockEnd
  0
ENDSEC
  0
SECTION
  2
ENTITIES
  0
ARC
  5
2676
330
1F
100
AcDbEntity
  8
0
 62
     8
370
   100
100
AcDbCircle
 10
251.4898794704885
 20
51.1081624227248
 30
0.0
 40
0.6000000000001267
100
AcDbArc
 50
241.0441094046519
 51
118.9541581505425
1001
ACAD_STEPID
1071
       14
  0
HATCH
  5
2677
330
1F
100
AcDbEntity
  8
0
 62
     8
370
   100
100
AcDbHatch
 10
0.0
 20
0.0
 30
0.0
210
0.0
220
0.0
230
1.0
  2
ANSI37
 70
     0
 71
     0
 91
        1
 92
        7
 72
     1
 73
     1
 93
       63
 10
283.7827695203226
 20
54.91527978681375
 42
0.1989123673796452
 10
283.0756627391362
 20
55.20817300562715
 42
0.0
 10
270.7398794705694
 20
55.20817300562715
 42
0.0
 10
258.4040962020022
 20
55.20817300562715
 42
0.1989123673796707
 10
257.6969894208156
 20
54.91527978681367
 42
0.0
 10
255.3827758584429
 20
52.60106622444078
 42
-0.1989123673797133
 10
254.6756690772562
 20
52.3081730056273
 42
0.0
 10
253.2810337437565
 20
52.30817300562753
 42
-0.1316524975873633
 10
252.6810337437567
 20
52.46894252108621
 42
0.0
 10
251.4470591475413
 20
53.18137808638439
 42
0.1316524975874048
 10
251.3470591475417
 20
53.20817300562739
 42
0.0
 10
251.1398794705913
 20
53.20817300562739
 42
0.4142135623728277
 10
250.7398794705915
 20
52.80817300562792
 42
0.0
 10
250.7398793594082
 20
52.30810517993358
 42
0.414213627495453
 10
250.8398793594081
 20
52.20810515770053
 42
0.0
 10
250.8398793594081
 20
51.83310515769949
 42
0.4998423624325067
 10
251.0957824936574
 20
51.64107693169917
 42
0.1763753732529953
 10
251.2323290672004
 20
51.65008429632329
 42
-0.5510053841381997
 10
252.0898793594079
 20
51.10817300562725
 42
-0.548703924753906
 10
251.2362275628957
 20
50.56435818865029
 42
0.1818979393713868
 10
251.0957824936109
 20
50.57513338371467
 42
0.4998423623570446
 10
250.8398793594081
 20
50.38310515770088
 42
0.0
 10
250.8398793594081
 20
50.00810515770047
 42
0.4142135623746921
 10
250.7398793594077
 20
49.90810515770049
 42
0.0
 10
250.7398793594082
 20
49.40817300562679
 42
0.4142135623728282
 10
251.139879359408
 20
49.00817300562735
 42
0.0
 10
251.3470591475421
 20
49.00817300562735
 42
0.1316524975874448
 10
251.4470591475418
 20
49.03496792487036
 42
0.0
 10
252.6810337437571
 20
49.74740349016876
 42
-0.1316524975874796
 10
253.2810337437569
 20
49.90817300562743
 42
0.0
 10
254.9727253521035
 20
49.90817300562721
 42
0.1989123673796809
 10
256.3869389144767
 20
50.49395944325404
 42
0.0
 10
258.8618126486301
 20
52.96883317740721
 42
-0.198912367379646
 10
259.9224728204096
 20
53.4081730056272
 42
0.0
 10
270.7398794705694
 20
53.4081730056272
 42
0.0
 10
281.5572861207283
 20
53.40817300562743
 42
-0.1989123673796644
 10
282.6179462925084
 20
52.96883317740714
 42
0.0
 10
285.0928200266613
 20
50.49395944325427
 42
0.198912367379693
 10
286.507033589035
 20
49.90817300562721
 42
0.0
 10
288.1987251973815
 20
49.90817300562743
 42
-0.1316524975875201
 10
288.798725197382
 20
49.74740349016856
 42
0.0
 10
290.0326997935965
 20
49.03496792487036
 42
0.131652497587487
 10
290.1326997935961
 20
49.00817300562735
 42
0.0
 10
290.3398795817302
 20
49.00817300562735
 42
0.4142135623728255
 10
290.7398795817301
 20
49.40817300562679
 42
0.0
 10
290.7398795817305
 20
49.90810515770049
 42
0.4142135623746921
 10
290.6398795817302
 20
50.00810515770047
 42
0.0
 10
290.6398795817302
 20
50.38310515770088
 42
0.4998423623566871
 10
290.3839764475275
 20
50.5751333837146
 42
0.1819246658960685
 10
290.2435083845583
 20
50.56440477999257
 42
-1.57563067743357
 10
290.2471098300858
 20
51.65022564983456
 42
0.1768263501918004
 10
290.3839764474808
 20
51.64107693169915
 42
0.4998423624324988
 10
290.6398795817302
 20
51.83310515769949
 42
0.0
 10
290.6398795817302
 20
52.20810515770053
 42
0.4142135623748607
 10
290.7398795817301
 20
52.3081051577
 42
0.0
 10
290.7398794705467
 20
52.80817300562792
 42
0.4142135623728275
 10
290.3398794705469
 20
53.20817300562739
 42
0.0
 10
290.1326997935969
 20
53.20817300562739
 42
0.1316524975873623
 10
290.0326997935975
 20
53.18137808638441
 42
0.0
 10
288.798725197381
 20
52.46894252108591
 42
-0.1316524975873226
 10
288.1987251973813
 20
52.3081730056273
 42
0.0
 10
286.8040898638826
 20
52.30817300562707
 42
-0.1989123673796878
 10
286.0969830826962
 20
52.60106622444038
 42
0.0
 97
        0
 75
     0
 76
     1
 52
0.0
 41
0.5
 77
     0
 78
     2
 53
45.0
 43
0.0
 44
0.0
 45
-1.122532015133643
 46
1.122532015133643
 79
     0
 53
135.0
 43
0.0
 44
0.0
 45
-1.122532015133643
 46
-1.122532015133643
 79
     0
 47
0.0755680176693932
 98
        1
 10
259.7666659260247
 20
53.99837924038083
1001
GradientColor1ACI
1070
     5
1001
GradientColor2ACI
1070
     2
1001
ACAD
1010
0.0
1020
0.0
1030
0.0
  0
CIRCLE
  5
2678
330
1F
100
AcDbEntity
  8
0
 62
     8
370
   100
100
AcDbCircle
 10
251.4898793594079
 20
51.10817300562725
 30
0.0
 40
0.6
  0
ARC
  5
2679
330
1F
100
AcDbEntity
  8
0
 62
     8
370
   100
100
AcDbCircle
 10
289.9898794706498
 20
51.1081624227248
 30
0.0
 40
0.6000000000001247
100
AcDbArc
 50
61.04584184945745
 51
298.955890595348
1001
ACAD_STEPID
1071
       14
  0
CIRCLE
  5
267A
330
1F
100
AcDbEntity
  8
0
 62
     8
370
   100
100
AcDbCircle
 10
289.9898795817303
 20
51.10817300562722
 30
0.0
 40
0.6
  0
HATCH
  5
267B
330
1F
100
AcDbEntity
  8
0
 62
     8
370
   100
100
AcDbHatch
 10
0.0
 20
0.0
 30
0.0
210
0.0
220
0.0
230
1.0
  2
ANSI37
 70
     0
 71
     0
 91
        4
 92
        7
 72
     1
 73
     1
 93
       67
 10
287.0381448089899
 20
43.50367440089789
 42
-0.2216946626110011
 10
287.2679581418907
 20
43.61083811799263
 42
0.0
 10
288.1335335079872
 20
43.61083811809796
 42
-0.1316511482620843
 10
288.5335540315949
 20
43.50365407920205
 42
0.0
 10
290.0335671264273
 20
42.63763172611186
 42
0.1316511482311438
 10
290.1335662074918
 20
42.6108373374132
 42
0.0
 10
290.3398793534067
 20
42.61083733741317
 42
0.4142135623731474
 10
290.7398793534063
 20
43.01083733741267
 42
0.0
 10
290.7398793534061
 20
46.41083820936822
 42
0.414213562373408
 10
290.3398793534058
 20
46.81083820936806
 42
0.0
 10
290.13356620749
 20
46.81083820936784
 42
0.1316511482153555
 10
290.033567126438
 20
46.78404382067575
 42
0.0
 10
288.5335310687545
 20
45.91800821026156
 42
-0.131651148215573
 10
288.1335347445392
 20
45.81083065549143
 42
0.0
 10
286.4379496639777
 20
45.81083065549093
 42
0.2216946626428205
 10
285.6719052208601
 20
45.45361826517804
 42
0.0
 10
284.4733664978081
 20
44.02525543611786
 42
-0.2216946626428997
 10
282.94127761157
 20
43.31083065549102
 42
0.0
 10
258.5385758917154
 20
43.31083065549093
 42
-0.2216946626429713
 10
257.0064870054778
 20
44.02525543611782
 42
0.0
 10
255.8079482824274
 20
45.45361826517676
 42
0.2216946626428845
 10
255.0419038393075
 20
45.81083065549084
 42
0.0
 10
253.3463187587472
 20
45.81083065549139
 42
-0.1316511482155584
 10
252.9463224345319
 20
45.91800821026152
 42
0.0
 10
251.4462863768494
 20
46.78404382067514
 42
0.1316511482156472
 10
251.3462872957948
 20
46.81083820936787
 42
0.0
 10
251.1399741498791
 20
46.81083820936784
 42
0.4142135623730561
 10
250.7399741498799
 20
46.41083820936854
 42
0.0
 10
250.7399741498797
 20
42.81083820936784
 42
0.0
 10
250.8400220000239
 20
42.81083820936784
 42
0.0
 10
250.8400220000239
 20
34.71066216368583
 42
0.0
 10
250.7399741498802
 20
34.71066216368583
 42
0.0
 10
250.7399741498802
 20
31.11066216368592
 42
0.4142135623734179
 10
251.1399741498805
 20
30.71066216368605
 42
0.0
 10
251.3462872957941
 20
30.71066216368628
 42
0.1316511482308365
 10
251.446286376859
 20
30.7374565523851
 42
0.0
 10
252.946299471691
 20
31.60347890547489
 42
-0.1316511482620568
 10
253.3463199952993
 20
31.71066294437093
 42
0.0
 10
254.2087985841393
 20
31.71066294426602
 42
-0.2261290374875605
 10
254.4418361088968
 20
31.59959021079395
 42
0.0
 10
256.4933757993077
 20
29.06906224488371
 42
0.226129037519573
 10
256.7264133241029
 20
28.95798951141113
 42
0.0
 10
257.3984140220697
 20
28.95798951141116
 42
-0.3659773819622145
 10
257.6942180109976
 20
28.7079895115145
 42
0.3659773819621749
 10
257.990022000171
 20
28.45798951141042
 42
0.0
 10
272.390022000149
 20
28.45798951141161
 42
0.4142135623730213
 10
272.8900220001484
 20
28.95798951141107
 42
0.0
 10
272.8900220001487
 20
30.30798951141076
 42
0.4142135623734771
 10
272.3900220001477
 20
30.8079895114113
 42
0.0
 10
271.9900220001469
 20
30.80798951141061
 42
0.4142135623733572
 10
271.6900220001472
 20
30.50798951140953
 42
0.0
 10
271.690022000148
 20
30.15798951141337
 42
-0.4142135623737839
 10
271.190022000147
 20
29.65798951141131
 42
0.0
 10
269.690022000162
 20
29.65798951141143
 42
-0.4142135623714312
 10
269.1900220001625
 20
30.15798951140818
 42
0.0
 10
269.1900220001321
 20
35.59773627807162
 42
-0.3152987888805731
 10
269.387415957135
 20
35.8796440643099
 42
0.0
 10
271.2874159571523
 20
36.57118750942164
 42
-0.5205670505525432
 10
271.6900220001502
 20
36.28927972318491
 42
0.0
 10
271.6900220001471
 20
35.10798951141183
 42
0.4142135623738735
 10
271.990022000147
 20
34.80798951141107
 42
0.0
 10
272.3900220001487
 20
34.80798951141107
 42
0.4167056303463636
 10
272.8900039337222
 20
35.31223993494418
 42
0.0
 10
272.8900039337222
 20
37.00798947813611
 42
-0.4142135623731022
 10
273.1900039337226
 20
37.30798947813653
 42
0.0
 10
281.3730402172554
 20
37.30798947813628
 42
0.2216946626429402
 10
282.1390846603734
 20
37.66520186844927
 42
0.0
 97
        0
 92
       22
 72
     1
 73
     1
 93
       18
 10
253.2400220000241
 20
43.31083065549082
 42
-0.4142135623730951
 10
253.5400220000244
 20
43.61083065549111
 42
0.0
 10
255.032425194043
 20
43.61083065549105
 42
-0.2216946626429997
 10
255.4154474156031
 20
43.432224460334
 42
0.0
 10
255.780815896487
 20
42.99679526061967
 42
0.2216946626430413
 10
258.5385758917158
 20
41.7108306554909
 42
0.0
 10
260.6900220000992
 20
41.71083065549125
 42
-0.4142135623715136
 10
260.9900220000999
 20
41.41083065549227
 42
0.0
 10
260.9900220001613
 20
30.35798951141291
 42
-0.4142135623747218
 10
260.6900220001612
 20
30.05798951141107
 42
0.0
 10
259.0900220001659
 20
30.05798951141098
 42
-0.0655434628152342
 10
259.012376286633
 20
30.06821176352453
 42
0.0
 10
257.4849246257752
 20
30.47749120252891
 42
-0.1582402516023898
 10
257.3295328145096
 20
30.57834168388912
 42
0.0
 10
255.6847029078018
 20
32.60720229894069
 42
0.2261290375196365
 10
254.2087985841015
 20
33.31066294426593
 42
0.0
 10
253.5400220000245
 20
33.3106629442657
 42
-0.4142135623731944
 10
253.240022000024
 20
33.61066294426611
 42
0.0
 97
        0
 92
       22
 72
     1
 73
     1
 93
       12
 10
261.9900220000999
 20
41.41083065548871
 42
-0.414213562374728
 10
262.2900220001001
 20
41.71083065549057
 42
0.0
 10
271.4900220001474
 20
41.71083065549079
 42
-0.4142135623730779
 10
271.7900220001481
 20
41.41083065549017
 42
0.0
 10
271.7900220001484
 20
38.66686784605889
 42
-0.3152987888790324
 10
271.5926280431461
 20
38.38496005982302
 42
0.0
 10
268.840183727826
 20
37.38315225757158
 42
0.3152987888790216
 10
267.5900220001583
 20
35.59773627809777
 42
0.0
 10
267.5900220001584
 20
30.35798951141138
 42
-0.4142135623730935
 10
267.2900220001581
 20
30.05798951141107
 42
0.0
 10
262.2900220001624
 20
30.05798951141084
 42
-0.4142135623714701
 10
261.9900220001619
 20
30.3579895114098
 42
0.0
 97
        0
 92
       22
 72
     1
 73
     1
 93
        8
 10
272.7900039337224
 20
41.41083065549027
 42
-0.4142135623730815
 10
273.0900039337227
 20
41.71083065549057
 42
0.0
 10
282.3728651602741
 20
41.71083065549093
 42
-0.6370702608074838
 10
282.7558873818335
 20
40.88943685064784
 42
0.0
 10
281.1831766578515
 20
39.0151531952304
 42
-0.2216946626429504
 10
280.9533633249154
 20
38.9079894781362
 42
0.0
 10
273.0900039337227
 20
38.90798947813598
 42
-0.4142135623731022
 10
272.7900039337223
 20
39.20798947813639
 42
0.0
 97
        0
 75
     0
 76
     1
 52
0.0
 41
0.5
 77
     0
 78
     2
 53
45.0
 43
0.0
 44
0.0
 45
-1.122532015133643
 46
1.122532015133643
 79
     0
 53
135.0
 43
0.0
 44
0.0
 45
-1.122532015133643
 46
-1.122532015133643
 79
     0
 47
0.0348882251322525
 98
        4
 10
252.3521669479073
 20
41.25344902661665
 10
252.3521669479073
 20
41.25344902661665
 10
252.3521669479073
 20
41.25344902661665
 10
252.3521669479073
 20
41.25344902661665
1001
GradientColor1ACI
1070
     5
1001
GradientColor2ACI
1070
     2
1001
ACAD
1010
0.0
1020
0.0
1030
0.0
  0
HATCH
  5
2680
330
1F
100
AcDbEntity
  8
0
 62
     8
370
   100
100
AcDbHatch
 10
0.0
 20
0.0
 30
0.0
210
0.0
220
0.0
230
1.0
  2
AR-CONC
 70
     0
 71
     0
 91
        1
 92
        1
 93
        8
 72
     1
 10
260.2399267516428
 20
53.31083065549093
 11
281.2399267516428
 21
53.31083065549093
 72
     2
 10
281.2399267516428
 20
52.81083065549093
 40
0.5
 50
270.0
 51
360.0
 73
     0
 72
     1
 10
281.7399267516428
 20
52.81083065549093
 11
281.7399267516428
 21
43.81083065549093
 72
     2
 10
281.2399267516428
 20
43.81083065549093
 40
0.5
 50
360.0
 51
450.0
 73
     0
 72
     1
 10
281.2399267516428
 20
43.31083065549093
 11
260.2399267516428
 21
43.31083065549093
 72
     2
 10
260.2399267516428
 20
43.81083065549093
 40
0.5
 50
90.0
 51
180.0
 73
     0
 72
     1
 10
259.7399267516428
 20
43.81083065549093
 11
259.7399267516428
 21
52.81083065549093
 72
     2
 10
260.2399267516428
 20
52.81083065549093
 40
0.5
 50
180.0
 51
270.0
 73
     0
 97
        0
 75
     0
 76
     1
 52
0.0
 41
0.03
 77
     0
 78
    13
 53
50.0
 43
0.0
 44
0.0
 45
5.465540069880119
 46
-0.4781725661670926
 79
     2
 49
0.5715
 49
-6.2865
 53
355.0
 43
0.0
 44
0.0
 45
-1.057302642749079
 46
5.731705357171052
 79
     2
 49
0.4572
 49
-5.029217525099999
 53
100.4514447
 43
0.45546021
 44
-0.039847605
 45
4.408237412710596
 46
5.253532557365851
 79
     2
 49
0.4857002640000001
 49
-5.342707337999998
 53
46.18419999999999
 43
0.0
 44
1.523999999999999
 45
8.132371226763897
 46
-1.261269837981813
 79
     2
 49
0.8572499999999998
 49
-9.429749999999996
 53
96.63555760999997
 43
0.6776970000000003
 44
1.418895
 45
7.122124021545088
 46
7.422783737931643
 79
     2
 49
0.7285506942000001
 49
-8.0140682448
 53
351.18415117
 43
0.0
 44
1.523999999999999
 45
7.122124021949309
 46
7.422783737565977
 79
     2
 49
0.6857990121
 49
-7.543791957599997
 53
21.0
 43
0.762
 44
1.143
 45
4.548431738073972
 46
-3.067955945612626
 79
     2
 49
0.5715
 49
-6.2865
 53
326.0
 43
0.762
 44
1.143
 45
1.85406085042941
 46
5.525638983669576
 79
     2
 49
0.4572
 49
-5.029199999999998
 53
71.45144499999998
 43
1.141035977999999
 44
0.8873370029999998
 45
6.402492578361482
 46
2.457683066577156
 79
     2
 49
0.4857002640000001
 49
-5.342698127999998
 53
37.5
 43
0.0
 44
0.0
 45
0.0926580975177545
 46
2.536651166194593
 79
     6
 49
0.0
 49
-4.968239999999997
 49
0.0
 49
-5.1054
 49
0.0
 49
-5.04825
 53
7.499999999999999
 43
0.0
 44
0.0
 45
2.00458987530917
 46
3.005417244543585
 79
     6
 49
0.0
 49
-2.910839999999998
 49
0.0
 49
-4.853939999999997
 49
0.0
 49
-1.92405
 53
327.5
 43
-1.699259999999999
 44
0.0
 45
4.067717855006141
 46
-0.1718623197802033
 79
     6
 49
0.0
 49
-1.905
 49
0.0
 49
-5.943599999999999
 49
0.0
 49
-7.886699999999997
 53
317.5
 43
-2.461259999999998
 44
0.0
 45
4.443875441580541
 46
0.7627947309999909
 79
     6
 49
0.0
 49
-2.476499999999999
 49
0.0
 49
-3.947159999999998
 49
0.0
 49
-5.600699999999998
 98
        1
 10
-2298.627126755254
 20
-2678.141880639421
1001
GradientColor1ACI
1070
     5
1001
GradientColor2ACI
1070
     2
1001
ACAD
1010
0.0
1020
0.0
1030
0.0
  0
ARC
  5
271C
330
1F
100
AcDbEntity
  8
0
 48
10.0
370
   100
100
AcDbCircle
 10
290.939930852567
 20
53.47019316366539
 30
0.0
 40
0.2000000000000655
100
AcDbArc
 50
136.6578947531444
 51
180.0003095617037
  0
ARC
  5
271D
330
1F
100
AcDbEntity
  8
0
 48
10.0
370
   100
100
AcDbCircle
 10
290.5399229795255
 20
53.84767654261047
 30
0.0
 40
0.350000000000136
100
AcDbArc
 50
316.6603179233753
 51
179.6633245984275
  0
ARC
  5
271E
330
1F
100
AcDbEntity
  8
0
 48
10.0
370
   100
100
AcDbCircle
 10
289.9899324408504
 20
53.85090257876715
 30
0.0
 40
0.199999999999976
100
AcDbArc
 50
308.9406000559226
 51
359.6649853715443
  0
LINE
  5
271F
330
1F
100
AcDbEntity
  8
0
 48
10.0
370
   100
100
AcDbLine
 10
290.1156353141829
 20
53.69534298364055
 30
0.0
 11
288.8917315803184
 21
52.70634442071752
 31
0.0
  0
ARC
  5
2720
330
1F
100
AcDbEntity
  8
0
 48
10.0
370
   100
100
AcDbCircle
 10
289.0174345574487
 20
52.55078490946637
 30
0.0
 40
0.2000000000003315
100
AcDbArc
 50
128.9406382867384
 51
181.0000000014275
  0
LINE
  5
2721
330
1F
100
AcDbEntity
  8
0
 48
10.0
370
   100
100
AcDbLine
 10
288.8174650184172
 20
52.54729442817392
 30
0.0
 11
288.8207984338572
 21
52.35632318578041
 31
0.0
  0
ARC
  5
2722
330
1F
100
AcDbEntity
  8
0
 48
10.0
370
   100
100
AcDbCircle
 10
288.6208288948262
 20
52.35283270448796
 30
0.0
 40
0.1999999999998396
100
AcDbArc
 50
251.0000000015832
 51
1.000000001430125
  0
LINE
  5
2723
330
1F
100
AcDbEntity
  8
0
 48
10.0
370
   100
100
AcDbLine
 10
288.55571526394
 20
52.1637289893664
 30
0.0
 11
287.3924677836182
 21
52.56426721789546
 31
0.0
  0
ARC
  5
2724
330
1F
100
AcDbEntity
  8
0
 48
10.0
370
   100
100
AcDbCircle
 10
287.4901382299475
 20
52.84792279057797
 30
0.0
 40
0.3000000000000111
100
AcDbArc
 50
215.2912267040789
 51
251.000000001588
  0
LINE
  5
2725
330
1F
100
AcDbEntity
  8
0
 48
10.0
370
   100
100
AcDbLine
 10
287.2452704108233
 20
52.67460299610149
 30
0.0
 11
285.6632737384726
 21
54.9096626220977
 31
0.0
  0
ARC
  5
2726
330
1F
100
AcDbEntity
  8
0
 48
10.0
370
   100
100
AcDbCircle
 10
285.9081415575969
 20
55.08298241657413
 30
0.0
 40
0.3000000000000273
100
AcDbArc
 50
90.0
 51
215.291226704066
  0
LINE
  5
2727
330
1F
100
AcDbEntity
  8
0
 48
10.0
370
   100
100
AcDbLine
 10
285.9081415575969
 20
55.38298241657415
 30
0.0
 11
287.6932846642691
 21
55.38298241657425
 31
0.0
  0
ARC
  5
2728
330
1F
100
AcDbEntity
  8
0
 48
10.0
370
   100
100
AcDbCircle
 10
287.6932846642688
 20
55.0829824165746
 30
0.0
 40
0.299999999999649
100
AcDbArc
 50
47.999999999943
 51
89.99999999994573
  0
LINE
  5
2729
330
1F
100
AcDbEntity
  8
0
 48
10.0
370
   100
100
AcDbLine
 10
287.8940238461765
 20
55.30592586421735
 30
0.0
 11
288.4565459882571
 21
54.79942865248096
 31
0.0
  0
ARC
  5
272A
330
1F
100
AcDbEntity
  8
0
 48
10.0
370
   100
100
AcDbCircle
 10
288.6572851701649
 20
55.02237210012433
 30
0.0
 40
0.3000000000002101
100
AcDbArc
 50
227.9999999999978
 51
286.4193658942754
  0
LINE
  5
272B
330
1F
100
AcDbEntity
  8
0
 48
10.0
370
   100
100
AcDbLine
 10
288.7420848764169
 20
54.73460655350743
 30
0.0
 11
290.7268255252532
 21
55.31947651443998
 31
0.0
  0
ARC
  5
272C
330
1F
100
AcDbEntity
  8
0
 48
10.0
370
   100
100
AcDbCircle
 10
290.6420258190013
 20
55.60724206105682
 30
0.0
 40
0.3000000000001572
100
AcDbArc
 50
286.4193658942681
 51
311.5426179419657
  0
ARC
  5
272D
330
1F
100
AcDbEntity
  8
0
 48
10.0
370
   100
100
AcDbCircle
 10
291.0399319923948
 20
55.15816447625002
 30
0.0
 40
0.3000000000003081
100
AcDbArc
 50
89.99999658133154
 51
131.5426179418809
  0
LINE
  5
272E
330
1F
100
AcDbEntity
  8
0
 48
10.0
370
   100
100
AcDbLine
 10
291.0399320102949
 20
55.45816447625032
 30
0.0
 11
292.0399746565587
 21
55.45816441780622
 31
0.0
  0
ARC
  5
272F
330
1F
100
AcDbEntity
  8
0
 48
10.0
370
   100
100
AcDbCircle
 10
292.0399746390279
 20
55.15816441780609
 30
0.0
 40
0.3000000000001255
100
AcDbArc
 50
359.9999999999891
 51
89.99999665186486
  0
LINE
  5
2730
330
1F
100
AcDbEntity
  8
0
 48
10.0
370
   100
100
AcDbLine
 10
292.339974639028
 20
55.15816441780604
 30
0.0
 11
292.3399746390282
 21
54.55816442634308
 31
0.0
  0
ARC
  5
2731
330
1F
100
AcDbEntity
  8
0
 48
10.0
370
   100
100
AcDbCircle
 10
292.8399746390281
 20
54.55816442634304
 30
0.0
 40
0.4999999999999432
100
AcDbArc
 50
179.9999999999959
 51
269.9999974708571
  0
LINE
  5
2732
330
1F
100
AcDbEntity
  8
0
 48
10.0
370
   100
100
AcDbLine
 10
292.8399746169572
 20
54.05816442634307
 30
0.0
 11
300.5399746497222
 21
54.05816408645218
 31
0.0
  0
ARC
  5
2733
330
1F
100
AcDbEntity
  8
0
 48
10.0
370
   100
100
AcDbCircle
 10
300.5399746789402
 20
54.55816408645221
 30
0.0
 40
0.5000000000000293
100
AcDbArc
 50
269.9999966518605
 51
359.9999999999968
  0
LINE
  5
2734
330
1F
100
AcDbEntity
  8
0
 48
10.0
370
   100
100
AcDbLine
 10
301.0399746789402
 20
54.55816408645218
 30
0.0
 11
301.0399746789405
 21
63.50812985652567
 31
0.0
  0
ARC
  5
2735
330
1F
100
AcDbEntity
  8
0
 48
10.0
370
   100
100
AcDbCircle
 10
302.0399746789404
 20
63.50812985652573
 30
0.0
 40
0.9999999999999431
100
AcDbArc
 50
90.00000000000325
 51
180.0000000000032
  0
LINE
  5
2736
330
1F
100
AcDbEntity
  8
0
 48
10.0
370
   100
100
AcDbLine
 10
302.0399746789404
 20
64.50812985652568
 30
0.0
 11
306.0399746389904
 21
64.50812985652568
 31
0.0
  0
ARC
  5
2737
330
1F
100
AcDbEntity
  8
0
 48
10.0
370
   100
100
AcDbCircle
 10
306.0399746389901
 20
64.80812985652601
 30
0.0
 40
0.300000000000324
100
AcDbArc
 50
270.0000000000542
 51
359.9999999999729
  0
LINE
  5
2738
330
1F
100
AcDbEntity
  8
0
 48
10.0
370
   100
100
AcDbLine
 10
306.3399746389904
 20
64.80812985652587
 30
0.0
 11
306.3399746389936
 21
78.55816431430334
 31
0.0
  0
ARC
  5
2739
330
1F
100
AcDbEntity
  8
0
 48
10.0
370
   100
100
AcDbCircle
 10
306.0399746389935
 20
78.55816431430341
 30
0.0
 40
0.300000000000125
100
AcDbArc
 50
359.9999999999864
 51
89.99999999997831
  0
LINE
  5
273A
330
1F
100
AcDbEntity
  8
0
 48
10.0
370
   100
100
AcDbLine
 10
306.0399746389936
 20
78.85816431430351
 30
0.0
 11
302.8399680255769
 21
78.85816431430351
 31
0.0
  0
ARC
  5
273B
330
1F
100
AcDbEntity
  8
0
 48
10.0
370
   100
100
AcDbCircle
 10
302.8399680255771
 20
78.55816431430338
 30
0.0
 40
0.300000000000125
100
AcDbArc
 50
90.00000000005426
 51
180.0000000003555
  0
LINE
  5
273C
330
1F
100
AcDbEntity
  8
0
 48
10.0
370
   100
100
AcDbLine
 10
302.539968025577
 20
78.55816431430152
 30
0.0
 11
302.539968025612
 21
72.35817453944232
 31
0.0
  0
ARC
  5
273D
330
1F
100
AcDbEntity
  8
0
 48
10.0
370
   100
100
AcDbCircle
 10
302.0399680256119
 20
72.35817453943941
 30
0.0
 40
0.5000000000001137
100
AcDbArc
 50
270.0001246494607
 51
0.0000000003322026
  0
LINE
  5
273E
330
1F
100
AcDbEntity
  8
0
 48
10.0
370
   100
100
AcDbLine
 10
302.0399691133836
 20
71.8581745394405
 30
0.0
 11
298.6399362386422
 21
71.8581671425219
 31
0.0
  0
LINE
  5
273F
330
1F
100
AcDbEntity
  8
0
 48
10.0
370
   100
100
AcDbLine
 10
298.6399362386422
 20
71.8581671425219
 30
0.0
 11
298.6399168966012
 21
71.1581582004775
 31
0.0
  0
ARC
  5
2740
330
1F
100
AcDbEntity
  8
0
 48
10.0
370
   100
100
AcDbCircle
 10
298.3399168967157
 20
71.15816648981779
 30
0.0
 40
0.2999999999999938
100
AcDbArc
 50
270.0001246494411
 51
359.998416852622
  0
LINE
  5
2741
330
1F
100
AcDbEntity
  8
0
 48
10.0
370
   100
100
AcDbLine
 10
298.3399175493786
 20
70.85816648981849
 30
0.0
 11
297.7399175495717
 21
70.85816518449259
 31
0.0
  0
ARC
  5
2742
330
1F
100
AcDbEntity
  8
0
 48
10.0
370
   100
100
AcDbCircle
 10
297.7399168969087
 20
71.15816518449188
 30
0.0
 40
0.2999999999999965
100
AcDbArc
 50
179.9984168526301
 51
270.0001246494411
  0
LINE
  5
2743
330
1F
100
AcDbEntity
  8
0
 48
10.0
370
   100
100
AcDbLine
 10
297.4399168970232
 20
71.15817347383212
 30
0.0
 11
297.4399860920495
 21
73.66241473782624
 31
0.0
  0
ARC
  5
2744
330
1F
100
AcDbEntity
  8
0
 48
10.0
370
   100
100
AcDbCircle
 10
297.9399680256235
 20
73.6581643142995
 30
0.0
 40
0.5000000000005724
100
AcDbArc
 50
90.00000000001303
 51
179.5129314751438
  0
LINE
  5
2745
330
1F
100
AcDbEntity
  8
0
 48
10.0
370
   100
100
AcDbLine
 10
297.9399680256234
 20
74.15816431430006
 30
0.0
 11
298.6370551269453
 21
74.15816431430006
 31
0.0
  0
LINE
  5
2746
330
1F
100
AcDbEntity
  8
0
 48
10.0
370
   100
100
AcDbLine
 10
298.6370551269453
 20
74.15816431430006
 30
0.0
 11
298.6370551269453
 21
73.35816431429988
 31
0.0
  0
ARC
  5
2747
330
1F
100
AcDbEntity
  8
0
 48
10.0
370
   100
100
AcDbCircle
 10
298.9370551269445
 20
73.35816431429986
 30
0.0
 40
0.2999999999992155
100
AcDbArc
 50
179.9999999999945
 51
270.0
  0
LINE
  5
2748
330
1F
100
AcDbEntity
  8
0
 48
10.0
370
   100
100
AcDbLine
 10
298.9370551269445
 20
73.05816431430061
 30
0.0
 11
300.7399680256082
 21
73.0581643142997
 31
0.0
  0
ARC
  5
2749
330
1F
100
AcDbEntity
  8
0
 48
10.0
370
   100
100
AcDbCircle
 10
300.7399680256076
 20
73.25816431429922
 30
0.0
 40
0.1999999999995197
100
AcDbArc
 50
270.0000000001629
 51
0.0000000003501155
  0
LINE
  5
274A
330
1F
100
AcDbEntity
  8
0
 48
10.0
370
   100
100
AcDbLine
 10
300.9399680256071
 20
73.25816431430045
 30
0.0
 11
300.9399680255743
 21
79.05816431431334
 31
0.0
  0
ARC
  5
274B
330
1F
100
AcDbEntity
  8
0
 48
10.0
370
   100
100
AcDbCircle
 10
300.739968025584
 20
79.0581643143128
 30
0.0
 40
0.1999999999903821
100
AcDbArc
 50
0.0000000001547022
 51
89.99999999988601
  0
LINE
  5
274C
330
1F
100
AcDbEntity
  8
0
 48
10.0
370
   100
100
AcDbLine
 10
300.7399680255844
 20
79.25816431430316
 30
0.0
 11
298.9370551269427
 21
79.25816431430225
 31
0.0
  0
ARC
  5
274D
330
1F
100
AcDbEntity
  8
0
 48
10.0
370
   100
100
AcDbCircle
 10
298.9370551269423
 20
78.95816431430302
 30
0.0
 40
0.2999999999992298
100
AcDbArc
 50
89.99999999992402
 51
168.6900675259026
  0
LINE
  5
274E
330
1F
100
AcDbEntity
  8
0
 48
10.0
370
   100
100
AcDbLine
 10
298.6428809242358
 20
79.01699915484472
 30
0.0
 11
298.6370551269453
 21
78.1581643143037
 31
0.0
  0
LINE
  5
274F
330
1F
100
AcDbEntity
  8
0
 48
10.0
370
   100
100
AcDbLine
 10
298.6370551269453
 20
78.1581643143037
 30
0.0
 11
297.9399680256234
 21
78.1581643143037
 31
0.0
  0
ARC
  5
2750
330
1F
100
AcDbEntity
  8
0
 48
10.0
370
   100
100
AcDbCircle
 10
297.9399680256234
 20
78.65816431430364
 30
0.0
 40
0.4999999999999432
100
AcDbArc
 50
179.9999999999935
 51
269.9999999999935
  0
LINE
  5
2751
330
1F
100
AcDbEntity
  8
0
 48
10.0
370
   100
100
AcDbLine
 10
297.4399680256235
 20
78.65816431430371
 30
0.0
 11
297.4399680256235
 21
80.15816431430279
 31
0.0
  0
ARC
  5
2752
330
1F
100
AcDbEntity
  8
0
 48
10.0
370
   100
100
AcDbCircle
 10
297.7399680256232
 20
80.15816431430332
 30
0.0
 40
0.2999999999996703
100
AcDbArc
 50
90.00000000009769
 51
180.0000000001004
  0
LINE
  5
2753
330
1F
100
AcDbEntity
  8
0
 48
10.0
370
   100
100
AcDbLine
 10
297.7399680256226
 20
80.45816431430299
 30
0.0
 11
307.439974638976
 21
80.45816431430299
 31
0.0
  0
ARC
  5
2754
330
1F
100
AcDbEntity
  8
0
 48
10.0
370
   100
100
AcDbCircle
 10
307.439974638976
 20
79.95816431430298
 30
0.0
 40
0.5000000000000142
100
AcDbArc
 50
0.000000000102592
 51
90.0
  0
LINE
  5
2755
330
1F
100
AcDbEntity
  8
0
 48
10.0
370
   100
100
AcDbLine
 10
307.939974638976
 20
79.95816431430387
 30
0.0
 11
307.9399746389919
 21
61.75816431430316
 31
0.0
  0
ARC
  5
2756
330
1F
100
AcDbEntity
  8
0
 48
10.0
370
   100
100
AcDbCircle
 10
307.6399746389919
 20
61.75816431430276
 30
0.0
 40
0.2999999999999545
100
AcDbArc
 50
210.0000000000317
 51
0.0000000000759941
  0
LINE
  5
2757
330
1F
100
AcDbEntity
  8
0
 48
10.0
370
   100
100
AcDbLine
 10
307.3801670178566
 20
61.6081643143026
 30
0.0
 11
306.687346694829
 21
62.80816431430242
 31
0.0
  0
ARC
  5
2758
330
1F
100
AcDbEntity
  8
0
 48
10.0
370
   100
100
AcDbCircle
 10
306.4275390736936
 20
62.65816431430351
 30
0.0
 40
0.2999999999995099
100
AcDbArc
 50
29.99999999981399
 51
89.99999999995656
  0
LINE
  5
2759
330
1F
100
AcDbEntity
  8
0
 48
10.0
370
   100
100
AcDbLine
 10
306.4275390736938
 20
62.95816431430298
 30
0.0
 11
302.9399746789403
 21
62.95816431430298
 31
0.0
  0
ARC
  5
275A
330
1F
100
AcDbEntity
  8
0
 48
10.0
370
   100
100
AcDbCircle
 10
302.9399746789406
 20
62.65816431430271
 30
0.0
 40
0.3000000000002672
100
AcDbArc
 50
90.00000000006513
 51
179.9999999999851
  0
LINE
  5
275B
330
1F
100
AcDbEntity
  8
0
 48
10.0
370
   100
100
AcDbLine
 10
302.6399746789404
 20
62.65816431430279
 30
0.0
 11
302.6399746789406
 21
49.7263220975266
 31
0.0
  0
ARC
  5
275C
330
1F
100
AcDbEntity
  8
0
 48
10.0
370
   100
100
AcDbCircle
 10
272.6399746789413
 20
49.72632209752637
 30
0.0
 40
29.99999999999938
100
AcDbArc
 50
339.9999999999993
 51
0.0000000000004343
  0
LINE
  5
275D
330
1F
100
AcDbEntity
  8
0
 48
10.0
370
   100
100
AcDbLine
 10
300.8307533025178
 20
39.46571779775617
 30
0.0
 11
299.7360933444696
 21
36.45816428103822
 31
0.0
  0
LINE
  5
275E
330
1F
100
AcDbEntity
  8
0
 48
10.0
370
   100
100
AcDbLine
 10
299.7360933444696
 20
36.45816428103822
 30
0.0
 11
299.2360933444696
 21
36.45816428103822
 31
0.0
  0
ARC
  5
275F
330
1F
100
AcDbEntity
  8
0
 48
10.0
370
   100
100
AcDbCircle
 10
299.2360933444699
 20
36.75816428103839
 30
0.0
 40
0.3000000000001748
100
AcDbArc
 50
180.0
 51
269.9999999999566
  0
LINE
  5
2760
330
1F
100
AcDbEntity
  8
0
 48
10.0
370
   100
100
AcDbLine
 10
298.9360933444697
 20
36.75816428103839
 30
0.0
 11
298.9360933444697
 21
38.65816433537943
 31
0.0
  0
ARC
  5
2761
330
1F
100
AcDbEntity
  8
0
 48
10.0
370
   100
100
AcDbCircle
 10
298.6360933444696
 20
38.65816433537954
 30
0.0
 40
0.3000000000000682
100
AcDbArc
 50
359.9999999999797
 51
90.00000333042853
  0
LINE
  5
2762
330
1F
100
AcDbEntity
  8
0
 48
10.0
370
   100
100
AcDbLine
 10
298.6360933270315
 20
38.95816433537961
 30
0.0
 11
292.6399746211282
 21
38.9581639868394
 31
0.0
  0
ARC
  5
2763
330
1F
100
AcDbEntity
  8
0
 48
10.0
370
   100
100
AcDbCircle
 10
292.6399746390283
 20
38.65816398683911
 30
0.0
 40
0.300000000000289
100
AcDbArc
 50
90.00000341866849
 51
179.9999999999783
  0
LINE
  5
2764
330
1F
100
AcDbEntity
  8
0
 48
10.0
370
   100
100
AcDbLine
 10
292.339974639028
 20
38.65816398683923
 30
0.0
 11
292.339974639028
 21
37.65816421199737
 31
0.0
  0
ARC
  5
2765
330
1F
100
AcDbEntity
  8
0
 48
10.0
370
   100
100
AcDbCircle
 10
292.0399746390277
 20
37.65816421199752
 30
0.0
 40
0.3000000000002956
100
AcDbArc
 50
270.0000034186576
 51
359.9999999999715
  0
LINE
  5
2766
330
1F
100
AcDbEntity
  8
0
 48
10.0
370
   100
100
AcDbLine
 10
292.0399746569278
 20
37.35816421199719
 30
0.0
 11
291.0399320102949
 21
37.35816415232252
 31
0.0
  0
ARC
  5
2767
330
1F
100
AcDbEntity
  8
0
 48
10.0
370
   100
100
AcDbCircle
 10
291.0399319923954
 20
37.65816415232283
 30
0.0
 40
0.3000000000003032
100
AcDbArc
 50
180.0000000000217
 51
270.0000034185382
  0
LINE
  5
2768
330
1F
100
AcDbEntity
  8
0
 48
10.0
370
   100
100
AcDbLine
 10
290.7399319923952
 20
37.65816415232271
 30
0.0
 11
290.7399319923952
 21
40.26864028850932
 31
0.0
  0
ARC
  5
2769
330
1F
100
AcDbEntity
  8
0
 48
10.0
370
   100
100
AcDbCircle
 10
290.4399319923952
 20
40.26864028850933
 30
0.0
 40
0.2999999999999545
100
AcDbArc
 50
359.9999999999973
 51
73.58063410573272
  0
LINE
  5
276A
330
1F
100
AcDbEntity
  8
0
 48
10.0
370
   100
100
AcDbLine
 10
290.524731698647
 20
40.556405835126
 30
0.0
 11
288.7420848764169
 21
41.08172211656838
 31
0.0
  0
ARC
  5
276B
330
1F
100
AcDbEntity
  8
0
 48
10.0
370
   100
100
AcDbCircle
 10
288.6572851701649
 20
40.79395656995148
 30
0.0
 40
0.3000000000002279
100
AcDbArc
 50
73.58063410572455
 51
132.0000000000031
  0
LINE
  5
276C
330
1F
100
AcDbEntity
  8
0
 48
10.0
370
   100
100
AcDbLine
 10
288.4565459882571
 20
41.01690001759485
 30
0.0
 11
287.8940238461765
 21
40.51040280585849
 31
0.0
  0
ARC
  5
276D
330
1F
100
AcDbEntity
  8
0
 48
10.0
370
   100
100
AcDbCircle
 10
287.6932846642688
 20
40.73334625350123
 30
0.0
 40
0.2999999999996694
100
AcDbArc
 50
270.0000000000652
 51
312.000000000066
  0
LINE
  5
276E
330
1F
100
AcDbEntity
  8
0
 48
10.0
370
   100
100
AcDbLine
 10
287.6932846642691
 20
40.43334625350158
 30
0.0
 11
285.9081415575969
 21
40.43334625350167
 31
0.0
  0
ARC
  5
276F
330
1F
100
AcDbEntity
  8
0
 48
10.0
370
   100
100
AcDbCircle
 10
285.9081415575969
 20
40.73334625350168
 30
0.0
 40
0.3000000000000043
100
AcDbArc
 50
144.7087732959351
 51
270.0
  0
LINE
  5
2770
330
1F
100
AcDbEntity
  8
0
 48
10.0
370
   100
100
AcDbLine
 10
285.6632737384726
 20
40.90666604797811
 30
0.0
 11
287.2452704108233
 21
43.14172567397432
 31
0.0
  0
ARC
  5
2771
330
1F
100
AcDbEntity
  8
0
 48
10.0
370
   100
100
AcDbCircle
 10
287.4901382299475
 20
42.96840587949784
 30
0.0
 40
0.3000000000000014
100
AcDbArc
 50
108.9999999984124
 51
144.7087732959222
  0
LINE
  5
2772
330
1F
100
AcDbEntity
  8
0
 48
10.0
370
   100
100
AcDbLine
 10
287.3924677836182
 20
43.25206145218035
 30
0.0
 11
288.55571526394
 21
43.65259968070939
 31
0.0
  0
ARC
  5
2773
330
1F
100
AcDbEntity
  8
0
 48
10.0
370
   100
100
AcDbCircle
 10
288.6208288948262
 20
43.46349596558783
 30
0.0
 40
0.1999999999998938
100
AcDbArc
 50
358.9999999985678
 51
108.9999999984175
  0
LINE
  5
2774
330
1F
100
AcDbEntity
  8
0
 48
10.0
370
   100
100
AcDbLine
 10
288.8207984338572
 20
43.46000548429539
 30
0.0
 11
288.8174650184172
 21
43.26903424190189
 31
0.0
  0
ARC
  5
2775
330
1F
100
AcDbEntity
  8
0
 48
10.0
370
   100
100
AcDbCircle
 10
289.0174345574487
 20
43.26554376060945
 30
0.0
 40
0.200000000000351
100
AcDbArc
 50
178.9999999985744
 51
231.0593617132616
  0
LINE
  5
2776
330
1F
100
AcDbEntity
  8
0
 48
10.0
370
   100
100
AcDbLine
 10
288.8917315803184
 20
43.10998424935829
 30
0.0
 11
290.1156353141829
 21
42.12098568643525
 31
0.0
  0
ARC
  5
2777
330
1F
100
AcDbEntity
  8
0
 48
10.0
370
   100
100
AcDbCircle
 10
289.9899324408505
 20
41.96542609130865
 30
0.0
 40
0.199999999999922
100
AcDbArc
 50
0.3350146284598467
 51
51.05939994408754
  0
ARC
  5
2778
330
1F
100
AcDbEntity
  8
0
 48
10.0
370
   100
100
AcDbCircle
 10
290.5399229795255
 20
41.96865212746534
 30
0.0
 40
0.3500000000001745
100
AcDbArc
 50
180.3366754015702
 51
43.33968207662388
  0
ARC
  5
2779
330
1F
100
AcDbEntity
  8
0
 48
10.0
370
   100
100
AcDbCircle
 10
290.939930852567
 20
42.34613550641041
 30
0.0
 40
0.2000000000000642
100
AcDbArc
 50
179.9996904382942
 51
223.3421052468556
  0
LINE
  5
277A
330
1F
100
AcDbEntity
  8
0
 48
10.0
370
   100
100
AcDbLine
 10
290.7399308525699
 20
42.34613658698461
 30
0.0
 11
290.7399319923949
 21
46.86864028851973
 31
0.0
  0
ARC
  5
277B
330
1F
100
AcDbEntity
  8
0
 48
10.0
370
   100
100
AcDbCircle
 10
290.5399319923948
 20
46.86864028851949
 30
0.0
 40
0.2000000000000455
100
AcDbArc
 50
0.0000000000671733
 51
90.00000000013027
  0
LINE
  5
277C
330
1F
100
AcDbEntity
  8
0
 48
10.0
370
   100
100
AcDbLine
 10
290.5399319923944
 20
47.06864028851953
 30
0.0
 11
290.4720432492231
 21
47.06864028851953
 31
0.0
  0
ARC
  5
277D
330
1F
100
AcDbEntity
  8
0
 48
10.0
370
   100
100
AcDbCircle
 10
290.4720432492232
 20
46.76864028851833
 30
0.0
 40
0.3000000000012051
100
AcDbArc
 50
90.00000000002172
 51
121.3801319349523
  0
LINE
  5
277E
330
1F
100
AcDbEntity
  8
0
 48
10.0
370
   100
100
AcDbLine
 10
290.3158291630552
 20
47.02475971238813
 30
0.0
 11
288.6343059448204
 21
45.99915373163834
 31
0.0
  0
ARC
  5
277F
330
1F
100
AcDbEntity
  8
0
 48
10.0
370
   100
100
AcDbCircle
 10
288.4399319924651
 20
46.04625751759217
 30
0.0
 40
0.2000000000134609
100
AcDbArc
 50
179.9999999985669
 51
346.37778612842
  0
LINE
  5
2780
330
1F
100
AcDbEntity
  8
0
 48
10.0
370
   100
100
AcDbLine
 10
288.2399319924516
 20
46.04625751759717
 30
0.0
 11
288.2399319923942
 21
49.77007115247864
 31
0.0
  0
ARC
  5
2781
330
1F
100
AcDbEntity
  8
0
 48
10.0
370
   100
100
AcDbCircle
 10
288.439931992437
 20
49.77007115248387
 30
0.0
 40
0.2000000000427917
100
AcDbArc
 50
13.62221387215437
 51
180.0000000014981
  0
LINE
  5
2782
330
1F
100
AcDbEntity
  8
0
 48
10.0
370
   100
100
AcDbLine
 10
288.6343059448204
 20
49.81717493844657
 30
0.0
 11
290.3158291630552
 21
48.79156895769678
 31
0.0
  0
ARC
  5
2783
330
1F
100
AcDbEntity
  8
0
 48
10.0
370
   100
100
AcDbCircle
 10
290.4720432492233
 20
49.04768838156658
 30
0.0
 40
0.30000000000123
100
AcDbArc
 50
238.6198680650377
 51
269.9999999999674
  0
LINE
  5
2784
330
1F
100
AcDbEntity
  8
0
 48
10.0
370
   100
100
AcDbLine
 10
290.4720432492231
 20
48.74768838156537
 30
0.0
 11
290.5399319923944
 21
48.74768838156446
 31
0.0
  0
ARC
  5
2785
330
1F
100
AcDbEntity
  8
0
 48
10.0
370
   100
100
AcDbCircle
 10
290.5399319923944
 20
48.94768838156521
 30
0.0
 40
0.2000000000007489
100
AcDbArc
 50
270.0
 51
359.9999999999919
  0
LINE
  5
2786
330
1F
100
AcDbEntity
  8
0
 48
10.0
370
   100
100
AcDbLine
 10
290.7399319923952
 20
48.94768838156519
 30
0.0
 11
290.7399308525699
 21
53.4701920830912
 31
0.0
  0
ARC
  5
2787
330
1F
100
AcDbEntity
  8
0
 48
10.0
370
   100
100
AcDbCircle
 10
300.7399746789407
 20
50.70816434710493
 30
0.0
 40
0.3000000000000682
100
AcDbArc
 50
359.9999999999797
 51
89.99999658137495
  0
LINE
  5
2788
330
1F
100
AcDbEntity
  8
0
 48
10.0
370
   100
100
AcDbLine
 10
300.7399746968405
 20
51.00816434710498
 30
0.0
 11
299.8399746211279
 21
51.00816440100164
 31
0.0
  0
ARC
  5
2789
330
1F
100
AcDbEntity
  8
0
 48
10.0
370
   100
100
AcDbCircle
 10
299.8399746390278
 20
51.30816440100174
 30
0.0
 40
0.3000000000000972
100
AcDbArc
 50
179.9999999999837
 51
269.9999965813749
  0
LINE
  5
278A
330
1F
100
AcDbEntity
  8
0
 48
10.0
370
   100
100
AcDbLine
 10
299.5399746390276
 20
51.30816440100183
 30
0.0
 11
299.5399746390276
 21
52.20816416446099
 31
0.0
  0
ARC
  5
278B
330
1F
100
AcDbEntity
  8
0
 48
10.0
370
   100
100
AcDbCircle
 10
299.2399746390276
 20
52.20816416446119
 30
0.0
 40
0.3000000000000114
100
AcDbArc
 50
359.999999999962
 51
89.99999658135324
  0
LINE
  5
278C
330
1F
100
AcDbEntity
  8
0
 48
10.0
370
   100
100
AcDbLine
 10
299.2399746569276
 20
52.50816416446117
 30
0.0
 11
292.6399746569277
 21
52.50816454612608
 31
0.0
  0
ARC
  5
278D
330
1F
100
AcDbEntity
  8
0
 48
10.0
370
   100
100
AcDbCircle
 10
292.6399746390281
 20
52.20816454612564
 30
0.0
 40
0.3000000000004382
100
AcDbArc
 50
89.99999658142924
 51
179.9999999999511
  0
LINE
  5
278E
330
1F
100
AcDbEntity
  8
0
 48
10.0
370
   100
100
AcDbLine
 10
292.3399746390277
 20
52.2081645461259
 30
0.0
 11
292.339974639028
 21
40.80816398683977
 31
0.0
  0
ARC
  5
278F
330
1F
100
AcDbEntity
  8
0
 48
10.0
370
   100
100
AcDbCircle
 10
292.6399746390283
 20
40.80816398683984
 30
0.0
 40
0.3000000000002956
100
AcDbArc
 50
180.0000000000149
 51
270.0000034185273
  0
LINE
  5
2790
330
1F
100
AcDbEntity
  8
0
 48
10.0
370
   100
100
AcDbLine
 10
292.6399746569277
 20
40.50816398683958
 30
0.0
 11
299.2399746546308
 21
40.50816431953093
 31
0.0
  0
ARC
  5
2791
330
1F
100
AcDbEntity
  8
0
 48
10.0
370
   100
100
AcDbCircle
 10
299.2399746390278
 20
40.80816431953114
 30
0.0
 40
0.3000000000002107
100
AcDbArc
 50
270.0000029799657
 51
359.9999999999933
  0
LINE
  5
2792
330
1F
100
AcDbEntity
  8
0
 48
10.0
370
   100
100
AcDbLine
 10
299.539974639028
 20
40.80816431953111
 30
0.0
 11
299.5399746390275
 21
41.71603194070285
 31
0.0
  0
ARC
  5
2793
330
1F
100
AcDbEntity
  8
0
 48
10.0
370
   100
100
AcDbCircle
 10
299.8399746390275
 20
41.71603194070296
 30
0.0
 40
0.3000000000000114
100
AcDbArc
 50
99.28878109657997
 51
180.000000000019
  0
ARC
  5
2794
330
1F
100
AcDbEntity
  8
0
 48
10.0
370
   100
100
AcDbCircle
 10
299.7431282880591
 20
42.30816434507803
 30
0.0
 40
0.3000000000057356
100
AcDbArc
 50
279.2887810968306
 51
344.6929709994892
  0
ARC
  5
2795
330
1F
100
AcDbEntity
  8
0
 48
10.0
370
   100
100
AcDbCircle
 10
272.6399746787456
 20
49.72632209755948
 30
0.0
 40
28.40000000019694
100
AcDbArc
 50
344.6929710008853
 51
0.0000000000394926
  0
LINE
  5
2796
330
1F
100
AcDbEntity
  8
0
 48
10.0
370
   100
100
AcDbLine
 10
301.0399746789425
 20
49.72632209757906
 30
0.0
 11
301.0399746789407
 21
50.70816434710482
 31
0.0
  0
ARC
  5
2797
330
1F
100
AcDbEntity
  8
0
 48
10.0
370
   100
100
AcDbCircle
 10
220.9428391982744
 20
9.958164772255667
 30
0.0
 40
0.2999999999987572
100
AcDbArc
 50
270.0000000000108
 51
348.6900675259748
  0
LINE
  5
2798
330
1F
100
AcDbEntity
  8
0
 48
10.0
370
   100
100
AcDbLine
 10
221.2370134009805
 20
9.899329931714431
 30
0.0
 11
221.242839198272
 21
10.80816477225472
 31
0.0
  0
LINE
  5
2799
330
1F
100
AcDbEntity
  8
0
 48
10.0
370
   100
100
AcDbLine
 10
221.242839198272
 20
10.80816477225472
 30
0.0
 11
221.9399262995938
 21
10.80816477225563
 31
0.0
  0
ARC
  5
279A
330
1F
100
AcDbEntity
  8
0
 48
10.0
370
   100
100
AcDbCircle
 10
221.9399262995938
 20
10.30816477225569
 30
0.0
 40
0.4999999999999432
100
AcDbArc
 50
359.9999999999935
 51
89.99999999999349
  0
LINE
  5
279B
330
1F
100
AcDbEntity
  8
0
 48
10.0
370
   100
100
AcDbLine
 10
222.4399262995937
 20
10.30816477225563
 30
0.0
 11
222.4399262995937
 21
8.758164772255451
 31
0.0
  0
ARC
  5
279C
330
1F
100
AcDbEntity
  8
0
 48
10.0
370
   100
100
AcDbCircle
 10
222.1399262995936
 20
8.758164772255424
 30
0.0
 40
0.3000000000001535
100
AcDbArc
 50
270.0000000000054
 51
0.0000000000050889
  0
LINE
  5
279D
330
1F
100
AcDbEntity
  8
0
 48
10.0
370
   100
100
AcDbLine
 10
222.1399262995936
 20
8.458164772255273
 30
0.0
 11
217.9399262996256
 21
8.458164772255273
 31
0.0
  0
ARC
  5
279E
330
1F
100
AcDbEntity
  8
0
 48
10.0
370
   100
100
AcDbCircle
 10
217.9399262996256
 20
8.958164772255273
 30
0.0
 40
0.5
100
AcDbArc
 50
180.0
 51
270.0
  0
LINE
  5
279F
330
1F
100
AcDbEntity
  8
0
 48
10.0
370
   100
100
AcDbLine
 10
217.4399262996256
 20
8.958164772255273
 30
0.0
 11
217.4399262996256
 21
60.15816477225236
 31
0.0
  0
ARC
  5
27A0
330
1F
100
AcDbEntity
  8
0
 48
10.0
370
   100
100
AcDbCircle
 10
217.7399262996254
 20
60.1581647722527
 30
0.0
 40
0.2999999999998408
100
AcDbArc
 50
90.00000000006513
 51
180.0000000000651
  0
LINE
  5
27A1
330
1F
100
AcDbEntity
  8
0
 48
10.0
370
   100
100
AcDbLine
 10
217.7399262996251
 20
60.45816477225255
 30
0.0
 11
219.7328195184391
 21
60.45816477225255
 31
0.0
  0
ARC
  5
27A2
330
1F
100
AcDbEntity
  8
0
 48
10.0
370
   100
100
AcDbCircle
 10
219.7328195184401
 20
59.95816477225451
 30
0.0
 40
0.4999999999980389
100
AcDbArc
 50
45.00000000006391
 51
90.00000000011725
  0
LINE
  5
27A3
330
1F
100
AcDbEntity
  8
0
 48
10.0
370
   100
100
AcDbLine
 10
220.0863729090316
 20
60.31171816284679
 30
0.0
 11
220.7934796902187
 21
59.60461138165921
 31
0.0
  0
ARC
  5
27A4
330
1F
100
AcDbEntity
  8
0
 48
10.0
370
   100
100
AcDbCircle
 10
220.4399262996263
 20
59.25105799106538
 30
0.0
 40
0.499999999999793
100
AcDbArc
 50
0.0000000001604017
 51
45.00000000011399
  0
LINE
  5
27A5
330
1F
100
AcDbEntity
  8
0
 48
10.0
370
   100
100
AcDbLine
 10
220.9399262996261
 20
59.25105799106678
 30
0.0
 11
220.9399262996258
 21
58.45816477225254
 31
0.0
  0
LINE
  5
27A6
330
1F
100
AcDbEntity
  8
0
 48
10.0
370
   100
100
AcDbLine
 10
220.9399262996258
 20
58.45816477225254
 30
0.0
 11
219.239926299626
 21
58.45816477225254
 31
0.0
  0
ARC
  5
27A7
330
1F
100
AcDbEntity
  8
0
 48
10.0
370
   100
100
AcDbCircle
 10
219.2399262996249
 20
58.1581647722522
 30
0.0
 40
0.3000000000003311
100
AcDbArc
 50
89.99999999979372
 51
179.9999999999701
  0
LINE
  5
27A8
330
1F
100
AcDbEntity
  8
0
 48
10.0
370
   100
100
AcDbLine
 10
218.9399262996246
 20
58.15816477225236
 30
0.0
 11
218.9399262996251
 21
55.75816477225274
 31
0.0
  0
ARC
  5
27A9
330
1F
100
AcDbEntity
  8
0
 48
10.0
370
   100
100
AcDbCircle
 10
219.2399262996257
 20
55.75816477225321
 30
0.0
 40
0.3000000000006366
100
AcDbArc
 50
180.0000000000895
 51
270.0000000000922
  0
LINE
  5
27AA
330
1F
100
AcDbEntity
  8
0
 48
10.0
370
   100
100
AcDbLine
 10
219.2399262996262
 20
55.45816477225255
 30
0.0
 11
236.639926299625
 21
55.45816477225345
 31
0.0
  0
ARC
  5
27AB
330
1F
100
AcDbEntity
  8
0
 48
10.0
370
   100
100
AcDbCircle
 10
236.6399262996259
 20
55.75816477225407
 30
0.0
 40
0.3000000000006153
100
AcDbArc
 50
269.9999999998317
 51
359.9999999997462
  0
LINE
  5
27AC
330
1F
100
AcDbEntity
  8
0
 48
10.0
370
   100
100
AcDbLine
 10
236.9399262996265
 20
55.75816477225274
 30
0.0
 11
236.9399262996258
 21
58.15816477225327
 31
0.0
  0
ARC
  5
27AD
330
1F
100
AcDbEntity
  8
0
 48
10.0
370
   100
100
AcDbCircle
 10
236.6399262996258
 20
58.15816477225256
 30
0.0
 40
0.2999999999999829
100
AcDbArc
 50
0.0000000001357037
 51
90.00000000022255
  0
LINE
  5
27AE
330
1F
100
AcDbEntity
  8
0
 48
10.0
370
   100
100
AcDbLine
 10
236.6399262996247
 20
58.45816477225254
 30
0.0
 11
234.9399262996249
 21
58.45816477225254
 31
0.0
  0
LINE
  5
27AF
330
1F
100
AcDbEntity
  8
0
 48
10.0
370
   100
100
AcDbLine
 10
234.9399262996249
 20
58.45816477225254
 30
0.0
 11
234.9399262996251
 21
59.25105799106678
 31
0.0
  0
ARC
  5
27B0
330
1F
100
AcDbEntity
  8
0
 48
10.0
370
   100
100
AcDbCircle
 10
235.4399262996259
 20
59.25105799106703
 30
0.0
 40
0.5000000000007958
100
AcDbArc
 50
135.0000000001215
 51
180.0000000000292
  0
LINE
  5
27B1
330
1F
100
AcDbEntity
  8
0
 48
10.0
370
   100
100
AcDbLine
 10
235.0863729090313
 20
59.60461138166012
 30
0.0
 11
235.7934796902189
 21
60.31171816284679
 31
0.0
  0
ARC
  5
27B2
330
1F
100
AcDbEntity
  8
0
 48
10.0
370
   100
100
AcDbCircle
 10
236.1470330808105
 20
59.95816477225432
 30
0.0
 40
0.4999999999982255
100
AcDbArc
 50
89.99999999986973
 51
134.9999999999274
  0
LINE
  5
27B3
330
1F
100
AcDbEntity
  8
0
 48
10.0
370
   100
100
AcDbLine
 10
236.1470330808116
 20
60.45816477225255
 30
0.0
 11
238.239926299626
 21
60.45816477225255
 31
0.0
  0
ARC
  5
27B4
330
1F
100
AcDbEntity
  8
0
 48
10.0
370
   100
100
AcDbCircle
 10
238.2399262996257
 20
59.95816477225242
 30
0.0
 40
0.500000000000135
100
AcDbArc
 50
0.0000000000138418
 51
89.99999999996092
  0
LINE
  5
27B5
330
1F
100
AcDbEntity
  8
0
 48
10.0
370
   100
100
AcDbLine
 10
238.7399262996258
 20
59.95816477225254
 30
0.0
 11
238.7399262996258
 21
55.95816426593229
 31
0.0
  0
ARC
  5
27B6
330
1F
100
AcDbEntity
  8
0
 48
10.0
370
   100
100
AcDbCircle
 10
239.2399262996259
 20
55.95816426593239
 30
0.0
 40
0.5000000000000853
100
AcDbArc
 50
180.0000000000114
 51
270.000003418599
  0
LINE
  5
27B7
330
1F
100
AcDbEntity
  8
0
 48
10.0
370
   100
100
AcDbLine
 10
239.2399263294588
 20
55.45816426593229
 30
0.0
 11
250.4399262817213
 21
55.45816493417767
 31
0.0
  0
ARC
  5
27B8
330
1F
100
AcDbEntity
  8
0
 48
10.0
370
   100
100
AcDbCircle
 10
250.4399262996319
 20
55.15816493415252
 30
0.0
 40
0.3000000000251509
100
AcDbArc
 50
48.45808603685968
 51
90.00000342067147
  0
ARC
  5
27B9
330
1F
100
AcDbEntity
  8
0
 48
10.0
370
   100
100
AcDbCircle
 10
250.8378269553079
 20
55.60724740791759
 30
0.0
 40
0.3000000000001413
100
AcDbArc
 50
228.4580860371116
 51
253.5806341057479
  0
LINE
  5
27BA
330
1F
100
AcDbEntity
  8
0
 48
10.0
370
   100
100
AcDbLine
 10
250.7530272490561
 20
55.31948186130075
 30
0.0
 11
252.7377691503299
 21
54.73461153129576
 31
0.0
  0
ARC
  5
27BB
330
1F
100
AcDbEntity
  8
0
 48
10.0
370
   100
100
AcDbCircle
 10
252.8225688565819
 20
55.0223770779128
 30
0.0
 40
0.3000000000003871
100
AcDbArc
 50
253.5806341057222
 51
312.0000000000002
  0
LINE
  5
27BC
330
1F
100
AcDbEntity
  8
0
 48
10.0
370
   100
100
AcDbLine
 10
253.0233080384898
 20
54.79943363026929
 30
0.0
 11
253.5858301805703
 21
55.30593084200564
 31
0.0
  0
ARC
  5
27BD
330
1F
100
AcDbEntity
  8
0
 48
10.0
370
   100
100
AcDbCircle
 10
253.7865693624781
 20
55.08298739436273
 30
0.0
 40
0.2999999999998584
100
AcDbArc
 50
90.00000000005426
 51
132.0000000000553
  0
LINE
  5
27BE
330
1F
100
AcDbEntity
  8
0
 48
10.0
370
   100
100
AcDbLine
 10
253.7865693624778
 20
55.38298739436257
 30
0.0
 11
255.57171246915
 21
55.38298739436243
 31
0.0
  0
ARC
  5
27BF
330
1F
100
AcDbEntity
  8
0
 48
10.0
370
   100
100
AcDbCircle
 10
255.57171246915
 20
55.08298739436246
 30
0.0
 40
0.2999999999999687
100
AcDbArc
 50
324.7087732959288
 51
90.0
  0
LINE
  5
27C0
330
1F
100
AcDbEntity
  8
0
 48
10.0
370
   100
100
AcDbLine
 10
255.8165802882742
 20
54.90966759988602
 30
0.0
 11
254.2345836159236
 21
52.67460797388982
 31
0.0
  0
ARC
  5
27C1
330
1F
100
AcDbEntity
  8
0
 48
10.0
370
   100
100
AcDbCircle
 10
253.9897157967994
 20
52.84792776836629
 30
0.0
 40
0.3000000000000205
100
AcDbArc
 50
288.9999999984176
 51
324.7087732959264
  0
LINE
  5
27C2
330
1F
100
AcDbEntity
  8
0
 48
10.0
370
   100
100
AcDbLine
 10
254.0873862431287
 20
52.56427219568378
 30
0.0
 11
252.9241387628069
 21
52.16373396715471
 31
0.0
  0
ARC
  5
27C3
330
1F
100
AcDbEntity
  8
0
 48
10.0
370
   100
100
AcDbCircle
 10
252.8590251319207
 20
52.35283768227631
 30
0.0
 40
0.1999999999999366
100
AcDbArc
 50
178.9999999985804
 51
288.9999999984219
  0
LINE
  5
27C4
330
1F
100
AcDbEntity
  8
0
 48
10.0
370
   100
100
AcDbLine
 10
252.6590555928896
 20
52.35632816356872
 30
0.0
 11
252.6623890083296
 21
52.54729940596225
 31
0.0
  0
ARC
  5
27C5
330
1F
100
AcDbEntity
  8
0
 48
10.0
370
   100
100
AcDbCircle
 10
252.4624194692981
 20
52.55078988725481
 30
0.0
 40
0.2000000000002394
100
AcDbArc
 50
358.9999999985393
 51
51.05936171323982
  0
LINE
  5
27C6
330
1F
100
AcDbEntity
  8
0
 48
10.0
370
   100
100
AcDbLine
 10
252.5881224464285
 20
52.70634939850585
 30
0.0
 11
251.364218712564
 21
53.69534796142888
 31
0.0
  0
ARC
  5
27C7
330
1F
100
AcDbEntity
  8
0
 48
10.0
370
   100
100
AcDbCircle
 10
251.4899215858963
 20
53.85090755655569
 30
0.0
 40
0.2000000000000342
100
AcDbArc
 50
180.3350146285207
 51
231.0593999441449
  0
ARC
  5
27C8
330
1F
100
AcDbEntity
  8
0
 48
10.0
370
   100
100
AcDbCircle
 10
250.9399310472213
 20
53.84768152039876
 30
0.0
 40
0.350000000000061
100
AcDbArc
 50
0.3366754015749499
 51
223.3396820766252
  0
ARC
  5
27C9
330
1F
100
AcDbEntity
  8
0
 48
10.0
370
   100
100
AcDbCircle
 10
250.5399196195527
 20
53.47019051456982
 30
0.0
 40
0.2000078199274209
100
AcDbArc
 50
0.0005805117471022
 51
43.34299532031176
  0
LINE
  5
27CA
330
1F
100
AcDbEntity
  8
0
 48
10.0
370
   100
100
AcDbLine
 10
250.7399274394698
 20
53.47019254101731
 30
0.0
 11
250.7399274394698
 21
53.47019254101731
 31
0.0
  0
LINE
  5
27CB
330
1F
100
AcDbEntity
  8
0
 48
10.0
370
   100
100
AcDbLine
 10
250.7399274394698
 20
53.47019254101731
 30
0.0
 11
250.7399262996117
 21
48.94768883951475
 31
0.0
  0
ARC
  5
27CC
330
1F
100
AcDbEntity
  8
0
 48
10.0
370
   100
100
AcDbCircle
 10
250.9399262996124
 20
48.94768883951472
 30
0.0
 40
0.2000000000006992
100
AcDbArc
 50
179.9999999999918
 51
269.9999999999919
  0
LINE
  5
27CD
330
1F
100
AcDbEntity
  8
0
 48
10.0
370
   100
100
AcDbLine
 10
250.9399262996124
 20
48.74768883951403
 30
0.0
 11
251.0078150427838
 21
48.74768883951493
 31
0.0
  0
ARC
  5
27CE
330
1F
100
AcDbEntity
  8
0
 48
10.0
370
   100
100
AcDbCircle
 10
251.0078150427836
 20
49.04768883951584
 30
0.0
 40
0.3000000000009066
100
AcDbArc
 50
270.0000000000434
 51
301.3801319349741
  0
LINE
  5
27CF
330
1F
100
AcDbEntity
  8
0
 48
10.0
370
   100
100
AcDbLine
 10
251.1640291289516
 20
48.79156941564635
 30
0.0
 11
252.8455523471865
 21
49.81717539639614
 31
0.0
  0
ARC
  5
27D0
330
1F
100
AcDbEntity
  8
0
 48
10.0
370
   100
100
AcDbCircle
 10
253.0399262995699
 20
49.77007161043435
 30
0.0
 40
0.2000000000426811
100
AcDbArc
 50
359.9999999982413
 51
166.3777861281028
  0
LINE
  5
27D1
330
1F
100
AcDbEntity
  8
0
 48
10.0
370
   100
100
AcDbLine
 10
253.2399262996126
 20
49.77007161042822
 30
0.0
 11
253.2399262996126
 21
46.04625797555492
 31
0.0
  0
ARC
  5
27D2
330
1F
100
AcDbEntity
  8
0
 48
10.0
370
   100
100
AcDbCircle
 10
253.0399262995699
 20
46.04625797554834
 30
0.0
 40
0.2000000000426496
100
AcDbArc
 50
193.6222138717707
 51
0.0000000018849239
  0
LINE
  5
27D3
330
1F
100
AcDbEntity
  8
0
 48
10.0
370
   100
100
AcDbLine
 10
252.8455523471865
 20
45.999154189587
 30
0.0
 11
251.1640291289516
 21
47.02476017033679
 31
0.0
  0
ARC
  5
27D4
330
1F
100
AcDbEntity
  8
0
 48
10.0
370
   100
100
AcDbCircle
 10
251.0078150427836
 20
46.76864074646728
 30
0.0
 40
0.3000000000009013
100
AcDbArc
 50
58.61986806503125
 51
89.99999999996202
  0
LINE
  5
27D5
330
1F
100
AcDbEntity
  8
0
 48
10.0
370
   100
100
AcDbLine
 10
251.0078150427838
 20
47.06864074646818
 30
0.0
 11
250.9399262996124
 21
47.06864074646818
 31
0.0
  0
ARC
  5
27D6
330
1F
100
AcDbEntity
  8
0
 48
10.0
370
   100
100
AcDbCircle
 10
250.9399262996118
 20
46.86864074646805
 30
0.0
 40
0.2000000000001307
100
AcDbArc
 50
89.99999999984529
 51
179.9999999999124
  0
LINE
  5
27D7
330
1F
100
AcDbEntity
  8
0
 48
10.0
370
   100
100
AcDbLine
 10
250.7399262996117
 20
46.86864074646837
 30
0.0
 11
250.7399231741441
 21
30.44595722588797
 31
0.0
  0
ARC
  5
27D8
330
1F
100
AcDbEntity
  8
0
 48
10.0
370
   100
100
AcDbCircle
 10
250.539923174147
 20
30.44595614531373
 30
0.0
 40
0.2000000000000655
100
AcDbArc
 50
316.6578947531567
 51
0.0003095617159576
  0
ARC
  5
27D9
330
1F
100
AcDbEntity
  8
0
 48
10.0
370
   100
100
AcDbCircle
 10
250.9399310471885
 20
30.06847276636872
 30
0.0
 40
0.3500000000000934
100
AcDbArc
 50
136.6603179233759
 51
359.6633245984239
  0
ARC
  5
27DA
330
1F
100
AcDbEntity
  8
0
 48
10.0
370
   100
100
AcDbCircle
 10
251.4899215858635
 20
30.06524673021195
 30
0.0
 40
0.1999999999999764
100
AcDbArc
 50
128.9406000558984
 51
179.6649853715249
  0
LINE
  5
27DB
330
1F
100
AcDbEntity
  8
0
 48
10.0
370
   100
100
AcDbLine
 10
251.3642187125311
 20
30.22080632533862
 30
0.0
 11
252.5881224463956
 21
31.20980488826165
 31
0.0
  0
ARC
  5
27DC
330
1F
100
AcDbEntity
  8
0
 48
10.0
370
   100
100
AcDbCircle
 10
252.4624194692653
 20
31.36536439951284
 30
0.0
 40
0.2000000000003151
100
AcDbArc
 50
308.9406382867212
 51
1.000000001418551
  0
LINE
  5
27DD
330
1F
100
AcDbEntity
  8
0
 48
10.0
370
   100
100
AcDbLine
 10
252.6623890082968
 20
31.36885488080525
 30
0.0
 11
252.6590555928568
 21
31.55982612319876
 31
0.0
  0
ARC
  5
27DE
330
1F
100
AcDbEntity
  8
0
 48
10.0
370
   100
100
AcDbCircle
 10
252.8590251318879
 20
31.56331660449121
 30
0.0
 40
0.1999999999998681
100
AcDbArc
 50
71.00000000159019
 51
181.0000000014309
  0
LINE
  5
27DF
330
1F
100
AcDbEntity
  8
0
 48
10.0
370
   100
100
AcDbLine
 10
252.924138762774
 20
31.75242031961277
 30
0.0
 11
254.0873862430959
 21
31.35188209108371
 31
0.0
  0
ARC
  5
27E0
330
1F
100
AcDbEntity
  8
0
 48
10.0
370
   100
100
AcDbCircle
 10
253.9897157967665
 20
31.06822651840134
 30
0.0
 40
0.2999999999999078
100
AcDbArc
 50
35.29122670405621
 51
71.00000000156396
  0
LINE
  5
27E1
330
1F
100
AcDbEntity
  8
0
 48
10.0
370
   100
100
AcDbLine
 10
254.2345836158907
 20
31.24154631287768
 30
0.0
 11
255.8165802882414
 21
29.00648668688147
 31
0.0
  0
ARC
  5
27E2
330
1F
100
AcDbEntity
  8
0
 48
10.0
370
   100
100
AcDbCircle
 10
255.5717124691172
 20
28.83316689240507
 30
0.0
 40
0.3000000000000279
100
AcDbArc
 50
269.9999999999891
 51
35.29122670405677
  0
LINE
  5
27E3
330
1F
100
AcDbEntity
  8
0
 48
10.0
370
   100
100
AcDbLine
 10
255.5717124691171
 20
28.53316689240505
 30
0.0
 11
253.7865693624449
 21
28.53316689240493
 31
0.0
  0
ARC
  5
27E4
330
1F
100
AcDbEntity
  8
0
 48
10.0
370
   100
100
AcDbCircle
 10
253.7865693624452
 20
28.83316689240465
 30
0.0
 40
0.2999999999997236
100
AcDbArc
 50
227.9999999999431
 51
269.9999999999458
  0
LINE
  5
27E5
330
1F
100
AcDbEntity
  8
0
 48
10.0
370
   100
100
AcDbLine
 10
253.5858301805375
 20
28.61022344476184
 30
0.0
 11
253.023308038457
 21
29.1167206564982
 31
0.0
  0
ARC
  5
27E6
330
1F
100
AcDbEntity
  8
0
 48
10.0
370
   100
100
AcDbCircle
 10
252.8225688565491
 20
28.89377720885469
 30
0.0
 40
0.3000000000003918
100
AcDbArc
 50
47.99999999999982
 51
106.4193658942776
  0
LINE
  5
27E7
330
1F
100
AcDbEntity
  8
0
 48
10.0
370
   100
100
AcDbLine
 10
252.7377691502971
 20
29.18154275547174
 30
0.0
 11
250.753027249591
 21
28.59667242563404
 31
0.0
  0
ARC
  5
27E8
330
1F
100
AcDbEntity
  8
0
 48
10.0
370
   100
100
AcDbCircle
 10
250.8378269558425
 20
28.30890687901729
 30
0.0
 40
0.2999999999999676
100
AcDbArc
 50
106.4193658942052
 51
131.5419224339135
  0
ARC
  5
27E9
330
1F
100
AcDbEntity
  8
0
 48
10.0
370
   100
100
AcDbCircle
 10
250.4399262337882
 20
28.75798929393584
 30
0.0
 40
0.3000000000003644
100
AcDbArc
 50
269.999968877732
 51
311.5419224339696
  0
LINE
  5
27EA
330
1F
100
AcDbEntity
  8
0
 48
10.0
370
   100
100
AcDbLine
 10
250.4399260708324
 20
28.45798929393551
 30
0.0
 11
249.6391902053809
 21
28.45798972888771
 31
0.0
  0
ARC
  5
27EB
330
1F
100
AcDbEntity
  8
0
 48
10.0
370
   100
100
AcDbCircle
 10
249.6391903683376
 20
28.75798972888811
 30
0.0
 40
0.3000000000004428
100
AcDbArc
 50
224.9999999999338
 51
269.9999688775691
  0
LINE
  5
27EC
330
1F
100
AcDbEntity
  8
0
 48
10.0
370
   100
100
AcDbLine
 10
249.427058333981
 20
28.54585769453207
 30
0.0
 11
249.161372909033
 21
28.81154311948105
 31
0.0
  0
ARC
  5
27ED
330
1F
100
AcDbEntity
  8
0
 48
10.0
370
   100
100
AcDbCircle
 10
249.5149262996254
 20
29.1650965100727
 30
0.0
 40
0.4999999999982305
100
AcDbArc
 50
180.0000000001201
 51
224.9999999999395
  0
LINE
  5
27EE
330
1F
100
AcDbEntity
  8
0
 48
10.0
370
   100
100
AcDbLine
 10
249.0149262996272
 20
29.16509651007165
 30
0.0
 11
249.0149262996254
 21
30.65816477225418
 31
0.0
  0
LINE
  5
27EF
330
1F
100
AcDbEntity
  8
0
 48
10.0
370
   100
100
AcDbLine
 10
249.0149262996254
 20
30.65816477225418
 30
0.0
 11
247.4253364962504
 21
30.65816477225418
 31
0.0
  0
ARC
  5
27F0
330
1F
100
AcDbEntity
  8
0
 48
10.0
370
   100
100
AcDbCircle
 10
247.4253364962506
 20
30.95816477225381
 30
0.0
 40
0.2999999999996241
100
AcDbArc
 50
186.3793702084249
 51
269.9999999999783
  0
LINE
  5
27F1
330
1F
100
AcDbEntity
  8
0
 48
10.0
370
   100
100
AcDbLine
 10
247.1271940992509
 20
30.92483143892061
 30
0.0
 11
246.9399262996256
 21
31.55816477225473
 31
0.0
  0
LINE
  5
27F2
330
1F
100
AcDbEntity
  8
0
 48
10.0
370
   100
100
AcDbLine
 10
246.9399262996256
 20
31.55816477225473
 30
0.0
 11
246.9399262996247
 21
32.25816477225456
 31
0.0
  0
LINE
  5
27F3
330
1F
100
AcDbEntity
  8
0
 48
10.0
370
   100
100
AcDbLine
 10
246.9399262996247
 20
32.25816477225456
 30
0.0
 11
248.6399262996263
 21
32.25816477225456
 31
0.0
  0
ARC
  5
27F4
330
1F
100
AcDbEntity
  8
0
 48
10.0
370
   100
100
AcDbCircle
 10
248.6399262996263
 20
32.55816477225474
 30
0.0
 40
0.3000000000001748
100
AcDbArc
 50
270.0
 51
359.9999999999986
  0
LINE
  5
27F5
330
1F
100
AcDbEntity
  8
0
 48
10.0
370
   100
100
AcDbLine
 10
248.9399262996265
 20
32.55816477225473
 30
0.0
 11
248.9399262996247
 21
40.05816477225471
 31
0.0
  0
ARC
  5
27F6
330
1F
100
AcDbEntity
  8
0
 48
10.0
370
   100
100
AcDbCircle
 10
248.6399262996254
 20
40.05816477225471
 30
0.0
 40
0.2999999999992724
100
AcDbArc
 50
359.9999999999986
 51
90.0
  0
LINE
  5
27F7
330
1F
100
AcDbEntity
  8
0
 48
10.0
370
   100
100
AcDbLine
 10
248.6399262996254
 20
40.358164772254
 30
0.0
 11
244.8399262996261
 21
40.35816477225488
 31
0.0
  0
LINE
  5
27F8
330
1F
100
AcDbEntity
  8
0
 48
10.0
370
   100
100
AcDbLine
 10
244.8399262996261
 20
40.35816477225488
 30
0.0
 11
244.8399262996261
 21
39.95816477225345
 31
0.0
  0
LINE
  5
27F9
330
1F
100
AcDbEntity
  8
0
 48
10.0
370
   100
100
AcDbLine
 10
244.8399262996261
 20
39.95816477225345
 30
0.0
 11
241.1399262996254
 21
39.95816477225345
 31
0.0
  0
LINE
  5
27FA
330
1F
100
AcDbEntity
  8
0
 48
10.0
370
   100
100
AcDbLine
 10
241.1399262996254
 20
39.95816477225345
 30
0.0
 11
240.8399262996261
 21
40.25816477225453
 31
0.0
  0
LINE
  5
27FB
330
1F
100
AcDbEntity
  8
0
 48
10.0
370
   100
100
AcDbLine
 10
240.8399262996261
 20
40.25816477225453
 30
0.0
 11
240.5399262996251
 21
39.95816477225164
 31
0.0
  0
LINE
  5
27FC
330
1F
100
AcDbEntity
  8
0
 48
10.0
370
   100
100
AcDbLine
 10
240.5399262996251
 20
39.95816477225164
 30
0.0
 11
236.8399262996261
 21
39.95816477225437
 31
0.0
  0
LINE
  5
27FD
330
1F
100
AcDbEntity
  8
0
 48
10.0
370
   100
100
AcDbLine
 10
236.8399262996261
 20
39.95816477225437
 30
0.0
 11
236.8399262996261
 21
40.35816477225582
 31
0.0
  0
LINE
  5
27FE
330
1F
100
AcDbEntity
  8
0
 48
10.0
370
   100
100
AcDbLine
 10
236.8399262996261
 20
40.35816477225582
 30
0.0
 11
233.0399262996287
 21
40.358164772254
 31
0.0
  0
ARC
  5
27FF
330
1F
100
AcDbEntity
  8
0
 48
10.0
370
   100
100
AcDbCircle
 10
233.0399262996287
 20
40.0581647722529
 30
0.0
 40
0.3000000000010914
100
AcDbArc
 50
90.0
 51
180.0000000000013
  0
LINE
  5
2800
330
1F
100
AcDbEntity
  8
0
 48
10.0
370
   100
100
AcDbLine
 10
232.7399262996276
 20
40.0581647722529
 30
0.0
 11
232.7399262996276
 21
32.55816477225473
 31
0.0
  0
ARC
  5
2801
330
1F
100
AcDbEntity
  8
0
 48
10.0
370
   100
100
AcDbCircle
 10
233.0399262996278
 20
32.55816477225475
 30
0.0
 40
0.3000000000001819
100
AcDbArc
 50
180.000000000004
 51
270.0000000000054
  0
LINE
  5
2802
330
1F
100
AcDbEntity
  8
0
 48
10.0
370
   100
100
AcDbLine
 10
233.0399262996278
 20
32.25816477225456
 30
0.0
 11
234.7399262996276
 21
32.25816477225456
 31
0.0
  0
LINE
  5
2803
330
1F
100
AcDbEntity
  8
0
 48
10.0
370
   100
100
AcDbLine
 10
234.7399262996276
 20
32.25816477225456
 30
0.0
 11
234.7399262996267
 21
31.55816477225473
 31
0.0
  0
LINE
  5
2804
330
1F
100
AcDbEntity
  8
0
 48
10.0
370
   100
100
AcDbLine
 10
234.7399262996267
 20
31.55816477225473
 30
0.0
 11
234.5228442603009
 21
30.82400069360303
 31
0.0
  0
ARC
  5
2805
330
1F
100
AcDbEntity
  8
0
 48
10.0
370
   100
100
AcDbCircle
 10
234.2545161030019
 20
30.95816477225347
 30
0.0
 40
0.2999999999992897
100
AcDbArc
 50
269.9999999999891
 51
333.4349488227569
  0
LINE
  5
2806
330
1F
100
AcDbEntity
  8
0
 48
10.0
370
   100
100
AcDbLine
 10
234.2545161030019
 20
30.65816477225418
 30
0.0
 11
232.6649262996269
 21
30.65816477225418
 31
0.0
  0
LINE
  5
2807
330
1F
100
AcDbEntity
  8
0
 48
10.0
370
   100
100
AcDbLine
 10
232.6649262996269
 20
30.65816477225418
 30
0.0
 11
232.664926299626
 21
29.16527155344104
 31
0.0
  0
ARC
  5
2808
330
1F
100
AcDbEntity
  8
0
 48
10.0
370
   100
100
AcDbCircle
 10
232.1649262996269
 20
29.16527155344154
 30
0.0
 40
0.4999999999991758
100
AcDbArc
 50
314.9999999999611
 51
359.9999999999422
  0
LINE
  5
2809
330
1F
100
AcDbEntity
  8
0
 48
10.0
370
   100
100
AcDbLine
 10
232.5184796902193
 20
28.81171816284861
 30
0.0
 11
232.2527942652703
 21
28.54603273789964
 31
0.0
  0
ARC
  5
280A
330
1F
100
AcDbEntity
  8
0
 48
10.0
370
   100
100
AcDbCircle
 10
232.0406622309139
 20
28.75816477225562
 30
0.0
 40
0.3000000000003335
100
AcDbArc
 50
270.0000000001194
 51
315.000000000058
  0
LINE
  5
280B
330
1F
100
AcDbEntity
  8
0
 48
10.0
370
   100
100
AcDbLine
 10
232.0406622309145
 20
28.45816477225529
 30
0.0
 11
221.6399262996245
 21
28.45816477225618
 31
0.0
  0
ARC
  5
280C
330
1F
100
AcDbEntity
  8
0
 48
10.0
370
   100
100
AcDbCircle
 10
221.6399262996247
 20
28.15816477225579
 30
0.0
 40
0.3000000000003915
100
AcDbArc
 50
90.00000000004886
 51
180.000000000133
  0
LINE
  5
280D
330
1F
100
AcDbEntity
  8
0
 48
10.0
370
   100
100
AcDbLine
 10
221.3399262996243
 20
28.15816477225509
 30
0.0
 11
221.3399262996252
 21
27.85816477225946
 31
0.0
  0
ARC
  5
280E
330
1F
100
AcDbEntity
  8
0
 48
10.0
370
   100
100
AcDbCircle
 10
220.7399262996248
 20
27.85816477225946
 30
0.0
 40
0.6000000000003638
100
AcDbArc
 50
180.0
 51
0.0
  0
LINE
  5
280F
330
1F
100
AcDbEntity
  8
0
 48
10.0
370
   100
100
AcDbLine
 10
220.1399262996245
 20
27.85816477225946
 30
0.0
 11
220.1399262996254
 21
28.20816477225527
 31
0.0
  0
ARC
  5
2810
330
1F
100
AcDbEntity
  8
0
 48
10.0
370
   100
100
AcDbCircle
 10
219.8899262996254
 20
28.20816477225618
 30
0.0
 40
0.25
100
AcDbArc
 50
359.9999999997915
 51
90.0
  0
LINE
  5
2811
330
1F
100
AcDbEntity
  8
0
 48
10.0
370
   100
100
AcDbLine
 10
219.8899262996254
 20
28.45816477225618
 30
0.0
 11
219.1899262996256
 21
28.45816477225618
 31
0.0
  0
ARC
  5
2812
330
1F
100
AcDbEntity
  8
0
 48
10.0
370
   100
100
AcDbCircle
 10
219.1899262996256
 20
28.20816477225618
 30
0.0
 40
0.25
100
AcDbArc
 50
90.0
 51
180.0
  0
LINE
  5
2813
330
1F
100
AcDbEntity
  8
0
 48
10.0
370
   100
100
AcDbLine
 10
218.9399262996256
 20
28.20816477225618
 30
0.0
 11
218.9399262996256
 21
17.708164772258
 31
0.0
  0
ARC
  5
2814
330
1F
100
AcDbEntity
  8
0
 48
10.0
370
   100
100
AcDbCircle
 10
219.1899262996256
 20
17.708164772258
 30
0.0
 40
0.25
100
AcDbArc
 50
180.0
 51
270.0
  0
LINE
  5
2815
330
1F
100
AcDbEntity
  8
0
 48
10.0
370
   100
100
AcDbLine
 10
219.1899262996256
 20
17.458164772258
 30
0.0
 11
219.8899262996254
 21
17.45816477225891
 31
0.0
  0
ARC
  5
2816
330
1F
100
AcDbEntity
  8
0
 48
10.0
370
   100
100
AcDbCircle
 10
219.8899262996254
 20
17.70816477225891
 30
0.0
 40
0.25
100
AcDbArc
 50
270.0
 51
0.0000000002084408
  0
LINE
  5
2817
330
1F
100
AcDbEntity
  8
0
 48
10.0
370
   100
100
AcDbLine
 10
220.1399262996254
 20
17.70816477225982
 30
0.0
 11
220.1399262996247
 21
18.05816477225564
 31
0.0
  0
ARC
  5
2818
330
1F
100
AcDbEntity
  8
0
 48
10.0
370
   100
100
AcDbCircle
 10
220.7448756536884
 20
17.93931437357153
 30
0.0
 40
0.6165136967250077
100
AcDbArc
 50
351.9548110341627
 51
168.8850388337062
  0
ARC
  5
2819
330
1F
100
AcDbEntity
  8
0
 48
10.0
370
   100
100
AcDbCircle
 10
221.6399262996136
 20
17.75816150879017
 30
0.0
 40
0.2999999999892398
100
AcDbArc
 50
161.5648641942503
 51
269.9999999999945
  0
LINE
  5
281A
330
1F
100
AcDbEntity
  8
0
 48
10.0
370
   100
100
AcDbLine
 10
221.6399262996136
 20
17.45816150880093
 30
0.0
 11
222.139949593159
 21
17.45816477225982
 31
0.0
  0
ARC
  5
281B
330
1F
100
AcDbEntity
  8
0
 48
10.0
370
   100
100
AcDbCircle
 10
222.1399495931587
 20
17.15816477225926
 30
0.0
 40
0.300000000000562
100
AcDbArc
 50
359.9987219862806
 51
89.99999999993486
  0
LINE
  5
281C
330
1F
100
AcDbEntity
  8
0
 48
10.0
370
   100
100
AcDbLine
 10
222.4399495930846
 20
17.15815808059507
 30
0.0
 11
222.439908233167
 21
15.30391434873219
 31
0.0
  0
ARC
  5
281D
330
1F
100
AcDbEntity
  8
0
 48
10.0
370
   100
100
AcDbCircle
 10
221.9399262995939
 20
15.308164772258
 30
0.0
 40
0.499999999999655
100
AcDbArc
 50
269.9999999999935
 51
359.5129314752492
  0
LINE
  5
281E
330
1F
100
AcDbEntity
  8
0
 48
10.0
370
   100
100
AcDbLine
 10
221.9399262995938
 20
14.80816477225836
 30
0.0
 11
221.242839198272
 21
14.80816477225836
 31
0.0
  0
LINE
  5
281F
330
1F
100
AcDbEntity
  8
0
 48
10.0
370
   100
100
AcDbLine
 10
221.242839198272
 20
14.80816477225836
 30
0.0
 11
221.2428391982722
 21
15.65816477225873
 31
0.0
  0
ARC
  5
2820
330
1F
100
AcDbEntity
  8
0
 48
10.0
370
   100
100
AcDbCircle
 10
220.9428391982724
 20
15.65816477225817
 30
0.0
 40
0.2999999999998408
100
AcDbArc
 50
0.0000000001058489
 51
89.99999999992944
  0
LINE
  5
2821
330
1F
100
AcDbEntity
  8
0
 48
10.0
370
   100
100
AcDbLine
 10
220.9428391982727
 20
15.958164772258
 30
0.0
 11
219.139926299609
 21
15.95816477225891
 31
0.0
  0
ARC
  5
2822
330
1F
100
AcDbEntity
  8
0
 48
10.0
370
   100
100
AcDbCircle
 10
219.139926299609
 20
15.7581647722591
 30
0.0
 40
0.1999999999998057
100
AcDbArc
 50
90.0
 51
180.0000000002651
  0
LINE
  5
2823
330
1F
100
AcDbEntity
  8
0
 48
10.0
370
   100
100
AcDbLine
 10
218.9399262996092
 20
15.75816477225818
 30
0.0
 11
218.939926299642
 21
9.858164772244904
 31
0.0
  0
ARC
  5
2824
330
1F
100
AcDbEntity
  8
0
 48
10.0
370
   100
100
AcDbCircle
 10
219.1399262996327
 20
9.8581647722458
 30
0.0
 40
0.1999999999906947
100
AcDbArc
 50
180.0000000002565
 51
270.0
  0
LINE
  5
2825
330
1F
100
AcDbEntity
  8
0
 48
10.0
370
   100
100
AcDbLine
 10
219.1399262996327
 20
9.658164772255091
 30
0.0
 11
220.9428391982745
 21
9.65816477225691
 31
0.0
  0
ARC
  5
2826
330
1F
100
AcDbEntity
  8
0
 48
10.0
370
   100
100
AcDbCircle
 10
248.6399262996259
 20
53.60816477225402
 30
0.0
 40
0.3000000000001535
100
AcDbArc
 50
359.9999999999945
 51
89.99999999995115
  0
LINE
  5
2827
330
1F
100
AcDbEntity
  8
0
 48
10.0
370
   100
100
AcDbLine
 10
248.6399262996261
 20
53.90816477225418
 30
0.0
 11
219.2399262996255
 21
53.90816477225236
 31
0.0
  0
ARC
  5
2828
330
1F
100
AcDbEntity
  8
0
 48
10.0
370
   100
100
AcDbCircle
 10
219.2399262996258
 20
53.6081647722522
 30
0.0
 40
0.3000000000001677
100
AcDbArc
 50
90.00000000004886
 51
180.0000000000027
  0
LINE
  5
2829
330
1F
100
AcDbEntity
  8
0
 48
10.0
370
   100
100
AcDbLine
 10
218.9399262996256
 20
53.60816477225218
 30
0.0
 11
218.9399262996256
 21
42.20816477225527
 31
0.0
  0
ARC
  5
282A
330
1F
100
AcDbEntity
  8
0
 48
10.0
370
   100
100
AcDbCircle
 10
219.2399262996258
 20
42.20816477225528
 30
0.0
 40
0.3000000000001819
100
AcDbArc
 50
180.0000000000027
 51
270.0000000000054
  0
LINE
  5
282B
330
1F
100
AcDbEntity
  8
0
 48
10.0
370
   100
100
AcDbLine
 10
219.2399262996258
 20
41.90816477225509
 30
0.0
 11
221.1399262996254
 21
41.90816477225509
 31
0.0
  0
ARC
  5
282C
330
1F
100
AcDbEntity
  8
0
 48
10.0
370
   100
100
AcDbCircle
 10
221.1399262996254
 20
41.60816477225488
 30
0.0
 40
0.3000000000002103
100
AcDbArc
 50
0.000000000001357
 51
90.00000000000543
  0
LINE
  5
282D
330
1F
100
AcDbEntity
  8
0
 48
10.0
370
   100
100
AcDbLine
 10
221.4399262996256
 20
41.60816477225488
 30
0.0
 11
221.4399262996256
 21
40.70816477225345
 31
0.0
  0
ARC
  5
282E
330
1F
100
AcDbEntity
  8
0
 48
10.0
370
   100
100
AcDbCircle
 10
221.1399262996254
 20
40.70816477225347
 30
0.0
 40
0.3000000000001819
100
AcDbArc
 50
269.9999999999945
 51
359.9999999999973
  0
LINE
  5
282F
330
1F
100
AcDbEntity
  8
0
 48
10.0
370
   100
100
AcDbLine
 10
221.1399262996254
 20
40.40816477225327
 30
0.0
 11
219.2399262996258
 21
40.40816477225327
 31
0.0
  0
ARC
  5
2830
330
1F
100
AcDbEntity
  8
0
 48
10.0
370
   100
100
AcDbCircle
 10
219.2399262996258
 20
40.10816477225307
 30
0.0
 40
0.3000000000001961
100
AcDbArc
 50
89.99999999999458
 51
179.9999999999973
  0
LINE
  5
2831
330
1F
100
AcDbEntity
  8
0
 48
10.0
370
   100
100
AcDbLine
 10
218.9399262996256
 20
40.10816477225309
 30
0.0
 11
218.9399262996246
 21
30.25816477225637
 31
0.0
  0
ARC
  5
2832
330
1F
100
AcDbEntity
  8
0
 48
10.0
370
   100
100
AcDbCircle
 10
219.2399262996248
 20
30.25816477225642
 30
0.0
 40
0.3000000000002387
100
AcDbArc
 50
180.0000000000102
 51
270.0000000000108
  0
LINE
  5
2833
330
1F
100
AcDbEntity
  8
0
 48
10.0
370
   100
100
AcDbLine
 10
219.2399262996249
 20
29.95816477225618
 30
0.0
 11
230.9399262996274
 21
29.95816477225528
 31
0.0
  0
ARC
  5
2834
330
1F
100
AcDbEntity
  8
0
 48
10.0
370
   100
100
AcDbCircle
 10
230.9399262996274
 20
30.25816477225546
 30
0.0
 40
0.3000000000001783
100
AcDbArc
 50
270.0
 51
359.9999999999993
  0
LINE
  5
2835
330
1F
100
AcDbEntity
  8
0
 48
10.0
370
   100
100
AcDbLine
 10
231.2399262996276
 20
30.25816477225546
 30
0.0
 11
231.2399262996276
 21
40.90816477225236
 31
0.0
  0
ARC
  5
2836
330
1F
100
AcDbEntity
  8
0
 48
10.0
370
   100
100
AcDbCircle
 10
232.2399262996276
 20
40.90816477225236
 30
0.0
 40
1.0
100
AcDbArc
 50
90.0
 51
180.0
  0
LINE
  5
2837
330
1F
100
AcDbEntity
  8
0
 48
10.0
370
   100
100
AcDbLine
 10
232.2399262996276
 20
41.90816477225236
 30
0.0
 11
248.6399262996261
 21
41.90816477225327
 31
0.0
  0
ARC
  5
2838
330
1F
100
AcDbEntity
  8
0
 48
10.0
370
   100
100
AcDbCircle
 10
248.6399262996259
 20
42.20816477225342
 30
0.0
 40
0.3000000000001535
100
AcDbArc
 50
270.0000000000488
 51
0.0000000000054281
  0
LINE
  5
2839
330
1F
100
AcDbEntity
  8
0
 48
10.0
370
   100
100
AcDbLine
 10
248.939926299626
 20
42.20816477225345
 30
0.0
 11
248.939926299626
 21
53.608164772254
 31
0.0
  0
ARC
  5
283A
330
1F
100
AcDbEntity
  8
0
 62
     8
370
   100
100
AcDbCircle
 10
287.2679581419272
 20
43.31083811799047
 30
0.0
 40
0.3000000000021998
100
AcDbArc
 50
90.00000000696974
 51
139.9999999999885
  0
LINE
  5
283B
330
1F
100
AcDbEntity
  8
0
 62
     8
370
   100
100
AcDbLine
 10
287.2679581418907
 20
43.61083811799263
 30
0.0
 11
288.1335335079872
 21
43.61083811809796
 31
0.0
  0
ARC
  5
283C
330
1F
100
AcDbEntity
  8
0
 62
     8
370
   100
100
AcDbCircle
 10
288.1335335080845
 20
42.81078971914701
 30
0.0
 40
0.800048398950949
100
AcDbArc
 50
60.00030398101157
 51
90.00000000696932
  0
LINE
  5
283D
330
1F
100
AcDbEntity
  8
0
 62
     8
370
   100
100
AcDbLine
 10
288.5335540315949
 20
43.50365407920205
 30
0.0
 11
290.0335671264273
 21
42.63763172611186
 31
0.0
  0
ARC
  5
283E
330
1F
100
AcDbEntity
  8
0
 62
     8
370
   100
100
AcDbCircle
 10
290.1335662074918
 20
42.81083733741354
 30
0.0
 40
0.2000000000003257
100
AcDbArc
 50
240.0003039810108
 51
270.0
  0
LINE
  5
283F
330
1F
100
AcDbEntity
  8
0
 62
     8
370
   100
100
AcDbLine
 10
290.1335662074918
 20
42.6108373374132
 30
0.0
 11
290.3398793534067
 21
42.61083733741317
 31
0.0
  0
ARC
  5
2840
330
1F
100
AcDbEntity
  8
0
 62
     8
370
   100
100
AcDbCircle
 10
290.3398793534068
 20
43.01083733741271
 30
0.0
 40
0.3999999999995367
100
AcDbArc
 50
269.9999999999838
 51
359.9999999999959
  0
LINE
  5
2841
330
1F
100
AcDbEntity
  8
0
 62
     8
370
   100
100
AcDbLine
 10
290.7398793534063
 20
43.01083733741267
 30
0.0
 11
290.7398793534061
 21
46.41083820936822
 31
0.0
  0
ARC
  5
2842
330
1F
100
AcDbEntity
  8
0
 62
     8
370
   100
100
AcDbCircle
 10
290.3398793534062
 20
46.41083820936819
 30
0.0
 40
0.3999999999998636
100
AcDbArc
 50
0.0000000000040711
 51
90.00000000006513
  0
LINE
  5
2843
330
1F
100
AcDbEntity
  8
0
 62
     8
370
   100
100
AcDbLine
 10
290.3398793534058
 20
46.81083820936806
 30
0.0
 11
290.13356620749
 21
46.81083820936784
 31
0.0
  0
ARC
  5
2844
330
1F
100
AcDbEntity
  8
0
 62
     8
370
   100
100
AcDbCircle
 10
290.1335662074902
 20
46.61083820937095
 30
0.0
 40
0.1999999999968907
100
AcDbArc
 50
90.00000000006513
 51
119.9996960154961
  0
LINE
  5
2845
330
1F
100
AcDbEntity
  8
0
 62
     8
370
   100
100
AcDbLine
 10
290.033567126438
 20
46.78404382067575
 30
0.0
 11
288.5335310687545
 21
45.91800821026156
 31
0.0
  0
ARC
  5
2846
330
1F
100
AcDbEntity
  8
0
 62
     8
370
   100
100
AcDbCircle
 10
288.133534744539
 20
46.6108306554924
 30
0.0
 40
0.8000000000009793
100
AcDbArc
 50
270.0000000000163
 51
299.9996960154957
  0
LINE
  5
2847
330
1F
100
AcDbEntity
  8
0
 62
     8
370
   100
100
AcDbLine
 10
288.1335347445392
 20
45.81083065549143
 30
0.0
 11
286.4379496639777
 21
45.81083065549093
 31
0.0
  0
ARC
  5
2848
330
1F
100
AcDbEntity
  8
0
 62
     8
370
   100
100
AcDbCircle
 10
286.437949663978
 20
44.81083065549225
 30
0.0
 40
0.9999999999986783
100
AcDbArc
 50
90.00000000001953
 51
139.9999999999928
  0
LINE
  5
2849
330
1F
100
AcDbEntity
  8
0
 62
     8
370
   100
100
AcDbLine
 10
285.6719052208601
 20
45.45361826517804
 30
0.0
 11
284.4733664978081
 21
44.02525543611786
 31
0.0
  0
ARC
  5
284A
330
1F
100
AcDbEntity
  8
0
 62
     8
370
   100
100
AcDbCircle
 10
282.94127761157
 20
45.31083065549147
 30
0.0
 40
2.000000000000463
100
AcDbArc
 50
270.0
 51
319.9999999999912
  0
LINE
  5
284B
330
1F
100
AcDbEntity
  8
0
 62
     8
370
   100
100
AcDbLine
 10
282.94127761157
 20
43.31083065549102
 30
0.0
 11
258.5385758917154
 21
43.31083065549093
 31
0.0
  0
ARC
  5
284C
330
1F
100
AcDbEntity
  8
0
 62
     8
370
   100
100
AcDbCircle
 10
258.5385758917154
 20
45.31083065549021
 30
0.0
 40
1.999999999999289
100
AcDbArc
 50
219.9999999999915
 51
269.9999999999984
  0
LINE
  5
284D
330
1F
100
AcDbEntity
  8
0
 62
     8
370
   100
100
AcDbLine
 10
257.0064870054778
 20
44.02525543611782
 30
0.0
 11
255.8079482824274
 21
45.45361826517676
 31
0.0
  0
ARC
  5
284E
330
1F
100
AcDbEntity
  8
0
 62
     8
370
   100
100
AcDbCircle
 10
255.0419038393072
 20
44.8108306554893
 30
0.0
 40
1.000000000001561
100
AcDbArc
 50
39.99999999999322
 51
89.99999999998046
  0
LINE
  5
284F
330
1F
100
AcDbEntity
  8
0
 62
     8
370
   100
100
AcDbLine
 10
255.0419038393075
 20
45.81083065549084
 30
0.0
 11
253.3463187587472
 21
45.81083065549139
 31
0.0
  0
ARC
  5
2850
330
1F
100
AcDbEntity
  8
0
 62
     8
370
   100
100
AcDbCircle
 10
253.3463187587474
 20
46.6108306554924
 30
0.0
 40
0.8000000000010061
100
AcDbArc
 50
240.0003039845056
 51
269.9999999999817
  0
LINE
  5
2851
330
1F
100
AcDbEntity
  8
0
 62
     8
370
   100
100
AcDbLine
 10
252.9463224345319
 20
45.91800821026152
 30
0.0
 11
251.4462863768494
 21
46.78404382067514
 31
0.0
  0
ARC
  5
2852
330
1F
100
AcDbEntity
  8
0
 62
     8
370
   100
100
AcDbCircle
 10
251.3462872957948
 20
46.61083820936625
 30
0.0
 40
0.2000000000016059
100
AcDbArc
 50
60.00030398450381
 51
90.0
  0
LINE
  5
2853
330
1F
100
AcDbEntity
  8
0
 62
     8
370
   100
100
AcDbLine
 10
251.3462872957948
 20
46.81083820936787
 30
0.0
 11
251.1399741498791
 21
46.81083820936784
 31
0.0
  0
ARC
  5
2854
330
1F
100
AcDbEntity
  8
0
 62
     8
370
   100
100
AcDbCircle
 10
251.1399741498792
 20
46.41083820936856
 30
0.0
 40
0.3999999999992809
100
AcDbArc
 50
90.00000000000813
 51
180.000000000003
  0
LINE
  5
2855
330
1F
100
AcDbEntity
  8
0
 62
     8
370
   100
100
AcDbLine
 10
250.7399741498799
 20
46.41083820936854
 30
0.0
 11
250.7399741498797
 21
42.81083820936784
 31
0.0
  0
LINE
  5
2856
330
1F
100
AcDbEntity
  8
0
 62
     8
370
   100
100
AcDbLine
 10
250.7399741498797
 20
42.81083820936784
 30
0.0
 11
250.8400220000239
 21
42.81083820936784
 31
0.0
  0
LINE
  5
2857
330
1F
100
AcDbEntity
  8
0
 62
     8
370
   100
100
AcDbLine
 10
250.8400220000239
 20
42.81083820936784
 30
0.0
 11
250.8400220000239
 21
34.71066216368583
 31
0.0
  0
LINE
  5
2858
330
1F
100
AcDbEntity
  8
0
 62
     8
370
   100
100
AcDbLine
 10
250.8400220000239
 20
34.71066216368583
 30
0.0
 11
250.7399741498802
 21
34.71066216368583
 31
0.0
  0
LINE
  5
2859
330
1F
100
AcDbEntity
  8
0
 62
     8
370
   100
100
AcDbLine
 10
250.7399741498802
 20
34.71066216368583
 30
0.0
 11
250.7399741498802
 21
31.11066216368592
 31
0.0
  0
ARC
  5
285A
330
1F
100
AcDbEntity
  8
0
 62
     8
370
   100
100
AcDbCircle
 10
251.13997414988
 20
31.11066216368593
 30
0.0
 40
0.3999999999998636
100
AcDbArc
 50
180.0000000000005
 51
270.0000000000652
  0
LINE
  5
285B
330
1F
100
AcDbEntity
  8
0
 62
     8
370
   100
100
AcDbLine
 10
251.1399741498805
 20
30.71066216368605
 30
0.0
 11
251.3462872957941
 21
30.71066216368628
 31
0.0
  0
ARC
  5
285C
330
1F
100
AcDbEntity
  8
0
 62
     8
370
   100
100
AcDbCircle
 10
251.3462872957939
 20
30.91066216368795
 30
0.0
 40
0.2000000000016726
100
AcDbArc
 50
270.0000000000652
 51
299.9996960189839
  0
LINE
  5
285D
330
1F
100
AcDbEntity
  8
0
 62
     8
370
   100
100
AcDbLine
 10
251.446286376859
 20
30.7374565523851
 30
0.0
 11
252.946299471691
 21
31.60347890547489
 31
0.0
  0
ARC
  5
285E
330
1F
100
AcDbEntity
  8
0
 62
     8
370
   100
100
AcDbCircle
 10
253.346319995202
 20
30.91061454541863
 30
0.0
 40
0.8000483989523051
100
AcDbArc
 50
89.99999999303069
 51
119.9996960189817
  0
LINE
  5
285F
330
1F
100
AcDbEntity
  8
0
 62
     8
370
   100
100
AcDbLine
 10
253.3463199952993
 20
31.71066294437093
 30
0.0
 11
254.2087985841393
 21
31.71066294426602
 31
0.0
  0
ARC
  5
2860
330
1F
100
AcDbEntity
  8
0
 62
     8
370
   100
100
AcDbCircle
 10
254.2087985841028
 20
31.41066294426675
 30
0.0
 40
0.2999999999992653
100
AcDbArc
 50
39.03223765501986
 51
89.99999999303026
  0
LINE
  5
2861
330
1F
100
AcDbEntity
  8
0
 62
     8
370
   100
100
AcDbLine
 10
254.4418361088968
 20
31.59959021079395
 30
0.0
 11
256.4933757993077
 21
29.06906224488371
 31
0.0
  0
ARC
  5
2862
330
1F
100
AcDbEntity
  8
0
 62
     8
370
   100
100
AcDbCircle
 10
256.7264133241028
 20
29.25798951141187
 30
0.0
 40
0.3000000000007357
100
AcDbArc
 50
219.0322376550305
 51
270.0000000000216
  0
LINE
  5
2863
330
1F
100
AcDbEntity
  8
0
 62
     8
370
   100
100
AcDbLine
 10
256.7264133241029
 20
28.95798951141113
 30
0.0
 11
257.3984140220697
 21
28.95798951141116
 31
0.0
  0
ARC
  5
2864
330
1F
100
AcDbEntity
  8
0
 62
     8
370
   100
100
AcDbCircle
 10
257.3984140220697
 20
28.65798951165926
 30
0.0
 40
0.2999999997518969
100
AcDbArc
 50
9.5940682068297
 51
90.00000000001087
  0
ARC
  5
2865
330
1F
100
AcDbEntity
  8
0
 62
     8
370
   100
100
AcDbCircle
 10
257.990022000171
 20
28.7579895114113
 30
0.0
 40
0.3000000000009125
100
AcDbArc
 50
189.5940682068412
 51
270.0000000000108
  0
LINE
  5
2866
330
1F
100
AcDbEntity
  8
0
 62
     8
370
   100
100
AcDbLine
 10
257.990022000171
 20
28.45798951141042
 30
0.0
 11
272.390022000149
 21
28.45798951141161
 31
0.0
  0
ARC
  5
2867
330
1F
100
AcDbEntity
  8
0
 62
     8
370
   100
100
AcDbCircle
 10
272.3900220001489
 20
28.95798951141112
 30
0.0
 40
0.4999999999995098
100
AcDbArc
 50
270.0000000000065
 51
359.9999999999943
  0
LINE
  5
2868
330
1F
100
AcDbEntity
  8
0
 62
     8
370
   100
100
AcDbLine
 10
272.8900220001484
 20
28.95798951141107
 30
0.0
 11
272.8900220001487
 21
30.30798951141076
 31
0.0
  0
ARC
  5
2869
330
1F
100
AcDbEntity
  8
0
 62
     8
370
   100
100
AcDbCircle
 10
272.3900220001482
 20
30.30798951141087
 30
0.0
 40
0.5000000000004548
100
AcDbArc
 50
359.999999999987
 51
90.00000000005863
  0
LINE
  5
286A
330
1F
100
AcDbEntity
  8
0
 62
     8
370
   100
100
AcDbLine
 10
272.3900220001477
 20
30.8079895114113
 30
0.0
 11
271.9900220001469
 21
30.80798951141061
 31
0.0
  0
ARC
  5
286B
330
1F
100
AcDbEntity
  8
0
 62
     8
370
   100
100
AcDbCircle
 10
271.9900220001475
 20
30.50798951141034
 30
0.0
 40
0.3000000000002672
100
AcDbArc
 50
90.00000000010857
 51
180.0000000001547
  0
LINE
  5
286C
330
1F
100
AcDbEntity
  8
0
 62
     8
370
   100
100
AcDbLine
 10
271.6900220001472
 20
30.50798951140953
 30
0.0
 11
271.690022000148
 21
30.15798951141337
 31
0.0
  0
ARC
  5
286D
330
1F
100
AcDbEntity
  8
0
 62
     8
370
   100
100
AcDbCircle
 10
271.1900220001471
 20
30.15798951141226
 30
0.0
 40
0.5000000000009664
100
AcDbArc
 50
269.9999999999935
 51
0.0000000001266115
  0
LINE
  5
286E
330
1F
100
AcDbEntity
  8
0
 62
     8
370
   100
100
AcDbLine
 10
271.190022000147
 20
29.65798951141131
 30
0.0
 11
269.690022000162
 21
29.65798951141143
 31
0.0
  0
ARC
  5
286F
330
1F
100
AcDbEntity
  8
0
 62
     8
370
   100
100
AcDbCircle
 10
269.690022000162
 20
30.15798951141097
 30
0.0
 40
0.4999999999995417
100
AcDbArc
 50
180.0000000003196
 51
270.0
  0
LINE
  5
2870
330
1F
100
AcDbEntity
  8
0
 62
     8
370
   100
100
AcDbLine
 10
269.1900220001625
 20
30.15798951140818
 30
0.0
 11
269.1900220001321
 21
35.59773627807162
 31
0.0
  0
ARC
  5
2871
330
1F
100
AcDbEntity
  8
0
 62
     8
370
   100
100
AcDbCircle
 10
269.490022000133
 20
35.59773627807329
 30
0.0
 40
0.3000000000009209
100
AcDbArc
 50
109.999999999997
 51
180.0000000003189
  0
LINE
  5
2872
330
1F
100
AcDbEntity
  8
0
 62
     8
370
   100
100
AcDbLine
 10
269.387415957135
 20
35.8796440643099
 30
0.0
 11
271.2874159571523
 21
36.57118750942164
 31
0.0
  0
ARC
  5
2873
330
1F
100
AcDbEntity
  8
0
 62
     8
370
   100
100
AcDbCircle
 10
271.3900220001501
 20
36.28927972318571
 30
0.0
 40
0.3000000000001467
100
AcDbArc
 50
359.9999999998453
 51
109.999999999991
  0
LINE
  5
2874
330
1F
100
AcDbEntity
  8
0
 62
     8
370
   100
100
AcDbLine
 10
271.6900220001502
 20
36.28927972318491
 30
0.0
 11
271.6900220001471
 21
35.10798951141183
 31
0.0
  0
ARC
  5
2875
330
1F
100
AcDbEntity
  8
0
 62
     8
370
   100
100
AcDbCircle
 10
271.9900220001471
 20
35.10798951141101
 30
0.0
 40
0.2999999999999545
100
AcDbArc
 50
179.9999999998426
 51
269.9999999999891
  0
LINE
  5
2876
330
1F
100
AcDbEntity
  8
0
 62
     8
370
   100
100
AcDbLine
 10
271.990022000147
 20
34.80798951141107
 30
0.0
 11
272.3900220001487
 21
34.80798951141107
 31
0.0
  0
ARC
  5
2877
330
1F
100
AcDbEntity
  8
0
 62
     8
370
   100
100
AcDbCircle
 10
272.3900220001487
 20
35.30798951141119
 30
0.0
 40
0.5000000000001137
100
AcDbArc
 50
270.0
 51
0.4870685255731843
  0
LINE
  5
2878
330
1F
100
AcDbEntity
  8
0
 62
     8
370
   100
100
AcDbLine
 10
272.8900039337222
 20
35.31223993494418
 30
0.0
 11
272.8900039337222
 21
37.00798947813611
 31
0.0
  0
ARC
  5
2879
330
1F
100
AcDbEntity
  8
0
 62
     8
370
   100
100
AcDbCircle
 10
273.1900039337226
 20
37.00798947813612
 30
0.0
 40
0.3000000000004093
100
AcDbArc
 50
90.0
 51
180.0000000000013
  0
LINE
  5
287A
330
1F
100
AcDbEntity
  8
0
 62
     8
370
   100
100
AcDbLine
 10
273.1900039337226
 20
37.30798947813653
 30
0.0
 11
281.3730402172554
 21
37.30798947813628
 31
0.0
  0
ARC
  5
287B
330
1F
100
AcDbEntity
  8
0
 62
     8
370
   100
100
AcDbCircle
 10
281.3730402172554
 20
38.30798947813501
 30
0.0
 40
0.999999999998721
100
AcDbArc
 50
269.9999999999968
 51
319.9999999999974
  0
LINE
  5
287C
330
1F
100
AcDbEntity
  8
0
 62
     8
370
   100
100
AcDbLine
 10
282.1390846603734
 20
37.66520186844927
 30
0.0
 11
287.0381448089899
 21
43.50367440089789
 31
0.0
  0
LINE
  5
287D
330
1F
100
AcDbEntity
  8
0
 62
     8
370
   100
100
AcDbLine
 10
287.0381448089899
 20
43.50367440089789
 30
0.0
 11
287.0381448089899
 21
43.50367440089789
 31
0.0
  0
ARC
  5
287E
330
1F
100
AcDbEntity
  8
0
 62
     8
370
   100
100
AcDbCircle
 10
253.5400220000244
 20
43.31083065549082
 30
0.0
 40
0.3000000000002956
100
AcDbArc
 50
90.0
 51
180.0
  0
LINE
  5
287F
330
1F
100
AcDbEntity
  8
0
 62
     8
370
   100
100
AcDbLine
 10
253.5400220000244
 20
43.61083065549111
 30
0.0
 11
255.032425194043
 21
43.61083065549105
 31
0.0
  0
ARC
  5
2880
330
1F
100
AcDbEntity
  8
0
 62
     8
370
   100
100
AcDbCircle
 10
255.032425194043
 20
43.11083065549037
 30
0.0
 40
0.5000000000006751
100
AcDbArc
 50
39.99999999998733
 51
90.0
  0
LINE
  5
2881
330
1F
100
AcDbEntity
  8
0
 62
     8
370
   100
100
AcDbLine
 10
255.4154474156031
 20
43.432224460334
 30
0.0
 11
255.780815896487
 21
42.99679526061967
 31
0.0
  0
ARC
  5
2882
330
1F
100
AcDbEntity
  8
0
 62
     8
370
   100
100
AcDbCircle
 10
258.5385758917153
 20
45.31083065549008
 30
0.0
 40
3.599999999999215
100
AcDbArc
 50
219.9999999999871
 51
270.000000000009
  0
LINE
  5
2883
330
1F
100
AcDbEntity
  8
0
 62
     8
370
   100
100
AcDbLine
 10
258.5385758917158
 20
41.7108306554909
 30
0.0
 11
260.6900220000992
 21
41.71083065549125
 31
0.0
  0
ARC
  5
2884
330
1F
100
AcDbEntity
  8
0
 62
     8
370
   100
100
AcDbCircle
 10
260.6900220000992
 20
41.4108306554906
 30
0.0
 40
0.3000000000006509
100
AcDbArc
 50
0.0000000003189036
 51
90.00000000001087
  0
LINE
  5
2885
330
1F
100
AcDbEntity
  8
0
 62
     8
370
   100
100
AcDbLine
 10
260.9900220000999
 20
41.41083065549227
 30
0.0
 11
260.9900220001613
 21
30.35798951141291
 31
0.0
  0
ARC
  5
2886
330
1F
100
AcDbEntity
  8
0
 62
     8
370
   100
100
AcDbCircle
 10
260.6900220001612
 20
30.35798951141125
 30
0.0
 40
0.3000000000001819
100
AcDbArc
 50
270.0
 51
0.0000000003175466
  0
LINE
  5
2887
330
1F
100
AcDbEntity
  8
0
 62
     8
370
   100
100
AcDbLine
 10
260.6900220001612
 20
30.05798951141107
 30
0.0
 11
259.0900220001659
 21
30.05798951141098
 31
0.0
  0
ARC
  5
2888
330
1F
100
AcDbEntity
  8
0
 62
     8
370
   100
100
AcDbCircle
 10
259.0900220001659
 20
30.35798951141923
 30
0.0
 40
0.3000000000082501
100
AcDbArc
 50
255.000000000001
 51
270.0
  0
LINE
  5
2889
330
1F
100
AcDbEntity
  8
0
 62
     8
370
   100
100
AcDbLine
 10
259.012376286633
 20
30.06821176352453
 30
0.0
 11
257.4849246257752
 21
30.47749120252891
 31
0.0
  0
ARC
  5
288A
330
1F
100
AcDbEntity
  8
0
 62
     8
370
   100
100
AcDbCircle
 10
257.5625703393068
 20
30.76726895041888
 30
0.0
 40
0.30000000000335
100
AcDbArc
 50
219.0322376550204
 51
255.0000000000084
  0
LINE
  5
288B
330
1F
100
AcDbEntity
  8
0
 62
     8
370
   100
100
AcDbLine
 10
257.3295328145096
 20
30.57834168388912
 30
0.0
 11
255.6847029078018
 21
32.60720229894069
 31
0.0
  0
ARC
  5
288C
330
1F
100
AcDbEntity
  8
0
 62
     8
370
   100
100
AcDbCircle
 10
254.2087985841021
 20
31.41066294426522
 30
0.0
 40
1.900000000000721
100
AcDbArc
 50
39.03223765501417
 51
90.00000000001801
  0
LINE
  5
288D
330
1F
100
AcDbEntity
  8
0
 62
     8
370
   100
100
AcDbLine
 10
254.2087985841015
 20
33.31066294426593
 30
0.0
 11
253.5400220000245
 21
33.3106629442657
 31
0.0
  0
ARC
  5
288E
330
1F
100
AcDbEntity
  8
0
 62
     8
370
   100
100
AcDbCircle
 10
253.5400220000244
 20
33.6106629442661
 30
0.0
 40
0.3000000000004022
100
AcDbArc
 50
179.9999999999986
 51
270.0000000000163
  0
LINE
  5
288F
330
1F
100
AcDbEntity
  8
0
 62
     8
370
   100
100
AcDbLine
 10
253.240022000024
 20
33.61066294426611
 30
0.0
 11
253.2400220000241
 21
43.31083065549082
 31
0.0
  0
LINE
  5
2890
330
1F
100
AcDbEntity
  8
0
 62
     8
370
   100
100
AcDbLine
 10
253.2400220000241
 20
43.31083065549082
 30
0.0
 11
253.2400220000241
 21
43.31083065549082
 31
0.0
  0
ARC
  5
2891
330
1F
100
AcDbEntity
  8
0
 62
     8
370
   100
100
AcDbCircle
 10
262.2900220001
 20
41.41083065549035
 30
0.0
 40
0.3000000000001819
100
AcDbArc
 50
89.99999999998914
 51
180.0000000003148
  0
LINE
  5
2892
330
1F
100
AcDbEntity
  8
0
 62
     8
370
   100
100
AcDbLine
 10
262.2900220001001
 20
41.71083065549057
 30
0.0
 11
271.4900220001474
 21
41.71083065549079
 31
0.0
  0
ARC
  5
2893
330
1F
100
AcDbEntity
  8
0
 62
     8
370
   100
100
AcDbCircle
 10
271.4900220001474
 20
41.41083065549012
 30
0.0
 40
0.3000000000006651
100
AcDbArc
 50
0.0000000000094993
 51
90.0
  0
LINE
  5
2894
330
1F
100
AcDbEntity
  8
0
 62
     8
370
   100
100
AcDbLine
 10
271.7900220001481
 20
41.41083065549017
 30
0.0
 11
271.7900220001484
 21
38.66686784605889
 31
0.0
  0
ARC
  5
2895
330
1F
100
AcDbEntity
  8
0
 62
     8
370
   100
100
AcDbCircle
 10
271.4900220001484
 20
38.66686784605882
 30
0.0
 40
0.3000000000000114
100
AcDbArc
 50
289.9999999999998
 51
0.0000000000135704
  0
LINE
  5
2896
330
1F
100
AcDbEntity
  8
0
 62
     8
370
   100
100
AcDbLine
 10
271.5926280431461
 20
38.38496005982302
 30
0.0
 11
268.840183727826
 21
37.38315225757158
 31
0.0
  0
ARC
  5
2897
330
1F
100
AcDbEntity
  8
0
 62
     8
370
   100
100
AcDbCircle
 10
269.4900220001374
 20
35.59773627809784
 30
0.0
 40
1.899999999979187
100
AcDbArc
 50
109.9999999999937
 51
180.0000000000021
  0
LINE
  5
2898
330
1F
100
AcDbEntity
  8
0
 62
     8
370
   100
100
AcDbLine
 10
267.5900220001583
 20
35.59773627809777
 30
0.0
 11
267.5900220001584
 21
30.35798951141138
 31
0.0
  0
ARC
  5
2899
330
1F
100
AcDbEntity
  8
0
 62
     8
370
   100
100
AcDbCircle
 10
267.2900220001581
 20
30.35798951141138
 30
0.0
 40
0.3000000000002956
100
AcDbArc
 50
270.0
 51
0.000000000001357
  0
LINE
  5
289A
330
1F
100
AcDbEntity
  8
0
 62
     8
370
   100
100
AcDbLine
 10
267.2900220001581
 20
30.05798951141107
 30
0.0
 11
262.2900220001624
 21
30.05798951141084
 31
0.0
  0
ARC
  5
289B
330
1F
100
AcDbEntity
  8
0
 62
     8
370
   100
100
AcDbCircle
 10
262.2900220001625
 20
30.35798951141139
 30
0.0
 40
0.3000000000005443
100
AcDbArc
 50
180.0000000003026
 51
269.9999999999783
  0
LINE
  5
289C
330
1F
100
AcDbEntity
  8
0
 62
     8
370
   100
100
AcDbLine
 10
261.9900220001619
 20
30.3579895114098
 30
0.0
 11
261.9900220000999
 21
41.41083065548871
 31
0.0
  0
LINE
  5
289D
330
1F
100
AcDbEntity
  8
0
 62
     8
370
   100
100
AcDbLine
 10
261.9900220000999
 20
41.41083065548871
 30
0.0
 11
261.9900220000999
 21
41.41083065548871
 31
0.0
  0
ARC
  5
289E
330
1F
100
AcDbEntity
  8
0
 62
     8
370
   100
100
AcDbCircle
 10
273.0900039337227
 20
41.41083065549026
 30
0.0
 40
0.3000000000002956
100
AcDbArc
 50
90.0
 51
179.9999999999986
  0
LINE
  5
289F
330
1F
100
AcDbEntity
  8
0
 62
     8
370
   100
100
AcDbLine
 10
273.0900039337227
 20
41.71083065549057
 30
0.0
 11
282.3728651602741
 21
41.71083065549093
 31
0.0
  0
ARC
  5
28A0
330
1F
100
AcDbEntity
  8
0
 62
     8
370
   100
100
AcDbCircle
 10
282.3728651602741
 20
41.21083065549105
 30
0.0
 40
0.4999999999998792
100
AcDbArc
 50
319.9999999999972
 51
90.0
  0
LINE
  5
28A1
330
1F
100
AcDbEntity
  8
0
 62
     8
370
   100
100
AcDbLine
 10
282.7558873818335
 20
40.88943685064784
 30
0.0
 11
281.1831766578515
 21
39.0151531952304
 31
0.0
  0
ARC
  5
28A2
330
1F
100
AcDbEntity
  8
0
 62
     8
370
   100
100
AcDbCircle
 10
280.9533633249154
 20
39.20798947813669
 30
0.0
 40
0.3000000000005156
100
AcDbArc
 50
270.0
 51
320.0000000000003
  0
LINE
  5
28A3
330
1F
100
AcDbEntity
  8
0
 62
     8
370
   100
100
AcDbLine
 10
280.9533633249154
 20
38.9079894781362
 30
0.0
 11
273.0900039337227
 21
38.90798947813598
 31
0.0
  0
ARC
  5
28A4
330
1F
100
AcDbEntity
  8
0
 62
     8
370
   100
100
AcDbCircle
 10
273.0900039337227
 20
39.20798947813638
 30
0.0
 40
0.3000000000004022
100
AcDbArc
 50
179.9999999999973
 51
270.0
  0
LINE
  5
28A5
330
1F
100
AcDbEntity
  8
0
 62
     8
370
   100
100
AcDbLine
 10
272.7900039337223
 20
39.20798947813639
 30
0.0
 11
272.7900039337224
 21
41.41083065549027
 31
0.0
  0
LINE
  5
28A6
330
1F
100
AcDbEntity
  8
0
 62
     8
370
   100
100
AcDbLine
 10
272.7900039337224
 20
41.41083065549027
 30
0.0
 11
272.7900039337224
 21
41.41083065549027
 31
0.0
  0
LINE
  5
28A7
330
1F
100
AcDbEntity
  8
0
 62
     8
370
   100
100
AcDbLine
 10
260.2399267516428
 20
53.31083065549093
 30
0.0
 11
281.2399267516428
 21
53.31083065549093
 31
0.0
  0
ARC
  5
28A8
330
1F
100
AcDbEntity
  8
0
 62
     8
370
   100
100
AcDbCircle
 10
281.2399267516428
 20
52.81083065549093
 30
0.0
 40
0.5
100
AcDbArc
 50
0.0
 51
90.0
  0
LINE
  5
28A9
330
1F
100
AcDbEntity
  8
0
 62
     8
370
   100
100
AcDbLine
 10
281.7399267516428
 20
52.81083065549093
 30
0.0
 11
281.7399267516428
 21
43.81083065549093
 31
0.0
  0
ARC
  5
28AA
330
1F
100
AcDbEntity
  8
0
 62
     8
370
   100
100
AcDbCircle
 10
281.2399267516428
 20
43.81083065549093
 30
0.0
 40
0.5
100
AcDbArc
 50
270.0
 51
0.0
  0
LINE
  5
28AB
330
1F
100
AcDbEntity
  8
0
 62
     8
370
   100
100
AcDbLine
 10
281.2399267516428
 20
43.31083065549093
 30
0.0
 11
260.2399267516428
 21
43.31083065549093
 31
0.0
  0
ARC
  5
28AC
330
1F
100
AcDbEntity
  8
0
 62
     8
370
   100
100
AcDbCircle
 10
260.2399267516428
 20
43.81083065549093
 30
0.0
 40
0.5
100
AcDbArc
 50
180.0
 51
270.0
  0
LINE
  5
28AD
330
1F
100
AcDbEntity
  8
0
 62
     8
370
   100
100
AcDbLine
 10
259.7399267516428
 20
43.81083065549093
 30
0.0
 11
259.7399267516428
 21
52.81083065549093
 31
0.0
  0
ARC
  5
28AE
330
1F
100
AcDbEntity
  8
0
 62
     8
370
   100
100
AcDbCircle
 10
260.2399267516428
 20
52.81083065549093
 30
0.0
 40
0.5
100
AcDbArc
 50
90.0
 51
180.0
  0
ARC
  5
28AF
330
1F
100
AcDbEntity
  8
0
 62
     8
370
   100
100
AcDbCircle
 10
290.3280733132309
 20
51.83310515770633
 30
0.0
 40
0.2000000000060865
100
AcDbArc
 50
244.9921667632612
 51
269.9999999998535
1001
ACAD_STEPID
1071
        2
  0
LINE
  5
28B0
330
1F
100
AcDbEntity
  8
0
 62
     8
370
   100
100
AcDbLine
 10
290.3280733132303
 20
51.63310515770024
 30
0.0
 11
290.4398795817304
 21
51.63310515770003
 31
0.0
1001
ACAD_STEPID
1071
        2
  0
ARC
  5
28B1
330
1F
100
AcDbEntity
  8
0
 62
     8
370
   100
100
AcDbCircle
 10
290.4398795817307
 20
51.83310515769951
 30
0.0
 40
0.199999999999477
100
AcDbArc
 50
269.9999999999023
 51
0.0000000000977066
1001
ACAD_STEPID
1071
        2
  0
LINE
  5
28B2
330
1F
100
AcDbEntity
  8
0
 62
     8
370
   100
100
AcDbLine
 10
290.6398795817302
 20
51.83310515769985
 30
0.0
 11
290.6398795817302
 21
52.20810515770053
 31
0.0
1001
ACAD_STEPID
1071
        2
  0
ARC
  5
28B3
330
1F
100
AcDbEntity
  8
0
 62
     8
370
   100
100
AcDbCircle
 10
290.6398795817307
 20
52.30810515769992
 30
0.0
 40
0.0999999999993975
100
AcDbArc
 50
269.9999999997069
 51
359.9999999999023
1001
ACAD_STEPID
1071
        2
  0
LINE
  5
28B4
330
1F
100
AcDbEntity
  8
0
 62
     8
370
   100
100
AcDbLine
 10
290.7398795817301
 20
52.30810515769976
 30
0.0
 11
290.7398795817296
 21
52.80810515770021
 31
0.0
1001
ACAD_STEPID
1071
        2
  0
ARC
  5
28B5
330
1F
100
AcDbEntity
  8
0
 62
     8
370
   100
100
AcDbCircle
 10
251.1516856278714
 20
50.38310515770657
 30
0.0
 40
0.2000000000098778
100
AcDbArc
 50
64.9921667525642
 51
89.99999998941511
1001
ACAD_STEPID
1071
        2
  0
LINE
  5
28B6
330
1F
100
AcDbEntity
  8
0
 62
     8
370
   100
100
AcDbLine
 10
251.1516856279083
 20
50.58310515771644
 30
0.0
 11
251.0398793594079
 21
50.5831051577003
 31
0.0
1001
ACAD_STEPID
1071
        2
  0
ARC
  5
28B7
330
1F
100
AcDbEntity
  8
0
 62
     8
370
   100
100
AcDbCircle
 10
251.0398793594075
 20
50.38310515770088
 30
0.0
 40
0.1999999999994273
100
AcDbArc
 50
89.99999999988601
 51
180.0000000001811
1001
ACAD_STEPID
1071
        2
  0
LINE
  5
28B8
330
1F
100
AcDbEntity
  8
0
 62
     8
370
   100
100
AcDbLine
 10
250.8398793594081
 20
50.38310515770024
 30
0.0
 11
250.8398793594081
 21
50.00810515770047
 31
0.0
1001
ACAD_STEPID
1071
        2
  0
ARC
  5
28B9
330
1F
100
AcDbEntity
  8
0
 62
     8
370
   100
100
AcDbCircle
 10
250.8398793594076
 20
49.90810515770053
 30
0.0
 40
0.0999999999999304
100
AcDbArc
 50
89.99999999972315
 51
180.0000000001099
1001
ACAD_STEPID
1071
        2
  0
LINE
  5
28BA
330
1F
100
AcDbEntity
  8
0
 62
     8
370
   100
100
AcDbLine
 10
250.7398793594077
 20
49.90810515770035
 30
0.0
 11
250.7398793594082
 21
49.40817300562696
 31
0.0
1001
ACAD_STEPID
1071
        2
  0
ARC
  5
28BB
330
1F
100
AcDbEntity
  8
0
 62
     8
370
   100
100
AcDbCircle
 10
251.139879359408
 20
49.40817300562716
 30
0.0
 40
0.3999999999998067
100
AcDbArc
 50
180.0000000000285
 51
269.9999999999755
1001
ACAD_STEPID
1071
        2
  0
LINE
  5
28BC
330
1F
100
AcDbEntity
  8
0
 62
     8
370
   100
100
AcDbLine
 10
251.1398793594078
 20
49.00817300562735
 30
0.0
 11
251.3470591475418
 21
49.00817300562735
 31
0.0
1001
ACAD_STEPID
1071
        2
  0
ARC
  5
28BD
330
1F
100
AcDbEntity
  8
0
 62
     8
370
   100
100
AcDbCircle
 10
251.3470591475421
 20
49.20817300562646
 30
0.0
 40
0.1999999999991075
100
AcDbArc
 50
269.9999999999023
 51
299.9999999999968
1001
ACAD_STEPID
1071
        2
  0
LINE
  5
28BE
330
1F
100
AcDbEntity
  8
0
 62
     8
370
   100
100
AcDbLine
 10
251.4470591475417
 20
49.03496792487035
 30
0.0
 11
252.6810337437567
 21
49.7474034901685
 31
0.0
1001
ACAD_STEPID
1071
        2
  0
ARC
  5
28BF
330
1F
100
AcDbEntity
  8
0
 62
     8
370
   100
100
AcDbCircle
 10
253.2810337437569
 20
48.70817300562854
 30
0.0
 40
1.199999999998902
100
AcDbArc
 50
90.00000000001628
 51
120.0000000000393
1001
ACAD_STEPID
1071
        2
  0
LINE
  5
28C0
330
1F
100
AcDbEntity
  8
0
 62
     8
370
   100
100
AcDbLine
 10
253.2810337437565
 20
49.90817300562743
 30
0.0
 11
254.9727253521039
 21
49.90817300562721
 31
0.0
1001
ACAD_STEPID
1071
        2
  0
ARC
  5
28C1
330
1F
100
AcDbEntity
  8
0
 62
     8
370
   100
100
AcDbCircle
 10
254.9727253521037
 20
51.9081730056272
 30
0.0
 40
1.999999999999985
100
AcDbArc
 50
270.0000000000057
 51
314.9999999999995
1001
ACAD_STEPID
1071
        2
  0
LINE
  5
28C2
330
1F
100
AcDbEntity
  8
0
 62
     8
370
   100
100
AcDbLine
 10
256.3869389144768
 20
50.4939594432541
 30
0.0
 11
258.8618126486301
 21
52.96883317740721
 31
0.0
1001
ACAD_STEPID
1071
        2
  0
ARC
  5
28C3
330
1F
100
AcDbEntity
  8
0
 62
     8
370
   100
100
AcDbCircle
 10
259.9224728204096
 20
51.90817300562756
 30
0.0
 40
1.499999999999645
100
AcDbArc
 50
89.99999999999566
 51
134.9999999999956
1001
ACAD_STEPID
1071
        2
  0
LINE
  5
28C4
330
1F
100
AcDbEntity
  8
0
 62
     8
370
   100
100
AcDbLine
 10
259.9224728204097
 20
53.4081730056272
 30
0.0
 11
270.7398794705694
 21
53.4081730056272
 31
0.0
1001
ACAD_STEPID
1071
        2
  0
LINE
  5
28C5
330
1F
100
AcDbEntity
  8
0
 62
     8
370
   100
100
AcDbLine
 10
270.7398794705694
 20
53.4081730056272
 30
0.0
 11
281.5572861207286
 21
53.40817300562743
 31
0.0
1001
ACAD_STEPID
1071
        2
  0
ARC
  5
28C6
330
1F
100
AcDbEntity
  8
0
 62
     8
370
   100
100
AcDbCircle
 10
281.5572861207284
 20
51.90817300562708
 30
0.0
 40
1.500000000000348
100
AcDbArc
 50
44.99999999999078
 51
89.99999999999131
1001
ACAD_STEPID
1071
        2
  0
LINE
  5
28C7
330
1F
100
AcDbEntity
  8
0
 62
     8
370
   100
100
AcDbLine
 10
282.6179462925086
 20
52.96883317740697
 30
0.0
 11
285.0928200266615
 21
50.4939594432541
 31
0.0
1001
ACAD_STEPID
1071
        2
  0
ARC
  5
28C8
330
1F
100
AcDbEntity
  8
0
 62
     8
370
   100
100
AcDbCircle
 10
286.5070335890347
 20
51.90817300562766
 30
0.0
 40
2.000000000000423
100
AcDbArc
 50
225.000000000007
 51
270.0000000000017
1001
ACAD_STEPID
1071
        2
  0
LINE
  5
28C9
330
1F
100
AcDbEntity
  8
0
 62
     8
370
   100
100
AcDbLine
 10
286.5070335890348
 20
49.90817300562721
 30
0.0
 11
288.1987251973817
 21
49.90817300562743
 31
0.0
1001
ACAD_STEPID
1071
        2
  0
ARC
  5
28CA
330
1F
100
AcDbEntity
  8
0
 62
     8
370
   100
100
AcDbCircle
 10
288.1987251973816
 20
48.70817300562744
 30
0.0
 40
1.199999999999995
100
AcDbArc
 50
59.99999999997402
 51
89.99999999999728
1001
ACAD_STEPID
1071
        2
  0
LINE
  5
28CB
330
1F
100
AcDbEntity
  8
0
 62
     8
370
   100
100
AcDbLine
 10
288.7987251973821
 20
49.7474034901685
 30
0.0
 11
290.0326997935965
 21
49.03496792487035
 31
0.0
1001
ACAD_STEPID
1071
        2
  0
ARC
  5
28CC
330
1F
100
AcDbEntity
  8
0
 62
     8
370
   100
100
AcDbCircle
 10
290.1326997935961
 20
49.20817300562641
 30
0.0
 40
0.1999999999990694
100
AcDbArc
 50
239.999999999989
 51
270.0000000000814
1001
ACAD_STEPID
1071
        2
  0
LINE
  5
28CD
330
1F
100
AcDbEntity
  8
0
 62
     8
370
   100
100
AcDbLine
 10
290.1326997935964
 20
49.00817300562735
 30
0.0
 11
290.3398795817304
 21
49.00817300562735
 31
0.0
1001
ACAD_STEPID
1071
        2
  0
ARC
  5
28CE
330
1F
100
AcDbEntity
  8
0
 62
     8
370
   100
100
AcDbCircle
 10
290.3398795817302
 20
49.40817300562722
 30
0.0
 40
0.3999999999998636
100
AcDbArc
 50
270.0000000000163
 51
359.9999999999633
1001
ACAD_STEPID
1071
        2
  0
LINE
  5
28CF
330
1F
100
AcDbEntity
  8
0
 62
     8
370
   100
100
AcDbLine
 10
290.7398795817301
 20
49.40817300562696
 30
0.0
 11
290.7398795817305
 21
49.90810515770035
 31
0.0
1001
ACAD_STEPID
1071
        2
  0
ARC
  5
28D0
330
1F
100
AcDbEntity
  8
0
 62
     8
370
   100
100
AcDbCircle
 10
290.6398795817306
 20
49.9081051577006
 30
0.0
 40
0.0999999999999091
100
AcDbArc
 50
359.9999999998575
 51
90.00000000022799
1001
ACAD_STEPID
1071
        2
  0
LINE
  5
28D1
330
1F
100
AcDbEntity
  8
0
 62
     8
370
   100
100
AcDbLine
 10
290.6398795817302
 20
50.00810515770047
 30
0.0
 11
290.6398795817302
 21
50.38310515770024
 31
0.0
1001
ACAD_STEPID
1071
        2
  0
ARC
  5
28D2
330
1F
100
AcDbEntity
  8
0
 62
     8
370
   100
100
AcDbCircle
 10
290.4398795817308
 20
50.38310515770088
 30
0.0
 40
0.1999999999994202
100
AcDbArc
 50
359.9999999998189
 51
90.00000000011398
1001
ACAD_STEPID
1071
        2
  0
LINE
  5
28D3
330
1F
100
AcDbEntity
  8
0
 62
     8
370
   100
100
AcDbLine
 10
290.4398795817304
 20
50.5831051577003
 30
0.0
 11
290.3280733132299
 21
50.58310515771644
 31
0.0
1001
ACAD_STEPID
1071
        2
  0
ARC
  5
28D4
330
1F
100
AcDbEntity
  8
0
 62
     8
370
   100
100
AcDbCircle
 10
290.3280733132669
 20
50.38310515770689
 30
0.0
 40
0.2000000000095525
100
AcDbArc
 50
90.00000001060119
 51
115.0078332474524
1001
ACAD_STEPID
1071
        2
  0
ARC
  5
28D5
330
1F
100
AcDbEntity
  8
0
 62
     8
370
   100
100
AcDbCircle
 10
290.3398794705469
 20
52.80817300562752
 30
0.0
 40
0.3999999999999237
100
AcDbArc
 50
359.9993936442509
 51
89.99999999998371
1001
ACAD_STEPID
1071
       14
  0
LINE
  5
28D6
330
1F
100
AcDbEntity
  8
0
 62
     8
370
   100
100
AcDbLine
 10
290.339879470547
 20
53.20817300562739
 30
0.0
 11
290.1326997935969
 21
53.20817300562739
 31
0.0
1001
ACAD_STEPID
1071
       14
  0
ARC
  5
28D7
330
1F
100
AcDbEntity
  8
0
 62
     8
370
   100
100
AcDbCircle
 10
290.1326997935969
 20
53.00817300562833
 30
0.0
 40
0.1999999999990649
100
AcDbArc
 50
90.00000000001628
 51
120.0000000001453
1001
ACAD_STEPID
1071
       14
  0
LINE
  5
28D8
330
1F
100
AcDbEntity
  8
0
 62
     8
370
   100
100
AcDbLine
 10
290.032699793597
 20
53.18137808638415
 30
0.0
 11
288.7987251973811
 21
52.46894252108599
 31
0.0
1001
ACAD_STEPID
1071
       14
  0
ARC
  5
28D9
330
1F
100
AcDbEntity
  8
0
 62
     8
370
   100
100
AcDbCircle
 10
288.1987251973811
 20
53.5081730056271
 30
0.0
 40
1.199999999999821
100
AcDbArc
 50
270.0000000000108
 51
300.0000000000062
1001
ACAD_STEPID
1071
       14
  0
LINE
  5
28DA
330
1F
100
AcDbEntity
  8
0
 62
     8
370
   100
100
AcDbLine
 10
288.1987251973813
 20
52.3081730056273
 30
0.0
 11
286.8040898638822
 21
52.30817300562707
 31
0.0
1001
ACAD_STEPID
1071
       14
  0
ARC
  5
28DB
330
1F
100
AcDbEntity
  8
0
 62
     8
370
   100
100
AcDbCircle
 10
286.8040898638824
 20
53.30817300562678
 30
0.0
 40
0.9999999999997086
100
AcDbArc
 50
224.9999999999842
 51
269.9999999999838
1001
ACAD_STEPID
1071
       14
  0
LINE
  5
28DC
330
1F
100
AcDbEntity
  8
0
 62
     8
370
   100
100
AcDbLine
 10
286.0969830826959
 20
52.60106622444062
 30
0.0
 11
283.7827695203225
 21
54.91527978681382
 31
0.0
1001
ACAD_STEPID
1071
       14
  0
ARC
  5
28DD
330
1F
100
AcDbEntity
  8
0
 62
     8
370
   100
100
AcDbCircle
 10
283.0756627391361
 20
54.20817300562713
 30
0.0
 40
1.000000000000023
100
AcDbArc
 50
45.00000000001007
 51
90.00000000001303
1001
ACAD_STEPID
1071
       14
  0
LINE
  5
28DE
330
1F
100
AcDbEntity
  8
0
 62
     8
370
   100
100
AcDbLine
 10
283.0756627391359
 20
55.20817300562715
 30
0.0
 11
270.7398794705694
 21
55.20817300562715
 31
0.0
1001
ACAD_STEPID
1071
       14
  0
LINE
  5
28DF
330
1F
100
AcDbEntity
  8
0
 62
     8
370
   100
100
AcDbLine
 10
270.7398794705694
 20
55.20817300562715
 30
0.0
 11
258.4040962020024
 21
55.20817300562715
 31
0.0
1001
ACAD_STEPID
1071
       14
  0
ARC
  5
28E0
330
1F
100
AcDbEntity
  8
0
 62
     8
370
   100
100
AcDbCircle
 10
258.4040962020022
 20
54.20817300562706
 30
0.0
 40
1.000000000000085
100
AcDbArc
 50
89.99999999998697
 51
134.9999999999893
1001
ACAD_STEPID
1071
       14
  0
LINE
  5
28E1
330
1F
100
AcDbEntity
  8
0
 62
     8
370
   100
100
AcDbLine
 10
257.6969894208157
 20
54.91527978681382
 30
0.0
 11
255.3827758584428
 21
52.60106622444062
 31
0.0
1001
ACAD_STEPID
1071
       14
  0
ARC
  5
28E2
330
1F
100
AcDbEntity
  8
0
 62
     8
370
   100
100
AcDbCircle
 10
254.6756690772563
 20
53.30817300562745
 30
0.0
 40
1.000000000000143
100
AcDbArc
 50
269.9999999999853
 51
314.9999999999853
1001
ACAD_STEPID
1071
       14
  0
LINE
  5
28E3
330
1F
100
AcDbEntity
  8
0
 62
     8
370
   100
100
AcDbLine
 10
254.6756690772561
 20
52.3081730056273
 30
0.0
 11
253.281033743757
 21
52.30817300562753
 31
0.0
1001
ACAD_STEPID
1071
       14
  0
ARC
  5
28E4
330
1F
100
AcDbEntity
  8
0
 62
     8
370
   100
100
AcDbCircle
 10
253.2810337437567
 20
53.50817300562742
 30
0.0
 40
1.199999999999896
100
AcDbArc
 50
240.0000000000179
 51
270.0000000000135
1001
ACAD_STEPID
1071
       14
  0
LINE
  5
28E5
330
1F
100
AcDbEntity
  8
0
 62
     8
370
   100
100
AcDbLine
 10
252.6810337437571
 20
52.46894252108599
 30
0.0
 11
251.4470591475417
 21
53.18137808638415
 31
0.0
1001
ACAD_STEPID
1071
       14
  0
ARC
  5
28E6
330
1F
100
AcDbEntity
  8
0
 62
     8
370
   100
100
AcDbCircle
 10
251.3470591475417
 20
53.00817300562837
 30
0.0
 40
0.199999999999016
100
AcDbArc
 50
59.99999999984854
 51
89.99999999997557
1001
ACAD_STEPID
1071
       14
  0
LINE
  5
28E7
330
1F
100
AcDbEntity
  8
0
 62
     8
370
   100
100
AcDbLine
 10
251.3470591475418
 20
53.20817300562739
 30
0.0
 11
251.1398794705913
 21
53.20817300562739
 31
0.0
1001
ACAD_STEPID
1071
       14
  0
ARC
  5
28E8
330
1F
100
AcDbEntity
  8
0
 62
     8
370
   100
100
AcDbCircle
 10
251.1398794705914
 20
52.80817300562751
 30
0.0
 40
0.3999999999998849
100
AcDbArc
 50
90.00000000000406
 51
180.000606355747
1001
ACAD_STEPID
1071
       14
  0
ARC
  5
28E9
330
1F
100
AcDbEntity
  8
0
 62
     8
370
   100
100
AcDbCircle
 10
251.1516856279073
 20
51.83310515770582
 30
0.0
 40
0.2000000000055748
100
AcDbArc
 50
270.0000000001791
 51
295.0078332367712
1001
ACAD_STEPID
1071
        2
  0
LINE
  5
28EA
330
1F
100
AcDbEntity
  8
0
 62
     8
370
   100
100
AcDbLine
 10
251.1516856279079
 20
51.63310515770024
 30
0.0
 11
251.0398793594079
 21
51.63310515770003
 31
0.0
1001
ACAD_STEPID
1071
        2
  0
ARC
  5
28EB
330
1F
100
AcDbEntity
  8
0
 62
     8
370
   100
100
AcDbCircle
 10
251.0398793594076
 20
51.83310515769951
 30
0.0
 40
0.199999999999477
100
AcDbArc
 50
179.9999999999023
 51
270.0000000000977
1001
ACAD_STEPID
1071
        2
  0
LINE
  5
28EC
330
1F
100
AcDbEntity
  8
0
 62
     8
370
   100
100
AcDbLine
 10
250.8398793594081
 20
51.83310515769985
 30
0.0
 11
250.8398793594081
 21
52.20810515770053
 31
0.0
1001
ACAD_STEPID
1071
        2
  0
ARC
  5
28ED
330
1F
100
AcDbEntity
  8
0
 62
     8
370
   100
100
AcDbCircle
 10
250.8398793594076
 20
52.30810515769994
 30
0.0
 40
0.0999999999994117
100
AcDbArc
 50
180.0000000001058
 51
270.0000000003094
1001
ACAD_STEPID
1071
        2
  0
LINE
  5
28EE
330
1F
100
AcDbEntity
  8
0
 62
     8
370
   100
100
AcDbLine
 10
250.7398793594082
 20
52.30810515769976
 30
0.0
 11
250.7398793594086
 21
52.80810515770021
 31
0.0
1001
ACAD_STEPID
1071
        2
  0
ENDSEC
  0
SECTION
  2
OBJECTS
  0
DICTIONARY
  5
C
330
0
100
AcDbDictionary
281
     1
  3
ACAD_ASSOCPERSSUBENTMANAGER
350
2298
  3
ACAD_CIP_PREVIOUS_PRODUCT_INFO
350
20A9
  3
ACAD_COLOR
350
6B
  3
ACAD_DETAILVIEWSTYLE
350
20A4
  3
ACAD_GROUP
350
D
  3
ACAD_LAST_SAVED_VERSION_INFO
350
25FD
  3
ACAD_LAYOUT
350
1A
  3
ACAD_MATERIAL
350
6A
  3
ACAD_MLEADERSTYLE
350
12D
  3
ACAD_MLINESTYLE
350
17
  3
ACAD_PLOTSETTINGS
350
19
  3
ACAD_PLOTSTYLENAME
350
E
  3
ACAD_RENDER_ACTIVE_RAPIDRT_SETTINGS
350
255B
  3
ACAD_RENDER_ACTIVE_SETTINGS
350
25F5
  3
ACAD_SCALELIST
350
10C
  3
ACAD_SECTIONVIEWSTYLE
350
20A2
  3
ACAD_TABLESTYLE
350
7E
  3
ACAD_VISUALSTYLE
350
EF
  3
ACDB_RECOMPOSE_DATA
350
28F3
  3
AcDbVariableDictionary
350
263C
  3
AEC_PROPERTY_SET_DEFS
350
200
  0
DICTIONARY
  5
1F8
330
2
100
AcDbDictionary
280
     1
281
     1
  3
ACAD_LAYERSTATES
360
1F9
  0
DICTIONARY
  5
13C
330
10
100
AcDbDictionary
280
     1
281
     1
  0
DICTIONARY
  5
1CE
330
1F
100
AcDbDictionary
280
     1
281
     1
  3
ACAD_SORTENTS
360
207
  0
ACDBASSOCPERSSUBENTMANAGER
  5
2298
102
{ACAD_REACTORS
330
C
102
}
330
C
100
AcDbAssocPersSubentManager
 90
        1
 90
        3
 90
        0
 90
        2
 90
        4
 90
        0
 90
        4
 90
        1
 90
        2
 90
        3
 90
        4
 90
        0
290
     0
  0
XRECORD
  5
20A9
102
{ACAD_REACTORS
330
C
102
}
330
C
100
AcDbXrecord
280
     1
300
ACD
300
2024
300

  0
DICTIONARY
  5
6B
102
{ACAD_REACTORS
330
C
102
}
330
C
100
AcDbDictionary
281
     1
  0
DICTIONARY
  5
20A4
102
{ACAD_REACTORS
330
C
102
}
330
C
100
AcDbDictionary
281
     1
  3
Metric50
350
20A5
  0
DICTIONARY
  5
D
102
{ACAD_REACTORS
330
C
102
}
330
C
100
AcDbDictionary
281
     1
  0
XRECORD
  5
25FD
102
{ACAD_REACTORS
330
C
102
}
330
C
100
AcDbXrecord
280
     1
300
{ED68C38F-ADDA-E847-A733-D132EF5FFC35}
301
{5483A2D0-230F-3A47-87E9-C6B1CF57DED2}
302
{ED68C38F-ADDA-E847-A733-D132EF5FFC35}
303
\\ficpa01\grupocortizo\z_prog\catalogos\Perfiles\COR-5670\COR-5670_SinCotas.dxf
  0
DICTIONARY
  5
1A
102
{ACAD_REACTORS
330
C
102
}
330
C
100
AcDbDictionary
281
     1
  3
Model
350
22
  3
Presentación1
350
D3
  3
Presentación2
350
D7
  0
DICTIONARY
  5
6A
102
{ACAD_REACTORS
330
C
102
}
330
C
100
AcDbDictionary
281
     1
  3
ByBlock
350
ED
  3
ByLayer
350
EC
  3
Global
350
EE
  0
DICTIONARY
  5
12D
102
{ACAD_REACTORS
330
C
102
}
330
C
100
AcDbDictionary
281
     1
  3
Standard
350
12E
  0
DICTIONARY
  5
17
102
{ACAD_REACTORS
330
C
102
}
330
C
100
AcDbDictionary
281
     1
  3
Standard
350
18
  0
DICTIONARY
  5
19
102
{ACAD_REACTORS
330
C
102
}
330
C
100
AcDbDictionary
281
     1
  0
ACDBDICTIONARYWDFLT
  5
E
102
{ACAD_REACTORS
330
C
102
}
330
C
100
AcDbDictionary
281
     1
  3
Normal
350
F
100
AcDbDictionaryWithDefault
340
F
  0
RAPIDRTRENDERSETTINGS
  5
255B
102
{ACAD_REACTORS
330
C
102
}
330
C
100
AcDbRenderSettings
 90
        2
  1
Medio
290
     1
290
     0
290
     1
290
     1
  1

  1
Aplica 5 niveles de renderización
 90
        0
100
AcDbRapidRTRenderSettings
 90
        3
 70
     0
 90
        5
 90
        1
 70
     1
 70
     2
 40
3.0
 40
3.0
290
     1
  0
MENTALRAYRENDERSETTINGS
  5
25F5
102
{ACAD_XDICTIONARY
360
25F6
102
}
102
{ACAD_REACTORS
330
C
102
}
330
C
100
AcDbRenderSettings
 90
        2
  1
Medio
290
     1
290
     1
290
     1
290
     1
  1

  1

 90
        0
100
AcDbMentalRayRenderSettings
 90
        2
 90
        0
 90
        1
 70
     2
 40
3.0
 40
3.0
 40
0.0500000007450581
 40
0.0500000007450581
 40
0.0500000007450581
 40
0.0500000007450581
 70
     0
290
     0
290
     1
 90
        5
 90
        5
 90
        5
290
     0
 90
      500
290
     0
 40
1.0
 90
    10000
 90
        5
 90
        5
 90
        5
290
     0
 90
      200
290
     0
290
     0
290
     0
 40
1.0
 40
1.0
 40
1500.0
 70
     0
 70
     0
 40
10.0
 70
     0
 70
     0
290
     0
  1

 90
       32
 70
     0
 90
     1048
290
     0
 40
1.0
  0
DICTIONARY
  5
10C
102
{ACAD_REACTORS
330
C
102
}
330
C
100
AcDbDictionary
281
     1
  3
A0
350
10D
  3
A1
350
1BE
  3
A2
350
1BF
  3
A3
350
1C0
  3
A4
350
1C1
  3
A5
350
1C2
  3
A6
350
1C3
  3
A7
350
1C4
  3
A8
350
1C5
  3
A9
350
1C6
  3
B0
350
1C7
  3
B1
350
1C8
  3
B2
350
1C9
  3
B3
350
1CA
  3
B4
350
1CB
  3
B5
350
1CC
  3
B6
350
1CD
  0
DICTIONARY
  5
20A2
102
{ACAD_REACTORS
330
C
102
}
330
C
100
AcDbDictionary
281
     1
  3
Metric50
350
20A3
  0
DICTIONARY
  5
7E
102
{ACAD_REACTORS
330
C
102
}
330
C
100
AcDbDictionary
281
     1
  3
Standard
350
7F
  0
DICTIONARY
  5
EF
102
{ACAD_REACTORS
330
C
102
}
330
C
100
AcDbDictionary
281
     1
  3
2dWireframe
350
F5
  3
3D Hidden
350
F7
  3
3dWireframe
350
F6
  3
Basic
350
F4
  3
Brighten
350
FB
  3
ColorChange
350
FF
  3
Conceptual
350
F8
  3
Dim
350
FA
  3
EdgeColorOff
350
1E6
  3
Facepattern
350
FE
  3
Flat
350
F0
  3
FlatWithEdges
350
F1
  3
Gouraud
350
F2
  3
GouraudWithEdges
350
F3
  3
Hidden
350
209C
  3
JitterOff
350
1E4
  3
Linepattern
350
FD
  3
OverhangOff
350
1E5
  3
Realistic
350
F9
  3
Shaded
350
20A1
  3
Shaded with edges
350
20A0
  3
Shades of Gray
350
209D
  3
Sketchy
350
209E
  3
Thicken
350
FC
  3
Wireframe
350
209B
  3
X-Ray
350
209F
  0
XRECORD
  5
28F3
102
{ACAD_REACTORS
330
C
102
}
330
C
100
AcDbXrecord
280
     1
 90
        1
330
7F
  0
DICTIONARY
  5
263C
102
{ACAD_REACTORS
330
C
102
}
330
C
100
AcDbDictionary
281
     2
  3
#REVCLOUDAPPROXARCLEN
350
263D
  3
ANNOALLVISIBLE
350
263E
  3
CANNOSCALE
350
263F
  3
CMLEADERSTYLE
350
2640
  3
CTABLESTYLE
350
2641
  3
CVIEWDETAILSTYLE
350
2642
  3
CVIEWSECTIONSTYLE
350
2643
  3
DIMADEC
350
2644
  3
DIMASSOC
350
2645
  3
DRAWORDERCTL
350
2646
  3
EXPORTPAPERSPACE
350
2647
  3
HPCOLOR
350
2648
  3
HPINHERIT
350
2649
  3
HPTRANSPARENCY
350
264A
  3
INDEXCTL
350
264B
  3
LAYEREVAL
350
264C
  3
LAYERNOTIFY
350
264D
  3
LIGHTINGUNITS
350
264E
  3
MLEADERSCALE
350
264F
  3
MSLTSCALE
350
2650
  3
OLEFRAME
350
2651
  3
PSOLHEIGHT
350
28F0
  3
PSOLWIDTH
350
28EF
  3
SOLIDHIST
350
2652
  3
SORTENTS
350
2653
  3
XCLIPFRAME
350
28F1
  0
DICTIONARY
  5
200
102
{ACAD_REACTORS
330
C
102
}
330
C
100
AcDbDictionary
281
     1
  0
DICTIONARY
  5
1F9
102
{ACAD_REACTORS
330
1F8
102
}
330
1F8
100
AcDbDictionary
281
     1
  0
SORTENTSTABLE
  5
207
102
{ACAD_REACTORS
330
1CE
102
}
330
1CE
100
AcDbSortentsTable
330
1F
331
2676
  5
2833
331
2677
  5
2834
331
2678
  5
2835
331
2679
  5
2836
331
267A
  5
2837
331
267B
  5
2838
331
2680
  5
28A6
331
271C
  5
2676
331
271D
  5
2677
331
271E
  5
2678
331
271F
  5
2679
331
2720
  5
267A
331
2721
  5
267B
331
2722
  5
2680
331
2723
  5
271C
331
2724
  5
271D
331
2725
  5
271E
331
2726
  5
271F
331
2727
  5
2720
331
2728
  5
2721
331
2729
  5
2722
331
272A
  5
2723
331
272B
  5
2724
331
272C
  5
2725
331
272D
  5
2726
331
272E
  5
2727
331
272F
  5
2728
331
2730
  5
2729
331
2731
  5
272A
331
2732
  5
272B
331
2733
  5
272C
331
2734
  5
272D
331
2735
  5
272E
331
2736
  5
272F
331
2737
  5
2730
331
2738
  5
2731
331
2739
  5
2732
331
273A
  5
2733
331
273B
  5
2734
331
273C
  5
2735
331
273D
  5
2736
331
273E
  5
2737
331
273F
  5
2738
331
2740
  5
2739
331
2741
  5
273A
331
2742
  5
273B
331
2743
  5
273C
331
2744
  5
273D
331
2745
  5
273E
331
2746
  5
273F
331
2747
  5
2740
331
2748
  5
2741
331
2749
  5
2742
331
274A
  5
2743
331
274B
  5
2744
331
274C
  5
2745
331
274D
  5
2746
331
274E
  5
2747
331
274F
  5
2748
331
2750
  5
2749
331
2751
  5
274A
331
2752
  5
274B
331
2753
  5
274C
331
2754
  5
274D
331
2755
  5
274E
331
2756
  5
274F
331
2757
  5
2750
331
2758
  5
2751
331
2759
  5
2752
331
275A
  5
2753
331
275B
  5
2754
331
275C
  5
2755
331
275D
  5
2756
331
275E
  5
2757
331
275F
  5
2758
331
2760
  5
2759
331
2761
  5
275A
331
2762
  5
275B
331
2763
  5
275C
331
2764
  5
275D
331
2765
  5
275E
331
2766
  5
275F
331
2767
  5
2760
331
2768
  5
2761
331
2769
  5
2762
331
276A
  5
2763
331
276B
  5
2764
331
276C
  5
2765
331
276D
  5
2766
331
276E
  5
2767
331
276F
  5
2768
331
2770
  5
2769
331
2771
  5
276A
331
2772
  5
276B
331
2773
  5
276C
331
2774
  5
276D
331
2775
  5
276E
331
2776
  5
276F
331
2777
  5
2770
331
2778
  5
2771
331
2779
  5
2772
331
277A
  5
2773
331
277B
  5
2774
331
277C
  5
2775
331
277D
  5
2776
331
277E
  5
2777
331
277F
  5
2778
331
2780
  5
2779
331
2781
  5
277A
331
2782
  5
277B
331
2783
  5
277C
331
2784
  5
277D
331
2785
  5
277E
331
2786
  5
277F
331
2787
  5
2780
331
2788
  5
2781
331
2789
  5
2782
331
278A
  5
2783
331
278B
  5
2784
331
278C
  5
2785
331
278D
  5
2786
331
278E
  5
2787
331
278F
  5
2788
331
2790
  5
2789
331
2791
  5
278A
331
2792
  5
278B
331
2793
  5
278C
331
2794
  5
278D
331
2795
  5
278E
331
2796
  5
278F
331
2797
  5
2790
331
2798
  5
2791
331
2799
  5
2792
331
279A
  5
2793
331
279B
  5
2794
331
279C
  5
2795
331
279D
  5
2796
331
279E
  5
2797
331
279F
  5
2798
331
27A0
  5
2799
331
27A1
  5
279A
331
27A2
  5
279B
331
27A3
  5
279C
331
27A4
  5
279D
331
27A5
  5
279E
331
27A6
  5
279F
331
27A7
  5
27A0
331
27A8
  5
27A1
331
27A9
  5
27A2
331
27AA
  5
27A3
331
27AB
  5
27A4
331
27AC
  5
27A5
331
27AD
  5
27A6
331
27AE
  5
27A7
331
27AF
  5
27A8
331
27B0
  5
27A9
331
27B1
  5
27AA
331
27B2
  5
27AB
331
27B3
  5
27AC
331
27B4
  5
27AD
331
27B5
  5
27AE
331
27B6
  5
27AF
331
27B7
  5
27B0
331
27B8
  5
27B1
331
27B9
  5
27B2
331
27BA
  5
27B3
331
27BB
  5
27B4
331
27BC
  5
27B5
331
27BD
  5
27B6
331
27BE
  5
27B7
331
27BF
  5
27B8
331
27C0
  5
27B9
331
27C1
  5
27BA
331
27C2
  5
27BB
331
27C3
  5
27BC
331
27C4
  5
27BD
331
27C5
  5
27BE
331
27C6
  5
27BF
331
27C7
  5
27C0
331
27C8
  5
27C1
331
27C9
  5
27C2
331
27CA
  5
27C3
331
27CB
  5
27C4
331
27CC
  5
27C5
331
27CD
  5
27C6
331
27CE
  5
27C7
331
27CF
  5
27C8
331
27D0
  5
27C9
331
27D1
  5
27CA
331
27D2
  5
27CB
331
27D3
  5
27CC
331
27D4
  5
27CD
331
27D5
  5
27CE
331
27D6
  5
27CF
331
27D7
  5
27D0
331
27D8
  5
27D1
331
27D9
  5
27D2
331
27DA
  5
27D3
331
27DB
  5
27D4
331
27DC
  5
27D5
331
27DD
  5
27D6
331
27DE
  5
27D7
331
27DF
  5
27D8
331
27E0
  5
27D9
331
27E1
  5
27DA
331
27E2
  5
27DB
331
27E3
  5
27DC
331
27E4
  5
27DD
331
27E5
  5
27DE
331
27E6
  5
27DF
331
27E7
  5
27E0
331
27E8
  5
27E1
331
27E9
  5
27E2
331
27EA
  5
27E3
331
27EB
  5
27E4
331
27EC
  5
27E5
331
27ED
  5
27E6
331
27EE
  5
27E7
331
27EF
  5
27E8
331
27F0
  5
27E9
331
27F1
  5
27EA
331
27F2
  5
27EB
331
27F3
  5
27EC
331
27F4
  5
27ED
331
27F5
  5
27EE
331
27F6
  5
27EF
331
27F7
  5
27F0
331
27F8
  5
27F1
331
27F9
  5
27F2
331
27FA
  5
27F3
331
27FB
  5
27F4
331
27FC
  5
27F5
331
27FD
  5
27F6
331
27FE
  5
27F7
331
27FF
  5
27F8
331
2800
  5
27F9
331
2801
  5
27FA
331
2802
  5
27FB
331
2803
  5
27FC
331
2804
  5
27FD
331
2805
  5
27FE
331
2806
  5
27FF
331
2807
  5
2800
331
2808
  5
2801
331
2809
  5
2802
331
280A
  5
2803
331
280B
  5
2804
331
280C
  5
2805
331
280D
  5
2806
331
280E
  5
2807
331
280F
  5
2808
331
2810
  5
2809
331
2811
  5
280A
331
2812
  5
280B
331
2813
  5
280C
331
2814
  5
280D
331
2815
  5
280E
331
2816
  5
280F
331
2817
  5
2810
331
2818
  5
2811
331
2819
  5
2812
331
281A
  5
2813
331
281B
  5
2814
331
281C
  5
2815
331
281D
  5
2816
331
281E
  5
2817
331
281F
  5
2818
331
2820
  5
2819
331
2821
  5
281A
331
2822
  5
281B
331
2823
  5
281C
331
2824
  5
281D
331
2825
  5
281E
331
2826
  5
281F
331
2827
  5
2820
331
2828
  5
2821
331
2829
  5
2822
331
282A
  5
2823
331
282B
  5
2824
331
282C
  5
2825
331
282D
  5
2826
331
282E
  5
2827
331
282F
  5
2828
331
2830
  5
2829
331
2831
  5
282A
331
2832
  5
282B
331
2833
  5
282C
331
2834
  5
282D
331
2835
  5
282E
331
2836
  5
282F
331
2837
  5
2830
331
2838
  5
2831
331
2839
  5
2832
331
283A
  5
2839
331
283B
  5
283A
331
283C
  5
283B
331
283D
  5
283C
331
283E
  5
283D
331
283F
  5
283E
331
2840
  5
283F
331
2841
  5
2840
331
2842
  5
2841
331
2843
  5
2842
331
2844
  5
2843
331
2845
  5
2844
331
2846
  5
2845
331
2847
  5
2846
331
2848
  5
2847
331
2849
  5
2848
331
284A
  5
2849
331
284B
  5
284A
331
284C
  5
284B
331
284D
  5
284C
331
284E
  5
284D
331
284F
  5
284E
331
2850
  5
284F
331
2851
  5
2850
331
2852
  5
2851
331
2853
  5
2852
331
2854
  5
2853
331
2855
  5
2854
331
2856
  5
2855
331
2857
  5
2856
331
2858
  5
2857
331
2859
  5
2858
331
285A
  5
2859
331
285B
  5
285A
331
285C
  5
285B
331
285D
  5
285C
331
285E
  5
285D
331
285F
  5
285E
331
2860
  5
285F
331
2861
  5
2860
331
2862
  5
2861
331
2863
  5
2862
331
2864
  5
2863
331
2865
  5
2864
331
2866
  5
2865
331
2867
  5
2866
331
2868
  5
2867
331
2869
  5
2868
331
286A
  5
2869
331
286B
  5
286A
331
286C
  5
286B
331
286D
  5
286C
331
286E
  5
286D
331
286F
  5
286E
331
2870
  5
286F
331
2871
  5
2870
331
2872
  5
2871
331
2873
  5
2872
331
2874
  5
2873
331
2875
  5
2874
331
2876
  5
2875
331
2877
  5
2876
331
2878
  5
2877
331
2879
  5
2878
331
287A
  5
2879
331
287B
  5
287A
331
287C
  5
287B
331
287D
  5
287C
331
287E
  5
287D
331
287F
  5
287E
331
2880
  5
287F
331
2881
  5
2880
331
2882
  5
2881
331
2883
  5
2882
331
2884
  5
2883
331
2885
  5
2884
331
2886
  5
2885
331
2887
  5
2886
331
2888
  5
2887
331
2889
  5
2888
331
288A
  5
2889
331
288B
  5
288A
331
288C
  5
288B
331
288D
  5
288C
331
288E
  5
288D
331
288F
  5
288E
331
2890
  5
288F
331
2891
  5
2890
331
2892
  5
2891
331
2893
  5
2892
331
2894
  5
2893
331
2895
  5
2894
331
2896
  5
2895
331
2897
  5
2896
331
2898
  5
2897
331
2899
  5
2898
331
289A
  5
2899
331
289B
  5
289A
331
289C
  5
289B
331
289D
  5
289C
331
289E
  5
289D
331
289F
  5
289E
331
28A0
  5
289F
331
28A1
  5
28A0
331
28A2
  5
28A1
331
28A3
  5
28A2
331
28A4
  5
28A3
331
28A5
  5
28A4
331
28A6
  5
28A5
  0
ACDBDETAILVIEWSTYLE
  5
20A5
102
{ACAD_XDICTIONARY
360
292B
102
}
102
{ACAD_REACTORS
330
20A4
102
}
330
20A4
100
AcDbModelDocViewStyle
 70
     0
  3
Metric50
290
     0
100
AcDbDetailViewStyle
 70
     0
 71
     0
 90
        3
 71
     1
340
11
 62
   256
 40
5.0
340
0
 62
   256
 40
5.0
300

 40
0.0
280
     1
 71
     2
340
16
 90
       25
 62
   256
 71
     3
340
11
 62
   256
 40
5.0
 90
        0
 40
15.0
 90
        1
300
%<\AcVar ViewDetailId>% (%<\AcVar ViewScale \f "%sn">%)
 71
     4
340
16
 90
       25
 62
   256
340
16
 90
       25
 62
   256
280
     0
  0
LAYOUT
  5
22
102
{ACAD_XDICTIONARY
360
16D0
102
}
102
{ACAD_REACTORS
330
1A
102
}
330
1A
100
AcDbPlotSettings
  1

  2
none_device
  4
ISO_A4_(210.00_x_297.00_MM)
  6

 40
7.5
 41
20.0
 42
7.5
 43
20.0
 44
210.0
 45
297.0
 46
11.54999923706054
 47
-13.65000009536743
 48
0.0
 49
0.0
140
0.0
141
0.0
142
1.0
143
8.704084754739808
 70
 11952
 72
     1
 73
     0
 74
     0
  7

 75
     0
147
0.1148885871608098
 76
     0
 77
     2
 78
   300
148
0.0
149
0.0
100
AcDbLayout
  1
Model
 70
     1
 71
     0
 10
0.0
 20
0.0
 11
12.0
 21
9.0
 12
0.0
 22
0.0
 32
0.0
 14
0.0
 24
0.0
 34
0.0
 15
0.0
 25
0.0
 35
0.0
146
0.0
 13
0.0
 23
0.0
 33
0.0
 16
1.0
 26
0.0
 36
0.0
 17
0.0
 27
1.0
 37
0.0
 76
     0
330
1F
331
EA
1001
ACAD_PSEXT
1000
None
1000
None
1000
Not applicable
1000
The layout will not be plotted unless a new plotter configuration name is selected.
1070
     0
  0
LAYOUT
  5
D3
102
{ACAD_REACTORS
330
1A
102
}
330
1A
100
AcDbPlotSettings
  1

  2
C:\Documents and Settings\basas\Application Data\Autodesk\AutoCAD 2005\R16.1\enu\plotters\Default Windows System Printer.pc3
  4

  6

 40
0.0
 41
0.0
 42
0.0
 43
0.0
 44
0.0
 45
0.0
 46
0.0
 47
0.0
 48
0.0
 49
0.0
140
0.0
141
0.0
142
1.0
143
1.0
 70
   688
 72
     0
 73
     0
 74
     5
  7

 75
    16
147
1.0
 76
     0
 77
     2
 78
   300
148
0.0
149
0.0
100
AcDbLayout
  1
Presentación1
 70
     1
 71
     1
 10
0.0
 20
0.0
 11
12.0
 21
9.0
 12
0.0
 22
0.0
 32
0.0
 14
0.0
 24
0.0
 34
0.0
 15
0.0
 25
0.0
 35
0.0
146
0.0
 13
0.0
 23
0.0
 33
0.0
 16
1.0
 26
0.0
 36
0.0
 17
0.0
 27
1.0
 37
0.0
 76
     0
330
D2
  0
LAYOUT
  5
D7
102
{ACAD_REACTORS
330
1A
102
}
330
1A
100
AcDbPlotSettings
  1

  2
C:\Documents and Settings\basas\Application Data\Autodesk\AutoCAD 2005\R16.1\enu\plotters\Default Windows System Printer.pc3
  4

  6

 40
0.0
 41
0.0
 42
0.0
 43
0.0
 44
0.0
 45
0.0
 46
0.0
 47
0.0
 48
0.0
 49
0.0
140
0.0
141
0.0
142
1.0
143
1.0
 70
   688
 72
     0
 73
     0
 74
     5
  7

 75
    16
147
1.0
 76
     0
 77
     2
 78
   300
148
0.0
149
0.0
100
AcDbLayout
  1
Presentación2
 70
     1
 71
     2
 10
0.0
 20
0.0
 11
12.0
 21
9.0
 12
0.0
 22
0.0
 32
0.0
 14
0.0
 24
0.0
 34
0.0
 15
0.0
 25
0.0
 35
0.0
146
0.0
 13
0.0
 23
0.0
 33
0.0
 16
1.0
 26
0.0
 36
0.0
 17
0.0
 27
1.0
 37
0.0
 76
     0
330
D6
  0
MATERIAL
  5
ED
102
{ACAD_XDICTIONARY
360
350
102
}
102
{ACAD_REACTORS
330
6A
102
}
330
6A
100
AcDbMaterial
  1
ByBlock
  0
MATERIAL
  5
EC
102
{ACAD_XDICTIONARY
360
34E
102
}
102
{ACAD_REACTORS
330
6A
102
}
330
6A
100
AcDbMaterial
  1
ByLayer
  0
MATERIAL
  5
EE
102
{ACAD_XDICTIONARY
360
173
102
}
102
{ACAD_REACTORS
330
6A
102
}
330
6A
100
AcDbMaterial
  1
Global
 43
0.0007999999797903
 43
0.0
 43
0.0
 43
0.0
 43
0.0
 43
0.0007999999797903
 43
0.0
 43
0.0
 43
0.0
 43
0.0
 43
1.0
 43
0.0
 43
0.0
 43
0.0
 43
0.0
 43
1.0
 49
0.0007999999797903
 49
0.0
 49
0.0
 49
0.0
 49
0.0
 49
0.0007999999797903
 49
0.0
 49
0.0
 49
0.0
 49
0.0
 49
1.0
 49
0.0
 49
0.0
 49
0.0
 49
0.0
 49
1.0
142
0.0007999999797903
142
0.0
142
0.0
142
0.0
142
0.0
142
0.0007999999797903
142
0.0
142
0.0
142
0.0
142
0.0
142
1.0
142
0.0
142
0.0
142
0.0
142
0.0
142
1.0
144
0.0007999999797903
144
0.0
144
0.0
144
0.0
144
0.0
144
0.0007999999797903
144
0.0
144
0.0
144
0.0
144
0.0
144
1.0
144
0.0
144
0.0
144
0.0
144
0.0
144
1.0
1001
ACAD
1070
    -1
1070
     3
1070
     0
1000

1071
        0
1070
     0
  0
MLEADERSTYLE
  5
12E
102
{ACAD_REACTORS
330
12D
102
}
330
12D
100
AcDbMLeaderStyle
170
     2
171
     1
172
     0
 90
        2
 40
0.0
 41
0.0
173
     1
 91
-1056964608
340
14
 92
       -2
290
     1
 42
2.0
291
     1
 43
8.0
  3
Standard
 44
4.0
300

342
11
174
     1
178
     1
175
     1
176
     0
 93
-1056964608
 45
4.0
292
     0
297
     0
 46
4.0
 94
-1056964608
 47
1.0
 49
1.0
140
1.0
293
     1
141
0.0
294
     1
177
     0
142
1.0
295
     0
296
     0
143
3.75
1001
ACAD_MLEADERVER
1070
     2
  0
MLINESTYLE
  5
18
102
{ACAD_REACTORS
330
17
102
}
330
17
100
AcDbMlineStyle
  2
STANDARD
 70
     0
  3

 62
   256
 51
90.0
 52
90.0
 71
     2
 49
0.5
 62
   256
  6
BYLAYER
 49
-0.5
 62
   256
  6
BYLAYER
  0
ACDBPLACEHOLDER
  5
F
102
{ACAD_REACTORS
330
E
102
}
330
E
  0
DICTIONARY
  5
25F6
330
25F5
100
AcDbDictionary
280
     1
281
     1
  3
ADSK_XREC_MENTALRAYSETTINGSINFO
360
25F7
  0
SCALE
  5
10D
102
{ACAD_REACTORS
330
10C
102
}
330
10C
100
AcDbScale
 70
     0
300
1:1
140
1.0
141
1.0
290
     1
  0
SCALE
  5
1BE
102
{ACAD_REACTORS
330
10C
102
}
330
10C
100
AcDbScale
 70
     0
300
1:2
140
1.0
141
2.0
290
     0
  0
SCALE
  5
1BF
102
{ACAD_REACTORS
330
10C
102
}
330
10C
100
AcDbScale
 70
     0
300
1:4
140
1.0
141
4.0
290
     0
  0
SCALE
  5
1C0
102
{ACAD_REACTORS
330
10C
102
}
330
10C
100
AcDbScale
 70
     0
300
1:5
140
1.0
141
5.0
290
     0
  0
SCALE
  5
1C1
102
{ACAD_REACTORS
330
10C
102
}
330
10C
100
AcDbScale
 70
     0
300
1:8
140
1.0
141
8.0
290
     0
  0
SCALE
  5
1C2
102
{ACAD_REACTORS
330
10C
102
}
330
10C
100
AcDbScale
 70
     0
300
1:10
140
1.0
141
10.0
290
     0
  0
SCALE
  5
1C3
102
{ACAD_REACTORS
330
10C
102
}
330
10C
100
AcDbScale
 70
     0
300
1:16
140
1.0
141
16.0
290
     0
  0
SCALE
  5
1C4
102
{ACAD_REACTORS
330
10C
102
}
330
10C
100
AcDbScale
 70
     0
300
1:20
140
1.0
141
20.0
290
     0
  0
SCALE
  5
1C5
102
{ACAD_REACTORS
330
10C
102
}
330
10C
100
AcDbScale
 70
     0
300
1:30
140
1.0
141
30.0
290
     0
  0
SCALE
  5
1C6
102
{ACAD_REACTORS
330
10C
102
}
330
10C
100
AcDbScale
 70
     0
300
1:40
140
1.0
141
40.0
290
     0
  0
SCALE
  5
1C7
102
{ACAD_REACTORS
330
10C
102
}
330
10C
100
AcDbScale
 70
     0
300
1:50
140
1.0
141
50.0
290
     0
  0
SCALE
  5
1C8
102
{ACAD_REACTORS
330
10C
102
}
330
10C
100
AcDbScale
 70
     0
300
1:100
140
1.0
141
100.0
290
     0
  0
SCALE
  5
1C9
102
{ACAD_REACTORS
330
10C
102
}
330
10C
100
AcDbScale
 70
     0
300
2:1
140
2.0
141
1.0
290
     0
  0
SCALE
  5
1CA
102
{ACAD_REACTORS
330
10C
102
}
330
10C
100
AcDbScale
 70
     0
300
4:1
140
4.0
141
1.0
290
     0
  0
SCALE
  5
1CB
102
{ACAD_REACTORS
330
10C
102
}
330
10C
100
AcDbScale
 70
     0
300
8:1
140
8.0
141
1.0
290
     0
  0
SCALE
  5
1CC
102
{ACAD_REACTORS
330
10C
102
}
330
10C
100
AcDbScale
 70
     0
300
10:1
140
10.0
141
1.0
290
     0
  0
SCALE
  5
1CD
102
{ACAD_REACTORS
330
10C
102
}
330
10C
100
AcDbScale
 70
     0
300
100:1
140
100.0
141
1.0
290
     0
  0
ACDBSECTIONVIEWSTYLE
  5
20A3
102
{ACAD_XDICTIONARY
360
2929
102
}
102
{ACAD_REACTORS
330
20A2
102
}
330
20A2
100
AcDbModelDocViewStyle
 70
     0
  3
Metric50
290
     0
100
AcDbSectionViewStyle
 70
     0
 71
     0
 90
      102
 71
     1
340
11
 62
   256
 40
5.0
340
0
340
0
 62
   256
 40
5.0
300
I, O, Q, S, X, Z
 40
10.0
 90
        0
 40
2.5
 90
        0
 71
     2
340
16
 90
       25
 62
   256
340
16
 90
       50
 62
   256
 40
5.0
 40
2.5
 40
5.0
 71
     3
340
11
 62
   256
 40
5.0
 90
        0
 40
15.0
 90
        1
300
%<\AcVar ViewSectionStartId>%-%<\AcVar ViewSectionEndId>% (%<\AcVar ViewScale \f "%sn">%)
 71
     4
 62
   256
 62
   257
300
ANSI31
 40
1.0
 90
        0
290
     0
290
     0
 90
        6
 40
0.0
 40
1.570796326794896
 40
0.2617993877991494
 40
1.308996938995747
 40
-0.2617993877991494
 40
1.832595714594044
  0
TABLESTYLE
  5
7F
102
{ACAD_XDICTIONARY
360
162
102
}
102
{ACAD_REACTORS
330
7E
102
}
330
7E
100
AcDbTableStyle
  3
Standard
 70
     0
 71
     0
 40
1.5
 41
1.5
280
     0
281
     0
  7
Standard
140
4.5
170
     2
 62
     0
 63
     7
283
     0
274
    -2
284
     1
 64
     0
275
    -2
285
     1
 65
     0
276
    -2
286
     1
 66
     0
277
    -2
287
     1
 67
     0
278
    -2
288
     1
 68
     0
279
    -2
289
     1
 69
     0
  7
Standard
140
6.0
170
     5
 62
     0
 63
     7
283
     0
274
    -2
284
     1
 64
     0
275
    -2
285
     1
 65
     0
276
    -2
286
     1
 66
     0
277
    -2
287
     1
 67
     0
278
    -2
288
     1
 68
     0
279
    -2
289
     1
 69
     0
  7
Standard
140
4.5
170
     5
 62
     0
 63
     7
283
     0
274
    -2
284
     1
 64
     0
275
    -2
285
     1
 65
     0
276
    -2
286
     1
 66
     0
277
    -2
287
     1
 67
     0
278
    -2
288
     1
 68
     0
279
    -2
289
     1
 69
     0
  0
VISUALSTYLE
  5
F5
102
{ACAD_XDICTIONARY
360
28FF
102
}
102
{ACAD_REACTORS
330
EF
102
}
330
EF
100
AcDbVisualStyle
  2

 70
     4
 71
     0
 72
     2
 73
     1
 90
        0
 40
-0.6
 41
-30.0
 62
     5
 63
     7
 74
     1
 91
        4
 64
     7
 65
   257
 75
     1
175
     1
 42
1.0
 92
        0
 66
   257
 43
1.0
 76
     1
 77
     6
 78
     2
 67
     7
 79
     5
170
     0
171
     0
290
     0
174
     0
 93
        1
 44
0.0
173
     0
291
     0
 45
0.0
1001
ACAD
1000
AcDbSavedByObjectVersion
1070
     0
  0
VISUALSTYLE
  5
F7
102
{ACAD_XDICTIONARY
360
2903
102
}
102
{ACAD_REACTORS
330
EF
102
}
330
EF
100
AcDbVisualStyle
  2

 70
     6
 71
     1
 72
     2
 73
     2
 90
        0
 40
-0.6
 41
-30.0
 62
     5
 63
     7
 74
     2
 91
        2
 64
     7
 65
   257
 75
     2
175
     1
 42
40.0
 92
        0
 66
   257
 43
1.0
 76
     1
 77
     6
 78
     2
 67
     7
 79
     3
170
     0
171
     0
290
     0
174
     0
 93
        1
 44
0.0
173
     0
291
     0
 45
0.0
1001
ACAD
1000
AcDbSavedByObjectVersion
1070
     0
  0
VISUALSTYLE
  5
F6
102
{ACAD_XDICTIONARY
360
2901
102
}
102
{ACAD_REACTORS
330
EF
102
}
330
EF
100
AcDbVisualStyle
  2

 70
     5
 71
     0
 72
     2
 73
     1
 90
        0
 40
-0.6
 41
-30.0
 62
     5
 63
     7
 74
     1
 91
        4
 64
     7
 65
   257
 75
     1
175
     1
 42
1.0
 92
        0
 66
   257
 43
1.0
 76
     1
 77
     6
 78
     2
 67
     7
 79
     5
170
     0
171
     0
290
     0
174
     0
 93
        1
 44
0.0
173
     0
291
     0
 45
0.0
1001
ACAD
1000
AcDbSavedByObjectVersion
1070
     0
  0
VISUALSTYLE
  5
F4
102
{ACAD_XDICTIONARY
360
28FD
102
}
102
{ACAD_REACTORS
330
EF
102
}
330
EF
100
AcDbVisualStyle
  2

 70
     7
 71
     1
 72
     0
 73
     1
 90
        0
 40
-0.6
 41
-30.0
 62
     5
 63
     7
 74
     0
 91
        4
 64
     7
 65
   257
 75
     1
175
     1
 42
1.0
 92
        8
 66
     7
 43
1.0
 76
     1
 77
     6
 78
     2
 67
     7
 79
     5
170
     0
171
     0
290
     0
174
     0
 93
        1
 44
0.0
173
     0
291
     1
 45
0.0
1001
ACAD
1000
AcDbSavedByObjectVersion
1070
     0
  0
VISUALSTYLE
  5
FB
102
{ACAD_XDICTIONARY
360
290B
102
}
102
{ACAD_REACTORS
330
EF
102
}
330
EF
100
AcDbVisualStyle
  2

 70
    12
 71
     2
 72
     2
 73
     1
 90
        0
 40
-0.6
 41
-30.0
 62
     5
 63
     7
 74
     1
 91
        4
 64
     7
 65
   257
 75
     1
175
     1
 42
1.0
 92
        8
 66
     7
 43
1.0
 76
     1
 77
     6
 78
     2
 67
     7
 79
     5
170
     0
171
     0
290
     0
174
     0
 93
        1
 44
50.0
173
     0
291
     1
 45
0.0
1001
ACAD
1000
AcDbSavedByObjectVersion
1070
     0
  0
VISUALSTYLE
  5
FF
102
{ACAD_XDICTIONARY
360
2913
102
}
102
{ACAD_REACTORS
330
EF
102
}
330
EF
100
AcDbVisualStyle
  2

 70
    16
 71
     2
 72
     2
 73
     3
 90
        0
 40
-0.6
 41
-30.0
 62
     5
 63
     8
 74
     1
 91
        4
 64
     7
 65
   257
 75
     1
175
     1
 42
1.0
 92
        8
 66
     8
 43
1.0
 76
     1
 77
     6
 78
     2
 67
     7
 79
     5
170
     0
171
     0
290
     0
174
     0
 93
        1
 44
0.0
173
     0
291
     1
 45
0.0
1001
ACAD
1000
AcDbSavedByObjectVersion
1070
     0
  0
VISUALSTYLE
  5
F8
102
{ACAD_XDICTIONARY
360
2905
102
}
102
{ACAD_REACTORS
330
EF
102
}
330
EF
100
AcDbVisualStyle
  2

 70
     9
 71
     3
 72
     2
 73
     1
 90
        0
 40
-0.6
 41
-30.0
 62
     5
 63
     7
 74
     2
 91
        2
 64
     7
 65
   257
 75
     1
175
     1
 42
40.0
 92
        8
 66
     7
 43
1.0
 76
     1
 77
     6
 78
     2
 67
     7
 79
     3
170
     0
171
     0
290
     0
174
     0
 93
        1
 44
0.0
173
     0
291
     0
 45
0.0
1001
ACAD
1000
AcDbSavedByObjectVersion
1070
     0
  0
VISUALSTYLE
  5
FA
102
{ACAD_XDICTIONARY
360
2909
102
}
102
{ACAD_REACTORS
330
EF
102
}
330
EF
100
AcDbVisualStyle
  2

 70
    11
 71
     2
 72
     2
 73
     1
 90
        0
 40
-0.6
 41
-30.0
 62
     5
 63
     7
 74
     1
 91
        4
 64
     7
 65
   257
 75
     1
175
     1
 42
1.0
 92
        8
 66
     7
 43
1.0
 76
     1
 77
     6
 78
     2
 67
     7
 79
     5
170
     0
171
     0
290
     0
174
     0
 93
        1
 44
-50.0
173
     0
291
     1
 45
0.0
1001
ACAD
1000
AcDbSavedByObjectVersion
1070
     0
  0
VISUALSTYLE
  5
1E6
102
{ACAD_XDICTIONARY
360
2919
102
}
102
{ACAD_REACTORS
330
EF
102
}
330
EF
100
AcDbVisualStyle
  2

 70
    22
 71
     2
 72
     2
 73
     0
 90
        0
 40
-0.6
 41
-30.0
 62
     5
 63
     7
 74
     1
 91
        4
 64
     7
 65
   257
 75
     1
175
     1
 42
1.0
 92
        8
 66
     7
 43
1.0
 76
     1
 77
     6
 78
     2
 67
     7
 79
     5
170
     0
171
     0
290
     0
174
     0
 93
        1
 44
0.0
173
     0
291
     1
 45
0.0
1001
ACAD
1000
AcDbSavedByObjectVersion
1070
     0
  0
VISUALSTYLE
  5
FE
102
{ACAD_XDICTIONARY
360
2911
102
}
102
{ACAD_REACTORS
330
EF
102
}
330
EF
100
AcDbVisualStyle
  2

 70
    15
 71
     2
 72
     2
 73
     1
 90
        0
 40
-0.6
 41
-30.0
 62
     5
 63
     7
 74
     1
 91
        4
 64
     7
 65
   257
 75
     1
175
     1
 42
1.0
 92
        8
 66
     7
 43
1.0
 76
     1
 77
     6
 78
     2
 67
     7
 79
     5
170
     0
171
     0
290
     0
174
     0
 93
        1
 44
0.0
173
     0
291
     1
 45
0.0
1001
ACAD
1000
AcDbSavedByObjectVersion
1070
     0
  0
VISUALSTYLE
  5
F0
102
{ACAD_XDICTIONARY
360
28F5
102
}
102
{ACAD_REACTORS
330
EF
102
}
330
EF
100
AcDbVisualStyle
  2

 70
     0
 71
     2
 72
     1
 73
     1
 90
        2
 40
-0.6
 41
30.0
 62
     5
 63
     7
 74
     0
 91
        4
 64
     7
 65
   257
 75
     1
175
     1
 42
1.0
 92
        8
 66
     7
 43
1.0
 76
     1
 77
     6
 78
     2
 67
     7
 79
     5
170
     0
171
     0
290
     0
174
     0
 93
        1
 44
0.0
173
     0
291
     1
 45
0.0
1001
ACAD
1000
AcDbSavedByObjectVersion
1070
     0
  0
VISUALSTYLE
  5
F1
102
{ACAD_XDICTIONARY
360
28F7
102
}
102
{ACAD_REACTORS
330
EF
102
}
330
EF
100
AcDbVisualStyle
  2

 70
     1
 71
     2
 72
     1
 73
     1
 90
        2
 40
-0.6
 41
30.0
 62
     5
 63
     7
 74
     1
 91
        4
 64
     7
 65
   257
 75
     1
175
     1
 42
1.0
 92
        0
 66
   257
 43
1.0
 76
     1
 77
     6
 78
     2
 67
     7
 79
     5
170
     0
171
     0
290
     0
174
     0
 93
        1
 44
0.0
173
     0
291
     1
 45
0.0
1001
ACAD
1000
AcDbSavedByObjectVersion
1070
     0
  0
VISUALSTYLE
  5
F2
102
{ACAD_XDICTIONARY
360
28F9
102
}
102
{ACAD_REACTORS
330
EF
102
}
330
EF
100
AcDbVisualStyle
  2

 70
     2
 71
     2
 72
     2
 73
     1
 90
        2
 40
-0.6
 41
30.0
 62
     5
 63
     7
 74
     0
 91
        4
 64
     7
 65
   257
 75
     1
175
     1
 42
1.0
 92
        0
 66
     7
 43
1.0
 76
     1
 77
     6
 78
     2
 67
     7
 79
     5
170
     0
171
     0
290
     0
174
     0
 93
        1
 44
0.0
173
     0
291
     1
 45
0.0
1001
ACAD
1000
AcDbSavedByObjectVersion
1070
     0
  0
VISUALSTYLE
  5
F3
102
{ACAD_XDICTIONARY
360
28FB
102
}
102
{ACAD_REACTORS
330
EF
102
}
330
EF
100
AcDbVisualStyle
  2

 70
     3
 71
     2
 72
     2
 73
     1
 90
        2
 40
-0.6
 41
30.0
 62
     5
 63
     7
 74
     1
 91
        4
 64
     7
 65
   257
 75
     1
175
     1
 42
1.0
 92
        0
 66
   257
 43
1.0
 76
     1
 77
     6
 78
     2
 67
     7
 79
     5
170
     0
171
     0
290
     0
174
     0
 93
        1
 44
0.0
173
     0
291
     1
 45
0.0
1001
ACAD
1000
AcDbSavedByObjectVersion
1070
     0
  0
VISUALSTYLE
  5
209C
102
{ACAD_XDICTIONARY
360
291D
102
}
102
{ACAD_REACTORS
330
EF
102
}
330
EF
100
AcDbVisualStyle
  2

 70
     6
 71
     1
 72
     2
 73
     2
 90
        0
 40
-0.6
 41
-30.0
 62
     5
 63
     7
421
 16777215
 74
     2
 91
        2
 64
     7
 65
   257
 75
     2
175
     1
 42
40.0
 92
        0
 66
   257
 43
1.0
 76
     1
 77
     6
 78
     2
 67
     7
 79
     3
170
     0
171
     0
290
     0
174
     0
 93
        1
 44
0.0
173
     0
291
     0
 45
0.0
1001
ACAD
1000
AcDbSavedByObjectVersion
1070
     0
  0
VISUALSTYLE
  5
1E4
102
{ACAD_XDICTIONARY
360
2915
102
}
102
{ACAD_REACTORS
330
EF
102
}
330
EF
100
AcDbVisualStyle
  2

 70
    20
 71
     2
 72
     2
 73
     0
 90
        0
 40
-0.6
 41
-30.0
 62
     5
 63
     7
 74
     1
 91
        4
 64
     7
 65
   257
 75
     1
175
     1
 42
1.0
 92
       10
 66
     7
 43
1.0
 76
     1
 77
     6
 78
     2
 67
     7
 79
     5
170
     0
171
     0
290
     0
174
     0
 93
        1
 44
0.0
173
     0
291
     1
 45
0.0
1001
ACAD
1000
AcDbSavedByObjectVersion
1070
     0
  0
VISUALSTYLE
  5
FD
102
{ACAD_XDICTIONARY
360
290F
102
}
102
{ACAD_REACTORS
330
EF
102
}
330
EF
100
AcDbVisualStyle
  2

 70
    14
 71
     2
 72
     2
 73
     1
 90
        0
 40
-0.6
 41
-30.0
 62
     5
 63
     7
 74
     1
 91
        4
 64
     7
 65
   257
 75
     7
175
     7
 42
1.0
 92
        8
 66
     7
 43
1.0
 76
     1
 77
     6
 78
     2
 67
     7
 79
     5
170
     0
171
     0
290
     0
174
     0
 93
        1
 44
0.0
173
     0
291
     1
 45
0.0
1001
ACAD
1000
AcDbSavedByObjectVersion
1070
     0
  0
VISUALSTYLE
  5
1E5
102
{ACAD_XDICTIONARY
360
2917
102
}
102
{ACAD_REACTORS
330
EF
102
}
330
EF
100
AcDbVisualStyle
  2

 70
    21
 71
     2
 72
     2
 73
     0
 90
        0
 40
-0.6
 41
-30.0
 62
     5
 63
     7
 74
     1
 91
        4
 64
     7
 65
   257
 75
     1
175
     1
 42
1.0
 92
        9
 66
     7
 43
1.0
 76
     1
 77
     6
 78
     2
 67
     7
 79
     5
170
     0
171
     0
290
     0
174
     0
 93
        1
 44
0.0
173
     0
291
     1
 45
0.0
1001
ACAD
1000
AcDbSavedByObjectVersion
1070
     0
  0
VISUALSTYLE
  5
F9
102
{ACAD_XDICTIONARY
360
2907
102
}
102
{ACAD_REACTORS
330
EF
102
}
330
EF
100
AcDbVisualStyle
  2

 70
     8
 71
     2
 72
     2
 73
     1
 90
        0
 40
-0.6
 41
-30.0
 62
     5
 63
     7
 74
     1
 91
        0
 64
     7
 65
   257
 75
     1
175
     1
 42
1.0
 92
        8
 66
     8
 43
1.0
 76
     1
 77
     6
 78
     2
 67
     7
 79
     5
170
     0
171
     0
290
     0
174
     0
 93
       13
 44
0.0
173
     0
291
     0
 45
0.0
1001
ACAD
1000
AcDbSavedByObjectVersion
1070
     0
  0
VISUALSTYLE
  5
20A1
102
{ACAD_XDICTIONARY
360
2927
102
}
102
{ACAD_REACTORS
330
EF
102
}
330
EF
100
AcDbVisualStyle
  2

 70
    27
 71
     2
 72
     2
 73
     1
 90
        2
 40
-0.6
 41
30.0
 62
     5
 63
     7
421
 16777215
 74
     0
 91
        4
 64
     7
 65
   257
 75
     1
175
     1
 42
1.0
 92
        8
 66
   257
 43
1.0
 76
     1
 77
     6
 78
     2
 67
     8
425
  7895160
 79
     3
170
     0
171
     0
290
     0
174
     0
 93
        5
 44
0.0
173
     0
291
     0
 45
0.0
1001
ACAD
1000
AcDbSavedByObjectVersion
1070
     0
  0
VISUALSTYLE
  5
20A0
102
{ACAD_XDICTIONARY
360
2925
102
}
102
{ACAD_REACTORS
330
EF
102
}
330
EF
100
AcDbVisualStyle
  2

 70
    26
 71
     2
 72
     2
 73
     1
 90
        2
 40
-0.6
 41
30.0
 62
     5
 63
     7
421
 16777215
 74
     1
 91
        2
 64
     7
 65
   257
 75
     2
175
     1
 42
1.0
 92
        8
 66
   257
 43
1.0
 76
     1
 77
     6
 78
     2
 67
     7
 79
     3
170
     0
171
     0
290
     0
174
     0
 93
        5
 44
0.0
173
     0
291
     0
 45
0.0
1001
ACAD
1000
AcDbSavedByObjectVersion
1070
     0
  0
VISUALSTYLE
  5
209D
102
{ACAD_XDICTIONARY
360
291F
102
}
102
{ACAD_REACTORS
330
EF
102
}
330
EF
100
AcDbVisualStyle
  2

 70
    23
 71
     2
 72
     2
 73
     3
 90
        0
 40
-0.6
 41
-30.0
 62
     5
 63
     7
421
 16777215
 74
     2
 91
        2
 64
     7
 65
     7
 75
     1
175
     1
 42
40.0
 92
        8
 66
     7
 43
1.0
 76
     1
 77
     6
 78
     2
 67
     7
 79
     3
170
     0
171
     0
290
     0
174
     0
 93
        1
 44
0.0
173
     0
291
     0
 45
0.0
1001
ACAD
1000
AcDbSavedByObjectVersion
1070
     0
  0
VISUALSTYLE
  5
209E
102
{ACAD_XDICTIONARY
360
2921
102
}
102
{ACAD_REACTORS
330
EF
102
}
330
EF
100
AcDbVisualStyle
  2

 70
    24
 71
     1
 72
     2
 73
     2
 90
        0
 40
-0.6
 41
-30.0
 62
     5
 63
     7
421
 16777215
 74
     2
 91
        2
 64
     7
 65
     7
 75
     1
175
     1
 42
40.0
 92
       11
 66
     7
 43
1.0
 76
     1
 77
     6
 78
     2
 67
     7
 79
     6
170
     0
171
     0
290
     0
174
     0
 93
        1
 44
0.0
173
     0
291
     0
 45
0.0
1001
ACAD
1000
AcDbSavedByObjectVersion
1070
     0
  0
VISUALSTYLE
  5
FC
102
{ACAD_XDICTIONARY
360
290D
102
}
102
{ACAD_REACTORS
330
EF
102
}
330
EF
100
AcDbVisualStyle
  2

 70
    13
 71
     2
 72
     2
 73
     1
 90
        0
 40
-0.6
 41
-30.0
 62
     5
 63
     7
 74
     1
 91
        4
 64
     7
 65
   257
 75
     1
175
     1
 42
1.0
 92
       12
 66
     7
 43
1.0
 76
     1
 77
     6
 78
     2
 67
     7
 79
     5
170
     0
171
     0
290
     0
174
     0
 93
        1
 44
0.0
173
     0
291
     1
 45
0.0
1001
ACAD
1000
AcDbSavedByObjectVersion
1070
     0
  0
VISUALSTYLE
  5
209B
102
{ACAD_XDICTIONARY
360
291B
102
}
102
{ACAD_REACTORS
330
EF
102
}
330
EF
100
AcDbVisualStyle
  2

 70
     5
 71
     0
 72
     2
 73
     0
 90
        0
 40
-0.6
 41
-30.0
 62
     5
 63
     7
421
 16777215
 74
     1
 91
        4
 64
     7
 65
   257
 75
     1
175
     1
 42
1.0
 92
        0
 66
   257
 43
1.0
 76
     1
 77
     6
 78
     2
 67
     7
 79
     3
170
     0
171
     0
290
     0
174
     0
 93
        1
 44
0.0
173
     0
291
     0
 45
0.0
1001
ACAD
1000
AcDbSavedByObjectVersion
1070
     0
  0
VISUALSTYLE
  5
209F
102
{ACAD_XDICTIONARY
360
2923
102
}
102
{ACAD_REACTORS
330
EF
102
}
330
EF
100
AcDbVisualStyle
  2

 70
    25
 71
     2
 72
     2
 73
     1
 90
        1
 40
0.5
 41
-30.0
 62
     5
 63
     7
421
 16777215
 74
     1
 91
        0
 64
     7
 65
   257
 75
     1
175
     1
 42
1.0
 92
        8
 66
     7
 43
1.0
 76
     1
 77
     6
 78
     2
 67
     7
 79
     3
170
     0
171
     0
290
     0
174
     0
 93
       13
 44
0.0
173
     0
291
     0
 45
0.0
1001
ACAD
1000
AcDbSavedByObjectVersion
1070
     0
  0
DICTIONARYVAR
  5
263D
102
{ACAD_REACTORS
330
263C
102
}
330
263C
100
DictionaryVariables
280
     0
  1
10.000000
  0
DICTIONARYVAR
  5
263E
102
{ACAD_REACTORS
330
263C
102
}
330
263C
100
DictionaryVariables
280
     0
  1
1
  0
DICTIONARYVAR
  5
263F
102
{ACAD_REACTORS
330
263C
102
}
330
263C
100
DictionaryVariables
280
     0
  1
1:1
  0
DICTIONARYVAR
  5
2640
102
{ACAD_REACTORS
330
263C
102
}
330
263C
100
DictionaryVariables
280
     0
  1
STANDARD
  0
DICTIONARYVAR
  5
2641
102
{ACAD_REACTORS
330
263C
102
}
330
263C
100
DictionaryVariables
280
     0
  1
STANDARD
  0
DICTIONARYVAR
  5
2642
102
{ACAD_REACTORS
330
263C
102
}
330
263C
100
DictionaryVariables
280
     0
  1
Metric50
  0
DICTIONARYVAR
  5
2643
102
{ACAD_REACTORS
330
263C
102
}
330
263C
100
DictionaryVariables
280
     0
  1
Metric50
  0
DICTIONARYVAR
  5
2644
102
{ACAD_REACTORS
330
263C
102
}
330
263C
100
DictionaryVariables
280
     0
  1
0
  0
DICTIONARYVAR
  5
2645
102
{ACAD_REACTORS
330
263C
102
}
330
263C
100
DictionaryVariables
280
     0
  1
2
  0
DICTIONARYVAR
  5
2646
102
{ACAD_REACTORS
330
263C
102
}
330
263C
100
DictionaryVariables
280
     0
  1
3
  0
DICTIONARYVAR
  5
2647
102
{ACAD_REACTORS
330
263C
102
}
330
263C
100
DictionaryVariables
280
     0
  1
1
  0
DICTIONARYVAR
  5
2648
102
{ACAD_REACTORS
330
263C
102
}
330
263C
100
DictionaryVariables
280
     0
  1
BYLAYER
  0
DICTIONARYVAR
  5
2649
102
{ACAD_REACTORS
330
263C
102
}
330
263C
100
DictionaryVariables
280
     0
  1
0
  0
DICTIONARYVAR
  5
264A
102
{ACAD_REACTORS
330
263C
102
}
330
263C
100
DictionaryVariables
280
     0
  1
.
  0
DICTIONARYVAR
  5
264B
102
{ACAD_REACTORS
330
263C
102
}
330
263C
100
DictionaryVariables
280
     0
  1
0
  0
DICTIONARYVAR
  5
264C
102
{ACAD_REACTORS
330
263C
102
}
330
263C
100
DictionaryVariables
280
     0
  1
0
  0
DICTIONARYVAR
  5
264D
102
{ACAD_REACTORS
330
263C
102
}
330
263C
100
DictionaryVariables
280
     0
  1
0
  0
DICTIONARYVAR
  5
264E
102
{ACAD_REACTORS
330
263C
102
}
330
263C
100
DictionaryVariables
280
     0
  1
2
  0
DICTIONARYVAR
  5
264F
102
{ACAD_REACTORS
330
263C
102
}
330
263C
100
DictionaryVariables
280
     0
  1
1.000000
  0
DICTIONARYVAR
  5
2650
102
{ACAD_REACTORS
330
263C
102
}
330
263C
100
DictionaryVariables
280
     0
  1
1
  0
DICTIONARYVAR
  5
2651
102
{ACAD_REACTORS
330
263C
102
}
330
263C
100
DictionaryVariables
280
     0
  1
2
  0
DICTIONARYVAR
  5
28F0
102
{ACAD_REACTORS
330
263C
102
}
330
263C
100
DictionaryVariables
280
     0
  1
80.000000
  0
DICTIONARYVAR
  5
28EF
102
{ACAD_REACTORS
330
263C
102
}
330
263C
100
DictionaryVariables
280
     0
  1
5.000000
  0
DICTIONARYVAR
  5
2652
102
{ACAD_REACTORS
330
263C
102
}
330
263C
100
DictionaryVariables
280
     0
  1
0
  0
DICTIONARYVAR
  5
2653
102
{ACAD_REACTORS
330
263C
102
}
330
263C
100
DictionaryVariables
280
     0
  1
127
  0
DICTIONARYVAR
  5
28F1
102
{ACAD_REACTORS
330
263C
102
}
330
263C
100
DictionaryVariables
280
     0
  1
2
  0
DICTIONARY
  5
292B
330
20A5
100
AcDbDictionary
280
     1
281
     1
  3
ACAD_XREC_ROUNDTRIP
360
292C
  0
DICTIONARY
  5
16D0
330
22
100
AcDbDictionary
280
     1
281
     1
  0
DICTIONARY
  5
350
330
ED
100
AcDbDictionary
280
     1
281
     1
  3
ACAD_XREC_ROUNDTRIP
360
351
  0
DICTIONARY
  5
34E
330
EC
100
AcDbDictionary
280
     1
281
     1
  3
ACAD_XREC_ROUNDTRIP
360
34F
  0
DICTIONARY
  5
173
330
EE
100
AcDbDictionary
280
     1
281
     1
  3
ACAD_XREC_ROUNDTRIP
360
352
  3
BUMPTILE
360
175
  3
DIFFUSETILE
360
174
  3
OPACITYTILE
360
176
  3
REFLECTIONTILE
360
177
  0
XRECORD
  5
25F7
102
{ACAD_REACTORS
330
25F6
102
}
330
25F6
100
AcDbXrecord
280
     1
 70
     2
 71
     3
 72
     0
  0
DICTIONARY
  5
2929
330
20A3
100
AcDbDictionary
280
     1
281
     1
  3
ACAD_XREC_ROUNDTRIP
360
292A
  0
DICTIONARY
  5
162
330
7F
100
AcDbDictionary
280
     1
281
     1
  3
ACAD_ROUNDTRIP_2008_TABLESTYLE_CELLSTYLEMAP
360
28F2
  3
ACAD_XREC_ROUNDTRIP
360
28F4
  0
DICTIONARY
  5
28FF
330
F5
100
AcDbDictionary
280
     1
281
     1
  3
ACAD_XREC_ROUNDTRIP
360
2900
  0
DICTIONARY
  5
2903
330
F7
100
AcDbDictionary
280
     1
281
     1
  3
ACAD_XREC_ROUNDTRIP
360
2904
  0
DICTIONARY
  5
2901
330
F6
100
AcDbDictionary
280
     1
281
     1
  3
ACAD_XREC_ROUNDTRIP
360
2902
  0
DICTIONARY
  5
28FD
330
F4
100
AcDbDictionary
280
     1
281
     1
  3
ACAD_XREC_ROUNDTRIP
360
28FE
  0
DICTIONARY
  5
290B
330
FB
100
AcDbDictionary
280
     1
281
     1
  3
ACAD_XREC_ROUNDTRIP
360
290C
  0
DICTIONARY
  5
2913
330
FF
100
AcDbDictionary
280
     1
281
     1
  3
ACAD_XREC_ROUNDTRIP
360
2914
  0
DICTIONARY
  5
2905
330
F8
100
AcDbDictionary
280
     1
281
     1
  3
ACAD_XREC_ROUNDTRIP
360
2906
  0
DICTIONARY
  5
2909
330
FA
100
AcDbDictionary
280
     1
281
     1
  3
ACAD_XREC_ROUNDTRIP
360
290A
  0
DICTIONARY
  5
2919
330
1E6
100
AcDbDictionary
280
     1
281
     1
  3
ACAD_XREC_ROUNDTRIP
360
291A
  0
DICTIONARY
  5
2911
330
FE
100
AcDbDictionary
280
     1
281
     1
  3
ACAD_XREC_ROUNDTRIP
360
2912
  0
DICTIONARY
  5
28F5
330
F0
100
AcDbDictionary
280
     1
281
     1
  3
ACAD_XREC_ROUNDTRIP
360
28F6
  0
DICTIONARY
  5
28F7
330
F1
100
AcDbDictionary
280
     1
281
     1
  3
ACAD_XREC_ROUNDTRIP
360
28F8
  0
DICTIONARY
  5
28F9
330
F2
100
AcDbDictionary
280
     1
281
     1
  3
ACAD_XREC_ROUNDTRIP
360
28FA
  0
DICTIONARY
  5
28FB
330
F3
100
AcDbDictionary
280
     1
281
     1
  3
ACAD_XREC_ROUNDTRIP
360
28FC
  0
DICTIONARY
  5
291D
330
209C
100
AcDbDictionary
280
     1
281
     1
  3
ACAD_XREC_ROUNDTRIP
360
291E
  0
DICTIONARY
  5
2915
330
1E4
100
AcDbDictionary
280
     1
281
     1
  3
ACAD_XREC_ROUNDTRIP
360
2916
  0
DICTIONARY
  5
290F
330
FD
100
AcDbDictionary
280
     1
281
     1
  3
ACAD_XREC_ROUNDTRIP
360
2910
  0
DICTIONARY
  5
2917
330
1E5
100
AcDbDictionary
280
     1
281
     1
  3
ACAD_XREC_ROUNDTRIP
360
2918
  0
DICTIONARY
  5
2907
330
F9
100
AcDbDictionary
280
     1
281
     1
  3
ACAD_XREC_ROUNDTRIP
360
2908
  0
DICTIONARY
  5
2927
330
20A1
100
AcDbDictionary
280
     1
281
     1
  3
ACAD_XREC_ROUNDTRIP
360
2928
  0
DICTIONARY
  5
2925
330
20A0
100
AcDbDictionary
280
     1
281
     1
  3
ACAD_XREC_ROUNDTRIP
360
2926
  0
DICTIONARY
  5
291F
330
209D
100
AcDbDictionary
280
     1
281
     1
  3
ACAD_XREC_ROUNDTRIP
360
2920
  0
DICTIONARY
  5
2921
330
209E
100
AcDbDictionary
280
     1
281
     1
  3
ACAD_XREC_ROUNDTRIP
360
2922
  0
DICTIONARY
  5
290D
330
FC
100
AcDbDictionary
280
     1
281
     1
  3
ACAD_XREC_ROUNDTRIP
360
290E
  0
DICTIONARY
  5
291B
330
209B
100
AcDbDictionary
280
     1
281
     1
  3
ACAD_XREC_ROUNDTRIP
360
291C
  0
DICTIONARY
  5
2923
330
209F
100
AcDbDictionary
280
     1
281
     1
  3
ACAD_XREC_ROUNDTRIP
360
2924
  0
XRECORD
  5
292C
102
{ACAD_REACTORS
330
292B
102
}
330
292B
100
AcDbXrecord
280
     1
102
DISPLAYNAME
  1
Metric50
102
FLAGS
 90
        0
  0
XRECORD
  5
351
102
{ACAD_REACTORS
330
350
102
}
330
350
100
AcDbXrecord
280
     1
102
MATERIAL
148
0.0
149
0.0
149
0.0
 93
        0
 94
      127
282
     0
 72
     1
 77
     1
171
     1
175
     1
179
     1
273
     0
  0
XRECORD
  5
34F
102
{ACAD_REACTORS
330
34E
102
}
330
34E
100
AcDbXrecord
280
     1
102
MATERIAL
148
0.0
149
0.0
149
0.0
 93
        0
 94
      127
282
     0
 72
     1
 77
     1
171
     1
175
     1
179
     1
273
     0
  0
XRECORD
  5
352
102
{ACAD_REACTORS
330
173
102
}
330
173
100
AcDbXrecord
280
     1
102
MATERIAL
148
0.0
149
0.0
149
0.0
 93
        0
 94
      127
282
     0
 72
     1
 77
     1
171
     1
175
     1
179
     1
273
     0
  0
XRECORD
  5
175
102
{ACAD_REACTORS
330
173
102
}
330
173
100
AcDbXrecord
280
     1
270
     1
271
     1
  0
XRECORD
  5
174
102
{ACAD_REACTORS
330
173
102
}
330
173
100
AcDbXrecord
280
     1
270
     1
271
     1
  0
XRECORD
  5
176
102
{ACAD_REACTORS
330
173
102
}
330
173
100
AcDbXrecord
280
     1
270
     1
271
     1
  0
XRECORD
  5
177
102
{ACAD_REACTORS
330
173
102
}
330
173
100
AcDbXrecord
280
     1
270
     1
271
     1
  0
XRECORD
  5
292A
102
{ACAD_REACTORS
330
2929
102
}
330
2929
100
AcDbXrecord
280
     1
102
DISPLAYNAME
  1
Metric50
102
FLAGS
 90
        0
  0
CELLSTYLEMAP
  5
28F2
102
{ACAD_REACTORS
330
162
102
}
330
162
100
AcDbCellStyleMap
 90
        3
300
CELLSTYLE
  1
TABLEFORMAT_BEGIN
 90
        5
170
     1
 91
        0
 92
    32768
 62
   257
 93
        1
300
CONTENTFORMAT
  1
CONTENTFORMAT_BEGIN
 90
        0
 91
        0
 92
      512
 93
        0
300

 40
0.0
140
1.0
 94
        5
 62
     0
340
11
144
6.0
309
CONTENTFORMAT_END
171
     1
301
MARGIN
  1
CELLMARGIN_BEGIN
 40
1.5
 40
1.5
 40
1.5
 40
1.5
 40
0.18
 40
0.18
309
CELLMARGIN_END
 94
        6
 95
        1
302
GRIDFORMAT
  1
GRIDFORMAT_BEGIN
 90
        0
 91
        1
 62
     0
 92
       -2
340
14
 93
        0
 40
1.125
309
GRIDFORMAT_END
 95
        2
302
GRIDFORMAT
  1
GRIDFORMAT_BEGIN
 90
        0
 91
        1
 62
     0
 92
       -2
340
14
 93
        0
 40
1.125
309
GRIDFORMAT_END
 95
        4
302
GRIDFORMAT
  1
GRIDFORMAT_BEGIN
 90
        0
 91
        1
 62
     0
 92
       -2
340
14
 93
        0
 40
1.125
309
GRIDFORMAT_END
 95
        8
302
GRIDFORMAT
  1
GRIDFORMAT_BEGIN
 90
        0
 91
        1
 62
     0
 92
       -2
340
14
 93
        0
 40
1.125
309
GRIDFORMAT_END
 95
       16
302
GRIDFORMAT
  1
GRIDFORMAT_BEGIN
 90
        0
 91
        1
 62
     0
 92
       -2
340
14
 93
        0
 40
1.125
309
GRIDFORMAT_END
 95
       32
302
GRIDFORMAT
  1
GRIDFORMAT_BEGIN
 90
        0
 91
        1
 62
     0
 92
       -2
340
14
 93
        0
 40
1.125
309
GRIDFORMAT_END
309
TABLEFORMAT_END
  1
CELLSTYLE_BEGIN
 90
        1
 91
        1
300
_TITLE
309
CELLSTYLE_END
300
CELLSTYLE
  1
TABLEFORMAT_BEGIN
 90
        5
170
     1
 91
        0
 92
        0
 62
   257
 93
        1
300
CONTENTFORMAT
  1
CONTENTFORMAT_BEGIN
 90
        0
 91
        0
 92
      512
 93
        0
300

 40
0.0
140
1.0
 94
        5
 62
     0
340
11
144
4.5
309
CONTENTFORMAT_END
171
     1
301
MARGIN
  1
CELLMARGIN_BEGIN
 40
1.5
 40
1.5
 40
1.5
 40
1.5
 40
0.18
 40
0.18
309
CELLMARGIN_END
 94
        6
 95
        1
302
GRIDFORMAT
  1
GRIDFORMAT_BEGIN
 90
        0
 91
        1
 62
     0
 92
       -2
340
14
 93
        0
 40
1.125
309
GRIDFORMAT_END
 95
        2
302
GRIDFORMAT
  1
GRIDFORMAT_BEGIN
 90
        0
 91
        1
 62
     0
 92
       -2
340
14
 93
        0
 40
1.125
309
GRIDFORMAT_END
 95
        4
302
GRIDFORMAT
  1
GRIDFORMAT_BEGIN
 90
        0
 91
        1
 62
     0
 92
       -2
340
14
 93
        0
 40
1.125
309
GRIDFORMAT_END
 95
        8
302
GRIDFORMAT
  1
GRIDFORMAT_BEGIN
 90
        0
 91
        1
 62
     0
 92
       -2
340
14
 93
        0
 40
1.125
309
GRIDFORMAT_END
 95
       16
302
GRIDFORMAT
  1
GRIDFORMAT_BEGIN
 90
        0
 91
        1
 62
     0
 92
       -2
340
14
 93
        0
 40
1.125
309
GRIDFORMAT_END
 95
       32
302
GRIDFORMAT
  1
GRIDFORMAT_BEGIN
 90
        0
 91
        1
 62
     0
 92
       -2
340
14
 93
        0
 40
1.125
309
GRIDFORMAT_END
309
TABLEFORMAT_END
  1
CELLSTYLE_BEGIN
 90
        2
 91
        1
300
_HEADER
309
CELLSTYLE_END
300
CELLSTYLE
  1
TABLEFORMAT_BEGIN
 90
        5
170
     1
 91
        0
 92
        0
 62
   257
 93
        1
300
CONTENTFORMAT
  1
CONTENTFORMAT_BEGIN
 90
        0
 91
        0
 92
      512
 93
        0
300

 40
0.0
140
1.0
 94
        2
 62
     0
340
11
144
4.5
309
CONTENTFORMAT_END
171
     1
301
MARGIN
  1
CELLMARGIN_BEGIN
 40
1.5
 40
1.5
 40
1.5
 40
1.5
 40
0.18
 40
0.18
309
CELLMARGIN_END
 94
        6
 95
        1
302
GRIDFORMAT
  1
GRIDFORMAT_BEGIN
 90
        0
 91
        1
 62
     0
 92
       -2
340
14
 93
        0
 40
1.125
309
GRIDFORMAT_END
 95
        2
302
GRIDFORMAT
  1
GRIDFORMAT_BEGIN
 90
        0
 91
        1
 62
     0
 92
       -2
340
14
 93
        0
 40
1.125
309
GRIDFORMAT_END
 95
        4
302
GRIDFORMAT
  1
GRIDFORMAT_BEGIN
 90
        0
 91
        1
 62
     0
 92
       -2
340
14
 93
        0
 40
1.125
309
GRIDFORMAT_END
 95
        8
302
GRIDFORMAT
  1
GRIDFORMAT_BEGIN
 90
        0
 91
        1
 62
     0
 92
       -2
340
14
 93
        0
 40
1.125
309
GRIDFORMAT_END
 95
       16
302
GRIDFORMAT
  1
GRIDFORMAT_BEGIN
 90
        0
 91
        1
 62
     0
 92
       -2
340
14
 93
        0
 40
1.125
309
GRIDFORMAT_END
 95
       32
302
GRIDFORMAT
  1
GRIDFORMAT_BEGIN
 90
        0
 91
        1
 62
     0
 92
       -2
340
14
 93
        0
 40
1.125
309
GRIDFORMAT_END
309
TABLEFORMAT_END
  1
CELLSTYLE_BEGIN
 90
        3
 91
        2
300
_DATA
309
CELLSTYLE_END
  0
XRECORD
  5
28F4
102
{ACAD_REACTORS
330
162
102
}
330
162
100
AcDbXrecord
280
     1
102
ACAD_ROUNDTRIP_PRE2007_TABLESTYLE
 90
      512
 91
        0
  1

 92
      512
 93
        0
  2

 94
      512
 95
        0
  3

  0
XRECORD
  5
2900
102
{ACAD_REACTORS
330
28FF
102
}
330
28FF
100
AcDbXrecord
280
     1
102
RTVSPost2010Prop28
280
     1
102
RTVSPost2010PropOp28
 70
     1
102
RTVSPost2010Prop29
280
     1
102
RTVSPost2010PropOp29
 70
     1
102
RTVSPost2010Prop30
280
     0
102
RTVSPost2010PropOp30
 70
     1
102
RTVSPost2010Prop31
280
     0
102
RTVSPost2010PropOp31
 70
     1
102
RTVSPost2010Prop32
280
     0
102
RTVSPost2010PropOp32
 70
     1
102
RTVSPost2010Prop33
280
     0
102
RTVSPost2010PropOp33
 70
     1
102
RTVSPost2010Prop34
280
     0
102
RTVSPost2010PropOp34
 70
     1
102
RTVSPost2010Prop35
280
     0
102
RTVSPost2010PropOp35
 70
     1
102
RTVSPost2010Prop36
280
     0
102
RTVSPost2010PropOp36
 70
     1
102
RTVSPost2010Prop37
 90
       50
102
RTVSPost2010PropOp37
 70
     1
102
RTVSPost2010Prop38
140
0.0
102
RTVSPost2010PropOp38
 70
     1
102
RTVSPost2010Prop39
140
1.0
102
RTVSPost2010PropOp39
 70
     1
102
RTVSPost2010Prop40
 90
        0
102
RTVSPost2010PropOp40
 70
     1
102
RTVSPost2010Prop41ColorIndex
 90
       18
102
RTVSPost2010Prop41ColorRGB
 90
        0
102
RTVSPost2010PropOp41
 70
     1
102
RTVSPost2010Prop42
 90
       50
102
RTVSPost2010PropOp42
 70
     1
102
RTVSPost2010Prop43
 90
        3
102
RTVSPost2010PropOp43
 70
     1
102
RTVSPost2010Prop44ColorIndex
 90
        5
102
RTVSPost2010Prop44ColorRGB
 90
      255
102
RTVSPost2010PropOp44
 70
     1
102
RTVSPost2010Prop45
280
     0
102
RTVSPost2010PropOp45
 70
     1
102
RTVSPost2010Prop46
 90
       50
102
RTVSPost2010PropOp46
 70
     1
102
RTVSPost2010Prop47
 90
       50
102
RTVSPost2010PropOp47
 70
     1
102
RTVSPost2010Prop48
 90
       50
102
RTVSPost2010PropOp48
 70
     1
102
RTVSPost2010Prop49
280
     0
102
RTVSPost2010PropOp49
 70
     1
102
RTVSPost2010Prop50
 90
       50
102
RTVSPost2010PropOp50
 70
     1
102
RTVSPost2010Prop51ColorIndex
 90
      256
102
RTVSPost2010Prop51ColorRGB
 90
-16777216
102
RTVSPost2010PropOp51
 70
     0
102
RTVSPost2010Prop52
140
1.0
102
RTVSPost2010PropOp52
 70
     0
102
RTVSPost2010Prop53
 90
        2
102
RTVSPost2010PropOp53
 70
     1
102
RTVSPost2010Prop54
  1
strokes_ogs.tif
102
RTVSPost2010PropOp54
 70
     1
102
RTVSPost2010Prop55
280
     0
102
RTVSPost2010PropOp55
 70
     1
102
RTVSPost2010Prop56
140
1.0
102
RTVSPost2010PropOp56
 70
     1
102
RTVSPost2010Prop57
140
1.0
102
RTVSPost2010PropOp57
 70
     1
102
RTVSPropertyOp0
 70
     1
102
RTVSPropertyOp1
 70
     1
102
RTVSPropertyOp2
 70
     1
102
RTVSPropertyOp3
 70
     1
102
RTVSPropertyOp4
 70
     1
102
RTVSPropertyOp5
 70
     1
102
RTVSPropertyOp6
 70
     1
102
RTVSPropertyOp7
 70
     1
102
RTVSPropertyOp8
 70
     1
102
RTVSPropertyOp9
 70
     1
102
RTVSPropertyOp10
 70
     1
102
RTVSPropertyOp11
 70
     1
102
RTVSPropertyOp12
 70
     1
102
RTVSPropertyOp13
 70
     1
102
RTVSPropertyOp14
 70
     1
102
RTVSPropertyOp15
 70
     1
102
RTVSPropertyOp16
 70
     1
102
RTVSPropertyOp17
 70
     1
102
RTVSPropertyOp18
 70
     1
102
RTVSPropertyOp19
 70
     1
102
RTVSPropertyOp20
 70
     1
102
RTVSPropertyOp21
 70
     1
102
RTVSPropertyOp22
 70
     1
102
RTVSPropertyOp23
 70
     1
102
RTVSPropertyOp24
 70
     1
102
RTVSPropertyOp25
 70
     1
102
RTVSPropertyOp26
 70
     1
102
RTVSPropertyOp27
 70
     1
102
RTVSPropertyOp28
 70
     1
102
RTVSPropertyOp29
 70
     1
102
RTVSPropertyOp30
 70
     1
102
RTVSPropertyOp31
 70
     1
102
RTVSPropertyOp32
 70
     1
102
RTVSPropertyOp33
 70
     1
102
RTVSPropertyOp34
 70
     1
102
RTVSPropertyOp35
 70
     1
102
RTVSPropertyOp36
 70
     1
102
RTVSPropertyOp37
 70
     1
102
RTVSPropertyOp38
 70
     1
102
RTVSPropertyOp39
 70
     1
102
RTVSPropertyOp40
 70
     1
102
RTVSPropertyOp41
 70
     1
102
RTVSPropertyOp42
 70
     1
102
RTVSPropertyOp43
 70
     1
102
RTVSPropertyOp44
 70
     1
102
RTVSPropertyOp45
 70
     1
102
RTVSPropertyOp46
 70
     1
102
RTVSPropertyOp47
 70
     1
102
RTVSPropertyOp48
 70
     1
102
RTVSPropertyOp49
 70
     1
102
RTVSPropertyOp50
 70
     1
102
RTVSPropertyOp51
 70
     0
102
RTVSPropertyOp52
 70
     0
102
RTVSPropertyOp53
 70
     1
102
RTVSPropertyOp54
 70
     1
102
RTVSPropertyOp55
 70
     1
102
RTVSPropertyOp56
 70
     1
102
RTVSPropertyOp57
 70
     1
102
RTVSPropertyOp58
 70
     1
102
RTVSPropertyOp59
 70
     1
102
RTVSPropertyOp60
 70
     1
102
RTVSPropertyOp61
 70
     1
102
RTVSPropertyOp62
 70
     1
  0
XRECORD
  5
2904
102
{ACAD_REACTORS
330
2903
102
}
330
2903
100
AcDbXrecord
280
     1
102
RTVSPost2010Prop28
280
     0
102
RTVSPost2010PropOp28
 70
     1
102
RTVSPost2010Prop29
280
     1
102
RTVSPost2010PropOp29
 70
     1
102
RTVSPost2010Prop30
280
     1
102
RTVSPost2010PropOp30
 70
     1
102
RTVSPost2010Prop31
280
     0
102
RTVSPost2010PropOp31
 70
     1
102
RTVSPost2010Prop32
280
     0
102
RTVSPost2010PropOp32
 70
     1
102
RTVSPost2010Prop33
280
     0
102
RTVSPost2010PropOp33
 70
     1
102
RTVSPost2010Prop34
280
     0
102
RTVSPost2010PropOp34
 70
     1
102
RTVSPost2010Prop35
280
     0
102
RTVSPost2010PropOp35
 70
     1
102
RTVSPost2010Prop36
280
     0
102
RTVSPost2010PropOp36
 70
     1
102
RTVSPost2010Prop37
 90
       50
102
RTVSPost2010PropOp37
 70
     1
102
RTVSPost2010Prop38
140
0.0
102
RTVSPost2010PropOp38
 70
     1
102
RTVSPost2010Prop39
140
1.0
102
RTVSPost2010PropOp39
 70
     1
102
RTVSPost2010Prop40
 90
        0
102
RTVSPost2010PropOp40
 70
     1
102
RTVSPost2010Prop41ColorIndex
 90
       18
102
RTVSPost2010Prop41ColorRGB
 90
        0
102
RTVSPost2010PropOp41
 70
     1
102
RTVSPost2010Prop42
 90
       50
102
RTVSPost2010PropOp42
 70
     1
102
RTVSPost2010Prop43
 90
        3
102
RTVSPost2010PropOp43
 70
     1
102
RTVSPost2010Prop44ColorIndex
 90
        5
102
RTVSPost2010Prop44ColorRGB
 90
      255
102
RTVSPost2010PropOp44
 70
     1
102
RTVSPost2010Prop45
280
     0
102
RTVSPost2010PropOp45
 70
     1
102
RTVSPost2010Prop46
 90
       50
102
RTVSPost2010PropOp46
 70
     1
102
RTVSPost2010Prop47
 90
       50
102
RTVSPost2010PropOp47
 70
     1
102
RTVSPost2010Prop48
 90
       50
102
RTVSPost2010PropOp48
 70
     1
102
RTVSPost2010Prop49
280
     0
102
RTVSPost2010PropOp49
 70
     1
102
RTVSPost2010Prop50
 90
       50
102
RTVSPost2010PropOp50
 70
     1
102
RTVSPost2010Prop51ColorIndex
 90
      256
102
RTVSPost2010Prop51ColorRGB
 90
-16777216
102
RTVSPost2010PropOp51
 70
     0
102
RTVSPost2010Prop52
140
1.0
102
RTVSPost2010PropOp52
 70
     0
102
RTVSPost2010Prop53
 90
        2
102
RTVSPost2010PropOp53
 70
     1
102
RTVSPost2010Prop54
  1
strokes_ogs.tif
102
RTVSPost2010PropOp54
 70
     1
102
RTVSPost2010Prop55
280
     0
102
RTVSPost2010PropOp55
 70
     1
102
RTVSPost2010Prop56
140
1.0
102
RTVSPost2010PropOp56
 70
     1
102
RTVSPost2010Prop57
140
1.0
102
RTVSPost2010PropOp57
 70
     1
102
RTVSPropertyOp0
 70
     1
102
RTVSPropertyOp1
 70
     1
102
RTVSPropertyOp2
 70
     1
102
RTVSPropertyOp3
 70
     1
102
RTVSPropertyOp4
 70
     1
102
RTVSPropertyOp5
 70
     1
102
RTVSPropertyOp6
 70
     1
102
RTVSPropertyOp7
 70
     1
102
RTVSPropertyOp8
 70
     1
102
RTVSPropertyOp9
 70
     1
102
RTVSPropertyOp10
 70
     1
102
RTVSPropertyOp11
 70
     1
102
RTVSPropertyOp12
 70
     1
102
RTVSPropertyOp13
 70
     1
102
RTVSPropertyOp14
 70
     1
102
RTVSPropertyOp15
 70
     1
102
RTVSPropertyOp16
 70
     1
102
RTVSPropertyOp17
 70
     1
102
RTVSPropertyOp18
 70
     1
102
RTVSPropertyOp19
 70
     1
102
RTVSPropertyOp20
 70
     1
102
RTVSPropertyOp21
 70
     1
102
RTVSPropertyOp22
 70
     1
102
RTVSPropertyOp23
 70
     1
102
RTVSPropertyOp24
 70
     1
102
RTVSPropertyOp25
 70
     1
102
RTVSPropertyOp26
 70
     1
102
RTVSPropertyOp27
 70
     1
102
RTVSPropertyOp28
 70
     1
102
RTVSPropertyOp29
 70
     1
102
RTVSPropertyOp30
 70
     1
102
RTVSPropertyOp31
 70
     1
102
RTVSPropertyOp32
 70
     1
102
RTVSPropertyOp33
 70
     1
102
RTVSPropertyOp34
 70
     1
102
RTVSPropertyOp35
 70
     1
102
RTVSPropertyOp36
 70
     1
102
RTVSPropertyOp37
 70
     1
102
RTVSPropertyOp38
 70
     1
102
RTVSPropertyOp39
 70
     1
102
RTVSPropertyOp40
 70
     1
102
RTVSPropertyOp41
 70
     1
102
RTVSPropertyOp42
 70
     1
102
RTVSPropertyOp43
 70
     1
102
RTVSPropertyOp44
 70
     1
102
RTVSPropertyOp45
 70
     1
102
RTVSPropertyOp46
 70
     1
102
RTVSPropertyOp47
 70
     1
102
RTVSPropertyOp48
 70
     1
102
RTVSPropertyOp49
 70
     1
102
RTVSPropertyOp50
 70
     1
102
RTVSPropertyOp51
 70
     0
102
RTVSPropertyOp52
 70
     0
102
RTVSPropertyOp53
 70
     1
102
RTVSPropertyOp54
 70
     1
102
RTVSPropertyOp55
 70
     1
102
RTVSPropertyOp56
 70
     1
102
RTVSPropertyOp57
 70
     1
102
RTVSPropertyOp58
 70
     1
102
RTVSPropertyOp59
 70
     1
102
RTVSPropertyOp60
 70
     1
102
RTVSPropertyOp61
 70
     1
102
RTVSPropertyOp62
 70
     1
  0
XRECORD
  5
2902
102
{ACAD_REACTORS
330
2901
102
}
330
2901
100
AcDbXrecord
280
     1
102
RTVSPost2010Prop28
280
     0
102
RTVSPost2010PropOp28
 70
     1
102
RTVSPost2010Prop29
280
     1
102
RTVSPost2010PropOp29
 70
     1
102
RTVSPost2010Prop30
280
     1
102
RTVSPost2010PropOp30
 70
     1
102
RTVSPost2010Prop31
280
     0
102
RTVSPost2010PropOp31
 70
     1
102
RTVSPost2010Prop32
280
     0
102
RTVSPost2010PropOp32
 70
     1
102
RTVSPost2010Prop33
280
     0
102
RTVSPost2010PropOp33
 70
     1
102
RTVSPost2010Prop34
280
     0
102
RTVSPost2010PropOp34
 70
     1
102
RTVSPost2010Prop35
280
     0
102
RTVSPost2010PropOp35
 70
     1
102
RTVSPost2010Prop36
280
     0
102
RTVSPost2010PropOp36
 70
     1
102
RTVSPost2010Prop37
 90
       50
102
RTVSPost2010PropOp37
 70
     1
102
RTVSPost2010Prop38
140
0.0
102
RTVSPost2010PropOp38
 70
     1
102
RTVSPost2010Prop39
140
1.0
102
RTVSPost2010PropOp39
 70
     1
102
RTVSPost2010Prop40
 90
        0
102
RTVSPost2010PropOp40
 70
     1
102
RTVSPost2010Prop41ColorIndex
 90
       18
102
RTVSPost2010Prop41ColorRGB
 90
        0
102
RTVSPost2010PropOp41
 70
     1
102
RTVSPost2010Prop42
 90
       50
102
RTVSPost2010PropOp42
 70
     1
102
RTVSPost2010Prop43
 90
        3
102
RTVSPost2010PropOp43
 70
     1
102
RTVSPost2010Prop44ColorIndex
 90
        5
102
RTVSPost2010Prop44ColorRGB
 90
      255
102
RTVSPost2010PropOp44
 70
     1
102
RTVSPost2010Prop45
280
     0
102
RTVSPost2010PropOp45
 70
     1
102
RTVSPost2010Prop46
 90
       50
102
RTVSPost2010PropOp46
 70
     1
102
RTVSPost2010Prop47
 90
       50
102
RTVSPost2010PropOp47
 70
     1
102
RTVSPost2010Prop48
 90
       50
102
RTVSPost2010PropOp48
 70
     1
102
RTVSPost2010Prop49
280
     0
102
RTVSPost2010PropOp49
 70
     1
102
RTVSPost2010Prop50
 90
       50
102
RTVSPost2010PropOp50
 70
     1
102
RTVSPost2010Prop51ColorIndex
 90
      256
102
RTVSPost2010Prop51ColorRGB
 90
-16777216
102
RTVSPost2010PropOp51
 70
     0
102
RTVSPost2010Prop52
140
1.0
102
RTVSPost2010PropOp52
 70
     0
102
RTVSPost2010Prop53
 90
        2
102
RTVSPost2010PropOp53
 70
     1
102
RTVSPost2010Prop54
  1
strokes_ogs.tif
102
RTVSPost2010PropOp54
 70
     1
102
RTVSPost2010Prop55
280
     0
102
RTVSPost2010PropOp55
 70
     1
102
RTVSPost2010Prop56
140
1.0
102
RTVSPost2010PropOp56
 70
     1
102
RTVSPost2010Prop57
140
1.0
102
RTVSPost2010PropOp57
 70
     1
102
RTVSPropertyOp0
 70
     1
102
RTVSPropertyOp1
 70
     1
102
RTVSPropertyOp2
 70
     1
102
RTVSPropertyOp3
 70
     1
102
RTVSPropertyOp4
 70
     1
102
RTVSPropertyOp5
 70
     1
102
RTVSPropertyOp6
 70
     1
102
RTVSPropertyOp7
 70
     1
102
RTVSPropertyOp8
 70
     1
102
RTVSPropertyOp9
 70
     1
102
RTVSPropertyOp10
 70
     1
102
RTVSPropertyOp11
 70
     1
102
RTVSPropertyOp12
 70
     1
102
RTVSPropertyOp13
 70
     1
102
RTVSPropertyOp14
 70
     1
102
RTVSPropertyOp15
 70
     1
102
RTVSPropertyOp16
 70
     1
102
RTVSPropertyOp17
 70
     1
102
RTVSPropertyOp18
 70
     1
102
RTVSPropertyOp19
 70
     1
102
RTVSPropertyOp20
 70
     1
102
RTVSPropertyOp21
 70
     1
102
RTVSPropertyOp22
 70
     1
102
RTVSPropertyOp23
 70
     1
102
RTVSPropertyOp24
 70
     1
102
RTVSPropertyOp25
 70
     1
102
RTVSPropertyOp26
 70
     1
102
RTVSPropertyOp27
 70
     1
102
RTVSPropertyOp28
 70
     1
102
RTVSPropertyOp29
 70
     1
102
RTVSPropertyOp30
 70
     1
102
RTVSPropertyOp31
 70
     1
102
RTVSPropertyOp32
 70
     1
102
RTVSPropertyOp33
 70
     1
102
RTVSPropertyOp34
 70
     1
102
RTVSPropertyOp35
 70
     1
102
RTVSPropertyOp36
 70
     1
102
RTVSPropertyOp37
 70
     1
102
RTVSPropertyOp38
 70
     1
102
RTVSPropertyOp39
 70
     1
102
RTVSPropertyOp40
 70
     1
102
RTVSPropertyOp41
 70
     1
102
RTVSPropertyOp42
 70
     1
102
RTVSPropertyOp43
 70
     1
102
RTVSPropertyOp44
 70
     1
102
RTVSPropertyOp45
 70
     1
102
RTVSPropertyOp46
 70
     1
102
RTVSPropertyOp47
 70
     1
102
RTVSPropertyOp48
 70
     1
102
RTVSPropertyOp49
 70
     1
102
RTVSPropertyOp50
 70
     1
102
RTVSPropertyOp51
 70
     0
102
RTVSPropertyOp52
 70
     0
102
RTVSPropertyOp53
 70
     1
102
RTVSPropertyOp54
 70
     1
102
RTVSPropertyOp55
 70
     1
102
RTVSPropertyOp56
 70
     1
102
RTVSPropertyOp57
 70
     1
102
RTVSPropertyOp58
 70
     1
102
RTVSPropertyOp59
 70
     1
102
RTVSPropertyOp60
 70
     1
102
RTVSPropertyOp61
 70
     1
102
RTVSPropertyOp62
 70
     1
  0
XRECORD
  5
28FE
102
{ACAD_REACTORS
330
28FD
102
}
330
28FD
100
AcDbXrecord
280
     1
102
RTVSPost2010Prop28
280
     0
102
RTVSPost2010PropOp28
 70
     1
102
RTVSPost2010Prop29
280
     1
102
RTVSPost2010PropOp29
 70
     1
102
RTVSPost2010Prop30
280
     1
102
RTVSPost2010PropOp30
 70
     1
102
RTVSPost2010Prop31
280
     0
102
RTVSPost2010PropOp31
 70
     1
102
RTVSPost2010Prop32
280
     0
102
RTVSPost2010PropOp32
 70
     1
102
RTVSPost2010Prop33
280
     0
102
RTVSPost2010PropOp33
 70
     1
102
RTVSPost2010Prop34
280
     0
102
RTVSPost2010PropOp34
 70
     1
102
RTVSPost2010Prop35
280
     0
102
RTVSPost2010PropOp35
 70
     1
102
RTVSPost2010Prop36
280
     0
102
RTVSPost2010PropOp36
 70
     1
102
RTVSPost2010Prop37
 90
       50
102
RTVSPost2010PropOp37
 70
     1
102
RTVSPost2010Prop38
140
0.0
102
RTVSPost2010PropOp38
 70
     1
102
RTVSPost2010Prop39
140
1.0
102
RTVSPost2010PropOp39
 70
     1
102
RTVSPost2010Prop40
 90
        0
102
RTVSPost2010PropOp40
 70
     1
102
RTVSPost2010Prop41ColorIndex
 90
       18
102
RTVSPost2010Prop41ColorRGB
 90
        0
102
RTVSPost2010PropOp41
 70
     1
102
RTVSPost2010Prop42
 90
       50
102
RTVSPost2010PropOp42
 70
     1
102
RTVSPost2010Prop43
 90
        3
102
RTVSPost2010PropOp43
 70
     1
102
RTVSPost2010Prop44ColorIndex
 90
        5
102
RTVSPost2010Prop44ColorRGB
 90
      255
102
RTVSPost2010PropOp44
 70
     1
102
RTVSPost2010Prop45
280
     0
102
RTVSPost2010PropOp45
 70
     1
102
RTVSPost2010Prop46
 90
       50
102
RTVSPost2010PropOp46
 70
     1
102
RTVSPost2010Prop47
 90
       50
102
RTVSPost2010PropOp47
 70
     1
102
RTVSPost2010Prop48
 90
       50
102
RTVSPost2010PropOp48
 70
     1
102
RTVSPost2010Prop49
280
     0
102
RTVSPost2010PropOp49
 70
     1
102
RTVSPost2010Prop50
 90
       50
102
RTVSPost2010PropOp50
 70
     1
102
RTVSPost2010Prop51ColorIndex
 90
      256
102
RTVSPost2010Prop51ColorRGB
 90
-16777216
102
RTVSPost2010PropOp51
 70
     0
102
RTVSPost2010Prop52
140
1.0
102
RTVSPost2010PropOp52
 70
     0
102
RTVSPost2010Prop53
 90
        2
102
RTVSPost2010PropOp53
 70
     1
102
RTVSPost2010Prop54
  1
strokes_ogs.tif
102
RTVSPost2010PropOp54
 70
     1
102
RTVSPost2010Prop55
280
     0
102
RTVSPost2010PropOp55
 70
     1
102
RTVSPost2010Prop56
140
1.0
102
RTVSPost2010PropOp56
 70
     1
102
RTVSPost2010Prop57
140
1.0
102
RTVSPost2010PropOp57
 70
     1
102
RTVSPropertyOp0
 70
     1
102
RTVSPropertyOp1
 70
     1
102
RTVSPropertyOp2
 70
     1
102
RTVSPropertyOp3
 70
     1
102
RTVSPropertyOp4
 70
     1
102
RTVSPropertyOp5
 70
     1
102
RTVSPropertyOp6
 70
     1
102
RTVSPropertyOp7
 70
     1
102
RTVSPropertyOp8
 70
     1
102
RTVSPropertyOp9
 70
     1
102
RTVSPropertyOp10
 70
     1
102
RTVSPropertyOp11
 70
     1
102
RTVSPropertyOp12
 70
     1
102
RTVSPropertyOp13
 70
     1
102
RTVSPropertyOp14
 70
     1
102
RTVSPropertyOp15
 70
     1
102
RTVSPropertyOp16
 70
     1
102
RTVSPropertyOp17
 70
     1
102
RTVSPropertyOp18
 70
     1
102
RTVSPropertyOp19
 70
     1
102
RTVSPropertyOp20
 70
     1
102
RTVSPropertyOp21
 70
     1
102
RTVSPropertyOp22
 70
     1
102
RTVSPropertyOp23
 70
     1
102
RTVSPropertyOp24
 70
     1
102
RTVSPropertyOp25
 70
     1
102
RTVSPropertyOp26
 70
     1
102
RTVSPropertyOp27
 70
     1
102
RTVSPropertyOp28
 70
     1
102
RTVSPropertyOp29
 70
     1
102
RTVSPropertyOp30
 70
     1
102
RTVSPropertyOp31
 70
     1
102
RTVSPropertyOp32
 70
     1
102
RTVSPropertyOp33
 70
     1
102
RTVSPropertyOp34
 70
     1
102
RTVSPropertyOp35
 70
     1
102
RTVSPropertyOp36
 70
     1
102
RTVSPropertyOp37
 70
     1
102
RTVSPropertyOp38
 70
     1
102
RTVSPropertyOp39
 70
     1
102
RTVSPropertyOp40
 70
     1
102
RTVSPropertyOp41
 70
     1
102
RTVSPropertyOp42
 70
     1
102
RTVSPropertyOp43
 70
     1
102
RTVSPropertyOp44
 70
     1
102
RTVSPropertyOp45
 70
     1
102
RTVSPropertyOp46
 70
     1
102
RTVSPropertyOp47
 70
     1
102
RTVSPropertyOp48
 70
     1
102
RTVSPropertyOp49
 70
     1
102
RTVSPropertyOp50
 70
     1
102
RTVSPropertyOp51
 70
     0
102
RTVSPropertyOp52
 70
     0
102
RTVSPropertyOp53
 70
     1
102
RTVSPropertyOp54
 70
     1
102
RTVSPropertyOp55
 70
     1
102
RTVSPropertyOp56
 70
     1
102
RTVSPropertyOp57
 70
     1
102
RTVSPropertyOp58
 70
     1
102
RTVSPropertyOp59
 70
     1
102
RTVSPropertyOp60
 70
     1
102
RTVSPropertyOp61
 70
     1
102
RTVSPropertyOp62
 70
     1
  0
XRECORD
  5
290C
102
{ACAD_REACTORS
330
290B
102
}
330
290B
100
AcDbXrecord
280
     1
102
RTVSPost2010Prop28
280
     0
102
RTVSPost2010PropOp28
 70
     1
102
RTVSPost2010Prop29
280
     1
102
RTVSPost2010PropOp29
 70
     1
102
RTVSPost2010Prop30
280
     1
102
RTVSPost2010PropOp30
 70
     1
102
RTVSPost2010Prop31
280
     0
102
RTVSPost2010PropOp31
 70
     1
102
RTVSPost2010Prop32
280
     0
102
RTVSPost2010PropOp32
 70
     1
102
RTVSPost2010Prop33
280
     0
102
RTVSPost2010PropOp33
 70
     1
102
RTVSPost2010Prop34
280
     0
102
RTVSPost2010PropOp34
 70
     1
102
RTVSPost2010Prop35
280
     0
102
RTVSPost2010PropOp35
 70
     1
102
RTVSPost2010Prop36
280
     0
102
RTVSPost2010PropOp36
 70
     1
102
RTVSPost2010Prop37
 90
       50
102
RTVSPost2010PropOp37
 70
     1
102
RTVSPost2010Prop38
140
0.0
102
RTVSPost2010PropOp38
 70
     1
102
RTVSPost2010Prop39
140
1.0
102
RTVSPost2010PropOp39
 70
     1
102
RTVSPost2010Prop40
 90
        0
102
RTVSPost2010PropOp40
 70
     1
102
RTVSPost2010Prop41ColorIndex
 90
       18
102
RTVSPost2010Prop41ColorRGB
 90
        0
102
RTVSPost2010PropOp41
 70
     1
102
RTVSPost2010Prop42
 90
       50
102
RTVSPost2010PropOp42
 70
     1
102
RTVSPost2010Prop43
 90
        3
102
RTVSPost2010PropOp43
 70
     1
102
RTVSPost2010Prop44ColorIndex
 90
        5
102
RTVSPost2010Prop44ColorRGB
 90
      255
102
RTVSPost2010PropOp44
 70
     1
102
RTVSPost2010Prop45
280
     0
102
RTVSPost2010PropOp45
 70
     1
102
RTVSPost2010Prop46
 90
       50
102
RTVSPost2010PropOp46
 70
     1
102
RTVSPost2010Prop47
 90
       50
102
RTVSPost2010PropOp47
 70
     1
102
RTVSPost2010Prop48
 90
       50
102
RTVSPost2010PropOp48
 70
     1
102
RTVSPost2010Prop49
280
     0
102
RTVSPost2010PropOp49
 70
     1
102
RTVSPost2010Prop50
 90
       50
102
RTVSPost2010PropOp50
 70
     1
102
RTVSPost2010Prop51ColorIndex
 90
      256
102
RTVSPost2010Prop51ColorRGB
 90
-16777216
102
RTVSPost2010PropOp51
 70
     0
102
RTVSPost2010Prop52
140
1.0
102
RTVSPost2010PropOp52
 70
     0
102
RTVSPost2010Prop53
 90
        2
102
RTVSPost2010PropOp53
 70
     1
102
RTVSPost2010Prop54
  1
strokes_ogs.tif
102
RTVSPost2010PropOp54
 70
     1
102
RTVSPost2010Prop55
280
     0
102
RTVSPost2010PropOp55
 70
     1
102
RTVSPost2010Prop56
140
1.0
102
RTVSPost2010PropOp56
 70
     1
102
RTVSPost2010Prop57
140
1.0
102
RTVSPost2010PropOp57
 70
     1
102
RTVSPropertyOp0
 70
     1
102
RTVSPropertyOp1
 70
     1
102
RTVSPropertyOp2
 70
     1
102
RTVSPropertyOp3
 70
     1
102
RTVSPropertyOp4
 70
     1
102
RTVSPropertyOp5
 70
     1
102
RTVSPropertyOp6
 70
     1
102
RTVSPropertyOp7
 70
     1
102
RTVSPropertyOp8
 70
     1
102
RTVSPropertyOp9
 70
     1
102
RTVSPropertyOp10
 70
     1
102
RTVSPropertyOp11
 70
     1
102
RTVSPropertyOp12
 70
     1
102
RTVSPropertyOp13
 70
     1
102
RTVSPropertyOp14
 70
     1
102
RTVSPropertyOp15
 70
     1
102
RTVSPropertyOp16
 70
     1
102
RTVSPropertyOp17
 70
     1
102
RTVSPropertyOp18
 70
     1
102
RTVSPropertyOp19
 70
     1
102
RTVSPropertyOp20
 70
     1
102
RTVSPropertyOp21
 70
     1
102
RTVSPropertyOp22
 70
     1
102
RTVSPropertyOp23
 70
     1
102
RTVSPropertyOp24
 70
     1
102
RTVSPropertyOp25
 70
     1
102
RTVSPropertyOp26
 70
     1
102
RTVSPropertyOp27
 70
     1
102
RTVSPropertyOp28
 70
     1
102
RTVSPropertyOp29
 70
     1
102
RTVSPropertyOp30
 70
     1
102
RTVSPropertyOp31
 70
     1
102
RTVSPropertyOp32
 70
     1
102
RTVSPropertyOp33
 70
     1
102
RTVSPropertyOp34
 70
     1
102
RTVSPropertyOp35
 70
     1
102
RTVSPropertyOp36
 70
     1
102
RTVSPropertyOp37
 70
     1
102
RTVSPropertyOp38
 70
     1
102
RTVSPropertyOp39
 70
     1
102
RTVSPropertyOp40
 70
     1
102
RTVSPropertyOp41
 70
     1
102
RTVSPropertyOp42
 70
     1
102
RTVSPropertyOp43
 70
     1
102
RTVSPropertyOp44
 70
     1
102
RTVSPropertyOp45
 70
     1
102
RTVSPropertyOp46
 70
     1
102
RTVSPropertyOp47
 70
     1
102
RTVSPropertyOp48
 70
     1
102
RTVSPropertyOp49
 70
     1
102
RTVSPropertyOp50
 70
     1
102
RTVSPropertyOp51
 70
     0
102
RTVSPropertyOp52
 70
     0
102
RTVSPropertyOp53
 70
     1
102
RTVSPropertyOp54
 70
     1
102
RTVSPropertyOp55
 70
     1
102
RTVSPropertyOp56
 70
     1
102
RTVSPropertyOp57
 70
     1
102
RTVSPropertyOp58
 70
     1
102
RTVSPropertyOp59
 70
     1
102
RTVSPropertyOp60
 70
     1
102
RTVSPropertyOp61
 70
     1
102
RTVSPropertyOp62
 70
     1
  0
XRECORD
  5
2914
102
{ACAD_REACTORS
330
2913
102
}
330
2913
100
AcDbXrecord
280
     1
102
RTVSPost2010Prop28
280
     0
102
RTVSPost2010PropOp28
 70
     1
102
RTVSPost2010Prop29
280
     1
102
RTVSPost2010PropOp29
 70
     1
102
RTVSPost2010Prop30
280
     1
102
RTVSPost2010PropOp30
 70
     1
102
RTVSPost2010Prop31
280
     0
102
RTVSPost2010PropOp31
 70
     1
102
RTVSPost2010Prop32
280
     0
102
RTVSPost2010PropOp32
 70
     1
102
RTVSPost2010Prop33
280
     0
102
RTVSPost2010PropOp33
 70
     1
102
RTVSPost2010Prop34
280
     0
102
RTVSPost2010PropOp34
 70
     1
102
RTVSPost2010Prop35
280
     0
102
RTVSPost2010PropOp35
 70
     1
102
RTVSPost2010Prop36
280
     0
102
RTVSPost2010PropOp36
 70
     1
102
RTVSPost2010Prop37
 90
       50
102
RTVSPost2010PropOp37
 70
     1
102
RTVSPost2010Prop38
140
0.0
102
RTVSPost2010PropOp38
 70
     1
102
RTVSPost2010Prop39
140
1.0
102
RTVSPost2010PropOp39
 70
     1
102
RTVSPost2010Prop40
 90
        0
102
RTVSPost2010PropOp40
 70
     1
102
RTVSPost2010Prop41ColorIndex
 90
       18
102
RTVSPost2010Prop41ColorRGB
 90
        0
102
RTVSPost2010PropOp41
 70
     1
102
RTVSPost2010Prop42
 90
       50
102
RTVSPost2010PropOp42
 70
     1
102
RTVSPost2010Prop43
 90
        3
102
RTVSPost2010PropOp43
 70
     1
102
RTVSPost2010Prop44ColorIndex
 90
        5
102
RTVSPost2010Prop44ColorRGB
 90
      255
102
RTVSPost2010PropOp44
 70
     1
102
RTVSPost2010Prop45
280
     0
102
RTVSPost2010PropOp45
 70
     1
102
RTVSPost2010Prop46
 90
       50
102
RTVSPost2010PropOp46
 70
     1
102
RTVSPost2010Prop47
 90
       50
102
RTVSPost2010PropOp47
 70
     1
102
RTVSPost2010Prop48
 90
       50
102
RTVSPost2010PropOp48
 70
     1
102
RTVSPost2010Prop49
280
     0
102
RTVSPost2010PropOp49
 70
     1
102
RTVSPost2010Prop50
 90
       50
102
RTVSPost2010PropOp50
 70
     1
102
RTVSPost2010Prop51ColorIndex
 90
      256
102
RTVSPost2010Prop51ColorRGB
 90
-16777216
102
RTVSPost2010PropOp51
 70
     0
102
RTVSPost2010Prop52
140
1.0
102
RTVSPost2010PropOp52
 70
     0
102
RTVSPost2010Prop53
 90
        2
102
RTVSPost2010PropOp53
 70
     1
102
RTVSPost2010Prop54
  1
strokes_ogs.tif
102
RTVSPost2010PropOp54
 70
     1
102
RTVSPost2010Prop55
280
     0
102
RTVSPost2010PropOp55
 70
     1
102
RTVSPost2010Prop56
140
1.0
102
RTVSPost2010PropOp56
 70
     1
102
RTVSPost2010Prop57
140
1.0
102
RTVSPost2010PropOp57
 70
     1
102
RTVSPropertyOp0
 70
     1
102
RTVSPropertyOp1
 70
     1
102
RTVSPropertyOp2
 70
     1
102
RTVSPropertyOp3
 70
     1
102
RTVSPropertyOp4
 70
     1
102
RTVSPropertyOp5
 70
     1
102
RTVSPropertyOp6
 70
     1
102
RTVSPropertyOp7
 70
     1
102
RTVSPropertyOp8
 70
     1
102
RTVSPropertyOp9
 70
     1
102
RTVSPropertyOp10
 70
     1
102
RTVSPropertyOp11
 70
     1
102
RTVSPropertyOp12
 70
     1
102
RTVSPropertyOp13
 70
     1
102
RTVSPropertyOp14
 70
     1
102
RTVSPropertyOp15
 70
     1
102
RTVSPropertyOp16
 70
     1
102
RTVSPropertyOp17
 70
     1
102
RTVSPropertyOp18
 70
     1
102
RTVSPropertyOp19
 70
     1
102
RTVSPropertyOp20
 70
     1
102
RTVSPropertyOp21
 70
     1
102
RTVSPropertyOp22
 70
     1
102
RTVSPropertyOp23
 70
     1
102
RTVSPropertyOp24
 70
     1
102
RTVSPropertyOp25
 70
     1
102
RTVSPropertyOp26
 70
     1
102
RTVSPropertyOp27
 70
     1
102
RTVSPropertyOp28
 70
     1
102
RTVSPropertyOp29
 70
     1
102
RTVSPropertyOp30
 70
     1
102
RTVSPropertyOp31
 70
     1
102
RTVSPropertyOp32
 70
     1
102
RTVSPropertyOp33
 70
     1
102
RTVSPropertyOp34
 70
     1
102
RTVSPropertyOp35
 70
     1
102
RTVSPropertyOp36
 70
     1
102
RTVSPropertyOp37
 70
     1
102
RTVSPropertyOp38
 70
     1
102
RTVSPropertyOp39
 70
     1
102
RTVSPropertyOp40
 70
     1
102
RTVSPropertyOp41
 70
     1
102
RTVSPropertyOp42
 70
     1
102
RTVSPropertyOp43
 70
     1
102
RTVSPropertyOp44
 70
     1
102
RTVSPropertyOp45
 70
     1
102
RTVSPropertyOp46
 70
     1
102
RTVSPropertyOp47
 70
     1
102
RTVSPropertyOp48
 70
     1
102
RTVSPropertyOp49
 70
     1
102
RTVSPropertyOp50
 70
     1
102
RTVSPropertyOp51
 70
     0
102
RTVSPropertyOp52
 70
     0
102
RTVSPropertyOp53
 70
     1
102
RTVSPropertyOp54
 70
     1
102
RTVSPropertyOp55
 70
     1
102
RTVSPropertyOp56
 70
     1
102
RTVSPropertyOp57
 70
     1
102
RTVSPropertyOp58
 70
     1
102
RTVSPropertyOp59
 70
     1
102
RTVSPropertyOp60
 70
     1
102
RTVSPropertyOp61
 70
     1
102
RTVSPropertyOp62
 70
     1
  0
XRECORD
  5
2906
102
{ACAD_REACTORS
330
2905
102
}
330
2905
100
AcDbXrecord
280
     1
102
RTVSPost2010Prop28
280
     0
102
RTVSPost2010PropOp28
 70
     1
102
RTVSPost2010Prop29
280
     1
102
RTVSPost2010PropOp29
 70
     1
102
RTVSPost2010Prop30
280
     1
102
RTVSPost2010PropOp30
 70
     1
102
RTVSPost2010Prop31
280
     0
102
RTVSPost2010PropOp31
 70
     1
102
RTVSPost2010Prop32
280
     0
102
RTVSPost2010PropOp32
 70
     1
102
RTVSPost2010Prop33
280
     0
102
RTVSPost2010PropOp33
 70
     1
102
RTVSPost2010Prop34
280
     0
102
RTVSPost2010PropOp34
 70
     1
102
RTVSPost2010Prop35
280
     0
102
RTVSPost2010PropOp35
 70
     1
102
RTVSPost2010Prop36
280
     0
102
RTVSPost2010PropOp36
 70
     1
102
RTVSPost2010Prop37
 90
       50
102
RTVSPost2010PropOp37
 70
     1
102
RTVSPost2010Prop38
140
0.0
102
RTVSPost2010PropOp38
 70
     1
102
RTVSPost2010Prop39
140
1.0
102
RTVSPost2010PropOp39
 70
     1
102
RTVSPost2010Prop40
 90
        0
102
RTVSPost2010PropOp40
 70
     1
102
RTVSPost2010Prop41ColorIndex
 90
       18
102
RTVSPost2010Prop41ColorRGB
 90
        0
102
RTVSPost2010PropOp41
 70
     1
102
RTVSPost2010Prop42
 90
       50
102
RTVSPost2010PropOp42
 70
     1
102
RTVSPost2010Prop43
 90
        3
102
RTVSPost2010PropOp43
 70
     1
102
RTVSPost2010Prop44ColorIndex
 90
        5
102
RTVSPost2010Prop44ColorRGB
 90
      255
102
RTVSPost2010PropOp44
 70
     1
102
RTVSPost2010Prop45
280
     0
102
RTVSPost2010PropOp45
 70
     1
102
RTVSPost2010Prop46
 90
       50
102
RTVSPost2010PropOp46
 70
     1
102
RTVSPost2010Prop47
 90
       50
102
RTVSPost2010PropOp47
 70
     1
102
RTVSPost2010Prop48
 90
       50
102
RTVSPost2010PropOp48
 70
     1
102
RTVSPost2010Prop49
280
     0
102
RTVSPost2010PropOp49
 70
     1
102
RTVSPost2010Prop50
 90
       50
102
RTVSPost2010PropOp50
 70
     1
102
RTVSPost2010Prop51ColorIndex
 90
      256
102
RTVSPost2010Prop51ColorRGB
 90
-16777216
102
RTVSPost2010PropOp51
 70
     0
102
RTVSPost2010Prop52
140
1.0
102
RTVSPost2010PropOp52
 70
     0
102
RTVSPost2010Prop53
 90
        2
102
RTVSPost2010PropOp53
 70
     1
102
RTVSPost2010Prop54
  1
strokes_ogs.tif
102
RTVSPost2010PropOp54
 70
     1
102
RTVSPost2010Prop55
280
     0
102
RTVSPost2010PropOp55
 70
     1
102
RTVSPost2010Prop56
140
1.0
102
RTVSPost2010PropOp56
 70
     1
102
RTVSPost2010Prop57
140
1.0
102
RTVSPost2010PropOp57
 70
     1
102
RTVSPropertyOp0
 70
     1
102
RTVSPropertyOp1
 70
     1
102
RTVSPropertyOp2
 70
     1
102
RTVSPropertyOp3
 70
     1
102
RTVSPropertyOp4
 70
     1
102
RTVSPropertyOp5
 70
     1
102
RTVSPropertyOp6
 70
     1
102
RTVSPropertyOp7
 70
     1
102
RTVSPropertyOp8
 70
     1
102
RTVSPropertyOp9
 70
     1
102
RTVSPropertyOp10
 70
     1
102
RTVSPropertyOp11
 70
     1
102
RTVSPropertyOp12
 70
     1
102
RTVSPropertyOp13
 70
     1
102
RTVSPropertyOp14
 70
     1
102
RTVSPropertyOp15
 70
     1
102
RTVSPropertyOp16
 70
     1
102
RTVSPropertyOp17
 70
     1
102
RTVSPropertyOp18
 70
     1
102
RTVSPropertyOp19
 70
     1
102
RTVSPropertyOp20
 70
     1
102
RTVSPropertyOp21
 70
     1
102
RTVSPropertyOp22
 70
     1
102
RTVSPropertyOp23
 70
     1
102
RTVSPropertyOp24
 70
     1
102
RTVSPropertyOp25
 70
     1
102
RTVSPropertyOp26
 70
     1
102
RTVSPropertyOp27
 70
     1
102
RTVSPropertyOp28
 70
     1
102
RTVSPropertyOp29
 70
     1
102
RTVSPropertyOp30
 70
     1
102
RTVSPropertyOp31
 70
     1
102
RTVSPropertyOp32
 70
     1
102
RTVSPropertyOp33
 70
     1
102
RTVSPropertyOp34
 70
     1
102
RTVSPropertyOp35
 70
     1
102
RTVSPropertyOp36
 70
     1
102
RTVSPropertyOp37
 70
     1
102
RTVSPropertyOp38
 70
     1
102
RTVSPropertyOp39
 70
     1
102
RTVSPropertyOp40
 70
     1
102
RTVSPropertyOp41
 70
     1
102
RTVSPropertyOp42
 70
     1
102
RTVSPropertyOp43
 70
     1
102
RTVSPropertyOp44
 70
     1
102
RTVSPropertyOp45
 70
     1
102
RTVSPropertyOp46
 70
     1
102
RTVSPropertyOp47
 70
     1
102
RTVSPropertyOp48
 70
     1
102
RTVSPropertyOp49
 70
     1
102
RTVSPropertyOp50
 70
     1
102
RTVSPropertyOp51
 70
     0
102
RTVSPropertyOp52
 70
     0
102
RTVSPropertyOp53
 70
     1
102
RTVSPropertyOp54
 70
     1
102
RTVSPropertyOp55
 70
     1
102
RTVSPropertyOp56
 70
     1
102
RTVSPropertyOp57
 70
     1
102
RTVSPropertyOp58
 70
     1
102
RTVSPropertyOp59
 70
     1
102
RTVSPropertyOp60
 70
     1
102
RTVSPropertyOp61
 70
     1
102
RTVSPropertyOp62
 70
     1
  0
XRECORD
  5
290A
102
{ACAD_REACTORS
330
2909
102
}
330
2909
100
AcDbXrecord
280
     1
102
RTVSPost2010Prop28
280
     0
102
RTVSPost2010PropOp28
 70
     1
102
RTVSPost2010Prop29
280
     1
102
RTVSPost2010PropOp29
 70
     1
102
RTVSPost2010Prop30
280
     1
102
RTVSPost2010PropOp30
 70
     1
102
RTVSPost2010Prop31
280
     0
102
RTVSPost2010PropOp31
 70
     1
102
RTVSPost2010Prop32
280
     0
102
RTVSPost2010PropOp32
 70
     1
102
RTVSPost2010Prop33
280
     0
102
RTVSPost2010PropOp33
 70
     1
102
RTVSPost2010Prop34
280
     0
102
RTVSPost2010PropOp34
 70
     1
102
RTVSPost2010Prop35
280
     0
102
RTVSPost2010PropOp35
 70
     1
102
RTVSPost2010Prop36
280
     0
102
RTVSPost2010PropOp36
 70
     1
102
RTVSPost2010Prop37
 90
       50
102
RTVSPost2010PropOp37
 70
     1
102
RTVSPost2010Prop38
140
0.0
102
RTVSPost2010PropOp38
 70
     1
102
RTVSPost2010Prop39
140
1.0
102
RTVSPost2010PropOp39
 70
     1
102
RTVSPost2010Prop40
 90
        0
102
RTVSPost2010PropOp40
 70
     1
102
RTVSPost2010Prop41ColorIndex
 90
       18
102
RTVSPost2010Prop41ColorRGB
 90
        0
102
RTVSPost2010PropOp41
 70
     1
102
RTVSPost2010Prop42
 90
       50
102
RTVSPost2010PropOp42
 70
     1
102
RTVSPost2010Prop43
 90
        3
102
RTVSPost2010PropOp43
 70
     1
102
RTVSPost2010Prop44ColorIndex
 90
        5
102
RTVSPost2010Prop44ColorRGB
 90
      255
102
RTVSPost2010PropOp44
 70
     1
102
RTVSPost2010Prop45
280
     0
102
RTVSPost2010PropOp45
 70
     1
102
RTVSPost2010Prop46
 90
       50
102
RTVSPost2010PropOp46
 70
     1
102
RTVSPost2010Prop47
 90
       50
102
RTVSPost2010PropOp47
 70
     1
102
RTVSPost2010Prop48
 90
       50
102
RTVSPost2010PropOp48
 70
     1
102
RTVSPost2010Prop49
280
     0
102
RTVSPost2010PropOp49
 70
     1
102
RTVSPost2010Prop50
 90
       50
102
RTVSPost2010PropOp50
 70
     1
102
RTVSPost2010Prop51ColorIndex
 90
      256
102
RTVSPost2010Prop51ColorRGB
 90
-16777216
102
RTVSPost2010PropOp51
 70
     0
102
RTVSPost2010Prop52
140
1.0
102
RTVSPost2010PropOp52
 70
     0
102
RTVSPost2010Prop53
 90
        2
102
RTVSPost2010PropOp53
 70
     1
102
RTVSPost2010Prop54
  1
strokes_ogs.tif
102
RTVSPost2010PropOp54
 70
     1
102
RTVSPost2010Prop55
280
     0
102
RTVSPost2010PropOp55
 70
     1
102
RTVSPost2010Prop56
140
1.0
102
RTVSPost2010PropOp56
 70
     1
102
RTVSPost2010Prop57
140
1.0
102
RTVSPost2010PropOp57
 70
     1
102
RTVSPropertyOp0
 70
     1
102
RTVSPropertyOp1
 70
     1
102
RTVSPropertyOp2
 70
     1
102
RTVSPropertyOp3
 70
     1
102
RTVSPropertyOp4
 70
     1
102
RTVSPropertyOp5
 70
     1
102
RTVSPropertyOp6
 70
     1
102
RTVSPropertyOp7
 70
     1
102
RTVSPropertyOp8
 70
     1
102
RTVSPropertyOp9
 70
     1
102
RTVSPropertyOp10
 70
     1
102
RTVSPropertyOp11
 70
     1
102
RTVSPropertyOp12
 70
     1
102
RTVSPropertyOp13
 70
     1
102
RTVSPropertyOp14
 70
     1
102
RTVSPropertyOp15
 70
     1
102
RTVSPropertyOp16
 70
     1
102
RTVSPropertyOp17
 70
     1
102
RTVSPropertyOp18
 70
     1
102
RTVSPropertyOp19
 70
     1
102
RTVSPropertyOp20
 70
     1
102
RTVSPropertyOp21
 70
     1
102
RTVSPropertyOp22
 70
     1
102
RTVSPropertyOp23
 70
     1
102
RTVSPropertyOp24
 70
     1
102
RTVSPropertyOp25
 70
     1
102
RTVSPropertyOp26
 70
     1
102
RTVSPropertyOp27
 70
     1
102
RTVSPropertyOp28
 70
     1
102
RTVSPropertyOp29
 70
     1
102
RTVSPropertyOp30
 70
     1
102
RTVSPropertyOp31
 70
     1
102
RTVSPropertyOp32
 70
     1
102
RTVSPropertyOp33
 70
     1
102
RTVSPropertyOp34
 70
     1
102
RTVSPropertyOp35
 70
     1
102
RTVSPropertyOp36
 70
     1
102
RTVSPropertyOp37
 70
     1
102
RTVSPropertyOp38
 70
     1
102
RTVSPropertyOp39
 70
     1
102
RTVSPropertyOp40
 70
     1
102
RTVSPropertyOp41
 70
     1
102
RTVSPropertyOp42
 70
     1
102
RTVSPropertyOp43
 70
     1
102
RTVSPropertyOp44
 70
     1
102
RTVSPropertyOp45
 70
     1
102
RTVSPropertyOp46
 70
     1
102
RTVSPropertyOp47
 70
     1
102
RTVSPropertyOp48
 70
     1
102
RTVSPropertyOp49
 70
     1
102
RTVSPropertyOp50
 70
     1
102
RTVSPropertyOp51
 70
     0
102
RTVSPropertyOp52
 70
     0
102
RTVSPropertyOp53
 70
     1
102
RTVSPropertyOp54
 70
     1
102
RTVSPropertyOp55
 70
     1
102
RTVSPropertyOp56
 70
     1
102
RTVSPropertyOp57
 70
     1
102
RTVSPropertyOp58
 70
     1
102
RTVSPropertyOp59
 70
     1
102
RTVSPropertyOp60
 70
     1
102
RTVSPropertyOp61
 70
     1
102
RTVSPropertyOp62
 70
     1
  0
XRECORD
  5
291A
102
{ACAD_REACTORS
330
2919
102
}
330
2919
100
AcDbXrecord
280
     1
102
RTVSPost2010Prop28
280
     0
102
RTVSPost2010PropOp28
 70
     1
102
RTVSPost2010Prop29
280
     1
102
RTVSPost2010PropOp29
 70
     1
102
RTVSPost2010Prop30
280
     1
102
RTVSPost2010PropOp30
 70
     1
102
RTVSPost2010Prop31
280
     0
102
RTVSPost2010PropOp31
 70
     1
102
RTVSPost2010Prop32
280
     0
102
RTVSPost2010PropOp32
 70
     1
102
RTVSPost2010Prop33
280
     0
102
RTVSPost2010PropOp33
 70
     1
102
RTVSPost2010Prop34
280
     0
102
RTVSPost2010PropOp34
 70
     1
102
RTVSPost2010Prop35
280
     0
102
RTVSPost2010PropOp35
 70
     1
102
RTVSPost2010Prop36
280
     0
102
RTVSPost2010PropOp36
 70
     1
102
RTVSPost2010Prop37
 90
       50
102
RTVSPost2010PropOp37
 70
     1
102
RTVSPost2010Prop38
140
0.0
102
RTVSPost2010PropOp38
 70
     1
102
RTVSPost2010Prop39
140
1.0
102
RTVSPost2010PropOp39
 70
     1
102
RTVSPost2010Prop40
 90
        0
102
RTVSPost2010PropOp40
 70
     1
102
RTVSPost2010Prop41ColorIndex
 90
       18
102
RTVSPost2010Prop41ColorRGB
 90
        0
102
RTVSPost2010PropOp41
 70
     1
102
RTVSPost2010Prop42
 90
       50
102
RTVSPost2010PropOp42
 70
     1
102
RTVSPost2010Prop43
 90
        3
102
RTVSPost2010PropOp43
 70
     1
102
RTVSPost2010Prop44ColorIndex
 90
        5
102
RTVSPost2010Prop44ColorRGB
 90
      255
102
RTVSPost2010PropOp44
 70
     1
102
RTVSPost2010Prop45
280
     0
102
RTVSPost2010PropOp45
 70
     1
102
RTVSPost2010Prop46
 90
       50
102
RTVSPost2010PropOp46
 70
     1
102
RTVSPost2010Prop47
 90
       50
102
RTVSPost2010PropOp47
 70
     1
102
RTVSPost2010Prop48
 90
       50
102
RTVSPost2010PropOp48
 70
     1
102
RTVSPost2010Prop49
280
     0
102
RTVSPost2010PropOp49
 70
     1
102
RTVSPost2010Prop50
 90
       50
102
RTVSPost2010PropOp50
 70
     1
102
RTVSPost2010Prop51ColorIndex
 90
      256
102
RTVSPost2010Prop51ColorRGB
 90
-16777216
102
RTVSPost2010PropOp51
 70
     0
102
RTVSPost2010Prop52
140
1.0
102
RTVSPost2010PropOp52
 70
     0
102
RTVSPost2010Prop53
 90
        2
102
RTVSPost2010PropOp53
 70
     1
102
RTVSPost2010Prop54
  1
strokes_ogs.tif
102
RTVSPost2010PropOp54
 70
     1
102
RTVSPost2010Prop55
280
     0
102
RTVSPost2010PropOp55
 70
     1
102
RTVSPost2010Prop56
140
1.0
102
RTVSPost2010PropOp56
 70
     1
102
RTVSPost2010Prop57
140
1.0
102
RTVSPost2010PropOp57
 70
     1
102
RTVSPropertyOp0
 70
     0
102
RTVSPropertyOp1
 70
     0
102
RTVSPropertyOp2
 70
     0
102
RTVSPropertyOp3
 70
     0
102
RTVSPropertyOp4
 70
     0
102
RTVSPropertyOp5
 70
     0
102
RTVSPropertyOp6
 70
     0
102
RTVSPropertyOp7
 70
     0
102
RTVSPropertyOp8
 70
     0
102
RTVSPropertyOp9
 70
     0
102
RTVSPropertyOp10
 70
     0
102
RTVSPropertyOp11
 70
     0
102
RTVSPropertyOp12
 70
     0
102
RTVSPropertyOp13
 70
     0
102
RTVSPropertyOp14
 70
     2
102
RTVSPropertyOp15
 70
     0
102
RTVSPropertyOp16
 70
     0
102
RTVSPropertyOp17
 70
     0
102
RTVSPropertyOp18
 70
     0
102
RTVSPropertyOp19
 70
     0
102
RTVSPropertyOp20
 70
     0
102
RTVSPropertyOp21
 70
     0
102
RTVSPropertyOp22
 70
     0
102
RTVSPropertyOp23
 70
     0
102
RTVSPropertyOp24
 70
     0
102
RTVSPropertyOp25
 70
     0
102
RTVSPropertyOp26
 70
     0
102
RTVSPropertyOp27
 70
     0
102
RTVSPropertyOp28
 70
     1
102
RTVSPropertyOp29
 70
     1
102
RTVSPropertyOp30
 70
     1
102
RTVSPropertyOp31
 70
     1
102
RTVSPropertyOp32
 70
     1
102
RTVSPropertyOp33
 70
     1
102
RTVSPropertyOp34
 70
     1
102
RTVSPropertyOp35
 70
     1
102
RTVSPropertyOp36
 70
     1
102
RTVSPropertyOp37
 70
     1
102
RTVSPropertyOp38
 70
     1
102
RTVSPropertyOp39
 70
     1
102
RTVSPropertyOp40
 70
     1
102
RTVSPropertyOp41
 70
     1
102
RTVSPropertyOp42
 70
     1
102
RTVSPropertyOp43
 70
     1
102
RTVSPropertyOp44
 70
     1
102
RTVSPropertyOp45
 70
     1
102
RTVSPropertyOp46
 70
     1
102
RTVSPropertyOp47
 70
     1
102
RTVSPropertyOp48
 70
     1
102
RTVSPropertyOp49
 70
     1
102
RTVSPropertyOp50
 70
     1
102
RTVSPropertyOp51
 70
     0
102
RTVSPropertyOp52
 70
     0
102
RTVSPropertyOp53
 70
     1
102
RTVSPropertyOp54
 70
     1
102
RTVSPropertyOp55
 70
     1
102
RTVSPropertyOp56
 70
     1
102
RTVSPropertyOp57
 70
     1
102
RTVSPropertyOp58
 70
     1
102
RTVSPropertyOp59
 70
     1
102
RTVSPropertyOp60
 70
     1
102
RTVSPropertyOp61
 70
     1
102
RTVSPropertyOp62
 70
     1
  0
XRECORD
  5
2912
102
{ACAD_REACTORS
330
2911
102
}
330
2911
100
AcDbXrecord
280
     1
102
RTVSPost2010Prop28
280
     0
102
RTVSPost2010PropOp28
 70
     1
102
RTVSPost2010Prop29
280
     1
102
RTVSPost2010PropOp29
 70
     1
102
RTVSPost2010Prop30
280
     1
102
RTVSPost2010PropOp30
 70
     1
102
RTVSPost2010Prop31
280
     0
102
RTVSPost2010PropOp31
 70
     1
102
RTVSPost2010Prop32
280
     0
102
RTVSPost2010PropOp32
 70
     1
102
RTVSPost2010Prop33
280
     0
102
RTVSPost2010PropOp33
 70
     1
102
RTVSPost2010Prop34
280
     0
102
RTVSPost2010PropOp34
 70
     1
102
RTVSPost2010Prop35
280
     0
102
RTVSPost2010PropOp35
 70
     1
102
RTVSPost2010Prop36
280
     0
102
RTVSPost2010PropOp36
 70
     1
102
RTVSPost2010Prop37
 90
       50
102
RTVSPost2010PropOp37
 70
     1
102
RTVSPost2010Prop38
140
0.0
102
RTVSPost2010PropOp38
 70
     1
102
RTVSPost2010Prop39
140
1.0
102
RTVSPost2010PropOp39
 70
     1
102
RTVSPost2010Prop40
 90
        0
102
RTVSPost2010PropOp40
 70
     1
102
RTVSPost2010Prop41ColorIndex
 90
       18
102
RTVSPost2010Prop41ColorRGB
 90
        0
102
RTVSPost2010PropOp41
 70
     1
102
RTVSPost2010Prop42
 90
       50
102
RTVSPost2010PropOp42
 70
     1
102
RTVSPost2010Prop43
 90
        3
102
RTVSPost2010PropOp43
 70
     1
102
RTVSPost2010Prop44ColorIndex
 90
        5
102
RTVSPost2010Prop44ColorRGB
 90
      255
102
RTVSPost2010PropOp44
 70
     1
102
RTVSPost2010Prop45
280
     0
102
RTVSPost2010PropOp45
 70
     1
102
RTVSPost2010Prop46
 90
       50
102
RTVSPost2010PropOp46
 70
     1
102
RTVSPost2010Prop47
 90
       50
102
RTVSPost2010PropOp47
 70
     1
102
RTVSPost2010Prop48
 90
       50
102
RTVSPost2010PropOp48
 70
     1
102
RTVSPost2010Prop49
280
     0
102
RTVSPost2010PropOp49
 70
     1
102
RTVSPost2010Prop50
 90
       50
102
RTVSPost2010PropOp50
 70
     1
102
RTVSPost2010Prop51ColorIndex
 90
      256
102
RTVSPost2010Prop51ColorRGB
 90
-16777216
102
RTVSPost2010PropOp51
 70
     0
102
RTVSPost2010Prop52
140
1.0
102
RTVSPost2010PropOp52
 70
     0
102
RTVSPost2010Prop53
 90
        2
102
RTVSPost2010PropOp53
 70
     1
102
RTVSPost2010Prop54
  1
strokes_ogs.tif
102
RTVSPost2010PropOp54
 70
     1
102
RTVSPost2010Prop55
280
     0
102
RTVSPost2010PropOp55
 70
     1
102
RTVSPost2010Prop56
140
1.0
102
RTVSPost2010PropOp56
 70
     1
102
RTVSPost2010Prop57
140
1.0
102
RTVSPost2010PropOp57
 70
     1
102
RTVSPropertyOp0
 70
     1
102
RTVSPropertyOp1
 70
     1
102
RTVSPropertyOp2
 70
     1
102
RTVSPropertyOp3
 70
     1
102
RTVSPropertyOp4
 70
     1
102
RTVSPropertyOp5
 70
     1
102
RTVSPropertyOp6
 70
     1
102
RTVSPropertyOp7
 70
     1
102
RTVSPropertyOp8
 70
     1
102
RTVSPropertyOp9
 70
     1
102
RTVSPropertyOp10
 70
     1
102
RTVSPropertyOp11
 70
     1
102
RTVSPropertyOp12
 70
     1
102
RTVSPropertyOp13
 70
     1
102
RTVSPropertyOp14
 70
     1
102
RTVSPropertyOp15
 70
     1
102
RTVSPropertyOp16
 70
     1
102
RTVSPropertyOp17
 70
     1
102
RTVSPropertyOp18
 70
     1
102
RTVSPropertyOp19
 70
     1
102
RTVSPropertyOp20
 70
     1
102
RTVSPropertyOp21
 70
     1
102
RTVSPropertyOp22
 70
     1
102
RTVSPropertyOp23
 70
     1
102
RTVSPropertyOp24
 70
     1
102
RTVSPropertyOp25
 70
     1
102
RTVSPropertyOp26
 70
     1
102
RTVSPropertyOp27
 70
     1
102
RTVSPropertyOp28
 70
     1
102
RTVSPropertyOp29
 70
     1
102
RTVSPropertyOp30
 70
     1
102
RTVSPropertyOp31
 70
     1
102
RTVSPropertyOp32
 70
     1
102
RTVSPropertyOp33
 70
     1
102
RTVSPropertyOp34
 70
     1
102
RTVSPropertyOp35
 70
     1
102
RTVSPropertyOp36
 70
     1
102
RTVSPropertyOp37
 70
     1
102
RTVSPropertyOp38
 70
     1
102
RTVSPropertyOp39
 70
     1
102
RTVSPropertyOp40
 70
     1
102
RTVSPropertyOp41
 70
     1
102
RTVSPropertyOp42
 70
     1
102
RTVSPropertyOp43
 70
     1
102
RTVSPropertyOp44
 70
     1
102
RTVSPropertyOp45
 70
     1
102
RTVSPropertyOp46
 70
     1
102
RTVSPropertyOp47
 70
     1
102
RTVSPropertyOp48
 70
     1
102
RTVSPropertyOp49
 70
     1
102
RTVSPropertyOp50
 70
     1
102
RTVSPropertyOp51
 70
     0
102
RTVSPropertyOp52
 70
     0
102
RTVSPropertyOp53
 70
     1
102
RTVSPropertyOp54
 70
     1
102
RTVSPropertyOp55
 70
     1
102
RTVSPropertyOp56
 70
     1
102
RTVSPropertyOp57
 70
     1
102
RTVSPropertyOp58
 70
     1
102
RTVSPropertyOp59
 70
     1
102
RTVSPropertyOp60
 70
     1
102
RTVSPropertyOp61
 70
     1
102
RTVSPropertyOp62
 70
     1
  0
XRECORD
  5
28F6
102
{ACAD_REACTORS
330
28F5
102
}
330
28F5
100
AcDbXrecord
280
     1
102
RTVSPost2010Prop28
280
     0
102
RTVSPost2010PropOp28
 70
     1
102
RTVSPost2010Prop29
280
     1
102
RTVSPost2010PropOp29
 70
     1
102
RTVSPost2010Prop30
280
     1
102
RTVSPost2010PropOp30
 70
     1
102
RTVSPost2010Prop31
280
     0
102
RTVSPost2010PropOp31
 70
     1
102
RTVSPost2010Prop32
280
     0
102
RTVSPost2010PropOp32
 70
     1
102
RTVSPost2010Prop33
280
     0
102
RTVSPost2010PropOp33
 70
     1
102
RTVSPost2010Prop34
280
     0
102
RTVSPost2010PropOp34
 70
     1
102
RTVSPost2010Prop35
280
     0
102
RTVSPost2010PropOp35
 70
     1
102
RTVSPost2010Prop36
280
     0
102
RTVSPost2010PropOp36
 70
     1
102
RTVSPost2010Prop37
 90
       50
102
RTVSPost2010PropOp37
 70
     1
102
RTVSPost2010Prop38
140
0.0
102
RTVSPost2010PropOp38
 70
     1
102
RTVSPost2010Prop39
140
1.0
102
RTVSPost2010PropOp39
 70
     1
102
RTVSPost2010Prop40
 90
        0
102
RTVSPost2010PropOp40
 70
     1
102
RTVSPost2010Prop41ColorIndex
 90
       18
102
RTVSPost2010Prop41ColorRGB
 90
        0
102
RTVSPost2010PropOp41
 70
     1
102
RTVSPost2010Prop42
 90
       50
102
RTVSPost2010PropOp42
 70
     1
102
RTVSPost2010Prop43
 90
        3
102
RTVSPost2010PropOp43
 70
     1
102
RTVSPost2010Prop44ColorIndex
 90
        5
102
RTVSPost2010Prop44ColorRGB
 90
      255
102
RTVSPost2010PropOp44
 70
     1
102
RTVSPost2010Prop45
280
     0
102
RTVSPost2010PropOp45
 70
     1
102
RTVSPost2010Prop46
 90
       50
102
RTVSPost2010PropOp46
 70
     1
102
RTVSPost2010Prop47
 90
       50
102
RTVSPost2010PropOp47
 70
     1
102
RTVSPost2010Prop48
 90
       50
102
RTVSPost2010PropOp48
 70
     1
102
RTVSPost2010Prop49
280
     0
102
RTVSPost2010PropOp49
 70
     1
102
RTVSPost2010Prop50
 90
       50
102
RTVSPost2010PropOp50
 70
     1
102
RTVSPost2010Prop51ColorIndex
 90
      256
102
RTVSPost2010Prop51ColorRGB
 90
-16777216
102
RTVSPost2010PropOp51
 70
     0
102
RTVSPost2010Prop52
140
1.0
102
RTVSPost2010PropOp52
 70
     0
102
RTVSPost2010Prop53
 90
        2
102
RTVSPost2010PropOp53
 70
     1
102
RTVSPost2010Prop54
  1
strokes_ogs.tif
102
RTVSPost2010PropOp54
 70
     1
102
RTVSPost2010Prop55
280
     0
102
RTVSPost2010PropOp55
 70
     1
102
RTVSPost2010Prop56
140
1.0
102
RTVSPost2010PropOp56
 70
     1
102
RTVSPost2010Prop57
140
1.0
102
RTVSPost2010PropOp57
 70
     1
102
RTVSPropertyOp0
 70
     1
102
RTVSPropertyOp1
 70
     1
102
RTVSPropertyOp2
 70
     1
102
RTVSPropertyOp3
 70
     1
102
RTVSPropertyOp4
 70
     1
102
RTVSPropertyOp5
 70
     1
102
RTVSPropertyOp6
 70
     1
102
RTVSPropertyOp7
 70
     1
102
RTVSPropertyOp8
 70
     1
102
RTVSPropertyOp9
 70
     1
102
RTVSPropertyOp10
 70
     1
102
RTVSPropertyOp11
 70
     1
102
RTVSPropertyOp12
 70
     1
102
RTVSPropertyOp13
 70
     1
102
RTVSPropertyOp14
 70
     1
102
RTVSPropertyOp15
 70
     1
102
RTVSPropertyOp16
 70
     1
102
RTVSPropertyOp17
 70
     1
102
RTVSPropertyOp18
 70
     1
102
RTVSPropertyOp19
 70
     1
102
RTVSPropertyOp20
 70
     1
102
RTVSPropertyOp21
 70
     1
102
RTVSPropertyOp22
 70
     1
102
RTVSPropertyOp23
 70
     1
102
RTVSPropertyOp24
 70
     1
102
RTVSPropertyOp25
 70
     1
102
RTVSPropertyOp26
 70
     1
102
RTVSPropertyOp27
 70
     1
102
RTVSPropertyOp28
 70
     1
102
RTVSPropertyOp29
 70
     1
102
RTVSPropertyOp30
 70
     1
102
RTVSPropertyOp31
 70
     1
102
RTVSPropertyOp32
 70
     1
102
RTVSPropertyOp33
 70
     1
102
RTVSPropertyOp34
 70
     1
102
RTVSPropertyOp35
 70
     1
102
RTVSPropertyOp36
 70
     1
102
RTVSPropertyOp37
 70
     1
102
RTVSPropertyOp38
 70
     1
102
RTVSPropertyOp39
 70
     1
102
RTVSPropertyOp40
 70
     1
102
RTVSPropertyOp41
 70
     1
102
RTVSPropertyOp42
 70
     1
102
RTVSPropertyOp43
 70
     1
102
RTVSPropertyOp44
 70
     1
102
RTVSPropertyOp45
 70
     1
102
RTVSPropertyOp46
 70
     1
102
RTVSPropertyOp47
 70
     1
102
RTVSPropertyOp48
 70
     1
102
RTVSPropertyOp49
 70
     1
102
RTVSPropertyOp50
 70
     1
102
RTVSPropertyOp51
 70
     0
102
RTVSPropertyOp52
 70
     0
102
RTVSPropertyOp53
 70
     1
102
RTVSPropertyOp54
 70
     1
102
RTVSPropertyOp55
 70
     1
102
RTVSPropertyOp56
 70
     1
102
RTVSPropertyOp57
 70
     1
102
RTVSPropertyOp58
 70
     1
102
RTVSPropertyOp59
 70
     1
102
RTVSPropertyOp60
 70
     1
102
RTVSPropertyOp61
 70
     1
102
RTVSPropertyOp62
 70
     1
  0
XRECORD
  5
28F8
102
{ACAD_REACTORS
330
28F7
102
}
330
28F7
100
AcDbXrecord
280
     1
102
RTVSPost2010Prop28
280
     0
102
RTVSPost2010PropOp28
 70
     1
102
RTVSPost2010Prop29
280
     1
102
RTVSPost2010PropOp29
 70
     1
102
RTVSPost2010Prop30
280
     1
102
RTVSPost2010PropOp30
 70
     1
102
RTVSPost2010Prop31
280
     0
102
RTVSPost2010PropOp31
 70
     1
102
RTVSPost2010Prop32
280
     0
102
RTVSPost2010PropOp32
 70
     1
102
RTVSPost2010Prop33
280
     0
102
RTVSPost2010PropOp33
 70
     1
102
RTVSPost2010Prop34
280
     0
102
RTVSPost2010PropOp34
 70
     1
102
RTVSPost2010Prop35
280
     0
102
RTVSPost2010PropOp35
 70
     1
102
RTVSPost2010Prop36
280
     0
102
RTVSPost2010PropOp36
 70
     1
102
RTVSPost2010Prop37
 90
       50
102
RTVSPost2010PropOp37
 70
     1
102
RTVSPost2010Prop38
140
0.0
102
RTVSPost2010PropOp38
 70
     1
102
RTVSPost2010Prop39
140
1.0
102
RTVSPost2010PropOp39
 70
     1
102
RTVSPost2010Prop40
 90
        0
102
RTVSPost2010PropOp40
 70
     1
102
RTVSPost2010Prop41ColorIndex
 90
       18
102
RTVSPost2010Prop41ColorRGB
 90
        0
102
RTVSPost2010PropOp41
 70
     1
102
RTVSPost2010Prop42
 90
       50
102
RTVSPost2010PropOp42
 70
     1
102
RTVSPost2010Prop43
 90
        3
102
RTVSPost2010PropOp43
 70
     1
102
RTVSPost2010Prop44ColorIndex
 90
        5
102
RTVSPost2010Prop44ColorRGB
 90
      255
102
RTVSPost2010PropOp44
 70
     1
102
RTVSPost2010Prop45
280
     0
102
RTVSPost2010PropOp45
 70
     1
102
RTVSPost2010Prop46
 90
       50
102
RTVSPost2010PropOp46
 70
     1
102
RTVSPost2010Prop47
 90
       50
102
RTVSPost2010PropOp47
 70
     1
102
RTVSPost2010Prop48
 90
       50
102
RTVSPost2010PropOp48
 70
     1
102
RTVSPost2010Prop49
280
     0
102
RTVSPost2010PropOp49
 70
     1
102
RTVSPost2010Prop50
 90
       50
102
RTVSPost2010PropOp50
 70
     1
102
RTVSPost2010Prop51ColorIndex
 90
      256
102
RTVSPost2010Prop51ColorRGB
 90
-16777216
102
RTVSPost2010PropOp51
 70
     0
102
RTVSPost2010Prop52
140
1.0
102
RTVSPost2010PropOp52
 70
     0
102
RTVSPost2010Prop53
 90
        2
102
RTVSPost2010PropOp53
 70
     1
102
RTVSPost2010Prop54
  1
strokes_ogs.tif
102
RTVSPost2010PropOp54
 70
     1
102
RTVSPost2010Prop55
280
     0
102
RTVSPost2010PropOp55
 70
     1
102
RTVSPost2010Prop56
140
1.0
102
RTVSPost2010PropOp56
 70
     1
102
RTVSPost2010Prop57
140
1.0
102
RTVSPost2010PropOp57
 70
     1
102
RTVSPropertyOp0
 70
     1
102
RTVSPropertyOp1
 70
     1
102
RTVSPropertyOp2
 70
     1
102
RTVSPropertyOp3
 70
     1
102
RTVSPropertyOp4
 70
     1
102
RTVSPropertyOp5
 70
     1
102
RTVSPropertyOp6
 70
     1
102
RTVSPropertyOp7
 70
     1
102
RTVSPropertyOp8
 70
     1
102
RTVSPropertyOp9
 70
     1
102
RTVSPropertyOp10
 70
     1
102
RTVSPropertyOp11
 70
     1
102
RTVSPropertyOp12
 70
     1
102
RTVSPropertyOp13
 70
     1
102
RTVSPropertyOp14
 70
     1
102
RTVSPropertyOp15
 70
     1
102
RTVSPropertyOp16
 70
     1
102
RTVSPropertyOp17
 70
     1
102
RTVSPropertyOp18
 70
     1
102
RTVSPropertyOp19
 70
     1
102
RTVSPropertyOp20
 70
     1
102
RTVSPropertyOp21
 70
     1
102
RTVSPropertyOp22
 70
     1
102
RTVSPropertyOp23
 70
     1
102
RTVSPropertyOp24
 70
     1
102
RTVSPropertyOp25
 70
     1
102
RTVSPropertyOp26
 70
     1
102
RTVSPropertyOp27
 70
     1
102
RTVSPropertyOp28
 70
     1
102
RTVSPropertyOp29
 70
     1
102
RTVSPropertyOp30
 70
     1
102
RTVSPropertyOp31
 70
     1
102
RTVSPropertyOp32
 70
     1
102
RTVSPropertyOp33
 70
     1
102
RTVSPropertyOp34
 70
     1
102
RTVSPropertyOp35
 70
     1
102
RTVSPropertyOp36
 70
     1
102
RTVSPropertyOp37
 70
     1
102
RTVSPropertyOp38
 70
     1
102
RTVSPropertyOp39
 70
     1
102
RTVSPropertyOp40
 70
     1
102
RTVSPropertyOp41
 70
     1
102
RTVSPropertyOp42
 70
     1
102
RTVSPropertyOp43
 70
     1
102
RTVSPropertyOp44
 70
     1
102
RTVSPropertyOp45
 70
     1
102
RTVSPropertyOp46
 70
     1
102
RTVSPropertyOp47
 70
     1
102
RTVSPropertyOp48
 70
     1
102
RTVSPropertyOp49
 70
     1
102
RTVSPropertyOp50
 70
     1
102
RTVSPropertyOp51
 70
     0
102
RTVSPropertyOp52
 70
     0
102
RTVSPropertyOp53
 70
     1
102
RTVSPropertyOp54
 70
     1
102
RTVSPropertyOp55
 70
     1
102
RTVSPropertyOp56
 70
     1
102
RTVSPropertyOp57
 70
     1
102
RTVSPropertyOp58
 70
     1
102
RTVSPropertyOp59
 70
     1
102
RTVSPropertyOp60
 70
     1
102
RTVSPropertyOp61
 70
     1
102
RTVSPropertyOp62
 70
     1
  0
XRECORD
  5
28FA
102
{ACAD_REACTORS
330
28F9
102
}
330
28F9
100
AcDbXrecord
280
     1
102
RTVSPost2010Prop28
280
     0
102
RTVSPost2010PropOp28
 70
     1
102
RTVSPost2010Prop29
280
     1
102
RTVSPost2010PropOp29
 70
     1
102
RTVSPost2010Prop30
280
     1
102
RTVSPost2010PropOp30
 70
     1
102
RTVSPost2010Prop31
280
     0
102
RTVSPost2010PropOp31
 70
     1
102
RTVSPost2010Prop32
280
     0
102
RTVSPost2010PropOp32
 70
     1
102
RTVSPost2010Prop33
280
     0
102
RTVSPost2010PropOp33
 70
     1
102
RTVSPost2010Prop34
280
     0
102
RTVSPost2010PropOp34
 70
     1
102
RTVSPost2010Prop35
280
     0
102
RTVSPost2010PropOp35
 70
     1
102
RTVSPost2010Prop36
280
     0
102
RTVSPost2010PropOp36
 70
     1
102
RTVSPost2010Prop37
 90
       50
102
RTVSPost2010PropOp37
 70
     1
102
RTVSPost2010Prop38
140
0.0
102
RTVSPost2010PropOp38
 70
     1
102
RTVSPost2010Prop39
140
1.0
102
RTVSPost2010PropOp39
 70
     1
102
RTVSPost2010Prop40
 90
        0
102
RTVSPost2010PropOp40
 70
     1
102
RTVSPost2010Prop41ColorIndex
 90
       18
102
RTVSPost2010Prop41ColorRGB
 90
        0
102
RTVSPost2010PropOp41
 70
     1
102
RTVSPost2010Prop42
 90
       50
102
RTVSPost2010PropOp42
 70
     1
102
RTVSPost2010Prop43
 90
        3
102
RTVSPost2010PropOp43
 70
     1
102
RTVSPost2010Prop44ColorIndex
 90
        5
102
RTVSPost2010Prop44ColorRGB
 90
      255
102
RTVSPost2010PropOp44
 70
     1
102
RTVSPost2010Prop45
280
     0
102
RTVSPost2010PropOp45
 70
     1
102
RTVSPost2010Prop46
 90
       50
102
RTVSPost2010PropOp46
 70
     1
102
RTVSPost2010Prop47
 90
       50
102
RTVSPost2010PropOp47
 70
     1
102
RTVSPost2010Prop48
 90
       50
102
RTVSPost2010PropOp48
 70
     1
102
RTVSPost2010Prop49
280
     0
102
RTVSPost2010PropOp49
 70
     1
102
RTVSPost2010Prop50
 90
       50
102
RTVSPost2010PropOp50
 70
     1
102
RTVSPost2010Prop51ColorIndex
 90
      256
102
RTVSPost2010Prop51ColorRGB
 90
-16777216
102
RTVSPost2010PropOp51
 70
     0
102
RTVSPost2010Prop52
140
1.0
102
RTVSPost2010PropOp52
 70
     0
102
RTVSPost2010Prop53
 90
        2
102
RTVSPost2010PropOp53
 70
     1
102
RTVSPost2010Prop54
  1
strokes_ogs.tif
102
RTVSPost2010PropOp54
 70
     1
102
RTVSPost2010Prop55
280
     0
102
RTVSPost2010PropOp55
 70
     1
102
RTVSPost2010Prop56
140
1.0
102
RTVSPost2010PropOp56
 70
     1
102
RTVSPost2010Prop57
140
1.0
102
RTVSPost2010PropOp57
 70
     1
102
RTVSPropertyOp0
 70
     1
102
RTVSPropertyOp1
 70
     1
102
RTVSPropertyOp2
 70
     1
102
RTVSPropertyOp3
 70
     1
102
RTVSPropertyOp4
 70
     1
102
RTVSPropertyOp5
 70
     1
102
RTVSPropertyOp6
 70
     1
102
RTVSPropertyOp7
 70
     1
102
RTVSPropertyOp8
 70
     1
102
RTVSPropertyOp9
 70
     1
102
RTVSPropertyOp10
 70
     1
102
RTVSPropertyOp11
 70
     1
102
RTVSPropertyOp12
 70
     1
102
RTVSPropertyOp13
 70
     1
102
RTVSPropertyOp14
 70
     1
102
RTVSPropertyOp15
 70
     1
102
RTVSPropertyOp16
 70
     1
102
RTVSPropertyOp17
 70
     1
102
RTVSPropertyOp18
 70
     1
102
RTVSPropertyOp19
 70
     1
102
RTVSPropertyOp20
 70
     1
102
RTVSPropertyOp21
 70
     1
102
RTVSPropertyOp22
 70
     1
102
RTVSPropertyOp23
 70
     1
102
RTVSPropertyOp24
 70
     1
102
RTVSPropertyOp25
 70
     1
102
RTVSPropertyOp26
 70
     1
102
RTVSPropertyOp27
 70
     1
102
RTVSPropertyOp28
 70
     1
102
RTVSPropertyOp29
 70
     1
102
RTVSPropertyOp30
 70
     1
102
RTVSPropertyOp31
 70
     1
102
RTVSPropertyOp32
 70
     1
102
RTVSPropertyOp33
 70
     1
102
RTVSPropertyOp34
 70
     1
102
RTVSPropertyOp35
 70
     1
102
RTVSPropertyOp36
 70
     1
102
RTVSPropertyOp37
 70
     1
102
RTVSPropertyOp38
 70
     1
102
RTVSPropertyOp39
 70
     1
102
RTVSPropertyOp40
 70
     1
102
RTVSPropertyOp41
 70
     1
102
RTVSPropertyOp42
 70
     1
102
RTVSPropertyOp43
 70
     1
102
RTVSPropertyOp44
 70
     1
102
RTVSPropertyOp45
 70
     1
102
RTVSPropertyOp46
 70
     1
102
RTVSPropertyOp47
 70
     1
102
RTVSPropertyOp48
 70
     1
102
RTVSPropertyOp49
 70
     1
102
RTVSPropertyOp50
 70
     1
102
RTVSPropertyOp51
 70
     0
102
RTVSPropertyOp52
 70
     0
102
RTVSPropertyOp53
 70
     1
102
RTVSPropertyOp54
 70
     1
102
RTVSPropertyOp55
 70
     1
102
RTVSPropertyOp56
 70
     1
102
RTVSPropertyOp57
 70
     1
102
RTVSPropertyOp58
 70
     1
102
RTVSPropertyOp59
 70
     1
102
RTVSPropertyOp60
 70
     1
102
RTVSPropertyOp61
 70
     1
102
RTVSPropertyOp62
 70
     1
  0
XRECORD
  5
28FC
102
{ACAD_REACTORS
330
28FB
102
}
330
28FB
100
AcDbXrecord
280
     1
102
RTVSPost2010Prop28
280
     0
102
RTVSPost2010PropOp28
 70
     1
102
RTVSPost2010Prop29
280
     1
102
RTVSPost2010PropOp29
 70
     1
102
RTVSPost2010Prop30
280
     1
102
RTVSPost2010PropOp30
 70
     1
102
RTVSPost2010Prop31
280
     0
102
RTVSPost2010PropOp31
 70
     1
102
RTVSPost2010Prop32
280
     0
102
RTVSPost2010PropOp32
 70
     1
102
RTVSPost2010Prop33
280
     0
102
RTVSPost2010PropOp33
 70
     1
102
RTVSPost2010Prop34
280
     0
102
RTVSPost2010PropOp34
 70
     1
102
RTVSPost2010Prop35
280
     0
102
RTVSPost2010PropOp35
 70
     1
102
RTVSPost2010Prop36
280
     0
102
RTVSPost2010PropOp36
 70
     1
102
RTVSPost2010Prop37
 90
       50
102
RTVSPost2010PropOp37
 70
     1
102
RTVSPost2010Prop38
140
0.0
102
RTVSPost2010PropOp38
 70
     1
102
RTVSPost2010Prop39
140
1.0
102
RTVSPost2010PropOp39
 70
     1
102
RTVSPost2010Prop40
 90
        0
102
RTVSPost2010PropOp40
 70
     1
102
RTVSPost2010Prop41ColorIndex
 90
       18
102
RTVSPost2010Prop41ColorRGB
 90
        0
102
RTVSPost2010PropOp41
 70
     1
102
RTVSPost2010Prop42
 90
       50
102
RTVSPost2010PropOp42
 70
     1
102
RTVSPost2010Prop43
 90
        3
102
RTVSPost2010PropOp43
 70
     1
102
RTVSPost2010Prop44ColorIndex
 90
        5
102
RTVSPost2010Prop44ColorRGB
 90
      255
102
RTVSPost2010PropOp44
 70
     1
102
RTVSPost2010Prop45
280
     0
102
RTVSPost2010PropOp45
 70
     1
102
RTVSPost2010Prop46
 90
       50
102
RTVSPost2010PropOp46
 70
     1
102
RTVSPost2010Prop47
 90
       50
102
RTVSPost2010PropOp47
 70
     1
102
RTVSPost2010Prop48
 90
       50
102
RTVSPost2010PropOp48
 70
     1
102
RTVSPost2010Prop49
280
     0
102
RTVSPost2010PropOp49
 70
     1
102
RTVSPost2010Prop50
 90
       50
102
RTVSPost2010PropOp50
 70
     1
102
RTVSPost2010Prop51ColorIndex
 90
      256
102
RTVSPost2010Prop51ColorRGB
 90
-16777216
102
RTVSPost2010PropOp51
 70
     0
102
RTVSPost2010Prop52
140
1.0
102
RTVSPost2010PropOp52
 70
     0
102
RTVSPost2010Prop53
 90
        2
102
RTVSPost2010PropOp53
 70
     1
102
RTVSPost2010Prop54
  1
strokes_ogs.tif
102
RTVSPost2010PropOp54
 70
     1
102
RTVSPost2010Prop55
280
     0
102
RTVSPost2010PropOp55
 70
     1
102
RTVSPost2010Prop56
140
1.0
102
RTVSPost2010PropOp56
 70
     1
102
RTVSPost2010Prop57
140
1.0
102
RTVSPost2010PropOp57
 70
     1
102
RTVSPropertyOp0
 70
     1
102
RTVSPropertyOp1
 70
     1
102
RTVSPropertyOp2
 70
     1
102
RTVSPropertyOp3
 70
     1
102
RTVSPropertyOp4
 70
     1
102
RTVSPropertyOp5
 70
     1
102
RTVSPropertyOp6
 70
     1
102
RTVSPropertyOp7
 70
     1
102
RTVSPropertyOp8
 70
     1
102
RTVSPropertyOp9
 70
     1
102
RTVSPropertyOp10
 70
     1
102
RTVSPropertyOp11
 70
     1
102
RTVSPropertyOp12
 70
     1
102
RTVSPropertyOp13
 70
     1
102
RTVSPropertyOp14
 70
     1
102
RTVSPropertyOp15
 70
     1
102
RTVSPropertyOp16
 70
     1
102
RTVSPropertyOp17
 70
     1
102
RTVSPropertyOp18
 70
     1
102
RTVSPropertyOp19
 70
     1
102
RTVSPropertyOp20
 70
     1
102
RTVSPropertyOp21
 70
     1
102
RTVSPropertyOp22
 70
     1
102
RTVSPropertyOp23
 70
     1
102
RTVSPropertyOp24
 70
     1
102
RTVSPropertyOp25
 70
     1
102
RTVSPropertyOp26
 70
     1
102
RTVSPropertyOp27
 70
     1
102
RTVSPropertyOp28
 70
     1
102
RTVSPropertyOp29
 70
     1
102
RTVSPropertyOp30
 70
     1
102
RTVSPropertyOp31
 70
     1
102
RTVSPropertyOp32
 70
     1
102
RTVSPropertyOp33
 70
     1
102
RTVSPropertyOp34
 70
     1
102
RTVSPropertyOp35
 70
     1
102
RTVSPropertyOp36
 70
     1
102
RTVSPropertyOp37
 70
     1
102
RTVSPropertyOp38
 70
     1
102
RTVSPropertyOp39
 70
     1
102
RTVSPropertyOp40
 70
     1
102
RTVSPropertyOp41
 70
     1
102
RTVSPropertyOp42
 70
     1
102
RTVSPropertyOp43
 70
     1
102
RTVSPropertyOp44
 70
     1
102
RTVSPropertyOp45
 70
     1
102
RTVSPropertyOp46
 70
     1
102
RTVSPropertyOp47
 70
     1
102
RTVSPropertyOp48
 70
     1
102
RTVSPropertyOp49
 70
     1
102
RTVSPropertyOp50
 70
     1
102
RTVSPropertyOp51
 70
     0
102
RTVSPropertyOp52
 70
     0
102
RTVSPropertyOp53
 70
     1
102
RTVSPropertyOp54
 70
     1
102
RTVSPropertyOp55
 70
     1
102
RTVSPropertyOp56
 70
     1
102
RTVSPropertyOp57
 70
     1
102
RTVSPropertyOp58
 70
     1
102
RTVSPropertyOp59
 70
     1
102
RTVSPropertyOp60
 70
     1
102
RTVSPropertyOp61
 70
     1
102
RTVSPropertyOp62
 70
     1
  0
XRECORD
  5
291E
102
{ACAD_REACTORS
330
291D
102
}
330
291D
100
AcDbXrecord
280
     1
102
RTVSPost2010Prop28
280
     0
102
RTVSPost2010PropOp28
 70
     1
102
RTVSPost2010Prop29
280
     1
102
RTVSPost2010PropOp29
 70
     1
102
RTVSPost2010Prop30
280
     1
102
RTVSPost2010PropOp30
 70
     1
102
RTVSPost2010Prop31
280
     0
102
RTVSPost2010PropOp31
 70
     1
102
RTVSPost2010Prop32
280
     0
102
RTVSPost2010PropOp32
 70
     1
102
RTVSPost2010Prop33
280
     0
102
RTVSPost2010PropOp33
 70
     1
102
RTVSPost2010Prop34
280
     0
102
RTVSPost2010PropOp34
 70
     1
102
RTVSPost2010Prop35
280
     0
102
RTVSPost2010PropOp35
 70
     1
102
RTVSPost2010Prop36
280
     0
102
RTVSPost2010PropOp36
 70
     1
102
RTVSPost2010Prop37
 90
       50
102
RTVSPost2010PropOp37
 70
     1
102
RTVSPost2010Prop38
140
0.0
102
RTVSPost2010PropOp38
 70
     1
102
RTVSPost2010Prop39
140
1.0
102
RTVSPost2010PropOp39
 70
     1
102
RTVSPost2010Prop40
 90
        0
102
RTVSPost2010PropOp40
 70
     1
102
RTVSPost2010Prop41ColorIndex
 90
       18
102
RTVSPost2010Prop41ColorRGB
 90
        0
102
RTVSPost2010PropOp41
 70
     1
102
RTVSPost2010Prop42
 90
       50
102
RTVSPost2010PropOp42
 70
     1
102
RTVSPost2010Prop43
 90
        3
102
RTVSPost2010PropOp43
 70
     1
102
RTVSPost2010Prop44ColorIndex
 90
        5
102
RTVSPost2010Prop44ColorRGB
 90
      255
102
RTVSPost2010PropOp44
 70
     1
102
RTVSPost2010Prop45
280
     0
102
RTVSPost2010PropOp45
 70
     1
102
RTVSPost2010Prop46
 90
       50
102
RTVSPost2010PropOp46
 70
     1
102
RTVSPost2010Prop47
 90
       50
102
RTVSPost2010PropOp47
 70
     1
102
RTVSPost2010Prop48
 90
       50
102
RTVSPost2010PropOp48
 70
     1
102
RTVSPost2010Prop49
280
     0
102
RTVSPost2010PropOp49
 70
     1
102
RTVSPost2010Prop50
 90
       50
102
RTVSPost2010PropOp50
 70
     1
102
RTVSPost2010Prop51ColorIndex
 90
      256
102
RTVSPost2010Prop51ColorRGB
 90
-16777216
102
RTVSPost2010PropOp51
 70
     0
102
RTVSPost2010Prop52
140
1.0
102
RTVSPost2010PropOp52
 70
     0
102
RTVSPost2010Prop53
 90
        2
102
RTVSPost2010PropOp53
 70
     1
102
RTVSPost2010Prop54
  1
strokes_ogs.tif
102
RTVSPost2010PropOp54
 70
     1
102
RTVSPost2010Prop55
280
     0
102
RTVSPost2010PropOp55
 70
     1
102
RTVSPost2010Prop56
140
1.0
102
RTVSPost2010PropOp56
 70
     1
102
RTVSPost2010Prop57
140
1.0
102
RTVSPost2010PropOp57
 70
     1
102
RTVSPropertyOp0
 70
     1
102
RTVSPropertyOp1
 70
     1
102
RTVSPropertyOp2
 70
     1
102
RTVSPropertyOp3
 70
     1
102
RTVSPropertyOp4
 70
     1
102
RTVSPropertyOp5
 70
     1
102
RTVSPropertyOp6
 70
     1
102
RTVSPropertyOp7
 70
     1
102
RTVSPropertyOp8
 70
     1
102
RTVSPropertyOp9
 70
     1
102
RTVSPropertyOp10
 70
     1
102
RTVSPropertyOp11
 70
     1
102
RTVSPropertyOp12
 70
     1
102
RTVSPropertyOp13
 70
     1
102
RTVSPropertyOp14
 70
     1
102
RTVSPropertyOp15
 70
     1
102
RTVSPropertyOp16
 70
     1
102
RTVSPropertyOp17
 70
     1
102
RTVSPropertyOp18
 70
     1
102
RTVSPropertyOp19
 70
     1
102
RTVSPropertyOp20
 70
     1
102
RTVSPropertyOp21
 70
     1
102
RTVSPropertyOp22
 70
     1
102
RTVSPropertyOp23
 70
     1
102
RTVSPropertyOp24
 70
     1
102
RTVSPropertyOp25
 70
     1
102
RTVSPropertyOp26
 70
     1
102
RTVSPropertyOp27
 70
     1
102
RTVSPropertyOp28
 70
     1
102
RTVSPropertyOp29
 70
     1
102
RTVSPropertyOp30
 70
     1
102
RTVSPropertyOp31
 70
     1
102
RTVSPropertyOp32
 70
     1
102
RTVSPropertyOp33
 70
     1
102
RTVSPropertyOp34
 70
     1
102
RTVSPropertyOp35
 70
     1
102
RTVSPropertyOp36
 70
     1
102
RTVSPropertyOp37
 70
     1
102
RTVSPropertyOp38
 70
     1
102
RTVSPropertyOp39
 70
     1
102
RTVSPropertyOp40
 70
     1
102
RTVSPropertyOp41
 70
     1
102
RTVSPropertyOp42
 70
     1
102
RTVSPropertyOp43
 70
     1
102
RTVSPropertyOp44
 70
     1
102
RTVSPropertyOp45
 70
     1
102
RTVSPropertyOp46
 70
     1
102
RTVSPropertyOp47
 70
     1
102
RTVSPropertyOp48
 70
     1
102
RTVSPropertyOp49
 70
     1
102
RTVSPropertyOp50
 70
     1
102
RTVSPropertyOp51
 70
     0
102
RTVSPropertyOp52
 70
     0
102
RTVSPropertyOp53
 70
     1
102
RTVSPropertyOp54
 70
     1
102
RTVSPropertyOp55
 70
     1
102
RTVSPropertyOp56
 70
     1
102
RTVSPropertyOp57
 70
     1
102
RTVSPropertyOp58
 70
     1
102
RTVSPropertyOp59
 70
     1
102
RTVSPropertyOp60
 70
     1
102
RTVSPropertyOp61
 70
     1
102
RTVSPropertyOp62
 70
     1
  0
XRECORD
  5
2916
102
{ACAD_REACTORS
330
2915
102
}
330
2915
100
AcDbXrecord
280
     1
102
RTVSPost2010Prop28
280
     0
102
RTVSPost2010PropOp28
 70
     1
102
RTVSPost2010Prop29
280
     1
102
RTVSPost2010PropOp29
 70
     1
102
RTVSPost2010Prop30
280
     1
102
RTVSPost2010PropOp30
 70
     1
102
RTVSPost2010Prop31
280
     0
102
RTVSPost2010PropOp31
 70
     1
102
RTVSPost2010Prop32
280
     0
102
RTVSPost2010PropOp32
 70
     1
102
RTVSPost2010Prop33
280
     0
102
RTVSPost2010PropOp33
 70
     1
102
RTVSPost2010Prop34
280
     0
102
RTVSPost2010PropOp34
 70
     1
102
RTVSPost2010Prop35
280
     0
102
RTVSPost2010PropOp35
 70
     1
102
RTVSPost2010Prop36
280
     0
102
RTVSPost2010PropOp36
 70
     1
102
RTVSPost2010Prop37
 90
       50
102
RTVSPost2010PropOp37
 70
     1
102
RTVSPost2010Prop38
140
0.0
102
RTVSPost2010PropOp38
 70
     1
102
RTVSPost2010Prop39
140
1.0
102
RTVSPost2010PropOp39
 70
     1
102
RTVSPost2010Prop40
 90
        0
102
RTVSPost2010PropOp40
 70
     1
102
RTVSPost2010Prop41ColorIndex
 90
       18
102
RTVSPost2010Prop41ColorRGB
 90
        0
102
RTVSPost2010PropOp41
 70
     1
102
RTVSPost2010Prop42
 90
       50
102
RTVSPost2010PropOp42
 70
     1
102
RTVSPost2010Prop43
 90
        3
102
RTVSPost2010PropOp43
 70
     1
102
RTVSPost2010Prop44ColorIndex
 90
        5
102
RTVSPost2010Prop44ColorRGB
 90
      255
102
RTVSPost2010PropOp44
 70
     1
102
RTVSPost2010Prop45
280
     0
102
RTVSPost2010PropOp45
 70
     1
102
RTVSPost2010Prop46
 90
       50
102
RTVSPost2010PropOp46
 70
     1
102
RTVSPost2010Prop47
 90
       50
102
RTVSPost2010PropOp47
 70
     1
102
RTVSPost2010Prop48
 90
       50
102
RTVSPost2010PropOp48
 70
     1
102
RTVSPost2010Prop49
280
     0
102
RTVSPost2010PropOp49
 70
     1
102
RTVSPost2010Prop50
 90
       50
102
RTVSPost2010PropOp50
 70
     1
102
RTVSPost2010Prop51ColorIndex
 90
      256
102
RTVSPost2010Prop51ColorRGB
 90
-16777216
102
RTVSPost2010PropOp51
 70
     0
102
RTVSPost2010Prop52
140
1.0
102
RTVSPost2010PropOp52
 70
     0
102
RTVSPost2010Prop53
 90
        2
102
RTVSPost2010PropOp53
 70
     1
102
RTVSPost2010Prop54
  1
strokes_ogs.tif
102
RTVSPost2010PropOp54
 70
     1
102
RTVSPost2010Prop55
280
     0
102
RTVSPost2010PropOp55
 70
     1
102
RTVSPost2010Prop56
140
1.0
102
RTVSPost2010PropOp56
 70
     1
102
RTVSPost2010Prop57
140
1.0
102
RTVSPost2010PropOp57
 70
     1
102
RTVSPropertyOp0
 70
     0
102
RTVSPropertyOp1
 70
     0
102
RTVSPropertyOp2
 70
     0
102
RTVSPropertyOp3
 70
     0
102
RTVSPropertyOp4
 70
     0
102
RTVSPropertyOp5
 70
     0
102
RTVSPropertyOp6
 70
     0
102
RTVSPropertyOp7
 70
     0
102
RTVSPropertyOp8
 70
     0
102
RTVSPropertyOp9
 70
     0
102
RTVSPropertyOp10
 70
     0
102
RTVSPropertyOp11
 70
     0
102
RTVSPropertyOp12
 70
     0
102
RTVSPropertyOp13
 70
     0
102
RTVSPropertyOp14
 70
     2
102
RTVSPropertyOp15
 70
     0
102
RTVSPropertyOp16
 70
     0
102
RTVSPropertyOp17
 70
     0
102
RTVSPropertyOp18
 70
     0
102
RTVSPropertyOp19
 70
     0
102
RTVSPropertyOp20
 70
     0
102
RTVSPropertyOp21
 70
     0
102
RTVSPropertyOp22
 70
     0
102
RTVSPropertyOp23
 70
     0
102
RTVSPropertyOp24
 70
     0
102
RTVSPropertyOp25
 70
     0
102
RTVSPropertyOp26
 70
     0
102
RTVSPropertyOp27
 70
     0
102
RTVSPropertyOp28
 70
     1
102
RTVSPropertyOp29
 70
     1
102
RTVSPropertyOp30
 70
     1
102
RTVSPropertyOp31
 70
     1
102
RTVSPropertyOp32
 70
     1
102
RTVSPropertyOp33
 70
     1
102
RTVSPropertyOp34
 70
     1
102
RTVSPropertyOp35
 70
     1
102
RTVSPropertyOp36
 70
     1
102
RTVSPropertyOp37
 70
     1
102
RTVSPropertyOp38
 70
     1
102
RTVSPropertyOp39
 70
     1
102
RTVSPropertyOp40
 70
     1
102
RTVSPropertyOp41
 70
     1
102
RTVSPropertyOp42
 70
     1
102
RTVSPropertyOp43
 70
     1
102
RTVSPropertyOp44
 70
     1
102
RTVSPropertyOp45
 70
     1
102
RTVSPropertyOp46
 70
     1
102
RTVSPropertyOp47
 70
     1
102
RTVSPropertyOp48
 70
     1
102
RTVSPropertyOp49
 70
     1
102
RTVSPropertyOp50
 70
     1
102
RTVSPropertyOp51
 70
     0
102
RTVSPropertyOp52
 70
     0
102
RTVSPropertyOp53
 70
     1
102
RTVSPropertyOp54
 70
     1
102
RTVSPropertyOp55
 70
     1
102
RTVSPropertyOp56
 70
     1
102
RTVSPropertyOp57
 70
     1
102
RTVSPropertyOp58
 70
     1
102
RTVSPropertyOp59
 70
     1
102
RTVSPropertyOp60
 70
     1
102
RTVSPropertyOp61
 70
     1
102
RTVSPropertyOp62
 70
     1
  0
XRECORD
  5
2910
102
{ACAD_REACTORS
330
290F
102
}
330
290F
100
AcDbXrecord
280
     1
102
RTVSPost2010Prop28
280
     0
102
RTVSPost2010PropOp28
 70
     1
102
RTVSPost2010Prop29
280
     1
102
RTVSPost2010PropOp29
 70
     1
102
RTVSPost2010Prop30
280
     1
102
RTVSPost2010PropOp30
 70
     1
102
RTVSPost2010Prop31
280
     0
102
RTVSPost2010PropOp31
 70
     1
102
RTVSPost2010Prop32
280
     0
102
RTVSPost2010PropOp32
 70
     1
102
RTVSPost2010Prop33
280
     0
102
RTVSPost2010PropOp33
 70
     1
102
RTVSPost2010Prop34
280
     0
102
RTVSPost2010PropOp34
 70
     1
102
RTVSPost2010Prop35
280
     0
102
RTVSPost2010PropOp35
 70
     1
102
RTVSPost2010Prop36
280
     0
102
RTVSPost2010PropOp36
 70
     1
102
RTVSPost2010Prop37
 90
       50
102
RTVSPost2010PropOp37
 70
     1
102
RTVSPost2010Prop38
140
0.0
102
RTVSPost2010PropOp38
 70
     1
102
RTVSPost2010Prop39
140
1.0
102
RTVSPost2010PropOp39
 70
     1
102
RTVSPost2010Prop40
 90
        0
102
RTVSPost2010PropOp40
 70
     1
102
RTVSPost2010Prop41ColorIndex
 90
       18
102
RTVSPost2010Prop41ColorRGB
 90
        0
102
RTVSPost2010PropOp41
 70
     1
102
RTVSPost2010Prop42
 90
       50
102
RTVSPost2010PropOp42
 70
     1
102
RTVSPost2010Prop43
 90
        3
102
RTVSPost2010PropOp43
 70
     1
102
RTVSPost2010Prop44ColorIndex
 90
        5
102
RTVSPost2010Prop44ColorRGB
 90
      255
102
RTVSPost2010PropOp44
 70
     1
102
RTVSPost2010Prop45
280
     0
102
RTVSPost2010PropOp45
 70
     1
102
RTVSPost2010Prop46
 90
       50
102
RTVSPost2010PropOp46
 70
     1
102
RTVSPost2010Prop47
 90
       50
102
RTVSPost2010PropOp47
 70
     1
102
RTVSPost2010Prop48
 90
       50
102
RTVSPost2010PropOp48
 70
     1
102
RTVSPost2010Prop49
280
     0
102
RTVSPost2010PropOp49
 70
     1
102
RTVSPost2010Prop50
 90
       50
102
RTVSPost2010PropOp50
 70
     1
102
RTVSPost2010Prop51ColorIndex
 90
      256
102
RTVSPost2010Prop51ColorRGB
 90
-16777216
102
RTVSPost2010PropOp51
 70
     0
102
RTVSPost2010Prop52
140
1.0
102
RTVSPost2010PropOp52
 70
     0
102
RTVSPost2010Prop53
 90
        2
102
RTVSPost2010PropOp53
 70
     1
102
RTVSPost2010Prop54
  1
strokes_ogs.tif
102
RTVSPost2010PropOp54
 70
     1
102
RTVSPost2010Prop55
280
     0
102
RTVSPost2010PropOp55
 70
     1
102
RTVSPost2010Prop56
140
1.0
102
RTVSPost2010PropOp56
 70
     1
102
RTVSPost2010Prop57
140
1.0
102
RTVSPost2010PropOp57
 70
     1
102
RTVSPropertyOp0
 70
     1
102
RTVSPropertyOp1
 70
     1
102
RTVSPropertyOp2
 70
     1
102
RTVSPropertyOp3
 70
     1
102
RTVSPropertyOp4
 70
     1
102
RTVSPropertyOp5
 70
     1
102
RTVSPropertyOp6
 70
     1
102
RTVSPropertyOp7
 70
     1
102
RTVSPropertyOp8
 70
     1
102
RTVSPropertyOp9
 70
     1
102
RTVSPropertyOp10
 70
     1
102
RTVSPropertyOp11
 70
     1
102
RTVSPropertyOp12
 70
     1
102
RTVSPropertyOp13
 70
     1
102
RTVSPropertyOp14
 70
     1
102
RTVSPropertyOp15
 70
     1
102
RTVSPropertyOp16
 70
     1
102
RTVSPropertyOp17
 70
     1
102
RTVSPropertyOp18
 70
     1
102
RTVSPropertyOp19
 70
     1
102
RTVSPropertyOp20
 70
     1
102
RTVSPropertyOp21
 70
     1
102
RTVSPropertyOp22
 70
     1
102
RTVSPropertyOp23
 70
     1
102
RTVSPropertyOp24
 70
     1
102
RTVSPropertyOp25
 70
     1
102
RTVSPropertyOp26
 70
     1
102
RTVSPropertyOp27
 70
     1
102
RTVSPropertyOp28
 70
     1
102
RTVSPropertyOp29
 70
     1
102
RTVSPropertyOp30
 70
     1
102
RTVSPropertyOp31
 70
     1
102
RTVSPropertyOp32
 70
     1
102
RTVSPropertyOp33
 70
     1
102
RTVSPropertyOp34
 70
     1
102
RTVSPropertyOp35
 70
     1
102
RTVSPropertyOp36
 70
     1
102
RTVSPropertyOp37
 70
     1
102
RTVSPropertyOp38
 70
     1
102
RTVSPropertyOp39
 70
     1
102
RTVSPropertyOp40
 70
     1
102
RTVSPropertyOp41
 70
     1
102
RTVSPropertyOp42
 70
     1
102
RTVSPropertyOp43
 70
     1
102
RTVSPropertyOp44
 70
     1
102
RTVSPropertyOp45
 70
     1
102
RTVSPropertyOp46
 70
     1
102
RTVSPropertyOp47
 70
     1
102
RTVSPropertyOp48
 70
     1
102
RTVSPropertyOp49
 70
     1
102
RTVSPropertyOp50
 70
     1
102
RTVSPropertyOp51
 70
     0
102
RTVSPropertyOp52
 70
     0
102
RTVSPropertyOp53
 70
     1
102
RTVSPropertyOp54
 70
     1
102
RTVSPropertyOp55
 70
     1
102
RTVSPropertyOp56
 70
     1
102
RTVSPropertyOp57
 70
     1
102
RTVSPropertyOp58
 70
     1
102
RTVSPropertyOp59
 70
     1
102
RTVSPropertyOp60
 70
     1
102
RTVSPropertyOp61
 70
     1
102
RTVSPropertyOp62
 70
     1
  0
XRECORD
  5
2918
102
{ACAD_REACTORS
330
2917
102
}
330
2917
100
AcDbXrecord
280
     1
102
RTVSPost2010Prop28
280
     0
102
RTVSPost2010PropOp28
 70
     1
102
RTVSPost2010Prop29
280
     1
102
RTVSPost2010PropOp29
 70
     1
102
RTVSPost2010Prop30
280
     1
102
RTVSPost2010PropOp30
 70
     1
102
RTVSPost2010Prop31
280
     0
102
RTVSPost2010PropOp31
 70
     1
102
RTVSPost2010Prop32
280
     0
102
RTVSPost2010PropOp32
 70
     1
102
RTVSPost2010Prop33
280
     0
102
RTVSPost2010PropOp33
 70
     1
102
RTVSPost2010Prop34
280
     0
102
RTVSPost2010PropOp34
 70
     1
102
RTVSPost2010Prop35
280
     0
102
RTVSPost2010PropOp35
 70
     1
102
RTVSPost2010Prop36
280
     0
102
RTVSPost2010PropOp36
 70
     1
102
RTVSPost2010Prop37
 90
       50
102
RTVSPost2010PropOp37
 70
     1
102
RTVSPost2010Prop38
140
0.0
102
RTVSPost2010PropOp38
 70
     1
102
RTVSPost2010Prop39
140
1.0
102
RTVSPost2010PropOp39
 70
     1
102
RTVSPost2010Prop40
 90
        0
102
RTVSPost2010PropOp40
 70
     1
102
RTVSPost2010Prop41ColorIndex
 90
       18
102
RTVSPost2010Prop41ColorRGB
 90
        0
102
RTVSPost2010PropOp41
 70
     1
102
RTVSPost2010Prop42
 90
       50
102
RTVSPost2010PropOp42
 70
     1
102
RTVSPost2010Prop43
 90
        3
102
RTVSPost2010PropOp43
 70
     1
102
RTVSPost2010Prop44ColorIndex
 90
        5
102
RTVSPost2010Prop44ColorRGB
 90
      255
102
RTVSPost2010PropOp44
 70
     1
102
RTVSPost2010Prop45
280
     0
102
RTVSPost2010PropOp45
 70
     1
102
RTVSPost2010Prop46
 90
       50
102
RTVSPost2010PropOp46
 70
     1
102
RTVSPost2010Prop47
 90
       50
102
RTVSPost2010PropOp47
 70
     1
102
RTVSPost2010Prop48
 90
       50
102
RTVSPost2010PropOp48
 70
     1
102
RTVSPost2010Prop49
280
     0
102
RTVSPost2010PropOp49
 70
     1
102
RTVSPost2010Prop50
 90
       50
102
RTVSPost2010PropOp50
 70
     1
102
RTVSPost2010Prop51ColorIndex
 90
      256
102
RTVSPost2010Prop51ColorRGB
 90
-16777216
102
RTVSPost2010PropOp51
 70
     0
102
RTVSPost2010Prop52
140
1.0
102
RTVSPost2010PropOp52
 70
     0
102
RTVSPost2010Prop53
 90
        2
102
RTVSPost2010PropOp53
 70
     1
102
RTVSPost2010Prop54
  1
strokes_ogs.tif
102
RTVSPost2010PropOp54
 70
     1
102
RTVSPost2010Prop55
280
     0
102
RTVSPost2010PropOp55
 70
     1
102
RTVSPost2010Prop56
140
1.0
102
RTVSPost2010PropOp56
 70
     1
102
RTVSPost2010Prop57
140
1.0
102
RTVSPost2010PropOp57
 70
     1
102
RTVSPropertyOp0
 70
     0
102
RTVSPropertyOp1
 70
     0
102
RTVSPropertyOp2
 70
     0
102
RTVSPropertyOp3
 70
     0
102
RTVSPropertyOp4
 70
     0
102
RTVSPropertyOp5
 70
     0
102
RTVSPropertyOp6
 70
     0
102
RTVSPropertyOp7
 70
     0
102
RTVSPropertyOp8
 70
     0
102
RTVSPropertyOp9
 70
     0
102
RTVSPropertyOp10
 70
     0
102
RTVSPropertyOp11
 70
     0
102
RTVSPropertyOp12
 70
     0
102
RTVSPropertyOp13
 70
     0
102
RTVSPropertyOp14
 70
     2
102
RTVSPropertyOp15
 70
     0
102
RTVSPropertyOp16
 70
     0
102
RTVSPropertyOp17
 70
     0
102
RTVSPropertyOp18
 70
     0
102
RTVSPropertyOp19
 70
     0
102
RTVSPropertyOp20
 70
     0
102
RTVSPropertyOp21
 70
     0
102
RTVSPropertyOp22
 70
     0
102
RTVSPropertyOp23
 70
     0
102
RTVSPropertyOp24
 70
     0
102
RTVSPropertyOp25
 70
     0
102
RTVSPropertyOp26
 70
     0
102
RTVSPropertyOp27
 70
     0
102
RTVSPropertyOp28
 70
     1
102
RTVSPropertyOp29
 70
     1
102
RTVSPropertyOp30
 70
     1
102
RTVSPropertyOp31
 70
     1
102
RTVSPropertyOp32
 70
     1
102
RTVSPropertyOp33
 70
     1
102
RTVSPropertyOp34
 70
     1
102
RTVSPropertyOp35
 70
     1
102
RTVSPropertyOp36
 70
     1
102
RTVSPropertyOp37
 70
     1
102
RTVSPropertyOp38
 70
     1
102
RTVSPropertyOp39
 70
     1
102
RTVSPropertyOp40
 70
     1
102
RTVSPropertyOp41
 70
     1
102
RTVSPropertyOp42
 70
     1
102
RTVSPropertyOp43
 70
     1
102
RTVSPropertyOp44
 70
     1
102
RTVSPropertyOp45
 70
     1
102
RTVSPropertyOp46
 70
     1
102
RTVSPropertyOp47
 70
     1
102
RTVSPropertyOp48
 70
     1
102
RTVSPropertyOp49
 70
     1
102
RTVSPropertyOp50
 70
     1
102
RTVSPropertyOp51
 70
     0
102
RTVSPropertyOp52
 70
     0
102
RTVSPropertyOp53
 70
     1
102
RTVSPropertyOp54
 70
     1
102
RTVSPropertyOp55
 70
     1
102
RTVSPropertyOp56
 70
     1
102
RTVSPropertyOp57
 70
     1
102
RTVSPropertyOp58
 70
     1
102
RTVSPropertyOp59
 70
     1
102
RTVSPropertyOp60
 70
     1
102
RTVSPropertyOp61
 70
     1
102
RTVSPropertyOp62
 70
     1
  0
XRECORD
  5
2908
102
{ACAD_REACTORS
330
2907
102
}
330
2907
100
AcDbXrecord
280
     1
102
RTVSPost2010Prop28
280
     0
102
RTVSPost2010PropOp28
 70
     1
102
RTVSPost2010Prop29
280
     1
102
RTVSPost2010PropOp29
 70
     1
102
RTVSPost2010Prop30
280
     1
102
RTVSPost2010PropOp30
 70
     1
102
RTVSPost2010Prop31
280
     0
102
RTVSPost2010PropOp31
 70
     1
102
RTVSPost2010Prop32
280
     0
102
RTVSPost2010PropOp32
 70
     1
102
RTVSPost2010Prop33
280
     0
102
RTVSPost2010PropOp33
 70
     1
102
RTVSPost2010Prop34
280
     0
102
RTVSPost2010PropOp34
 70
     1
102
RTVSPost2010Prop35
280
     0
102
RTVSPost2010PropOp35
 70
     1
102
RTVSPost2010Prop36
280
     0
102
RTVSPost2010PropOp36
 70
     1
102
RTVSPost2010Prop37
 90
       50
102
RTVSPost2010PropOp37
 70
     1
102
RTVSPost2010Prop38
140
0.0
102
RTVSPost2010PropOp38
 70
     1
102
RTVSPost2010Prop39
140
1.0
102
RTVSPost2010PropOp39
 70
     1
102
RTVSPost2010Prop40
 90
        0
102
RTVSPost2010PropOp40
 70
     1
102
RTVSPost2010Prop41ColorIndex
 90
       18
102
RTVSPost2010Prop41ColorRGB
 90
        0
102
RTVSPost2010PropOp41
 70
     1
102
RTVSPost2010Prop42
 90
       50
102
RTVSPost2010PropOp42
 70
     1
102
RTVSPost2010Prop43
 90
        3
102
RTVSPost2010PropOp43
 70
     1
102
RTVSPost2010Prop44ColorIndex
 90
        5
102
RTVSPost2010Prop44ColorRGB
 90
      255
102
RTVSPost2010PropOp44
 70
     1
102
RTVSPost2010Prop45
280
     0
102
RTVSPost2010PropOp45
 70
     1
102
RTVSPost2010Prop46
 90
       50
102
RTVSPost2010PropOp46
 70
     1
102
RTVSPost2010Prop47
 90
       50
102
RTVSPost2010PropOp47
 70
     1
102
RTVSPost2010Prop48
 90
       50
102
RTVSPost2010PropOp48
 70
     1
102
RTVSPost2010Prop49
280
     0
102
RTVSPost2010PropOp49
 70
     1
102
RTVSPost2010Prop50
 90
       50
102
RTVSPost2010PropOp50
 70
     1
102
RTVSPost2010Prop51ColorIndex
 90
      256
102
RTVSPost2010Prop51ColorRGB
 90
-16777216
102
RTVSPost2010PropOp51
 70
     0
102
RTVSPost2010Prop52
140
1.0
102
RTVSPost2010PropOp52
 70
     0
102
RTVSPost2010Prop53
 90
        2
102
RTVSPost2010PropOp53
 70
     1
102
RTVSPost2010Prop54
  1
strokes_ogs.tif
102
RTVSPost2010PropOp54
 70
     1
102
RTVSPost2010Prop55
280
     0
102
RTVSPost2010PropOp55
 70
     1
102
RTVSPost2010Prop56
140
1.0
102
RTVSPost2010PropOp56
 70
     1
102
RTVSPost2010Prop57
140
1.0
102
RTVSPost2010PropOp57
 70
     1
102
RTVSPropertyOp0
 70
     1
102
RTVSPropertyOp1
 70
     1
102
RTVSPropertyOp2
 70
     1
102
RTVSPropertyOp3
 70
     1
102
RTVSPropertyOp4
 70
     1
102
RTVSPropertyOp5
 70
     1
102
RTVSPropertyOp6
 70
     1
102
RTVSPropertyOp7
 70
     1
102
RTVSPropertyOp8
 70
     1
102
RTVSPropertyOp9
 70
     1
102
RTVSPropertyOp10
 70
     1
102
RTVSPropertyOp11
 70
     1
102
RTVSPropertyOp12
 70
     1
102
RTVSPropertyOp13
 70
     1
102
RTVSPropertyOp14
 70
     1
102
RTVSPropertyOp15
 70
     1
102
RTVSPropertyOp16
 70
     1
102
RTVSPropertyOp17
 70
     1
102
RTVSPropertyOp18
 70
     1
102
RTVSPropertyOp19
 70
     1
102
RTVSPropertyOp20
 70
     1
102
RTVSPropertyOp21
 70
     1
102
RTVSPropertyOp22
 70
     1
102
RTVSPropertyOp23
 70
     1
102
RTVSPropertyOp24
 70
     1
102
RTVSPropertyOp25
 70
     1
102
RTVSPropertyOp26
 70
     1
102
RTVSPropertyOp27
 70
     1
102
RTVSPropertyOp28
 70
     1
102
RTVSPropertyOp29
 70
     1
102
RTVSPropertyOp30
 70
     1
102
RTVSPropertyOp31
 70
     1
102
RTVSPropertyOp32
 70
     1
102
RTVSPropertyOp33
 70
     1
102
RTVSPropertyOp34
 70
     1
102
RTVSPropertyOp35
 70
     1
102
RTVSPropertyOp36
 70
     1
102
RTVSPropertyOp37
 70
     1
102
RTVSPropertyOp38
 70
     1
102
RTVSPropertyOp39
 70
     1
102
RTVSPropertyOp40
 70
     1
102
RTVSPropertyOp41
 70
     1
102
RTVSPropertyOp42
 70
     1
102
RTVSPropertyOp43
 70
     1
102
RTVSPropertyOp44
 70
     1
102
RTVSPropertyOp45
 70
     1
102
RTVSPropertyOp46
 70
     1
102
RTVSPropertyOp47
 70
     1
102
RTVSPropertyOp48
 70
     1
102
RTVSPropertyOp49
 70
     1
102
RTVSPropertyOp50
 70
     1
102
RTVSPropertyOp51
 70
     0
102
RTVSPropertyOp52
 70
     0
102
RTVSPropertyOp53
 70
     1
102
RTVSPropertyOp54
 70
     1
102
RTVSPropertyOp55
 70
     1
102
RTVSPropertyOp56
 70
     1
102
RTVSPropertyOp57
 70
     1
102
RTVSPropertyOp58
 70
     1
102
RTVSPropertyOp59
 70
     1
102
RTVSPropertyOp60
 70
     1
102
RTVSPropertyOp61
 70
     1
102
RTVSPropertyOp62
 70
     1
  0
XRECORD
  5
2928
102
{ACAD_REACTORS
330
2927
102
}
330
2927
100
AcDbXrecord
280
     1
102
RTVSPost2010Prop28
280
     0
102
RTVSPost2010PropOp28
 70
     1
102
RTVSPost2010Prop29
280
     1
102
RTVSPost2010PropOp29
 70
     1
102
RTVSPost2010Prop30
280
     1
102
RTVSPost2010PropOp30
 70
     1
102
RTVSPost2010Prop31
280
     0
102
RTVSPost2010PropOp31
 70
     1
102
RTVSPost2010Prop32
280
     0
102
RTVSPost2010PropOp32
 70
     1
102
RTVSPost2010Prop33
280
     0
102
RTVSPost2010PropOp33
 70
     1
102
RTVSPost2010Prop34
280
     0
102
RTVSPost2010PropOp34
 70
     1
102
RTVSPost2010Prop35
280
     0
102
RTVSPost2010PropOp35
 70
     1
102
RTVSPost2010Prop36
280
     0
102
RTVSPost2010PropOp36
 70
     1
102
RTVSPost2010Prop37
 90
       50
102
RTVSPost2010PropOp37
 70
     1
102
RTVSPost2010Prop38
140
0.0
102
RTVSPost2010PropOp38
 70
     1
102
RTVSPost2010Prop39
140
1.0
102
RTVSPost2010PropOp39
 70
     1
102
RTVSPost2010Prop40
 90
        0
102
RTVSPost2010PropOp40
 70
     1
102
RTVSPost2010Prop41ColorIndex
 90
       18
102
RTVSPost2010Prop41ColorRGB
 90
        0
102
RTVSPost2010PropOp41
 70
     1
102
RTVSPost2010Prop42
 90
       50
102
RTVSPost2010PropOp42
 70
     1
102
RTVSPost2010Prop43
 90
        3
102
RTVSPost2010PropOp43
 70
     1
102
RTVSPost2010Prop44ColorIndex
 90
        5
102
RTVSPost2010Prop44ColorRGB
 90
      255
102
RTVSPost2010PropOp44
 70
     1
102
RTVSPost2010Prop45
280
     0
102
RTVSPost2010PropOp45
 70
     1
102
RTVSPost2010Prop46
 90
       50
102
RTVSPost2010PropOp46
 70
     1
102
RTVSPost2010Prop47
 90
       50
102
RTVSPost2010PropOp47
 70
     1
102
RTVSPost2010Prop48
 90
       50
102
RTVSPost2010PropOp48
 70
     1
102
RTVSPost2010Prop49
280
     0
102
RTVSPost2010PropOp49
 70
     1
102
RTVSPost2010Prop50
 90
       50
102
RTVSPost2010PropOp50
 70
     1
102
RTVSPost2010Prop51ColorIndex
 90
      256
102
RTVSPost2010Prop51ColorRGB
 90
-16777216
102
RTVSPost2010PropOp51
 70
     0
102
RTVSPost2010Prop52
140
1.0
102
RTVSPost2010PropOp52
 70
     0
102
RTVSPost2010Prop53
 90
        2
102
RTVSPost2010PropOp53
 70
     1
102
RTVSPost2010Prop54
  1
strokes_ogs.tif
102
RTVSPost2010PropOp54
 70
     1
102
RTVSPost2010Prop55
280
     0
102
RTVSPost2010PropOp55
 70
     1
102
RTVSPost2010Prop56
140
1.0
102
RTVSPost2010PropOp56
 70
     1
102
RTVSPost2010Prop57
140
1.0
102
RTVSPost2010PropOp57
 70
     1
102
RTVSPropertyOp0
 70
     1
102
RTVSPropertyOp1
 70
     1
102
RTVSPropertyOp2
 70
     1
102
RTVSPropertyOp3
 70
     1
102
RTVSPropertyOp4
 70
     1
102
RTVSPropertyOp5
 70
     1
102
RTVSPropertyOp6
 70
     1
102
RTVSPropertyOp7
 70
     1
102
RTVSPropertyOp8
 70
     1
102
RTVSPropertyOp9
 70
     1
102
RTVSPropertyOp10
 70
     1
102
RTVSPropertyOp11
 70
     1
102
RTVSPropertyOp12
 70
     1
102
RTVSPropertyOp13
 70
     1
102
RTVSPropertyOp14
 70
     1
102
RTVSPropertyOp15
 70
     1
102
RTVSPropertyOp16
 70
     1
102
RTVSPropertyOp17
 70
     1
102
RTVSPropertyOp18
 70
     1
102
RTVSPropertyOp19
 70
     1
102
RTVSPropertyOp20
 70
     1
102
RTVSPropertyOp21
 70
     1
102
RTVSPropertyOp22
 70
     1
102
RTVSPropertyOp23
 70
     1
102
RTVSPropertyOp24
 70
     1
102
RTVSPropertyOp25
 70
     1
102
RTVSPropertyOp26
 70
     1
102
RTVSPropertyOp27
 70
     1
102
RTVSPropertyOp28
 70
     1
102
RTVSPropertyOp29
 70
     1
102
RTVSPropertyOp30
 70
     1
102
RTVSPropertyOp31
 70
     1
102
RTVSPropertyOp32
 70
     1
102
RTVSPropertyOp33
 70
     1
102
RTVSPropertyOp34
 70
     1
102
RTVSPropertyOp35
 70
     1
102
RTVSPropertyOp36
 70
     1
102
RTVSPropertyOp37
 70
     1
102
RTVSPropertyOp38
 70
     1
102
RTVSPropertyOp39
 70
     1
102
RTVSPropertyOp40
 70
     1
102
RTVSPropertyOp41
 70
     1
102
RTVSPropertyOp42
 70
     1
102
RTVSPropertyOp43
 70
     1
102
RTVSPropertyOp44
 70
     1
102
RTVSPropertyOp45
 70
     1
102
RTVSPropertyOp46
 70
     1
102
RTVSPropertyOp47
 70
     1
102
RTVSPropertyOp48
 70
     1
102
RTVSPropertyOp49
 70
     1
102
RTVSPropertyOp50
 70
     1
102
RTVSPropertyOp51
 70
     0
102
RTVSPropertyOp52
 70
     0
102
RTVSPropertyOp53
 70
     1
102
RTVSPropertyOp54
 70
     1
102
RTVSPropertyOp55
 70
     1
102
RTVSPropertyOp56
 70
     1
102
RTVSPropertyOp57
 70
     1
102
RTVSPropertyOp58
 70
     1
102
RTVSPropertyOp59
 70
     1
102
RTVSPropertyOp60
 70
     1
102
RTVSPropertyOp61
 70
     1
102
RTVSPropertyOp62
 70
     1
  0
XRECORD
  5
2926
102
{ACAD_REACTORS
330
2925
102
}
330
2925
100
AcDbXrecord
280
     1
102
RTVSPost2010Prop28
280
     0
102
RTVSPost2010PropOp28
 70
     1
102
RTVSPost2010Prop29
280
     1
102
RTVSPost2010PropOp29
 70
     1
102
RTVSPost2010Prop30
280
     1
102
RTVSPost2010PropOp30
 70
     1
102
RTVSPost2010Prop31
280
     0
102
RTVSPost2010PropOp31
 70
     1
102
RTVSPost2010Prop32
280
     0
102
RTVSPost2010PropOp32
 70
     1
102
RTVSPost2010Prop33
280
     0
102
RTVSPost2010PropOp33
 70
     1
102
RTVSPost2010Prop34
280
     0
102
RTVSPost2010PropOp34
 70
     1
102
RTVSPost2010Prop35
280
     0
102
RTVSPost2010PropOp35
 70
     1
102
RTVSPost2010Prop36
280
     0
102
RTVSPost2010PropOp36
 70
     1
102
RTVSPost2010Prop37
 90
       50
102
RTVSPost2010PropOp37
 70
     1
102
RTVSPost2010Prop38
140
0.0
102
RTVSPost2010PropOp38
 70
     1
102
RTVSPost2010Prop39
140
1.0
102
RTVSPost2010PropOp39
 70
     1
102
RTVSPost2010Prop40
 90
        0
102
RTVSPost2010PropOp40
 70
     1
102
RTVSPost2010Prop41ColorIndex
 90
       18
102
RTVSPost2010Prop41ColorRGB
 90
        0
102
RTVSPost2010PropOp41
 70
     1
102
RTVSPost2010Prop42
 90
       50
102
RTVSPost2010PropOp42
 70
     1
102
RTVSPost2010Prop43
 90
        3
102
RTVSPost2010PropOp43
 70
     1
102
RTVSPost2010Prop44ColorIndex
 90
        5
102
RTVSPost2010Prop44ColorRGB
 90
      255
102
RTVSPost2010PropOp44
 70
     1
102
RTVSPost2010Prop45
280
     0
102
RTVSPost2010PropOp45
 70
     1
102
RTVSPost2010Prop46
 90
       50
102
RTVSPost2010PropOp46
 70
     1
102
RTVSPost2010Prop47
 90
       50
102
RTVSPost2010PropOp47
 70
     1
102
RTVSPost2010Prop48
 90
       50
102
RTVSPost2010PropOp48
 70
     1
102
RTVSPost2010Prop49
280
     0
102
RTVSPost2010PropOp49
 70
     1
102
RTVSPost2010Prop50
 90
       50
102
RTVSPost2010PropOp50
 70
     1
102
RTVSPost2010Prop51ColorIndex
 90
      256
102
RTVSPost2010Prop51ColorRGB
 90
-16777216
102
RTVSPost2010PropOp51
 70
     0
102
RTVSPost2010Prop52
140
1.0
102
RTVSPost2010PropOp52
 70
     0
102
RTVSPost2010Prop53
 90
        2
102
RTVSPost2010PropOp53
 70
     1
102
RTVSPost2010Prop54
  1
strokes_ogs.tif
102
RTVSPost2010PropOp54
 70
     1
102
RTVSPost2010Prop55
280
     0
102
RTVSPost2010PropOp55
 70
     1
102
RTVSPost2010Prop56
140
1.0
102
RTVSPost2010PropOp56
 70
     1
102
RTVSPost2010Prop57
140
1.0
102
RTVSPost2010PropOp57
 70
     1
102
RTVSPropertyOp0
 70
     1
102
RTVSPropertyOp1
 70
     1
102
RTVSPropertyOp2
 70
     1
102
RTVSPropertyOp3
 70
     1
102
RTVSPropertyOp4
 70
     1
102
RTVSPropertyOp5
 70
     1
102
RTVSPropertyOp6
 70
     1
102
RTVSPropertyOp7
 70
     1
102
RTVSPropertyOp8
 70
     1
102
RTVSPropertyOp9
 70
     1
102
RTVSPropertyOp10
 70
     1
102
RTVSPropertyOp11
 70
     1
102
RTVSPropertyOp12
 70
     1
102
RTVSPropertyOp13
 70
     1
102
RTVSPropertyOp14
 70
     1
102
RTVSPropertyOp15
 70
     1
102
RTVSPropertyOp16
 70
     1
102
RTVSPropertyOp17
 70
     1
102
RTVSPropertyOp18
 70
     1
102
RTVSPropertyOp19
 70
     1
102
RTVSPropertyOp20
 70
     1
102
RTVSPropertyOp21
 70
     1
102
RTVSPropertyOp22
 70
     1
102
RTVSPropertyOp23
 70
     1
102
RTVSPropertyOp24
 70
     1
102
RTVSPropertyOp25
 70
     1
102
RTVSPropertyOp26
 70
     1
102
RTVSPropertyOp27
 70
     1
102
RTVSPropertyOp28
 70
     1
102
RTVSPropertyOp29
 70
     1
102
RTVSPropertyOp30
 70
     1
102
RTVSPropertyOp31
 70
     1
102
RTVSPropertyOp32
 70
     1
102
RTVSPropertyOp33
 70
     1
102
RTVSPropertyOp34
 70
     1
102
RTVSPropertyOp35
 70
     1
102
RTVSPropertyOp36
 70
     1
102
RTVSPropertyOp37
 70
     1
102
RTVSPropertyOp38
 70
     1
102
RTVSPropertyOp39
 70
     1
102
RTVSPropertyOp40
 70
     1
102
RTVSPropertyOp41
 70
     1
102
RTVSPropertyOp42
 70
     1
102
RTVSPropertyOp43
 70
     1
102
RTVSPropertyOp44
 70
     1
102
RTVSPropertyOp45
 70
     1
102
RTVSPropertyOp46
 70
     1
102
RTVSPropertyOp47
 70
     1
102
RTVSPropertyOp48
 70
     1
102
RTVSPropertyOp49
 70
     1
102
RTVSPropertyOp50
 70
     1
102
RTVSPropertyOp51
 70
     0
102
RTVSPropertyOp52
 70
     0
102
RTVSPropertyOp53
 70
     1
102
RTVSPropertyOp54
 70
     1
102
RTVSPropertyOp55
 70
     1
102
RTVSPropertyOp56
 70
     1
102
RTVSPropertyOp57
 70
     1
102
RTVSPropertyOp58
 70
     1
102
RTVSPropertyOp59
 70
     1
102
RTVSPropertyOp60
 70
     1
102
RTVSPropertyOp61
 70
     1
102
RTVSPropertyOp62
 70
     1
  0
XRECORD
  5
2920
102
{ACAD_REACTORS
330
291F
102
}
330
291F
100
AcDbXrecord
280
     1
102
RTVSPost2010Prop28
280
     0
102
RTVSPost2010PropOp28
 70
     1
102
RTVSPost2010Prop29
280
     1
102
RTVSPost2010PropOp29
 70
     1
102
RTVSPost2010Prop30
280
     1
102
RTVSPost2010PropOp30
 70
     1
102
RTVSPost2010Prop31
280
     0
102
RTVSPost2010PropOp31
 70
     1
102
RTVSPost2010Prop32
280
     0
102
RTVSPost2010PropOp32
 70
     1
102
RTVSPost2010Prop33
280
     0
102
RTVSPost2010PropOp33
 70
     1
102
RTVSPost2010Prop34
280
     0
102
RTVSPost2010PropOp34
 70
     1
102
RTVSPost2010Prop35
280
     0
102
RTVSPost2010PropOp35
 70
     1
102
RTVSPost2010Prop36
280
     0
102
RTVSPost2010PropOp36
 70
     1
102
RTVSPost2010Prop37
 90
       50
102
RTVSPost2010PropOp37
 70
     1
102
RTVSPost2010Prop38
140
0.0
102
RTVSPost2010PropOp38
 70
     1
102
RTVSPost2010Prop39
140
1.0
102
RTVSPost2010PropOp39
 70
     1
102
RTVSPost2010Prop40
 90
        0
102
RTVSPost2010PropOp40
 70
     1
102
RTVSPost2010Prop41ColorIndex
 90
       18
102
RTVSPost2010Prop41ColorRGB
 90
        0
102
RTVSPost2010PropOp41
 70
     1
102
RTVSPost2010Prop42
 90
       50
102
RTVSPost2010PropOp42
 70
     1
102
RTVSPost2010Prop43
 90
        3
102
RTVSPost2010PropOp43
 70
     1
102
RTVSPost2010Prop44ColorIndex
 90
        5
102
RTVSPost2010Prop44ColorRGB
 90
      255
102
RTVSPost2010PropOp44
 70
     1
102
RTVSPost2010Prop45
280
     0
102
RTVSPost2010PropOp45
 70
     1
102
RTVSPost2010Prop46
 90
       50
102
RTVSPost2010PropOp46
 70
     1
102
RTVSPost2010Prop47
 90
       50
102
RTVSPost2010PropOp47
 70
     1
102
RTVSPost2010Prop48
 90
       50
102
RTVSPost2010PropOp48
 70
     1
102
RTVSPost2010Prop49
280
     0
102
RTVSPost2010PropOp49
 70
     1
102
RTVSPost2010Prop50
 90
       50
102
RTVSPost2010PropOp50
 70
     1
102
RTVSPost2010Prop51ColorIndex
 90
      256
102
RTVSPost2010Prop51ColorRGB
 90
-16777216
102
RTVSPost2010PropOp51
 70
     0
102
RTVSPost2010Prop52
140
1.0
102
RTVSPost2010PropOp52
 70
     0
102
RTVSPost2010Prop53
 90
        2
102
RTVSPost2010PropOp53
 70
     1
102
RTVSPost2010Prop54
  1
strokes_ogs.tif
102
RTVSPost2010PropOp54
 70
     1
102
RTVSPost2010Prop55
280
     0
102
RTVSPost2010PropOp55
 70
     1
102
RTVSPost2010Prop56
140
1.0
102
RTVSPost2010PropOp56
 70
     1
102
RTVSPost2010Prop57
140
1.0
102
RTVSPost2010PropOp57
 70
     1
102
RTVSPropertyOp0
 70
     1
102
RTVSPropertyOp1
 70
     1
102
RTVSPropertyOp2
 70
     1
102
RTVSPropertyOp3
 70
     1
102
RTVSPropertyOp4
 70
     1
102
RTVSPropertyOp5
 70
     1
102
RTVSPropertyOp6
 70
     1
102
RTVSPropertyOp7
 70
     1
102
RTVSPropertyOp8
 70
     1
102
RTVSPropertyOp9
 70
     1
102
RTVSPropertyOp10
 70
     1
102
RTVSPropertyOp11
 70
     1
102
RTVSPropertyOp12
 70
     1
102
RTVSPropertyOp13
 70
     1
102
RTVSPropertyOp14
 70
     1
102
RTVSPropertyOp15
 70
     1
102
RTVSPropertyOp16
 70
     1
102
RTVSPropertyOp17
 70
     1
102
RTVSPropertyOp18
 70
     1
102
RTVSPropertyOp19
 70
     1
102
RTVSPropertyOp20
 70
     1
102
RTVSPropertyOp21
 70
     1
102
RTVSPropertyOp22
 70
     1
102
RTVSPropertyOp23
 70
     1
102
RTVSPropertyOp24
 70
     1
102
RTVSPropertyOp25
 70
     1
102
RTVSPropertyOp26
 70
     1
102
RTVSPropertyOp27
 70
     1
102
RTVSPropertyOp28
 70
     1
102
RTVSPropertyOp29
 70
     1
102
RTVSPropertyOp30
 70
     1
102
RTVSPropertyOp31
 70
     1
102
RTVSPropertyOp32
 70
     1
102
RTVSPropertyOp33
 70
     1
102
RTVSPropertyOp34
 70
     1
102
RTVSPropertyOp35
 70
     1
102
RTVSPropertyOp36
 70
     1
102
RTVSPropertyOp37
 70
     1
102
RTVSPropertyOp38
 70
     1
102
RTVSPropertyOp39
 70
     1
102
RTVSPropertyOp40
 70
     1
102
RTVSPropertyOp41
 70
     1
102
RTVSPropertyOp42
 70
     1
102
RTVSPropertyOp43
 70
     1
102
RTVSPropertyOp44
 70
     1
102
RTVSPropertyOp45
 70
     1
102
RTVSPropertyOp46
 70
     1
102
RTVSPropertyOp47
 70
     1
102
RTVSPropertyOp48
 70
     1
102
RTVSPropertyOp49
 70
     1
102
RTVSPropertyOp50
 70
     1
102
RTVSPropertyOp51
 70
     0
102
RTVSPropertyOp52
 70
     0
102
RTVSPropertyOp53
 70
     1
102
RTVSPropertyOp54
 70
     1
102
RTVSPropertyOp55
 70
     1
102
RTVSPropertyOp56
 70
     1
102
RTVSPropertyOp57
 70
     1
102
RTVSPropertyOp58
 70
     1
102
RTVSPropertyOp59
 70
     1
102
RTVSPropertyOp60
 70
     1
102
RTVSPropertyOp61
 70
     1
102
RTVSPropertyOp62
 70
     1
  0
XRECORD
  5
2922
102
{ACAD_REACTORS
330
2921
102
}
330
2921
100
AcDbXrecord
280
     1
102
RTVSPost2010Prop28
280
     0
102
RTVSPost2010PropOp28
 70
     1
102
RTVSPost2010Prop29
280
     1
102
RTVSPost2010PropOp29
 70
     1
102
RTVSPost2010Prop30
280
     1
102
RTVSPost2010PropOp30
 70
     1
102
RTVSPost2010Prop31
280
     0
102
RTVSPost2010PropOp31
 70
     1
102
RTVSPost2010Prop32
280
     0
102
RTVSPost2010PropOp32
 70
     1
102
RTVSPost2010Prop33
280
     0
102
RTVSPost2010PropOp33
 70
     1
102
RTVSPost2010Prop34
280
     0
102
RTVSPost2010PropOp34
 70
     1
102
RTVSPost2010Prop35
280
     0
102
RTVSPost2010PropOp35
 70
     1
102
RTVSPost2010Prop36
280
     0
102
RTVSPost2010PropOp36
 70
     1
102
RTVSPost2010Prop37
 90
       50
102
RTVSPost2010PropOp37
 70
     1
102
RTVSPost2010Prop38
140
0.0
102
RTVSPost2010PropOp38
 70
     1
102
RTVSPost2010Prop39
140
1.0
102
RTVSPost2010PropOp39
 70
     1
102
RTVSPost2010Prop40
 90
        0
102
RTVSPost2010PropOp40
 70
     1
102
RTVSPost2010Prop41ColorIndex
 90
       18
102
RTVSPost2010Prop41ColorRGB
 90
        0
102
RTVSPost2010PropOp41
 70
     1
102
RTVSPost2010Prop42
 90
       50
102
RTVSPost2010PropOp42
 70
     1
102
RTVSPost2010Prop43
 90
        3
102
RTVSPost2010PropOp43
 70
     1
102
RTVSPost2010Prop44ColorIndex
 90
        5
102
RTVSPost2010Prop44ColorRGB
 90
      255
102
RTVSPost2010PropOp44
 70
     1
102
RTVSPost2010Prop45
280
     0
102
RTVSPost2010PropOp45
 70
     1
102
RTVSPost2010Prop46
 90
       50
102
RTVSPost2010PropOp46
 70
     1
102
RTVSPost2010Prop47
 90
       50
102
RTVSPost2010PropOp47
 70
     1
102
RTVSPost2010Prop48
 90
       50
102
RTVSPost2010PropOp48
 70
     1
102
RTVSPost2010Prop49
280
     0
102
RTVSPost2010PropOp49
 70
     1
102
RTVSPost2010Prop50
 90
       50
102
RTVSPost2010PropOp50
 70
     1
102
RTVSPost2010Prop51ColorIndex
 90
      256
102
RTVSPost2010Prop51ColorRGB
 90
-16777216
102
RTVSPost2010PropOp51
 70
     0
102
RTVSPost2010Prop52
140
1.0
102
RTVSPost2010PropOp52
 70
     0
102
RTVSPost2010Prop53
 90
        2
102
RTVSPost2010PropOp53
 70
     1
102
RTVSPost2010Prop54
  1
strokes_ogs.tif
102
RTVSPost2010PropOp54
 70
     1
102
RTVSPost2010Prop55
280
     0
102
RTVSPost2010PropOp55
 70
     1
102
RTVSPost2010Prop56
140
1.0
102
RTVSPost2010PropOp56
 70
     1
102
RTVSPost2010Prop57
140
1.0
102
RTVSPost2010PropOp57
 70
     1
102
RTVSPropertyOp0
 70
     1
102
RTVSPropertyOp1
 70
     1
102
RTVSPropertyOp2
 70
     1
102
RTVSPropertyOp3
 70
     1
102
RTVSPropertyOp4
 70
     1
102
RTVSPropertyOp5
 70
     1
102
RTVSPropertyOp6
 70
     1
102
RTVSPropertyOp7
 70
     1
102
RTVSPropertyOp8
 70
     1
102
RTVSPropertyOp9
 70
     1
102
RTVSPropertyOp10
 70
     1
102
RTVSPropertyOp11
 70
     1
102
RTVSPropertyOp12
 70
     1
102
RTVSPropertyOp13
 70
     1
102
RTVSPropertyOp14
 70
     1
102
RTVSPropertyOp15
 70
     1
102
RTVSPropertyOp16
 70
     1
102
RTVSPropertyOp17
 70
     1
102
RTVSPropertyOp18
 70
     1
102
RTVSPropertyOp19
 70
     1
102
RTVSPropertyOp20
 70
     1
102
RTVSPropertyOp21
 70
     1
102
RTVSPropertyOp22
 70
     1
102
RTVSPropertyOp23
 70
     1
102
RTVSPropertyOp24
 70
     1
102
RTVSPropertyOp25
 70
     1
102
RTVSPropertyOp26
 70
     1
102
RTVSPropertyOp27
 70
     1
102
RTVSPropertyOp28
 70
     1
102
RTVSPropertyOp29
 70
     1
102
RTVSPropertyOp30
 70
     1
102
RTVSPropertyOp31
 70
     1
102
RTVSPropertyOp32
 70
     1
102
RTVSPropertyOp33
 70
     1
102
RTVSPropertyOp34
 70
     1
102
RTVSPropertyOp35
 70
     1
102
RTVSPropertyOp36
 70
     1
102
RTVSPropertyOp37
 70
     1
102
RTVSPropertyOp38
 70
     1
102
RTVSPropertyOp39
 70
     1
102
RTVSPropertyOp40
 70
     1
102
RTVSPropertyOp41
 70
     1
102
RTVSPropertyOp42
 70
     1
102
RTVSPropertyOp43
 70
     1
102
RTVSPropertyOp44
 70
     1
102
RTVSPropertyOp45
 70
     1
102
RTVSPropertyOp46
 70
     1
102
RTVSPropertyOp47
 70
     1
102
RTVSPropertyOp48
 70
     1
102
RTVSPropertyOp49
 70
     1
102
RTVSPropertyOp50
 70
     1
102
RTVSPropertyOp51
 70
     0
102
RTVSPropertyOp52
 70
     0
102
RTVSPropertyOp53
 70
     1
102
RTVSPropertyOp54
 70
     1
102
RTVSPropertyOp55
 70
     1
102
RTVSPropertyOp56
 70
     1
102
RTVSPropertyOp57
 70
     1
102
RTVSPropertyOp58
 70
     1
102
RTVSPropertyOp59
 70
     1
102
RTVSPropertyOp60
 70
     1
102
RTVSPropertyOp61
 70
     1
102
RTVSPropertyOp62
 70
     1
  0
XRECORD
  5
290E
102
{ACAD_REACTORS
330
290D
102
}
330
290D
100
AcDbXrecord
280
     1
102
RTVSPost2010Prop28
280
     0
102
RTVSPost2010PropOp28
 70
     1
102
RTVSPost2010Prop29
280
     1
102
RTVSPost2010PropOp29
 70
     1
102
RTVSPost2010Prop30
280
     1
102
RTVSPost2010PropOp30
 70
     1
102
RTVSPost2010Prop31
280
     0
102
RTVSPost2010PropOp31
 70
     1
102
RTVSPost2010Prop32
280
     0
102
RTVSPost2010PropOp32
 70
     1
102
RTVSPost2010Prop33
280
     0
102
RTVSPost2010PropOp33
 70
     1
102
RTVSPost2010Prop34
280
     0
102
RTVSPost2010PropOp34
 70
     1
102
RTVSPost2010Prop35
280
     0
102
RTVSPost2010PropOp35
 70
     1
102
RTVSPost2010Prop36
280
     0
102
RTVSPost2010PropOp36
 70
     1
102
RTVSPost2010Prop37
 90
       50
102
RTVSPost2010PropOp37
 70
     1
102
RTVSPost2010Prop38
140
0.0
102
RTVSPost2010PropOp38
 70
     1
102
RTVSPost2010Prop39
140
1.0
102
RTVSPost2010PropOp39
 70
     1
102
RTVSPost2010Prop40
 90
        0
102
RTVSPost2010PropOp40
 70
     1
102
RTVSPost2010Prop41ColorIndex
 90
       18
102
RTVSPost2010Prop41ColorRGB
 90
        0
102
RTVSPost2010PropOp41
 70
     1
102
RTVSPost2010Prop42
 90
       50
102
RTVSPost2010PropOp42
 70
     1
102
RTVSPost2010Prop43
 90
        3
102
RTVSPost2010PropOp43
 70
     1
102
RTVSPost2010Prop44ColorIndex
 90
        5
102
RTVSPost2010Prop44ColorRGB
 90
      255
102
RTVSPost2010PropOp44
 70
     1
102
RTVSPost2010Prop45
280
     0
102
RTVSPost2010PropOp45
 70
     1
102
RTVSPost2010Prop46
 90
       50
102
RTVSPost2010PropOp46
 70
     1
102
RTVSPost2010Prop47
 90
       50
102
RTVSPost2010PropOp47
 70
     1
102
RTVSPost2010Prop48
 90
       50
102
RTVSPost2010PropOp48
 70
     1
102
RTVSPost2010Prop49
280
     0
102
RTVSPost2010PropOp49
 70
     1
102
RTVSPost2010Prop50
 90
       50
102
RTVSPost2010PropOp50
 70
     1
102
RTVSPost2010Prop51ColorIndex
 90
      256
102
RTVSPost2010Prop51ColorRGB
 90
-16777216
102
RTVSPost2010PropOp51
 70
     0
102
RTVSPost2010Prop52
140
1.0
102
RTVSPost2010PropOp52
 70
     0
102
RTVSPost2010Prop53
 90
        2
102
RTVSPost2010PropOp53
 70
     1
102
RTVSPost2010Prop54
  1
strokes_ogs.tif
102
RTVSPost2010PropOp54
 70
     1
102
RTVSPost2010Prop55
280
     0
102
RTVSPost2010PropOp55
 70
     1
102
RTVSPost2010Prop56
140
1.0
102
RTVSPost2010PropOp56
 70
     1
102
RTVSPost2010Prop57
140
1.0
102
RTVSPost2010PropOp57
 70
     1
102
RTVSPropertyOp0
 70
     1
102
RTVSPropertyOp1
 70
     1
102
RTVSPropertyOp2
 70
     1
102
RTVSPropertyOp3
 70
     1
102
RTVSPropertyOp4
 70
     1
102
RTVSPropertyOp5
 70
     1
102
RTVSPropertyOp6
 70
     1
102
RTVSPropertyOp7
 70
     1
102
RTVSPropertyOp8
 70
     1
102
RTVSPropertyOp9
 70
     1
102
RTVSPropertyOp10
 70
     1
102
RTVSPropertyOp11
 70
     1
102
RTVSPropertyOp12
 70
     1
102
RTVSPropertyOp13
 70
     1
102
RTVSPropertyOp14
 70
     1
102
RTVSPropertyOp15
 70
     1
102
RTVSPropertyOp16
 70
     1
102
RTVSPropertyOp17
 70
     1
102
RTVSPropertyOp18
 70
     1
102
RTVSPropertyOp19
 70
     1
102
RTVSPropertyOp20
 70
     1
102
RTVSPropertyOp21
 70
     1
102
RTVSPropertyOp22
 70
     1
102
RTVSPropertyOp23
 70
     1
102
RTVSPropertyOp24
 70
     1
102
RTVSPropertyOp25
 70
     1
102
RTVSPropertyOp26
 70
     1
102
RTVSPropertyOp27
 70
     1
102
RTVSPropertyOp28
 70
     1
102
RTVSPropertyOp29
 70
     1
102
RTVSPropertyOp30
 70
     1
102
RTVSPropertyOp31
 70
     1
102
RTVSPropertyOp32
 70
     1
102
RTVSPropertyOp33
 70
     1
102
RTVSPropertyOp34
 70
     1
102
RTVSPropertyOp35
 70
     1
102
RTVSPropertyOp36
 70
     1
102
RTVSPropertyOp37
 70
     1
102
RTVSPropertyOp38
 70
     1
102
RTVSPropertyOp39
 70
     1
102
RTVSPropertyOp40
 70
     1
102
RTVSPropertyOp41
 70
     1
102
RTVSPropertyOp42
 70
     1
102
RTVSPropertyOp43
 70
     1
102
RTVSPropertyOp44
 70
     1
102
RTVSPropertyOp45
 70
     1
102
RTVSPropertyOp46
 70
     1
102
RTVSPropertyOp47
 70
     1
102
RTVSPropertyOp48
 70
     1
102
RTVSPropertyOp49
 70
     1
102
RTVSPropertyOp50
 70
     1
102
RTVSPropertyOp51
 70
     0
102
RTVSPropertyOp52
 70
     0
102
RTVSPropertyOp53
 70
     1
102
RTVSPropertyOp54
 70
     1
102
RTVSPropertyOp55
 70
     1
102
RTVSPropertyOp56
 70
     1
102
RTVSPropertyOp57
 70
     1
102
RTVSPropertyOp58
 70
     1
102
RTVSPropertyOp59
 70
     1
102
RTVSPropertyOp60
 70
     1
102
RTVSPropertyOp61
 70
     1
102
RTVSPropertyOp62
 70
     1
  0
XRECORD
  5
291C
102
{ACAD_REACTORS
330
291B
102
}
330
291B
100
AcDbXrecord
280
     1
102
RTVSPost2010Prop28
280
     0
102
RTVSPost2010PropOp28
 70
     1
102
RTVSPost2010Prop29
280
     1
102
RTVSPost2010PropOp29
 70
     1
102
RTVSPost2010Prop30
280
     1
102
RTVSPost2010PropOp30
 70
     1
102
RTVSPost2010Prop31
280
     0
102
RTVSPost2010PropOp31
 70
     1
102
RTVSPost2010Prop32
280
     0
102
RTVSPost2010PropOp32
 70
     1
102
RTVSPost2010Prop33
280
     0
102
RTVSPost2010PropOp33
 70
     1
102
RTVSPost2010Prop34
280
     0
102
RTVSPost2010PropOp34
 70
     1
102
RTVSPost2010Prop35
280
     0
102
RTVSPost2010PropOp35
 70
     1
102
RTVSPost2010Prop36
280
     0
102
RTVSPost2010PropOp36
 70
     1
102
RTVSPost2010Prop37
 90
       50
102
RTVSPost2010PropOp37
 70
     1
102
RTVSPost2010Prop38
140
0.0
102
RTVSPost2010PropOp38
 70
     1
102
RTVSPost2010Prop39
140
1.0
102
RTVSPost2010PropOp39
 70
     1
102
RTVSPost2010Prop40
 90
        0
102
RTVSPost2010PropOp40
 70
     1
102
RTVSPost2010Prop41ColorIndex
 90
       18
102
RTVSPost2010Prop41ColorRGB
 90
        0
102
RTVSPost2010PropOp41
 70
     1
102
RTVSPost2010Prop42
 90
       50
102
RTVSPost2010PropOp42
 70
     1
102
RTVSPost2010Prop43
 90
        3
102
RTVSPost2010PropOp43
 70
     1
102
RTVSPost2010Prop44ColorIndex
 90
        5
102
RTVSPost2010Prop44ColorRGB
 90
      255
102
RTVSPost2010PropOp44
 70
     1
102
RTVSPost2010Prop45
280
     0
102
RTVSPost2010PropOp45
 70
     1
102
RTVSPost2010Prop46
 90
       50
102
RTVSPost2010PropOp46
 70
     1
102
RTVSPost2010Prop47
 90
       50
102
RTVSPost2010PropOp47
 70
     1
102
RTVSPost2010Prop48
 90
       50
102
RTVSPost2010PropOp48
 70
     1
102
RTVSPost2010Prop49
280
     0
102
RTVSPost2010PropOp49
 70
     1
102
RTVSPost2010Prop50
 90
       50
102
RTVSPost2010PropOp50
 70
     1
102
RTVSPost2010Prop51ColorIndex
 90
      256
102
RTVSPost2010Prop51ColorRGB
 90
-16777216
102
RTVSPost2010PropOp51
 70
     0
102
RTVSPost2010Prop52
140
1.0
102
RTVSPost2010PropOp52
 70
     0
102
RTVSPost2010Prop53
 90
        2
102
RTVSPost2010PropOp53
 70
     1
102
RTVSPost2010Prop54
  1
strokes_ogs.tif
102
RTVSPost2010PropOp54
 70
     1
102
RTVSPost2010Prop55
280
     0
102
RTVSPost2010PropOp55
 70
     1
102
RTVSPost2010Prop56
140
1.0
102
RTVSPost2010PropOp56
 70
     1
102
RTVSPost2010Prop57
140
1.0
102
RTVSPost2010PropOp57
 70
     1
102
RTVSPropertyOp0
 70
     1
102
RTVSPropertyOp1
 70
     1
102
RTVSPropertyOp2
 70
     1
102
RTVSPropertyOp3
 70
     1
102
RTVSPropertyOp4
 70
     1
102
RTVSPropertyOp5
 70
     1
102
RTVSPropertyOp6
 70
     1
102
RTVSPropertyOp7
 70
     1
102
RTVSPropertyOp8
 70
     1
102
RTVSPropertyOp9
 70
     1
102
RTVSPropertyOp10
 70
     1
102
RTVSPropertyOp11
 70
     1
102
RTVSPropertyOp12
 70
     1
102
RTVSPropertyOp13
 70
     1
102
RTVSPropertyOp14
 70
     1
102
RTVSPropertyOp15
 70
     1
102
RTVSPropertyOp16
 70
     1
102
RTVSPropertyOp17
 70
     1
102
RTVSPropertyOp18
 70
     1
102
RTVSPropertyOp19
 70
     1
102
RTVSPropertyOp20
 70
     1
102
RTVSPropertyOp21
 70
     1
102
RTVSPropertyOp22
 70
     1
102
RTVSPropertyOp23
 70
     1
102
RTVSPropertyOp24
 70
     1
102
RTVSPropertyOp25
 70
     1
102
RTVSPropertyOp26
 70
     1
102
RTVSPropertyOp27
 70
     1
102
RTVSPropertyOp28
 70
     1
102
RTVSPropertyOp29
 70
     1
102
RTVSPropertyOp30
 70
     1
102
RTVSPropertyOp31
 70
     1
102
RTVSPropertyOp32
 70
     1
102
RTVSPropertyOp33
 70
     1
102
RTVSPropertyOp34
 70
     1
102
RTVSPropertyOp35
 70
     1
102
RTVSPropertyOp36
 70
     1
102
RTVSPropertyOp37
 70
     1
102
RTVSPropertyOp38
 70
     1
102
RTVSPropertyOp39
 70
     1
102
RTVSPropertyOp40
 70
     1
102
RTVSPropertyOp41
 70
     1
102
RTVSPropertyOp42
 70
     1
102
RTVSPropertyOp43
 70
     1
102
RTVSPropertyOp44
 70
     1
102
RTVSPropertyOp45
 70
     1
102
RTVSPropertyOp46
 70
     1
102
RTVSPropertyOp47
 70
     1
102
RTVSPropertyOp48
 70
     1
102
RTVSPropertyOp49
 70
     1
102
RTVSPropertyOp50
 70
     1
102
RTVSPropertyOp51
 70
     0
102
RTVSPropertyOp52
 70
     0
102
RTVSPropertyOp53
 70
     1
102
RTVSPropertyOp54
 70
     1
102
RTVSPropertyOp55
 70
     1
102
RTVSPropertyOp56
 70
     1
102
RTVSPropertyOp57
 70
     1
102
RTVSPropertyOp58
 70
     1
102
RTVSPropertyOp59
 70
     1
102
RTVSPropertyOp60
 70
     1
102
RTVSPropertyOp61
 70
     1
102
RTVSPropertyOp62
 70
     1
  0
XRECORD
  5
2924
102
{ACAD_REACTORS
330
2923
102
}
330
2923
100
AcDbXrecord
280
     1
102
RTVSPost2010Prop28
280
     0
102
RTVSPost2010PropOp28
 70
     1
102
RTVSPost2010Prop29
280
     1
102
RTVSPost2010PropOp29
 70
     1
102
RTVSPost2010Prop30
280
     1
102
RTVSPost2010PropOp30
 70
     1
102
RTVSPost2010Prop31
280
     0
102
RTVSPost2010PropOp31
 70
     1
102
RTVSPost2010Prop32
280
     0
102
RTVSPost2010PropOp32
 70
     1
102
RTVSPost2010Prop33
280
     0
102
RTVSPost2010PropOp33
 70
     1
102
RTVSPost2010Prop34
280
     0
102
RTVSPost2010PropOp34
 70
     1
102
RTVSPost2010Prop35
280
     0
102
RTVSPost2010PropOp35
 70
     1
102
RTVSPost2010Prop36
280
     0
102
RTVSPost2010PropOp36
 70
     1
102
RTVSPost2010Prop37
 90
       50
102
RTVSPost2010PropOp37
 70
     1
102
RTVSPost2010Prop38
140
0.0
102
RTVSPost2010PropOp38
 70
     1
102
RTVSPost2010Prop39
140
1.0
102
RTVSPost2010PropOp39
 70
     1
102
RTVSPost2010Prop40
 90
        0
102
RTVSPost2010PropOp40
 70
     1
102
RTVSPost2010Prop41ColorIndex
 90
       18
102
RTVSPost2010Prop41ColorRGB
 90
        0
102
RTVSPost2010PropOp41
 70
     1
102
RTVSPost2010Prop42
 90
       50
102
RTVSPost2010PropOp42
 70
     1
102
RTVSPost2010Prop43
 90
        3
102
RTVSPost2010PropOp43
 70
     1
102
RTVSPost2010Prop44ColorIndex
 90
        5
102
RTVSPost2010Prop44ColorRGB
 90
      255
102
RTVSPost2010PropOp44
 70
     1
102
RTVSPost2010Prop45
280
     0
102
RTVSPost2010PropOp45
 70
     1
102
RTVSPost2010Prop46
 90
       50
102
RTVSPost2010PropOp46
 70
     1
102
RTVSPost2010Prop47
 90
       50
102
RTVSPost2010PropOp47
 70
     1
102
RTVSPost2010Prop48
 90
       50
102
RTVSPost2010PropOp48
 70
     1
102
RTVSPost2010Prop49
280
     0
102
RTVSPost2010PropOp49
 70
     1
102
RTVSPost2010Prop50
 90
       50
102
RTVSPost2010PropOp50
 70
     1
102
RTVSPost2010Prop51ColorIndex
 90
      256
102
RTVSPost2010Prop51ColorRGB
 90
-16777216
102
RTVSPost2010PropOp51
 70
     0
102
RTVSPost2010Prop52
140
1.0
102
RTVSPost2010PropOp52
 70
     0
102
RTVSPost2010Prop53
 90
        2
102
RTVSPost2010PropOp53
 70
     1
102
RTVSPost2010Prop54
  1
strokes_ogs.tif
102
RTVSPost2010PropOp54
 70
     1
102
RTVSPost2010Prop55
280
     0
102
RTVSPost2010PropOp55
 70
     1
102
RTVSPost2010Prop56
140
1.0
102
RTVSPost2010PropOp56
 70
     1
102
RTVSPost2010Prop57
140
1.0
102
RTVSPost2010PropOp57
 70
     1
102
RTVSPropertyOp0
 70
     1
102
RTVSPropertyOp1
 70
     1
102
RTVSPropertyOp2
 70
     1
102
RTVSPropertyOp3
 70
     1
102
RTVSPropertyOp4
 70
     1
102
RTVSPropertyOp5
 70
     1
102
RTVSPropertyOp6
 70
     1
102
RTVSPropertyOp7
 70
     1
102
RTVSPropertyOp8
 70
     1
102
RTVSPropertyOp9
 70
     1
102
RTVSPropertyOp10
 70
     1
102
RTVSPropertyOp11
 70
     1
102
RTVSPropertyOp12
 70
     1
102
RTVSPropertyOp13
 70
     1
102
RTVSPropertyOp14
 70
     1
102
RTVSPropertyOp15
 70
     1
102
RTVSPropertyOp16
 70
     1
102
RTVSPropertyOp17
 70
     1
102
RTVSPropertyOp18
 70
     1
102
RTVSPropertyOp19
 70
     1
102
RTVSPropertyOp20
 70
     1
102
RTVSPropertyOp21
 70
     1
102
RTVSPropertyOp22
 70
     1
102
RTVSPropertyOp23
 70
     1
102
RTVSPropertyOp24
 70
     1
102
RTVSPropertyOp25
 70
     1
102
RTVSPropertyOp26
 70
     1
102
RTVSPropertyOp27
 70
     1
102
RTVSPropertyOp28
 70
     1
102
RTVSPropertyOp29
 70
     1
102
RTVSPropertyOp30
 70
     1
102
RTVSPropertyOp31
 70
     1
102
RTVSPropertyOp32
 70
     1
102
RTVSPropertyOp33
 70
     1
102
RTVSPropertyOp34
 70
     1
102
RTVSPropertyOp35
 70
     1
102
RTVSPropertyOp36
 70
     1
102
RTVSPropertyOp37
 70
     1
102
RTVSPropertyOp38
 70
     1
102
RTVSPropertyOp39
 70
     1
102
RTVSPropertyOp40
 70
     1
102
RTVSPropertyOp41
 70
     1
102
RTVSPropertyOp42
 70
     1
102
RTVSPropertyOp43
 70
     1
102
RTVSPropertyOp44
 70
     1
102
RTVSPropertyOp45
 70
     1
102
RTVSPropertyOp46
 70
     1
102
RTVSPropertyOp47
 70
     1
102
RTVSPropertyOp48
 70
     1
102
RTVSPropertyOp49
 70
     1
102
RTVSPropertyOp50
 70
     1
102
RTVSPropertyOp51
 70
     0
102
RTVSPropertyOp52
 70
     0
102
RTVSPropertyOp53
 70
     1
102
RTVSPropertyOp54
 70
     1
102
RTVSPropertyOp55
 70
     1
102
RTVSPropertyOp56
 70
     1
102
RTVSPropertyOp57
 70
     1
102
RTVSPropertyOp58
 70
     1
102
RTVSPropertyOp59
 70
     1
102
RTVSPropertyOp60
 70
     1
102
RTVSPropertyOp61
 70
     1
102
RTVSPropertyOp62
 70
     1
  0
ENDSEC
  0
EOF
