  0
SECTION
  2
HEADER
  9
$ACADVER
  1
AC1018
  9
$ACADMAINTVER
 70
   104
  9
$DWGCODEPAGE
  3
ANSI_1252
  9
$LASTSAVEDBY
  1
cbarreiroblan
  9
$INSBASE
 10
0.0
 20
0.0
 30
0.0
  9
$EXTMIN
 10
150.2709972465772
 20
-2.698826279606578
 30
-0.0000000349181948
  9
$EXTMAX
 10
230.3155525148795
 20
80.93954426774155
 30
0.0000000814935747
  9
$LIMMIN
 10
0.0
 20
0.0
  9
$LIMMAX
 10
420.0
 20
297.0
  9
$ORTHOMODE
 70
     1
  9
$REGENMODE
 70
     1
  9
$FILLMODE
 70
     1
  9
$QTEXTMODE
 70
     0
  9
$MIRRTEXT
 70
     0
  9
$LTSCALE
 40
1.0
  9
$ATTMODE
 70
     1
  9
$TEXTSIZE
 40
2.5
  9
$TRACEWID
 40
1.0
  9
$TEXTSTYLE
  7
Standard
  9
$CLAYER
  8
0
  9
$CELTYPE
  6
ByLayer
  9
$CECOLOR
 62
   256
  9
$CELTSCALE
 40
1.0
  9
$DISPSILH
 70
     0
  9
$DIMSCALE
 40
1.0
  9
$DIMASZ
 40
2.5
  9
$DIMEXO
 40
2.5
  9
$DIMDLI
 40
0.4
  9
$DIMRND
 40
0.0
  9
$DIMDLE
 40
0.0
  9
$DIMEXE
 40
0.5
  9
$DIMTP
 40
0.2
  9
$DIMTM
 40
0.2
  9
$DIMTXT
 40
2.5
  9
$DIMCEN
 40
0.0
  9
$DIMTSZ
 40
0.0
  9
$DIMTOL
 70
     0
  9
$DIMLIM
 70
     0
  9
$DIMTIH
 70
     0
  9
$DIMTOH
 70
     0
  9
$DIMSE1
 70
     0
  9
$DIMSE2
 70
     0
  9
$DIMTAD
 70
     1
  9
$DIMZIN
 70
     0
  9
$DIMBLK
  1

  9
$DIMASO
 70
     1
  9
$DIMSHO
 70
     1
  9
$DIMPOST
  1

  9
$DIMAPOST
  1

  9
$DIMALT
 70
     0
  9
$DIMALTD
 70
     2
  9
$DIMALTF
 40
25.4
  9
$DIMLFAC
 40
1.0
  9
$DIMTOFL
 70
     1
  9
$DIMTVP
 40
0.0
  9
$DIMTIX
 70
     0
  9
$DIMSOXD
 70
     0
  9
$DIMSAH
 70
     0
  9
$DIMBLK1
  1

  9
$DIMBLK2
  1

  9
$DIMSTYLE
  2
1-1
  9
$DIMCLRD
 70
   256
  9
$DIMCLRE
 70
   256
  9
$DIMCLRT
 70
   256
  9
$DIMTFAC
 40
0.2
  9
$DIMGAP
 40
1.0
  9
$DIMJUST
 70
     0
  9
$DIMSD1
 70
     0
  9
$DIMSD2
 70
     0
  9
$DIMTOLJ
 70
     1
  9
$DIMTZIN
 70
     0
  9
$DIMALTZ
 70
     0
  9
$DIMALTTZ
 70
     0
  9
$DIMUPT
 70
     0
  9
$DIMDEC
 70
     2
  9
$DIMTDEC
 70
     2
  9
$DIMALTU
 70
     2
  9
$DIMALTTD
 70
     2
  9
$DIMTXSTY
  7
ROMANS
  9
$DIMAUNIT
 70
     0
  9
$DIMADEC
 70
     0
  9
$DIMALTRND
 40
0.0
  9
$DIMAZIN
 70
     0
  9
$DIMDSEP
 70
    46
  9
$DIMATFIT
 70
     0
  9
$DIMFRAC
 70
     0
  9
$DIMLDRBLK
  1

  9
$DIMLUNIT
 70
     2
  9
$DIMLWD
 70
    -2
  9
$DIMLWE
 70
    -2
  9
$DIMTMOVE
 70
     0
  9
$LUNITS
 70
     2
  9
$LUPREC
 70
     4
  9
$SKETCHINC
 40
1.0
  9
$FILLETRAD
 40
0.0
  9
$AUNITS
 70
     0
  9
$AUPREC
 70
     0
  9
$MENU
  1
.
  9
$ELEVATION
 40
0.0
  9
$PELEVATION
 40
0.0
  9
$THICKNESS
 40
0.0
  9
$LIMCHECK
 70
     0
  9
$CHAMFERA
 40
0.0
  9
$CHAMFERB
 40
0.0
  9
$CHAMFERC
 40
0.0
  9
$CHAMFERD
 40
0.0
  9
$SKPOLY
 70
     0
  9
$TDCREATE
 40
2455708.765833333
  9
$TDUCREATE
 40
2455708.682502755
  9
$TDUPDATE
 40
2461083.455914352
  9
$TDUUPDATE
 40
2461083.414247685
  9
$TDINDWG
 40
0.0820005324
  9
$TDUSRTIMER
 40
0.0820001042
  9
$USRTIMER
 70
     1
  9
$ANGBASE
 50
0.0
  9
$ANGDIR
 70
     0
  9
$PDMODE
 70
     0
  9
$PDSIZE
 40
0.0
  9
$PLINEWID
 40
0.0
  9
$SPLFRAME
 70
     0
  9
$SPLINETYPE
 70
     6
  9
$SPLINESEGS
 70
     8
  9
$HANDSEED
  5
26B0
  9
$SURFTAB1
 70
     6
  9
$SURFTAB2
 70
     6
  9
$SURFTYPE
 70
     6
  9
$SURFU
 70
     6
  9
$SURFV
 70
     6
  9
$UCSBASE
  2

  9
$UCSNAME
  2

  9
$UCSORG
 10
0.0
 20
0.0
 30
0.0
  9
$UCSXDIR
 10
1.0
 20
0.0
 30
0.0
  9
$UCSYDIR
 10
0.0
 20
1.0
 30
0.0
  9
$UCSORTHOREF
  2

  9
$UCSORTHOVIEW
 70
     0
  9
$UCSORGTOP
 10
0.0
 20
0.0
 30
0.0
  9
$UCSORGBOTTOM
 10
0.0
 20
0.0
 30
0.0
  9
$UCSORGLEFT
 10
0.0
 20
0.0
 30
0.0
  9
$UCSORGRIGHT
 10
0.0
 20
0.0
 30
0.0
  9
$UCSORGFRONT
 10
0.0
 20
0.0
 30
0.0
  9
$UCSORGBACK
 10
0.0
 20
0.0
 30
0.0
  9
$PUCSBASE
  2

  9
$PUCSNAME
  2

  9
$PUCSORG
 10
0.0
 20
0.0
 30
0.0
  9
$PUCSXDIR
 10
1.0
 20
0.0
 30
0.0
  9
$PUCSYDIR
 10
0.0
 20
1.0
 30
0.0
  9
$PUCSORTHOREF
  2

  9
$PUCSORTHOVIEW
 70
     0
  9
$PUCSORGTOP
 10
0.0
 20
0.0
 30
0.0
  9
$PUCSORGBOTTOM
 10
0.0
 20
0.0
 30
0.0
  9
$PUCSORGLEFT
 10
0.0
 20
0.0
 30
0.0
  9
$PUCSORGRIGHT
 10
0.0
 20
0.0
 30
0.0
  9
$PUCSORGFRONT
 10
0.0
 20
0.0
 30
0.0
  9
$PUCSORGBACK
 10
0.0
 20
0.0
 30
0.0
  9
$USERI1
 70
     0
  9
$USERI2
 70
     0
  9
$USERI3
 70
     0
  9
$USERI4
 70
     0
  9
$USERI5
 70
     0
  9
$USERR1
 40
0.0
  9
$USERR2
 40
0.0
  9
$USERR3
 40
0.0
  9
$USERR4
 40
0.0
  9
$USERR5
 40
0.0
  9
$WORLDVIEW
 70
     1
  9
$SHADEDGE
 70
     3
  9
$SHADEDIF
 70
    70
  9
$TILEMODE
 70
     1
  9
$MAXACTVP
 70
    64
  9
$PINSBASE
 10
0.0
 20
0.0
 30
0.0
  9
$PLIMCHECK
 70
     0
  9
$PEXTMIN
 10
0.0
 20
0.0
 30
0.0
  9
$PEXTMAX
 10
0.0
 20
0.0
 30
0.0
  9
$PLIMMIN
 10
0.0
 20
0.0
  9
$PLIMMAX
 10
12.0
 20
9.0
  9
$UNITMODE
 70
     0
  9
$VISRETAIN
 70
     1
  9
$PLINEGEN
 70
     0
  9
$PSLTSCALE
 70
     1
  9
$TREEDEPTH
 70
  3020
  9
$CMLSTYLE
  2
Standard
  9
$CMLJUST
 70
     0
  9
$CMLSCALE
 40
20.0
  9
$PROXYGRAPHICS
 70
     1
  9
$MEASUREMENT
 70
     1
  9
$CELWEIGHT
370
   100
  9
$ENDCAPS
280
     0
  9
$JOINSTYLE
280
     0
  9
$LWDISPLAY
290
     0
  9
$INSUNITS
 70
     4
  9
$HYPERLINKBASE
  1

  9
$STYLESHEET
  1

  9
$XEDIT
290
     1
  9
$CEPSNTYPE
380
     0
  9
$PSTYLEMODE
290
     1
  9
$FINGERPRINTGUID
  2
{3567DA1E-0DD3-4DF6-AFCE-7EB681551C87}
  9
$VERSIONGUID
  2
{6A834481-5F46-3849-8F71-41912A1FDF00}
  9
$EXTNAMES
290
     1
  9
$PSVPSCALE
 40
0.0
  9
$OLESTARTUP
290
     0
  9
$SORTENTS
280
   127
  9
$INDEXCTL
280
     0
  9
$HIDETEXT
280
     1
  9
$XCLIPFRAME
290
     0
  9
$HALOGAP
280
     0
  9
$OBSCOLOR
 70
   257
  9
$OBSLTYPE
280
     0
  9
$INTERSECTIONDISPLAY
280
     0
  9
$INTERSECTIONCOLOR
 70
   257
  9
$DIMASSOC
280
     2
  9
$PROJECTNAME
  1

  0
ENDSEC
  0
SECTION
  2
CLASSES
  0
CLASS
  1
ACDBDICTIONARYWDFLT
  2
AcDbDictionaryWithDefault
  3
ObjectDBX Classes
 90
        0
 91
        1
280
     0
281
     0
  0
CLASS
  1
DICTIONARYVAR
  2
AcDbDictionaryVar
  3
ObjectDBX Classes
 90
        0
 91
       35
280
     0
281
     0
  0
CLASS
  1
TABLESTYLE
  2
AcDbTableStyle
  3
ObjectDBX Classes
 90
     4095
 91
        2
280
     0
281
     0
  0
CLASS
  1
MATERIAL
  2
AcDbMaterial
  3
ObjectDBX Classes
 90
     1153
 91
        3
280
     0
281
     0
  0
CLASS
  1
VISUALSTYLE
  2
AcDbVisualStyle
  3
ObjectDBX Classes
 90
     4095
 91
       26
280
     0
281
     0
  0
CLASS
  1
SCALE
  2
AcDbScale
  3
ObjectDBX Classes
 90
     1153
 91
       17
280
     0
281
     0
  0
CLASS
  1
MLEADERSTYLE
  2
AcDbMLeaderStyle
  3
ACDB_MLEADERSTYLE_CLASS
 90
     4095
 91
        1
280
     0
281
     0
  0
CLASS
  1
CELLSTYLEMAP
  2
AcDbCellStyleMap
  3
ObjectDBX Classes
 90
     1152
 91
        6
280
     0
281
     0
  0
CLASS
  1
EXACXREFPANELOBJECT
  2
ExAcXREFPanelObject
  3
EXAC_ESW
 90
     1025
 91
        0
280
     0
281
     0
  0
CLASS
  1
NPOCOLLECTION
  2
AcDbImpNonPersistentObjectsCollection
  3
ObjectDBX Classes
 90
     1153
 91
        0
280
     0
281
     0
  0
CLASS
  1
LAYER_INDEX
  2
AcDbLayerIndex
  3
ObjectDBX Classes
 90
        0
 91
        0
280
     0
281
     0
  0
CLASS
  1
SPATIAL_INDEX
  2
AcDbSpatialIndex
  3
ObjectDBX Classes
 90
        0
 91
        0
280
     0
281
     0
  0
CLASS
  1
IDBUFFER
  2
AcDbIdBuffer
  3
ObjectDBX Classes
 90
        0
 91
        0
280
     0
281
     0
  0
CLASS
  1
SORTENTSTABLE
  2
AcDbSortentsTable
  3
ObjectDBX Classes
 90
        0
 91
        1
280
     0
281
     0
  0
CLASS
  1
AEC_REFEDIT_STATUS_TRACKER
  2
AecDbRefEditStatusTracker
  3
AecArchBase80|Product Desc: Autodesk Architectural Desktop 2007 |Company: Autodesk,Inc. |WEB Address: www.autodesk.com
 90
      129
 91
        0
280
     0
281
     0
  0
CLASS
  1
DIMASSOC
  2
AcDbDimAssoc
  3
"AcDbDimAssoc|Product Desc:     AcDim ARX App For Dimension|Company:          Autodesk, Inc.|WEB Address:      www.autodesk.com"
 90
        0
 91
        0
280
     0
281
     0
  0
CLASS
  1
ACDBSECTIONVIEWSTYLE
  2
AcDbSectionViewStyle
  3
ObjectDBX Classes
 90
     1025
 91
        1
280
     0
281
     0
  0
CLASS
  1
ACDBDETAILVIEWSTYLE
  2
AcDbDetailViewStyle
  3
ObjectDBX Classes
 90
     1025
 91
        1
280
     0
281
     0
  0
ENDSEC
  0
SECTION
  2
TABLES
  0
TABLE
  2
VPORT
  5
8
330
0
100
AcDbSymbolTable
 70
     1
  0
VPORT
  5
EA
330
8
100
AcDbSymbolTableRecord
100
AcDbViewportTableRecord
  2
*Active
 70
     0
 10
0.0
 20
0.0
 11
1.0
 21
1.0
 12
190.2932748807283
 22
39.12035899406748
 13
0.0
 23
0.0
 14
10.0
 24
10.0
 15
10.0
 25
10.0
 16
0.0
 26
0.0
 36
1.0
 17
0.0
 27
0.0
 37
0.0
 40
84.26098869038048
 41
1.981366459627329
 42
50.0
 43
0.0
 44
0.0
 50
0.0
 51
0.0
 71
     0
 72
  1000
 73
     1
 74
     3
 75
     0
 76
     0
 77
     0
 78
     0
281
     0
 65
     1
110
0.0
120
0.0
130
0.0
111
1.0
121
0.0
131
0.0
112
0.0
122
1.0
132
0.0
 79
     0
146
0.0
1001
ACAD_NAV_VCDISPLAY
1070
     3
  0
ENDTAB
  0
TABLE
  2
LTYPE
  5
5
330
0
100
AcDbSymbolTable
 70
     3
  0
LTYPE
  5
14
330
5
100
AcDbSymbolTableRecord
100
AcDbLinetypeTableRecord
  2
ByBlock
 70
     0
  3

 72
    65
 73
     0
 40
0.0
  0
LTYPE
  5
15
330
5
100
AcDbSymbolTableRecord
100
AcDbLinetypeTableRecord
  2
ByLayer
 70
     0
  3

 72
    65
 73
     0
 40
0.0
  0
LTYPE
  5
16
330
5
100
AcDbSymbolTableRecord
100
AcDbLinetypeTableRecord
  2
Continuous
 70
     0
  3
Solid line
 72
    65
 73
     0
 40
0.0
  0
LTYPE
  5
22B1
330
5
100
AcDbSymbolTableRecord
100
AcDbLinetypeTableRecord
  2
TRAZOSX2
 70
     0
  3
trazos medios (2x) ____  ____  ____  ____  ____
 72
    65
 73
     2
 40
1.5
 49
1.0
 74
     0
 49
-0.5
 74
     0
  0
LTYPE
  5
22B2
330
5
100
AcDbSymbolTableRecord
100
AcDbLinetypeTableRecord
  2
LÍMITE1
 70
     0
  3
Límite1 ----0-----0----0-----0----0-----0--
 72
    65
 73
     4
 40
36.83
 49
6.349999999999997
 74
     0
 49
-2.54
 74
     4
 75
   133
340
22BF
 46
2.54
 50
0.0
 44
-2.54
 45
0.0
 49
-2.54
 74
     0
 49
25.4
 74
     0
  0
ENDTAB
  0
TABLE
  2
LAYER
  5
2
102
{ACAD_XDICTIONARY
360
1F8
102
}
330
0
100
AcDbSymbolTable
 70
    11
  0
LAYER
  5
10
102
{ACAD_XDICTIONARY
360
13C
102
}
330
2
100
AcDbSymbolTableRecord
100
AcDbLayerTableRecord
  2
0
 70
     0
 62
     7
  6
Continuous
370
    -3
390
F
  0
LAYER
  5
214
330
2
100
AcDbSymbolTableRecord
100
AcDbLayerTableRecord
  2
DEFPOINTS
 70
     0
 62
     7
  6
Continuous
290
     0
370
    -3
390
F
  0
LAYER
  5
22B3
102
{ACAD_XDICTIONARY
360
22B4
102
}
330
2
100
AcDbSymbolTableRecord
100
AcDbLayerTableRecord
  2
Perfil
 70
     0
 62
     3
  6
Continuous
370
    -3
390
F
  0
LAYER
  5
22B5
102
{ACAD_XDICTIONARY
360
22B6
102
}
330
2
100
AcDbSymbolTableRecord
100
AcDbLayerTableRecord
  2
Cotas
 70
     0
 62
     2
  6
Continuous
370
    -3
390
F
  0
LAYER
  5
22B7
102
{ACAD_XDICTIONARY
360
22B8
102
}
330
2
100
AcDbSymbolTableRecord
100
AcDbLayerTableRecord
  2
Caras Vistas Principales
 70
     0
 62
     1
  6
TRAZOSX2
370
    -3
390
F
1001
AcAecLayerStandard
1000

1000

  0
LAYER
  5
22B9
102
{ACAD_XDICTIONARY
360
22BA
102
}
330
2
100
AcDbSymbolTableRecord
100
AcDbLayerTableRecord
  2
Caras Vistas Secundarias
 70
     0
 62
     1
  6
LÍMITE1
370
    -3
390
F
1001
AcAecLayerStandard
1000

1000

  0
LAYER
  5
22BB
102
{ACAD_XDICTIONARY
360
22BC
102
}
330
2
100
AcDbSymbolTableRecord
100
AcDbLayerTableRecord
  2
Sombreado
 70
     0
 62
   252
  6
Continuous
370
    -3
390
F
1001
AcAecLayerStandard
1000

1000

  0
LAYER
  5
22BD
330
2
100
AcDbSymbolTableRecord
100
AcDbLayerTableRecord
  2
POLIAMIDAS
 70
     0
 62
     7
  6
Continuous
370
    -3
390
F
1001
AcAecLayerStandard
1000

1000

  0
LAYER
  5
23B0
330
2
100
AcDbSymbolTableRecord
100
AcDbLayerTableRecord
  2
00_POLIAMIDAS
 70
     0
 62
     8
  6
Continuous
370
    70
390
F
1001
AcAecLayerStandard
1000

1000

  0
LAYER
  5
23B1
330
2
100
AcDbSymbolTableRecord
100
AcDbLayerTableRecord
  2
00_COTAS
 70
     0
 62
   250
  6
Continuous
370
     9
390
F
1001
AcAecLayerStandard
1000

1000

  0
LAYER
  5
23B2
330
2
100
AcDbSymbolTableRecord
100
AcDbLayerTableRecord
  2
00_ALUMINIO
 70
     0
 62
     7
  6
Continuous
370
   100
390
F
1001
AcAecLayerStandard
1000

1000

  0
ENDTAB
  0
TABLE
  2
STYLE
  5
3
330
0
100
AcDbSymbolTable
 70
     6
  0
STYLE
  5
11
330
3
100
AcDbSymbolTableRecord
100
AcDbTextStyleTableRecord
  2
Standard
 70
     0
 40
0.0
 41
1.0
 50
0.0
 71
     0
 42
2.5
  3
arial.ttf
  4

1001
ACAD
1000
Arial
1071
       34
  0
STYLE
  5
215
330
3
100
AcDbSymbolTableRecord
100
AcDbTextStyleTableRecord
  2
ROMANS
 70
     0
 40
2.5
 41
0.85
 50
10.0
 71
     0
 42
2.5
  3
ROMANS.SHX
  4

  0
STYLE
  5
22BE
330
3
100
AcDbSymbolTableRecord
100
AcDbTextStyleTableRecord
  2
Cortizo Industrial
 70
     0
 40
0.0
 41
1.0
 50
0.0
 71
     0
 42
8.015276884678769
  3
arial.ttf
  4

1001
ACAD
1000
Arial
1071
       34
  0
STYLE
  5
22BF
330
3
100
AcDbSymbolTableRecord
100
AcDbTextStyleTableRecord
  2

 70
     1
 40
0.0
 41
1.0
 50
0.0
 71
     0
 42
2.5
  3
ltypeshp.shx
  4

  0
STYLE
  5
22C0
330
3
100
AcDbSymbolTableRecord
100
AcDbTextStyleTableRecord
  2
texto1
 70
     0
 40
0.0
 41
1.0
 50
0.0
 71
     0
 42
5.0
  3
arial.ttf
  4

1001
ACAD
1000
Arial
1071
       34
  0
STYLE
  5
23B3
330
3
100
AcDbSymbolTableRecord
100
AcDbTextStyleTableRecord
  2
ARIAL 2
 70
     0
 40
2.0
 41
1.0
 50
0.0
 71
     0
 42
2.5
  3
arial.ttf
  4

1001
ACAD
1000
Arial
1071
       34
  0
ENDTAB
  0
TABLE
  2
VIEW
  5
6
330
0
100
AcDbSymbolTable
 70
     1
  0
ENDTAB
  0
TABLE
  2
UCS
  5
7
330
0
100
AcDbSymbolTable
 70
     0
  0
ENDTAB
  0
TABLE
  2
APPID
  5
9
330
0
100
AcDbSymbolTable
 70
    17
  0
APPID
  5
12
330
9
100
AcDbSymbolTableRecord
100
AcDbRegAppTableRecord
  2
ACAD
 70
     0
  0
APPID
  5
9E
330
9
100
AcDbSymbolTableRecord
100
AcDbRegAppTableRecord
  2
ACAD_PSEXT
 70
     0
  0
APPID
  5
133
330
9
100
AcDbSymbolTableRecord
100
AcDbRegAppTableRecord
  2
AcadAnnoPO
 70
     0
  0
APPID
  5
134
330
9
100
AcDbSymbolTableRecord
100
AcDbRegAppTableRecord
  2
AcadAnnotative
 70
     0
  0
APPID
  5
135
330
9
100
AcDbSymbolTableRecord
100
AcDbRegAppTableRecord
  2
ACAD_DSTYLE_DIMJAG
 70
     0
  0
APPID
  5
136
330
9
100
AcDbSymbolTableRecord
100
AcDbRegAppTableRecord
  2
ACAD_DSTYLE_DIMTALN
 70
     0
  0
APPID
  5
165
330
9
100
AcDbSymbolTableRecord
100
AcDbRegAppTableRecord
  2
ACAD_MLEADERVER
 70
     0
  0
APPID
  5
1F7
330
9
100
AcDbSymbolTableRecord
100
AcDbRegAppTableRecord
  2
AcAecLayerStandard
 70
     0
  0
APPID
  5
ACC
330
9
100
AcDbSymbolTableRecord
100
AcDbRegAppTableRecord
  2
ACAD_DSTYLE_DIMBREAK
 70
     0
  0
APPID
  5
1514
330
9
100
AcDbSymbolTableRecord
100
AcDbRegAppTableRecord
  2
ACAD_DSTYLE_DIMJOGGED_JOGANGLE_SYMBOL
 70
     0
  0
APPID
  5
1515
330
9
100
AcDbSymbolTableRecord
100
AcDbRegAppTableRecord
  2
AcDbBlockRepETag
 70
     0
  0
APPID
  5
19A6
330
9
100
AcDbSymbolTableRecord
100
AcDbRegAppTableRecord
  2
ACAD_EXEMPT_FROM_CAD_STANDARDS
 70
     0
  0
APPID
  5
20AF
330
9
100
AcDbSymbolTableRecord
100
AcDbRegAppTableRecord
  2
ACAD_NAV_VCDISPLAY
 70
     0
  0
APPID
  5
21C1
330
9
100
AcDbSymbolTableRecord
100
AcDbRegAppTableRecord
  2
GradientColor1ACI
 70
     0
  0
APPID
  5
21C2
330
9
100
AcDbSymbolTableRecord
100
AcDbRegAppTableRecord
  2
GradientColor2ACI
 70
     0
  0
APPID
  5
22A4
330
9
100
AcDbSymbolTableRecord
100
AcDbRegAppTableRecord
  2
ACAD_OBJECT_CHANGE_GUID
 70
     0
  0
APPID
  5
22C1
330
9
100
AcDbSymbolTableRecord
100
AcDbRegAppTableRecord
  2
ACAD_STEPID
 70
     0
  0
ENDTAB
  0
TABLE
  2
DIMSTYLE
  5
A
330
0
100
AcDbSymbolTable
 70
     3
100
AcDbDimStyleTable
 71
     1
340
216
  0
DIMSTYLE
105
1B0
330
A
100
AcDbSymbolTableRecord
100
AcDbDimStyleTableRecord
  2
Standard
 70
     0
340
11
  0
DIMSTYLE
105
216
330
A
100
AcDbSymbolTableRecord
100
AcDbDimStyleTableRecord
  2
1-1
 70
     0
 41
2.5
 42
2.5
 43
0.4
 44
0.5
 47
0.2
 48
0.2
 73
     0
 74
     0
 77
     1
140
2.5
141
0.0
146
0.2
147
1.0
172
     1
176
   256
177
   256
178
   256
271
     2
272
     2
289
     0
340
215
1001
ACAD_DSTYLE_DIMJAG
1070
   388
1040
1.5
1001
ACAD_DSTYLE_DIMTALN
1070
   392
1070
     0
  0
DIMSTYLE
105
23B4
330
A
100
AcDbSymbolTableRecord
100
AcDbDimStyleTableRecord
  2
1-1-ARIAL
 70
     0
 41
2.5
 42
2.5
 43
0.4
 44
0.5
 47
0.2
 48
0.2
 73
     0
 74
     0
 77
     1
140
2.0
141
0.0
146
0.2
147
1.0
172
     1
176
   256
177
   256
178
   256
271
     1
272
     1
289
     0
340
23B3
1001
ACAD_DSTYLE_DIMBREAK
1070
   391
1040
3.75
1001
ACAD_DSTYLE_DIMJAG
1070
   388
1040
1.5
1001
ACAD_DSTYLE_DIMTALN
1070
   392
1070
     0
  0
ENDTAB
  0
TABLE
  2
BLOCK_RECORD
  5
1
330
0
100
AcDbSymbolTable
 70
     7
  0
BLOCK_RECORD
  5
1F
102
{ACAD_XDICTIONARY
360
1CE
102
}
330
1
100
AcDbSymbolTableRecord
100
AcDbBlockTableRecord
  2
*Model_Space
340
22
  0
BLOCK_RECORD
  5
D2
330
1
100
AcDbSymbolTableRecord
100
AcDbBlockTableRecord
  2
*Paper_Space
340
D3
  0
BLOCK_RECORD
  5
D6
330
1
100
AcDbSymbolTableRecord
100
AcDbBlockTableRecord
  2
*Paper_Space0
340
D7
  0
BLOCK_RECORD
  5
238C
330
1
100
AcDbSymbolTableRecord
100
AcDbBlockTableRecord
  2
*D1
340
0
  0
BLOCK_RECORD
  5
2398
330
1
100
AcDbSymbolTableRecord
100
AcDbBlockTableRecord
  2
*D2
340
0
  0
BLOCK_RECORD
  5
23A4
330
1
100
AcDbSymbolTableRecord
100
AcDbBlockTableRecord
  2
*D3
340
0
  0
BLOCK_RECORD
  5
240A
330
1
100
AcDbSymbolTableRecord
100
AcDbBlockTableRecord
  2
*D4
340
0
  0
BLOCK_RECORD
  5
2416
330
1
100
AcDbSymbolTableRecord
100
AcDbBlockTableRecord
  2
*D5
340
0
  0
BLOCK_RECORD
  5
2422
330
1
100
AcDbSymbolTableRecord
100
AcDbBlockTableRecord
  2
*D6
340
0
  0
ENDTAB
  0
ENDSEC
  0
SECTION
  2
BLOCKS
  0
BLOCK
  5
20
330
1F
100
AcDbEntity
  8
0
100
AcDbBlockBegin
  2
*Model_Space
 70
     0
 10
0.0
 20
0.0
 30
0.0
  3
*Model_Space
  1

  0
ENDBLK
  5
21
330
1F
100
AcDbEntity
  8
0
100
AcDbBlockEnd
  0
BLOCK
  5
D4
330
D2
100
AcDbEntity
 67
     1
  8
0
100
AcDbBlockBegin
  2
*Paper_Space
 70
     0
 10
0.0
 20
0.0
 30
0.0
  3
*Paper_Space
  1

  0
ENDBLK
  5
D5
330
D2
100
AcDbEntity
 67
     1
  8
0
100
AcDbBlockEnd
  0
BLOCK
  5
D8
330
D6
100
AcDbEntity
 67
     1
  8
0
100
AcDbBlockBegin
  2
*Paper_Space0
 70
     0
 10
0.0
 20
0.0
 30
0.0
  3
*Paper_Space0
  1

  0
ENDBLK
  5
D9
330
D6
100
AcDbEntity
 67
     1
  8
0
100
AcDbBlockEnd
  0
BLOCK
  5
238D
330
238C
100
AcDbEntity
  8
0
370
   100
100
AcDbBlockBegin
  2
*D1
 70
     1
 10
0.0
 20
0.0
 30
0.0
  3
*D1
  1

  0
LINE
  5
238E
330
238C
100
AcDbEntity
  8
00_COTAS
440
 16777216
370
    -2
100
AcDbLine
 10
414.4271697219951
 20
36.40724907039082
 30
0.0
 11
409.1437935752513
 21
36.40724907039082
 31
0.0
  0
LINE
  5
238F
330
238C
100
AcDbEntity
  8
00_COTAS
440
 16777216
370
    -2
100
AcDbLine
 10
490.1271517220536
 20
75.20724900390304
 30
0.0
 11
409.1437935752513
 21
75.20724900390303
 31
0.0
  0
LINE
  5
2390
330
238C
100
AcDbEntity
  8
00_COTAS
440
 16777216
370
    -2
100
AcDbLine
 10
409.6437935752513
 20
38.90724907039082
 30
0.0
 11
409.6437935752513
 21
72.70724900390303
 31
0.0
  0
SOLID
  5
2391
330
238C
100
AcDbEntity
  8
00_COTAS
440
 16777216
370
   100
100
AcDbTrace
 10
409.2271269085846
 20
38.90724907039082
 30
0.0
 11
410.060460241918
 21
38.90724907039082
 31
0.0
 12
409.6437935752513
 22
36.40724907039082
 32
0.0
 13
409.6437935752513
 23
36.40724907039082
 33
0.0
  0
SOLID
  5
2392
330
238C
100
AcDbEntity
  8
00_COTAS
440
 16777216
370
   100
100
AcDbTrace
 10
409.2271269085846
 20
72.70724900390303
 30
0.0
 11
410.060460241918
 21
72.70724900390303
 31
0.0
 12
409.6437935752513
 22
75.20724900390303
 32
0.0
 13
409.6437935752513
 23
75.20724900390303
 33
0.0
  0
MTEXT
  5
2393
330
238C
100
AcDbEntity
  8
00_COTAS
440
 16777216
370
   100
100
AcDbMText
 10
407.6219654715677
 20
55.80724903714679
 30
0.0
 40
2.0
 41
0.0
 71
     5
 72
     1
  1
\A1;38.8
  7
ARIAL 2
 11
0.0000000000000001
 21
1.0
 31
0.0
 73
     1
 44
1.0
  0
POINT
  5
2394
330
238C
100
AcDbEntity
  8
DEFPOINTS
 62
     0
440
 16777216
370
   100
100
AcDbPoint
 10
415.9271697219951
 20
36.40724907039082
 30
0.0
  0
POINT
  5
2395
330
238C
100
AcDbEntity
  8
DEFPOINTS
 62
     0
440
 16777216
370
   100
100
AcDbPoint
 10
491.6271517220535
 20
75.20724900390304
 30
0.0
  0
POINT
  5
2396
330
238C
100
AcDbEntity
  8
DEFPOINTS
 62
     0
440
 16777216
370
   100
100
AcDbPoint
 10
409.6437935752513
 20
75.20724900390303
 30
0.0
  0
ENDBLK
  5
2397
330
238C
100
AcDbEntity
  8
0
370
   100
100
AcDbBlockEnd
  0
BLOCK
  5
2399
330
2398
100
AcDbEntity
  8
0
370
   100
100
AcDbBlockBegin
  2
*D2
 70
     1
 10
0.0
 20
0.0
 30
0.0
  3
*D2
  1

  0
LINE
  5
239A
330
2398
100
AcDbEntity
  8
00_COTAS
440
 16777216
370
    -2
100
AcDbLine
 10
414.4271697219951
 20
36.40724907039082
 30
0.0
 11
409.1403570042769
 21
36.40724907039082
 31
0.0
  0
LINE
  5
239B
330
2398
100
AcDbEntity
  8
00_COTAS
440
 16777216
370
    -2
100
AcDbLine
 10
414.6149476885386
 20
-8.392601562458423
 30
0.0
 11
409.1403570042769
 21
-8.392601562458423
 31
0.0
  0
LINE
  5
239C
330
2398
100
AcDbEntity
  8
00_COTAS
440
 16777216
370
    -2
100
AcDbLine
 10
409.6403570042769
 20
33.90724907039082
 30
0.0
 11
409.6403570042769
 21
-5.892601562458423
 31
0.0
  0
SOLID
  5
239D
330
2398
100
AcDbEntity
  8
00_COTAS
440
 16777216
370
   100
100
AcDbTrace
 10
409.2236903376101
 20
33.90724907039082
 30
0.0
 11
410.0570236709435
 21
33.90724907039082
 31
0.0
 12
409.6403570042769
 22
36.40724907039082
 32
0.0
 13
409.6403570042769
 23
36.40724907039082
 33
0.0
  0
SOLID
  5
239E
330
2398
100
AcDbEntity
  8
00_COTAS
440
 16777216
370
   100
100
AcDbTrace
 10
409.2236903376101
 20
-5.892601562458423
 30
0.0
 11
410.0570236709435
 21
-5.892601562458423
 31
0.0
 12
409.6403570042769
 22
-8.392601562458423
 32
0.0
 13
409.6403570042769
 23
-8.392601562458423
 33
0.0
  0
MTEXT
  5
239F
330
2398
100
AcDbEntity
  8
00_COTAS
440
 16777216
370
   100
100
AcDbMText
 10
407.6192110288332
 20
14.00732375396607
 30
0.0
 40
2.0
 41
0.0
 71
     5
 72
     1
  1
\A1;44.8
  7
ARIAL 2
 11
0.0000000000000001
 21
1.0
 31
0.0
 73
     1
 44
1.0
  0
POINT
  5
23A0
330
2398
100
AcDbEntity
  8
DEFPOINTS
 62
     0
440
 16777216
370
   100
100
AcDbPoint
 10
415.9271697219951
 20
36.40724907039082
 30
0.0
  0
POINT
  5
23A1
330
2398
100
AcDbEntity
  8
DEFPOINTS
 62
     0
440
 16777216
370
   100
100
AcDbPoint
 10
416.1149476885387
 20
-8.392601562458423
 30
0.0
  0
POINT
  5
23A2
330
2398
100
AcDbEntity
  8
DEFPOINTS
 62
     0
440
 16777216
370
   100
100
AcDbPoint
 10
409.6403570042769
 20
-8.392601562458423
 30
0.0
  0
ENDBLK
  5
23A3
330
2398
100
AcDbEntity
  8
0
370
   100
100
AcDbBlockEnd
  0
BLOCK
  5
23A5
330
23A4
100
AcDbEntity
  8
0
370
   100
100
AcDbBlockBegin
  2
*D3
 70
     1
 10
0.0
 20
0.0
 30
0.0
  3
*D3
  1

  0
LINE
  5
23A6
330
23A4
100
AcDbEntity
  8
00_COTAS
440
 16777216
370
    -2
100
AcDbLine
 10
496.627169712563
 20
75.20724907033127
 30
0.0
 11
504.5757457178217
 21
75.20724907033127
 31
0.0
  0
LINE
  5
23A7
330
23A4
100
AcDbEntity
  8
00_COTAS
440
 16777216
370
    -2
100
AcDbLine
 10
496.6271697220425
 20
-8.394084262945684
 30
0.0
 11
504.5757457178217
 21
-8.394084262945682
 31
0.0
  0
LINE
  5
23A8
330
23A4
100
AcDbEntity
  8
00_COTAS
440
 16777216
370
    -2
100
AcDbLine
 10
504.0757457178218
 20
72.70724907033127
 30
0.0
 11
504.0757457178218
 21
-5.894084262945683
 31
0.0
  0
SOLID
  5
23A9
330
23A4
100
AcDbEntity
  8
00_COTAS
440
 16777216
370
   100
100
AcDbTrace
 10
503.6590790511551
 20
72.70724907033127
 30
0.0
 11
504.4924123844885
 21
72.70724907033127
 31
0.0
 12
504.0757457178218
 22
75.20724907033127
 32
0.0
 13
504.0757457178218
 23
75.20724907033127
 33
0.0
  0
SOLID
  5
23AA
330
23A4
100
AcDbEntity
  8
00_COTAS
440
 16777216
370
   100
100
AcDbTrace
 10
503.6590790511551
 20
-5.894084262945683
 30
0.0
 11
504.4924123844885
 21
-5.894084262945683
 31
0.0
 12
504.0757457178218
 22
-8.394084262945682
 32
0.0
 13
504.0757457178218
 23
-8.394084262945682
 33
0.0
  0
MTEXT
  5
23AB
330
23A4
100
AcDbEntity
  8
00_COTAS
440
 16777216
370
   100
100
AcDbMText
 10
502.0539176141381
 20
33.40658240369264
 30
0.0
 40
2.0
 41
0.0
 71
     5
 72
     1
  1
\A1;83.6
  7
ARIAL 2
 11
0.0000000000000001
 21
1.0
 31
0.0
 73
     1
 44
1.0
  0
POINT
  5
23AC
330
23A4
100
AcDbEntity
  8
DEFPOINTS
 62
     0
440
 16777216
370
   100
100
AcDbPoint
 10
495.1271697125631
 20
75.20724907033127
 30
0.0
  0
POINT
  5
23AD
330
23A4
100
AcDbEntity
  8
DEFPOINTS
 62
     0
440
 16777216
370
   100
100
AcDbPoint
 10
495.1271697220424
 20
-8.394084262945684
 30
0.0
  0
POINT
  5
23AE
330
23A4
100
AcDbEntity
  8
DEFPOINTS
 62
     0
440
 16777216
370
   100
100
AcDbPoint
 10
504.0757457178218
 20
-8.394084262945682
 30
0.0
  0
ENDBLK
  5
23AF
330
23A4
100
AcDbEntity
  8
0
370
   100
100
AcDbBlockEnd
  0
BLOCK
  5
240B
330
240A
100
AcDbEntity
  8
0
370
   100
100
AcDbBlockBegin
  2
*D4
 70
     1
 10
0.0
 20
0.0
 30
0.0
  3
*D4
  1

  0
LINE
  5
242E
330
240A
100
AcDbEntity
  8
00_COTAS
440
 16777216
370
    -2
100
AcDbLine
 10
149.1019230510445
 20
42.11673200209367
 30
0.0
 11
143.8185469043009
 21
42.11673200209367
 31
0.0
  0
LINE
  5
242F
330
240A
100
AcDbEntity
  8
00_COTAS
440
 16777216
370
    -2
100
AcDbLine
 10
224.801905051103
 20
80.91673193560593
 30
0.0
 11
143.8185469043009
 21
80.91673193560589
 31
0.0
  0
LINE
  5
2430
330
240A
100
AcDbEntity
  8
00_COTAS
440
 16777216
370
    -2
100
AcDbLine
 10
144.3185469043009
 20
44.61673200209367
 30
0.0
 11
144.3185469043009
 21
78.41673193560589
 31
0.0
  0
SOLID
  5
2431
330
240A
100
AcDbEntity
  8
00_COTAS
440
 16777216
370
   100
100
AcDbTrace
 10
143.9018802376343
 20
44.61673200209367
 30
0.0
 11
144.7352135709676
 21
44.61673200209367
 31
0.0
 12
144.3185469043009
 22
42.11673200209367
 32
0.0
 13
144.3185469043009
 23
42.11673200209367
 33
0.0
  0
SOLID
  5
2432
330
240A
100
AcDbEntity
  8
00_COTAS
440
 16777216
370
   100
100
AcDbTrace
 10
143.9018802376341
 20
78.41673193560589
 30
0.0
 11
144.7352135709675
 21
78.41673193560589
 31
0.0
 12
144.3185469043009
 22
80.91673193560589
 32
0.0
 13
144.3185469043009
 23
80.91673193560589
 33
0.0
  0
MTEXT
  5
2433
330
240A
100
AcDbEntity
  8
00_COTAS
440
 16777216
370
   100
100
AcDbMText
 10
142.2967188006174
 20
61.51673196884974
 30
0.0
 40
2.0
 41
0.0
 71
     5
 72
     1
  1
\A1;38.8
  7
ARIAL 2
 11
0.0000000000000001
 21
1.0
 31
0.0
 73
     1
 44
1.0
  0
POINT
  5
2434
330
240A
100
AcDbEntity
  8
DEFPOINTS
 62
     0
440
 16777216
370
   100
100
AcDbPoint
 10
150.6019230510445
 20
42.11673200209367
 30
0.0
  0
POINT
  5
2435
330
240A
100
AcDbEntity
  8
DEFPOINTS
 62
     0
440
 16777216
370
   100
100
AcDbPoint
 10
226.301905051103
 20
80.91673193560593
 30
0.0
  0
POINT
  5
2436
330
240A
100
AcDbEntity
  8
DEFPOINTS
 62
     0
440
 16777216
370
   100
100
AcDbPoint
 10
144.3185469043009
 20
80.91673193560589
 30
0.0
  0
ENDBLK
  5
240C
330
240A
100
AcDbEntity
  8
0
370
   100
100
AcDbBlockEnd
  0
BLOCK
  5
2417
330
2416
100
AcDbEntity
  8
0
370
   100
100
AcDbBlockBegin
  2
*D5
 70
     1
 10
0.0
 20
0.0
 30
0.0
  3
*D5
  1

  0
LINE
  5
2437
330
2416
100
AcDbEntity
  8
00_COTAS
440
 16777216
370
    -2
100
AcDbLine
 10
149.1019230510445
 20
42.11673200209367
 30
0.0
 11
143.8151103333265
 21
42.11673200209367
 31
0.0
  0
LINE
  5
2438
330
2416
100
AcDbEntity
  8
00_COTAS
440
 16777216
370
    -2
100
AcDbLine
 10
149.2897010175881
 20
-2.683118630755555
 30
0.0
 11
143.8151103333265
 21
-2.683118630755556
 31
0.0
  0
LINE
  5
2439
330
2416
100
AcDbEntity
  8
00_COTAS
440
 16777216
370
    -2
100
AcDbLine
 10
144.3151103333265
 20
39.61673200209368
 30
0.0
 11
144.3151103333265
 21
-0.1831186307555561
 31
0.0
  0
SOLID
  5
243A
330
2416
100
AcDbEntity
  8
00_COTAS
440
 16777216
370
   100
100
AcDbTrace
 10
143.8984436666598
 20
39.61673200209368
 30
0.0
 11
144.7317769999931
 21
39.61673200209368
 31
0.0
 12
144.3151103333265
 22
42.11673200209367
 32
0.0
 13
144.3151103333265
 23
42.11673200209367
 33
0.0
  0
SOLID
  5
243B
330
2416
100
AcDbEntity
  8
00_COTAS
440
 16777216
370
   100
100
AcDbTrace
 10
143.8984436666598
 20
-0.1831186307555562
 30
0.0
 11
144.7317769999931
 21
-0.183118630755556
 31
0.0
 12
144.3151103333265
 22
-2.683118630755556
 32
0.0
 13
144.3151103333265
 23
-2.683118630755556
 33
0.0
  0
MTEXT
  5
243C
330
2416
100
AcDbEntity
  8
00_COTAS
440
 16777216
370
   100
100
AcDbMText
 10
142.2939643578831
 20
19.71680668566902
 30
0.0
 40
2.0
 41
0.0
 71
     5
 72
     1
  1
\A1;44.8
  7
ARIAL 2
 11
0.0000000000000001
 21
1.0
 31
0.0
 73
     1
 44
1.0
  0
POINT
  5
243D
330
2416
100
AcDbEntity
  8
DEFPOINTS
 62
     0
440
 16777216
370
   100
100
AcDbPoint
 10
150.6019230510445
 20
42.11673200209367
 30
0.0
  0
POINT
  5
243E
330
2416
100
AcDbEntity
  8
DEFPOINTS
 62
     0
440
 16777216
370
   100
100
AcDbPoint
 10
150.7897010175881
 20
-2.683118630755555
 30
0.0
  0
POINT
  5
243F
330
2416
100
AcDbEntity
  8
DEFPOINTS
 62
     0
440
 16777216
370
   100
100
AcDbPoint
 10
144.3151103333265
 20
-2.683118630755556
 30
0.0
  0
ENDBLK
  5
2418
330
2416
100
AcDbEntity
  8
0
370
   100
100
AcDbBlockEnd
  0
BLOCK
  5
2423
330
2422
100
AcDbEntity
  8
0
370
   100
100
AcDbBlockBegin
  2
*D6
 70
     1
 10
0.0
 20
0.0
 30
0.0
  3
*D6
  1

  0
LINE
  5
2440
330
2422
100
AcDbEntity
  8
00_COTAS
440
 16777216
370
    -2
100
AcDbLine
 10
231.3019230416125
 20
80.91673200203413
 30
0.0
 11
239.2504990468715
 21
80.91673200203413
 31
0.0
  0
LINE
  5
2441
330
2422
100
AcDbEntity
  8
00_COTAS
440
 16777216
370
    -2
100
AcDbLine
 10
231.301923051092
 20
-2.684601331242816
 30
0.0
 11
239.2504990468716
 21
-2.684601331242815
 31
0.0
  0
LINE
  5
2442
330
2422
100
AcDbEntity
  8
00_COTAS
440
 16777216
370
    -2
100
AcDbLine
 10
238.7504990468715
 20
78.41673200203413
 30
0.0
 11
238.7504990468716
 21
-0.1846013312428159
 31
0.0
  0
SOLID
  5
2443
330
2422
100
AcDbEntity
  8
00_COTAS
440
 16777216
370
   100
100
AcDbTrace
 10
238.3338323802049
 20
78.41673200203413
 30
0.0
 11
239.1671657135382
 21
78.41673200203413
 31
0.0
 12
238.7504990468715
 22
80.91673200203413
 32
0.0
 13
238.7504990468715
 23
80.91673200203413
 33
0.0
  0
SOLID
  5
2444
330
2422
100
AcDbEntity
  8
00_COTAS
440
 16777216
370
   100
100
AcDbTrace
 10
238.3338323802049
 20
-0.184601331242816
 30
0.0
 11
239.1671657135382
 21
-0.1846013312428159
 31
0.0
 12
238.7504990468716
 22
-2.684601331242815
 32
0.0
 13
238.7504990468716
 23
-2.684601331242815
 33
0.0
  0
MTEXT
  5
2445
330
2422
100
AcDbEntity
  8
00_COTAS
440
 16777216
370
   100
100
AcDbMText
 10
236.728670943188
 20
39.11606533539558
 30
0.0
 40
2.0
 41
0.0
 71
     5
 72
     1
  1
\A1;83.6
  7
ARIAL 2
 11
0.0000000000000001
 21
1.0
 31
0.0
 73
     1
 44
1.0
  0
POINT
  5
2446
330
2422
100
AcDbEntity
  8
DEFPOINTS
 62
     0
440
 16777216
370
   100
100
AcDbPoint
 10
229.8019230416125
 20
80.91673200203413
 30
0.0
  0
POINT
  5
2447
330
2422
100
AcDbEntity
  8
DEFPOINTS
 62
     0
440
 16777216
370
   100
100
AcDbPoint
 10
229.801923051092
 20
-2.684601331242816
 30
0.0
  0
POINT
  5
2448
330
2422
100
AcDbEntity
  8
DEFPOINTS
 62
     0
440
 16777216
370
   100
100
AcDbPoint
 10
238.7504990468716
 20
-2.684601331242815
 30
0.0
  0
ENDBLK
  5
2424
330
2422
100
AcDbEntity
  8
0
370
   100
100
AcDbBlockEnd
  0
ENDSEC
  0
SECTION
  2
ENTITIES
  0
CIRCLE
  5
23FB
330
1F
100
AcDbEntity
  8
0
 62
     8
370
   100
100
AcDbCircle
 10
173.7519230510951
 20
32.81739863551579
 30
0.0
 40
0.5999999999998275
  0
CIRCLE
  5
23FC
330
1F
100
AcDbEntity
  8
0
 62
     8
370
   100
100
AcDbCircle
 10
217.2519230510965
 20
32.81739863551579
 30
0.0
 40
0.5999999999995201
  0
HATCH
  5
23FD
330
1F
100
AcDbEntity
  8
0
 62
     8
370
   100
100
AcDbHatch
 10
0.0
 20
0.0
 30
0.0
210
0.0
220
0.0
230
1.0
  2
ANSI37
 70
     0
 71
     0
 91
        4
 92
        1
 93
       74
 72
     1
 10
180.2147673083475
 20
51.2972621595903
 11
199.2955009224692
 21
52.96661004258371
 72
     2
 10
199.2519230510951
 20
53.46470739162952
 40
0.4999999999999541
 50
275.0000000000264
 51
360.0000000000236
 73
     1
 72
     1
 10
199.7519230510951
 20
53.46470739162972
 11
199.7519230510951
 21
57.41739863551568
 72
     2
 10
200.5019230510951
 20
57.41739863551562
 40
0.75
 50
180.0000000000049
 51
340.0000000000029
 73
     0
 72
     1
 10
201.2066925166845
 20
57.67391374300983
 11
206.7308599117235
 21
42.49638856385295
 72
     2
 10
207.2007062221167
 20
42.66739863551601
 40
0.500000000000301
 50
200.0000000000143
 51
270.000000000013
 73
     1
 72
     1
 10
207.2007062221168
 20
42.16739863551569
 11
210.2019230510954
 21
42.16739863551569
 72
     2
 10
210.2019230510956
 20
41.86739863551571
 40
0.2999999999999687
 50
269.9999999999566
 51
359.9999999999539
 73
     0
 72
     1
 10
210.5019230510956
 20
41.86739863551596
 11
210.5019230510951
 21
41.01739863551606
 72
     2
 10
210.2019230510951
 20
41.01739863551581
 40
0.2999999999999261
 50
359.9999999999525
 51
449.9999999999565
 73
     0
 72
     1
 10
210.2019230510954
 20
40.71739863551586
 11
209.2019230510954
 21
40.71739863551586
 72
     2
 10
209.2019230510954
 20
40.51739863551606
 40
0.1999999999997968
 50
90.0
 51
180.0000000000061
 73
     1
 72
     1
 10
209.0019230510956
 20
40.51739863551604
 11
209.0019230510951
 21
37.21739863551588
 72
     2
 10
209.5019230510951
 20
37.21739863551588
 40
0.5
 50
180.0
 51
270.0
 73
     1
 72
     1
 10
209.5019230510951
 20
36.71739863551588
 11
212.2756153929403
 21
36.71739863551588
 72
     2
 10
212.2756153929401
 20
35.71739863551591
 40
0.9999999999999715
 50
270.0000000000147
 51
320.0000000000139
 73
     0
 72
     1
 10
213.0416598360592
 20
36.36018624520224
 11
215.0014809829026
 21
34.02456235261011
 72
     2
 10
215.2312943158385
 20
34.21739863551558
 40
0.2999999999998769
 50
219.9999999998965
 51
269.9999999998969
 73
     1
 72
     1
 10
215.231294315838
 20
33.9173986355157
 11
215.3947433741226
 21
33.9173986355157
 72
     2
 10
215.3947433741226
 20
34.71739863551594
 40
0.8000000000002387
 50
269.999999999998
 51
299.9999999999974
 73
     1
 72
     1
 10
215.7947433741227
 20
34.02457831248816
 11
217.2947433741228
 21
34.8906037162727
 72
     2
 10
217.3947433741225
 20
34.71739863551601
 40
0.1999999999996881
 50
240.0000000000443
 51
270.0000000000488
 73
     0
 72
     1
 10
217.3947433741227
 20
34.91739863551571
 11
217.6019230510955
 21
34.91739863551571
 72
     2
 10
217.6019230510957
 20
34.51739863551583
 40
0.3999999999998707
 50
269.9999999999674
 51
359.9999999999675
 73
     0
 72
     1
 10
218.0019230510956
 20
34.51739863551606
 11
218.0019230510951
 21
33.9173986355157
 72
     2
 10
224.0019230510823
 20
32.81739863552633
 40
6.099999999985558
 50
169.611142184607
 51
172.5936067315371
 73
     1
 72
     2
 10
217.6553196287914
 20
33.6423986355161
 40
0.3000000000002372
 50
7.406393268563197
 51
90.00000000001628
 73
     0
 72
     1
 10
217.6553196287913
 20
33.34239863551588
 11
217.5423968020608
 21
33.34239863551588
 72
     2
 10
217.2519230510952
 20
32.81739863551579
 40
0.6000000000001091
 50
61.04497562813927
 51
298.9550243718611
 73
     1
 72
     1
 10
217.5423968020608
 20
32.2923986355157
 11
217.6553196287913
 21
32.2923986355157
 72
     2
 10
217.6553196287914
 20
31.992398635516
 40
0.2999999999997023
 50
269.9999999999891
 51
352.5936067314384
 73
     0
 72
     2
 10
224.0019230511008
 20
32.81739863551744
 40
6.1000000000059
 50
187.4063932685492
 51
190.3888578154743
 73
     1
 72
     1
 10
218.0019230510951
 20
31.71739863551588
 11
218.0019230510951
 21
31.11739863551596
 72
     2
 10
217.6019230510952
 20
31.11739863551572
 40
0.3999999999998351
 50
359.9999999999639
 51
449.9999999999633
 73
     0
 72
     1
 10
217.6019230510955
 20
30.71739863551588
 11
217.3947433741227
 21
30.71739863551588
 72
     2
 10
217.3947433741225
 20
30.9173986355156
 40
0.1999999999997151
 50
89.99999999995115
 51
119.9999999999521
 73
     0
 72
     1
 10
217.2947433741228
 20
30.74419355475888
 11
215.7947433741227
 21
31.61021895854342
 72
     2
 10
215.3947433741226
 20
30.9173986355157
 40
0.8000000000001959
 50
60.00000000000058
 51
90.00000000000204
 73
     1
 72
     1
 10
215.3947433741226
 20
31.71739863551588
 11
213.7485884550064
 21
31.71739863551588
 72
     2
 10
213.7485884550066
 20
32.71739863551601
 40
1.000000000000124
 50
90.00000000000978
 51
140.0000000000091
 73
     0
 72
     1
 10
212.9825440118874
 20
32.07461102582951
 11
211.3644554732477
 21
34.00297385488907
 72
     2
 10
209.8323665870098
 20
32.71739863551587
 40
2.000000000000003
 50
40.00000000000446
 51
90.00000000000406
 73
     1
 72
     1
 10
209.8323665870097
 20
34.71739863551588
 11
181.171479515181
 21
34.71739863551588
 72
     2
 10
181.1714795151809
 20
32.71739863551596
 40
1.999999999999921
 50
89.99999999999756
 51
139.9999999999969
 73
     1
 72
     1
 10
179.6393906289431
 20
34.00297385488907
 11
178.0213020903033
 21
32.07461102582951
 72
     2
 10
177.2552576471841
 20
32.717398635516
 40
1.000000000000135
 50
39.99999999998952
 51
89.99999999998861
 73
     0
 72
     1
 10
177.2552576471843
 20
31.71739863551588
 11
175.6091027280676
 21
31.71739863551588
 72
     2
 10
175.6091027280676
 20
30.91739863551564
 40
0.8000000000002422
 50
90.0
 51
119.9999999999974
 73
     1
 72
     1
 10
175.2091027280675
 20
31.61021895854342
 11
173.7091027280679
 21
30.74419355475888
 72
     2
 10
173.6091027280679
 20
30.91739863551641
 40
0.2000000000005248
 50
60.00000000010751
 51
90.00000000010585
 73
     0
 72
     1
 10
173.6091027280676
 20
30.71739863551588
 11
173.4019230510952
 21
30.71739863551588
 72
     2
 10
173.4019230510952
 20
31.11739863551599
 40
0.4000000000001088
 50
90.0
 51
179.9999999999964
 73
     0
 72
     1
 10
173.0019230510951
 20
31.11739863551596
 11
173.0019230510951
 21
31.71739863551588
 72
     2
 10
167.0019230510902
 20
32.81739863551785
 40
6.100000000005079
 50
349.6111421845204
 51
352.5936067314459
 73
     1
 72
     2
 10
173.3485264733993
 20
31.99239863551593
 40
0.3000000000002372
 50
187.4063932685632
 51
270.0000000000163
 73
     0
 72
     1
 10
173.3485264733994
 20
32.29239863551615
 11
173.4614493001299
 21
32.2923986355157
 72
     2
 10
173.7519230510952
 20
32.81739863551592
 40
0.6000000000000972
 50
241.0449756281666
 51
478.9550243718859
 73
     1
 72
     1
 10
173.4614493001294
 20
33.34239863551588
 11
173.3485264733994
 21
33.34239863551588
 72
     2
 10
173.3485264733995
 20
33.64239863551583
 40
0.2999999999999474
 50
90.00000000002717
 51
172.593606731483
 73
     0
 72
     2
 10
167.0019230510783
 20
32.81739863550143
 40
6.100000000019038
 50
7.406393268657799
 51
10.38885781557308
 73
     1
 72
     1
 10
173.0019230510951
 20
33.9173986355157
 11
173.0019230510951
 21
34.51739863551606
 72
     2
 10
173.4019230510952
 20
34.51739863551604
 40
0.4000000000001194
 50
180.000000000003
 51
270.0
 73
     0
 72
     1
 10
173.4019230510952
 20
34.91739863551615
 11
173.6091027280676
 21
34.91739863551571
 72
     2
 10
173.6091027280678
 20
34.71739863551594
 40
0.1999999999997612
 50
269.9999999999512
 51
299.9999999999536
 73
     0
 72
     1
 10
173.7091027280675
 20
34.8906037162727
 11
175.2091027280679
 21
34.02457831248816
 72
     2
 10
175.6091027280677
 20
34.71739863551518
 40
0.799999999999467
 50
239.9999999999892
 51
269.9999999999878
 73
     1
 72
     1
 10
175.6091027280676
 20
33.9173986355157
 11
175.7725517863522
 21
33.9173986355157
 72
     2
 10
175.7725517863517
 20
34.21739863551567
 40
0.2999999999999687
 50
270.0000000000922
 51
320.0000000000934
 73
     1
 72
     1
 10
176.0023651192877
 20
34.02456235261011
 11
177.9621862661314
 21
36.36018624520224
 72
     2
 10
178.7282307092506
 20
35.71739863551572
 40
1.000000000000158
 50
219.9999999999911
 51
269.9999999999902
 73
     0
 72
     1
 10
178.7282307092504
 20
36.71739863551588
 11
178.8019230510953
 21
36.71739863551588
 72
     2
 10
178.8019230510953
 20
37.21739863551588
 40
0.5
 50
270.0
 51
360.0
 73
     1
 72
     1
 10
179.3019230510953
 20
37.21739863551588
 11
179.3019230510953
 21
50.30106746149826
 72
     2
 10
180.3019230510954
 20
50.30106746149845
 40
1.000000000000142
 50
179.999999999989
 51
264.9999999999877
 73
     0
 97
        0
 92
       16
 93
        8
 72
     2
 10
181.0019230510953
 20
49.65963563968604
 40
0.500000000000199
 50
180.0000000000073
 51
265.0000000000056
 73
     0
 72
     1
 10
180.9583451797214
 20
50.15773298873213
 11
188.8583451797211
 21
50.84889343058725
 72
     2
 10
188.901923051095
 20
50.35079608154119
 40
0.5000000000001965
 50
264.9999999999924
 51
359.9999999999943
 73
     0
 72
     1
 10
189.4019230510952
 20
50.35079608154124
 11
189.4019230510952
 21
37.21739863551588
 72
     2
 10
188.9019230510952
 20
37.21739863551588
 40
0.5
 50
360.0
 51
450.0
 73
     0
 72
     1
 10
188.9019230510952
 20
36.71739863551588
 11
181.0019230510951
 21
36.71739863551588
 72
     2
 10
181.0019230510951
 20
37.21739863551588
 40
0.5
 50
90.0
 51
180.0
 73
     0
 72
     1
 10
180.501923051095
 20
37.21739863551588
 11
180.501923051095
 21
49.6596356396861
 97
        0
 92
       16
 93
       10
 72
     2
 10
201.8303980039986
 20
51.57459039998045
 40
0.300000000000209
 50
189.9999999999584
 51
339.9999999999585
 73
     0
 72
     1
 10
202.1123057902345
 20
51.67719644297844
 11
205.7708683245841
 21
41.62537849219036
 72
     2
 10
206.7105609453702
 20
41.96739863551602
 40
1.000000000000181
 50
199.9999999999958
 51
269.9999999999951
 73
     1
 72
     1
 10
206.7105609453701
 20
40.96739863551586
 11
207.5019230510951
 21
40.96739863551586
 72
     2
 10
207.5019230510951
 20
40.66739863551565
 40
0.3000000000002103
 50
269.9999999999945
 51
359.9999999999933
 73
     0
 72
     1
 10
207.8019230510953
 20
40.66739863551569
 11
207.8019230510953
 21
37.21739863551588
 72
     2
 10
207.3019230510953
 20
37.21739863551588
 40
0.5
 50
360.0
 51
450.0
 73
     0
 72
     1
 10
207.3019230510953
 20
36.71739863551588
 11
199.5019230510951
 21
36.71739863551588
 72
     2
 10
199.5019230510951
 20
37.21739863551589
 40
0.5000000000000142
 50
90.00000000000325
 51
190.0000000000034
 73
     0
 72
     1
 10
199.009519174589
 20
37.30422272434939
 11
201.5349556780947
 21
51.62668485328035
 97
        0
 92
       16
 93
        8
 72
     1
 10
197.4710698273236
 20
36.71739863551588
 11
190.9019230510952
 21
36.71739863551588
 72
     2
 10
190.9019230510952
 20
37.21739863551588
 40
0.5
 50
90.0
 51
180.0
 73
     0
 72
     1
 10
190.4019230510952
 20
37.21739863551588
 11
190.4019230510952
 21
50.52577340859293
 72
     2
 10
190.9019230510954
 20
50.52577340859286
 40
0.500000000000199
 50
180.0000000000081
 51
265.0000000000055
 73
     0
 72
     1
 10
190.8583451797216
 20
51.02387075763894
 11
199.9138126803999
 21
51.81612150687564
 72
     2
 10
199.9573905517738
 20
51.31802415782953
 40
0.500000000000239
 50
264.9999999999928
 51
369.9999999999911
 73
     0
 72
     1
 10
200.4497944282802
 20
51.2312000689961
 11
197.9634737038299
 21
37.13057454668237
 72
     2
 10
197.4710698273238
 20
37.21739863551594
 40
0.5000000000000455
 50
10.00000000001169
 51
90.00000000001303
 73
     0
 97
        0
 75
     0
 76
     1
 52
0.0
 41
0.5
 77
     0
 78
     2
 53
45.0
 43
0.0
 44
0.0
 45
-1.122532015133643
 46
1.122532015133643
 79
     0
 53
135.0
 43
0.0
 44
0.0
 45
-1.122532015133643
 46
-1.122532015133643
 79
     0
 98
        1
 10
-2032.044591166275
 20
-2543.977463394981
1001
GradientColor1ACI
1070
     5
1001
GradientColor2ACI
1070
     2
1001
ACAD
1010
0.0
1020
0.0
1030
0.0
  0
HATCH
  5
2402
330
1F
100
AcDbEntity
  8
0
 62
     8
370
   100
100
AcDbHatch
 10
0.0
 20
0.0
 30
0.0
210
0.0
220
0.0
230
1.0
  2
ANSI37
 70
     0
 71
     0
 91
        1
 92
        1
 93
       56
 72
     1
 10
215.4380446443071
 20
7.841065302153737
 11
214.8092611298981
 21
7.841065302153621
 72
     2
 10
214.8092611298981
 20
5.841065302153737
 40
1.999999999999885
 50
89.99999999999998
 51
148.0000000000005
 73
     1
 72
     1
 10
213.1131649375854
 20
6.900903830620079
 11
212.607247784417
 21
6.091267141570682
 72
     2
 10
210.4871275440259
 20
7.416065302154122
 40
2.500000000000454
 50
392.0000000000133
 51
450.0
 73
     0
 72
     1
 10
210.4871275440261
 20
4.916065302153667
 11
180.516718558155
 21
4.916065302153667
 72
     2
 10
180.5167185581553
 20
7.416065302154137
 40
2.5000000000005
 50
90.00000000000524
 51
147.9999999999925
 73
     0
 72
     1
 10
178.396598317764
 20
6.091267141570582
 11
177.8906811645958
 21
6.900903830620093
 72
     2
 10
176.1945849722829
 20
5.84106530215375
 40
1.999999999999903
 50
31.99999999999948
 51
89.99999999999998
 73
     1
 72
     1
 10
176.1945849722829
 20
7.841065302153637
 11
175.5658014578736
 21
7.841065302153637
 72
     2
 10
175.5658014578729
 20
8.641065302151318
 40
0.7999999999975539
 50
449.9999999999511
 51
480.0000000000147
 73
     0
 72
     1
 10
175.165801457874
 20
7.948244979125987
 11
173.7957052684416
 21
8.739270382910476
 72
     2
 10
173.6957052684417
 20
8.566065302153544
 40
0.2000000000000891
 50
60.00000000004479
 51
89.99999999999998
 73
     1
 72
     1
 10
173.6957052684417
 20
8.766065302153593
 11
173.4019230510904
 21
8.766065302153705
 72
     2
 10
173.4019230510904
 20
8.366065302153842
 40
0.3999999999998636
 50
89.99999999999998
 51
180.0000000000325
 73
     1
 72
     1
 10
173.0019230510906
 20
8.366065302153613
 11
173.0019230510903
 21
7.791065302153683
 72
     2
 10
167.5394230513429
 20
6.741065302196247
 40
5.562499999743987
 50
349.1193359379286
 51
351.9102020516874
 73
     0
 72
     2
 10
173.3435837354617
 20
7.566065302153773
 40
0.3000000000002461
 50
188.0897979484053
 51
269.9999999999565
 73
     1
 72
     1
 10
173.3435837354615
 20
7.266065302153477
 11
173.4614493001251
 21
7.266065302153704
 72
     2
 10
173.7519230510903
 20
6.741065302153613
 40
0.5999999999999302
 50
241.0449756281701
 51
478.9550243718299
 73
     0
 72
     1
 10
173.4614493001251
 20
6.216065302153523
 11
173.3435837354615
 21
6.216065302153637
 72
     2
 10
173.3435837354617
 20
5.916065302153454
 40
0.3000000000001819
 50
89.99999999999998
 51
171.9102020515512
 73
     1
 72
     2
 10
167.5394230505707
 20
6.741065302240585
 40
5.56250000052693
 50
368.089797948515
 51
370.8806640618795
 73
     0
 72
     1
 10
173.0019230510906
 20
5.69106530215366
 11
173.0019230510903
 21
5.116065302153613
 72
     2
 10
173.4019230510904
 20
5.116065302153501
 40
0.3999999999998636
 50
179.9999999999837
 51
270.0
 73
     1
 72
     1
 10
173.4019230510904
 20
4.716065302153636
 11
173.6957052684417
 21
4.716065302153636
 72
     2
 10
173.6957052684417
 20
4.916065302153683
 40
0.2000000000000455
 50
-90.00000000000001
 51
-60.00000000004484
 73
     1
 72
     1
 10
173.7957052684416
 20
4.742860221396639
 11
175.165801457874
 21
5.53388562518124
 72
     2
 10
175.5658014578729
 20
4.841065302156025
 40
0.7999999999975671
 50
239.9999999999365
 51
270.0
 73
     0
 72
     1
 10
175.5658014578736
 20
5.641065302153593
 11
175.6473319508756
 21
5.641065302153704
 72
     2
 10
175.6473319508754
 20
4.641065302153591
 40
1.000000000000204
 50
270.0000000000131
 51
328.0000000000019
 73
     0
 72
     1
 10
176.495380047032
 20
5.170984566386876
 11
177.6950535287389
 21
3.251105670037062
 72
     2
 10
178.1190775768166
 20
3.516065302153022
 40
0.4999999999994156
 50
211.9999999999704
 51
270.000000000026
 73
     1
 72
     1
 10
178.119077576817
 20
3.016065302153705
 11
212.8847685253642
 21
3.016065302153691
 72
     2
 10
212.8847685253642
 20
3.51606530215335
 40
0.4999999999997728
 50
-90.00000000000001
 51
-31.99999999998983
 73
     1
 72
     1
 10
213.3087925734423
 20
3.251105670036935
 11
214.5084660551489
 21
5.170984566386863
 72
     2
 10
215.3565141513053
 20
4.641065302154146
 40
0.9999999999994315
 50
211.9999999999918
 51
270.0
 73
     0
 72
     1
 10
215.3565141513051
 20
5.641065302153577
 11
215.4380446443071
 21
5.64106530215369
 72
     2
 10
215.4380446443067
 20
4.841065302151007
 40
0.8000000000025833
 50
270.0000000000326
 51
299.9999999999383
 73
     0
 72
     1
 10
215.8380446443072
 20
5.533885625181226
 11
217.2081408337396
 21
4.742860221396738
 72
     2
 10
217.3081408337404
 20
4.916065302155374
 40
0.2000000000018085
 50
240.0000000001035
 51
269.9999999997394
 73
     1
 72
     1
 10
217.3081408337395
 20
4.716065302153623
 11
217.6019230510907
 21
4.716065302153623
 72
     2
 10
217.601923051091
 20
5.116065302153372
 40
0.3999999999996362
 50
-90.00000000000001
 51
0.0000000000651123
 73
     1
 72
     1
 10
218.0019230510906
 20
5.116065302153599
 11
218.0019230510904
 21
5.691065302153647
 72
     2
 10
223.4644230512369
 20
6.741065302173383
 40
5.562500000147388
 50
169.1193359380742
 51
171.9102020516286
 73
     0
 72
     2
 10
217.6602623667194
 20
5.916065302153441
 40
0.3000000000002461
 50
8.089797948405355
 51
89.99999999995656
 73
     1
 72
     1
 10
217.6602623667196
 20
6.216065302153737
 11
217.542396802056
 21
6.216065302153621
 72
     2
 10
217.2519230510904
 20
6.741065302153598
 40
0.6000000000000508
 50
421.0449756281269
 51
658.955024371873
 73
     0
 72
     1
 10
217.542396802056
 20
7.266065302153577
 11
217.6602623667192
 21
7.26606530215369
 72
     2
 10
217.6602623667196
 20
7.566065302153532
 40
0.2999999999999545
 50
-90.00000000000001
 51
-8.08979794839
 73
     1
 72
     2
 10
223.4644230508644
 20
6.741065302191231
 40
5.562499999770808
 50
188.0897979483254
 51
190.8806640620696
 73
     0
 72
     1
 10
218.0019230510906
 20
7.791065302153555
 11
218.0019230510904
 21
8.366065302153598
 72
     2
 10
217.6019230510907
 20
8.366065302153826
 40
0.3999999999998636
 50
-0.0000000000325943
 51
89.99999999999998
 73
     1
 72
     1
 10
217.6019230510907
 20
8.766065302153691
 11
217.3081408337395
 21
8.766065302153691
 72
     2
 10
217.3081408337404
 20
8.566065302151827
 40
0.2000000000017508
 50
89.99999999999998
 51
119.9999999995794
 73
     1
 72
     1
 10
217.20814083374
 20
8.739270382910461
 11
215.8380446443072
 21
7.948244979126087
 72
     2
 10
215.4380446443069
 20
8.641065302154826
 40
0.8000000000010912
 50
420.0000000000391
 51
450.0
 73
     0
 97
        0
 75
     0
 76
     1
 52
0.0
 41
0.5
 77
     0
 78
     2
 53
45.0
 43
0.0
 44
0.0
 45
-1.122532015133643
 46
1.122532015133643
 79
     0
 53
135.0
 43
0.0
 44
0.0
 45
-1.122532015133643
 46
-1.122532015133643
 79
     0
 98
        1
 10
219.2519230510901
 20
16.74106530215349
1001
GradientColor1ACI
1070
     5
1001
GradientColor2ACI
1070
     2
1001
ACAD
1010
0.0
1020
0.0
1030
0.0
  0
CIRCLE
  5
2403
330
1F
100
AcDbEntity
  8
0
 62
     8
370
   100
100
AcDbCircle
 10
173.7519230510903
 20
6.741065302153527
 30
0.0
 40
0.5999999999999997
  0
CIRCLE
  5
2404
330
1F
100
AcDbEntity
  8
0
 62
     8
370
   100
100
AcDbCircle
 10
217.2519230510904
 20
6.741065302153472
 30
0.0
 40
0.5999999999999944
  0
HATCH
  5
2405
330
1F
100
AcDbEntity
  8
0
 62
     8
370
   100
100
AcDbHatch
 10
0.0
 20
0.0
 30
0.0
210
0.0
220
0.0
230
1.0
  2
AR-CONC
 70
     0
 71
     0
 91
        1
 92
        7
 72
     1
 73
     1
 93
        8
 10
210.5019230510947
 20
34.41739863550956
 42
0.4142135623729858
 10
210.2019230510937
 20
34.71739863551065
 42
0.0
 10
180.801923051097
 20
34.71739863552156
 42
0.4142135623731174
 10
180.5019230510986
 20
34.41739863552337
 42
0.0
 10
180.5019230510947
 20
21.01739863552277
 42
0.4142135623730752
 10
180.8019230510955
 20
20.71739863552156
 42
0.0
 10
210.2019230510953
 20
20.71739863551065
 42
0.4142135623732048
 10
210.5019230510947
 20
21.01739863550992
 42
0.0
 97
        0
 75
     0
 76
     1
 52
270.0
 41
0.02
 77
     0
 78
    13
 53
320.0
 43
0.0
 44
0.0
 45
-0.3187817107780624
 46
-3.64369337992008
 79
     2
 49
0.381
 49
-4.190999999999999
 53
265.0
 43
0.0
 44
0.0
 45
3.821136904780701
 46
0.7048684284993863
 79
     2
 49
0.3048
 49
-3.352811683399999
 53
10.45144469999998
 43
-0.0265650700000001
 44
-0.30364014
 45
3.502355038243901
 46
-2.938824941807066
 79
     2
 49
0.323800176
 49
-3.561804892
 53
316.1842
 43
1.016
 44
-0.0000000000000002
 45
-0.8408465586545439
 46
-5.421580817842597
 79
     2
 49
0.5715
 49
-6.2865
 53
6.635557609999994
 43
0.9459299999999998
 44
-0.4517980000000004
 45
4.948522491954428
 46
-4.748082681030059
 79
     2
 49
0.4857004628000002
 49
-5.342712163199998
 53
261.1841511700001
 43
1.016
 44
-0.0000000000000002
 45
4.948522491710652
 46
-4.748082681299541
 79
     2
 49
0.4571993414000002
 49
-5.029194638399999
 53
291.0
 43
0.762
 44
-0.5080000000000001
 45
-2.045303963741751
 46
-3.032287825382648
 79
     2
 49
0.381
 49
-4.190999999999999
 53
236.0
 43
0.762
 44
-0.5080000000000001
 45
3.683759322446384
 46
-1.236040566952942
 79
     2
 49
0.3048
 49
-3.352799999999998
 53
341.451445
 43
0.5915580019999999
 44
-0.7606906520000001
 45
1.638455377718103
 46
-4.268328385574323
 79
     2
 49
0.323800176
 49
-3.561798751999998
 53
307.5
 43
0.0
 44
0.0
 45
1.691100777463061
 46
-0.0617720650118367
 79
     6
 49
0.0
 49
-3.312159999999998
 49
0.0
 49
-3.403599999999998
 49
0.0
 49
-3.365499999999998
 53
277.5
 43
0.0
 44
0.0
 45
2.003611496362389
 46
-1.336393250206114
 79
     6
 49
0.0
 49
-1.940559999999999
 49
0.0
 49
-3.235959999999998
 49
0.0
 49
-1.282699999999999
 53
237.5
 43
0.0000000000000002
 44
1.132839999999998
 45
-0.1145748798534694
 46
-2.711811903337426
 79
     6
 49
0.0
 49
-1.27
 49
0.0
 49
-3.9624
 49
0.0
 49
-5.257799999999998
 53
227.5
 43
0.0000000000000003
 44
1.64084
 45
0.5085298206666601
 46
-2.962583627720361
 79
     6
 49
0.0
 49
-1.650999999999999
 49
0.0
 49
-2.631439999999999
 49
0.0
 49
-3.733799999999998
 47
0.1028993782439756
 98
        1
 10
199.540369056427
 20
24.31343971842634
1001
GradientColor1ACI
1070
     5
1001
GradientColor2ACI
1070
     2
1001
ACAD
1010
0.0
1020
0.0
1030
0.0
  0
HATCH
  5
2408
330
1F
100
AcDbEntity
  8
0
 62
     8
370
   100
100
AcDbHatch
 10
0.0
 20
0.0
 30
0.0
210
0.0
220
0.0
230
1.0
  2
AR-CONC
 70
     0
 71
     0
 91
        1
 92
        7
 72
     1
 73
     1
 93
        8
 10
210.5019230510897
 20
19.61606530214803
 42
0.4142135623729862
 10
210.2019230510896
 20
19.91606530214821
 42
0.0
 10
180.8019230510911
 20
19.91606530215912
 42
0.4142135623731209
 10
180.5019230510936
 20
19.61606530216181
 42
0.0
 10
180.5019230510897
 20
5.216065302160301
 42
0.4142135623730673
 10
180.8019230510906
 20
4.916065302159124
 42
0.0
 10
210.2019230510903
 20
4.916065302148211
 42
0.4142135623732044
 10
210.5019230510897
 20
5.216065302147483
 42
0.0
 97
        0
 75
     0
 76
     1
 52
270.0
 41
0.02
 77
     0
 78
    13
 53
320.0
 43
0.0
 44
0.0
 45
-0.3187817107780624
 46
-3.64369337992008
 79
     2
 49
0.381
 49
-4.190999999999999
 53
265.0
 43
0.0
 44
0.0
 45
3.821136904780701
 46
0.7048684284993863
 79
     2
 49
0.3048
 49
-3.352811683399999
 53
10.45144469999998
 43
-0.0265650700000001
 44
-0.30364014
 45
3.502355038243901
 46
-2.938824941807066
 79
     2
 49
0.323800176
 49
-3.561804892
 53
316.1842
 43
1.016
 44
-0.0000000000000002
 45
-0.8408465586545439
 46
-5.421580817842597
 79
     2
 49
0.5715
 49
-6.2865
 53
6.635557609999994
 43
0.9459299999999998
 44
-0.4517980000000004
 45
4.948522491954428
 46
-4.748082681030059
 79
     2
 49
0.4857004628000002
 49
-5.342712163199998
 53
261.1841511700001
 43
1.016
 44
-0.0000000000000002
 45
4.948522491710652
 46
-4.748082681299541
 79
     2
 49
0.4571993414000002
 49
-5.029194638399999
 53
291.0
 43
0.762
 44
-0.5080000000000001
 45
-2.045303963741751
 46
-3.032287825382648
 79
     2
 49
0.381
 49
-4.190999999999999
 53
236.0
 43
0.762
 44
-0.5080000000000001
 45
3.683759322446384
 46
-1.236040566952942
 79
     2
 49
0.3048
 49
-3.352799999999998
 53
341.451445
 43
0.5915580019999999
 44
-0.7606906520000001
 45
1.638455377718103
 46
-4.268328385574323
 79
     2
 49
0.323800176
 49
-3.561798751999998
 53
307.5
 43
0.0
 44
0.0
 45
1.691100777463061
 46
-0.0617720650118367
 79
     6
 49
0.0
 49
-3.312159999999998
 49
0.0
 49
-3.403599999999998
 49
0.0
 49
-3.365499999999998
 53
277.5
 43
0.0
 44
0.0
 45
2.003611496362389
 46
-1.336393250206114
 79
     6
 49
0.0
 49
-1.940559999999999
 49
0.0
 49
-3.235959999999998
 49
0.0
 49
-1.282699999999999
 53
237.5
 43
0.0000000000000002
 44
1.132839999999998
 45
-0.1145748798534694
 46
-2.711811903337426
 79
     6
 49
0.0
 49
-1.27
 49
0.0
 49
-3.9624
 49
0.0
 49
-5.257799999999998
 53
227.5
 43
0.0000000000000003
 44
1.64084
 45
0.5085298206666601
 46
-2.962583627720361
 79
     6
 49
0.0
 49
-1.650999999999999
 49
0.0
 49
-2.631439999999999
 49
0.0
 49
-3.733799999999998
 47
0.050286287002188
 98
        1
 10
196.4296983373628
 20
11.03102014520144
1001
GradientColor1ACI
1070
     5
1001
GradientColor2ACI
1070
     2
1001
ACAD
1010
0.0
1020
0.0
1030
0.0
  0
LINE
  5
248F
330
1F
100
AcDbEntity
  8
0
370
   100
100
AcDbLine
 10
171.4019230510902
 20
3.916731968819788
 30
0.0
 11
151.9019230510893
 21
3.916731968820016
 31
0.0
  0
LINE
  5
2490
330
1F
100
AcDbEntity
  8
0
370
   100
100
AcDbLine
 10
151.9019230510893
 20
3.916731968820016
 30
0.0
 11
151.9019230510897
 21
35.51673196881993
 31
0.0
  0
LINE
  5
2491
330
1F
100
AcDbEntity
  8
0
370
   100
100
AcDbLine
 10
151.9019230510897
 20
35.51673196881993
 30
0.0
 11
171.4019230510906
 21
35.51673196881971
 31
0.0
  0
LINE
  5
2492
330
1F
100
AcDbEntity
  8
0
370
   100
100
AcDbLine
 10
171.4019230510906
 20
35.51673196881971
 30
0.0
 11
171.4019230510902
 21
3.916731968819788
 31
0.0
  0
LINE
  5
2493
330
1F
100
AcDbEntity
  8
0
370
   100
100
AcDbLine
 10
168.4019230510934
 20
-0.2832680311784372
 30
0.0
 11
168.8019230510926
 21
-0.6832680311783009
 31
0.0
  0
ARC
  5
2494
330
1F
100
AcDbEntity
  8
0
370
   100
100
AcDbCircle
 10
168.8019230510926
 20
-0.3832680311782753
 30
0.0
 40
0.3000000000000256
100
AcDbArc
 50
269.9999999999838
 51
359.9999999999865
  0
LINE
  5
2495
330
1F
100
AcDbEntity
  8
0
370
   100
100
AcDbLine
 10
169.1019230510927
 20
-0.3832680311783463
 30
0.0
 11
169.1019230510927
 21
2.016731968819015
 31
0.0
  0
ARC
  5
2496
330
1F
100
AcDbEntity
  8
0
370
   100
100
AcDbCircle
 10
168.8019230510923
 20
2.016731968818817
 30
0.0
 40
0.3000000000003808
100
AcDbArc
 50
0.0000000000379122
 51
90.00000000003801
  0
LINE
  5
2497
330
1F
100
AcDbEntity
  8
0
370
   100
100
AcDbLine
 10
168.8019230510921
 20
2.316731968819198
 30
0.0
 11
152.4019230510916
 21
2.316731968819651
 31
0.0
  0
ARC
  5
2498
330
1F
100
AcDbEntity
  8
0
370
   100
100
AcDbCircle
 10
152.4019230510918
 20
2.016731968819668
 30
0.0
 40
0.2999999999999829
100
AcDbArc
 50
90.00000000003801
 51
180.0000000000379
  0
LINE
  5
2499
330
1F
100
AcDbEntity
  8
0
370
   100
100
AcDbLine
 10
152.1019230510918
 20
2.01673196881947
 30
0.0
 11
152.1019230510918
 21
-0.3832680311792558
 31
0.0
  0
ARC
  5
249A
330
1F
100
AcDbEntity
  8
0
370
   100
100
AcDbCircle
 10
152.401923051092
 20
-0.3832680311792558
 30
0.0
 40
0.3000000000001819
100
AcDbArc
 50
180.0
 51
270.0
  0
LINE
  5
249B
330
1F
100
AcDbEntity
  8
0
370
   100
100
AcDbLine
 10
152.401923051092
 20
-0.6832680311794377
 30
0.0
 11
154.1019230510928
 21
-0.6832680311792103
 31
0.0
  0
LINE
  5
249C
330
1F
100
AcDbEntity
  8
0
370
   100
100
AcDbLine
 10
154.1019230510928
 20
-0.6832680311792103
 30
0.0
 11
154.1019230510909
 21
-1.476161249994361
 31
0.0
  0
ARC
  5
249D
330
1F
100
AcDbEntity
  8
0
370
   100
100
AcDbCircle
 10
153.6019230510909
 20
-1.476161249993197
 30
0.0
 40
0.4999999999999432
100
AcDbArc
 50
315.0000000000162
 51
359.9999999998666
  0
LINE
  5
249E
330
1F
100
AcDbEntity
  8
0
370
   100
100
AcDbLine
 10
153.9554764416843
 20
-1.829714640586331
 30
0.0
 11
153.2483696604985
 21
-2.536821421772315
 31
0.0
  0
ARC
  5
249F
330
1F
100
AcDbEntity
  8
0
370
   100
100
AcDbCircle
 10
152.8948162699053
 20
-2.183268031179184
 30
0.0
 40
0.4999999999998009
100
AcDbArc
 50
269.9999999999804
 51
315.0000000000002
  0
LINE
  5
24A0
330
1F
100
AcDbEntity
  8
0
370
   100
100
AcDbLine
 10
152.8948162699052
 20
-2.683268031178982
 30
0.0
 11
150.8019230510907
 21
-2.683268031178982
 31
0.0
  0
ARC
  5
24A1
330
1F
100
AcDbEntity
  8
0
370
   100
100
AcDbCircle
 10
150.8019230510907
 20
-2.183268031179934
 30
0.0
 40
0.4999999999990479
100
AcDbArc
 50
179.9999999999951
 51
269.9999999999935
  0
LINE
  5
24A2
330
1F
100
AcDbEntity
  8
0
370
   100
100
AcDbLine
 10
150.3019230510917
 20
-2.183268031179891
 30
0.0
 11
150.3019230510908
 21
41.81673196881988
 31
0.0
  0
ARC
  5
24A3
330
1F
100
AcDbEntity
  8
0
370
   100
100
AcDbCircle
 10
150.6019230510903
 20
41.81673196882016
 30
0.0
 40
0.2999999999994429
100
AcDbArc
 50
90.00000000005426
 51
180.0000000000543
  0
LINE
  5
24A4
330
1F
100
AcDbEntity
  8
0
370
   100
100
AcDbLine
 10
150.60192305109
 20
42.1167319688196
 30
0.0
 11
152.594816269905
 21
42.11673196881847
 31
0.0
  0
ARC
  5
24A5
330
1F
100
AcDbEntity
  8
0
370
   100
100
AcDbCircle
 10
152.5948162699048
 20
41.61673196881994
 30
0.0
 40
0.4999999999985221
100
AcDbArc
 50
45.00000000008752
 51
89.99999999998046
  0
LINE
  5
24A6
330
1F
100
AcDbEntity
  8
0
370
   100
100
AcDbLine
 10
152.9483696604965
 20
41.97028535941271
 30
0.0
 11
153.655476441685
 21
41.2631785782265
 31
0.0
  0
ARC
  5
24A7
330
1F
100
AcDbEntity
  8
0
370
   100
100
AcDbCircle
 10
153.301923051093
 20
40.90962518763385
 30
0.0
 40
0.4999999999986375
100
AcDbArc
 50
359.999999999974
 51
45.00000000005528
  0
LINE
  5
24A8
330
1F
100
AcDbEntity
  8
0
370
   100
100
AcDbLine
 10
153.8019230510917
 20
40.90962518763362
 30
0.0
 11
153.8019230510912
 21
40.11673196881893
 31
0.0
  0
LINE
  5
24A9
330
1F
100
AcDbEntity
  8
0
370
   100
100
AcDbLine
 10
153.8019230510912
 20
40.11673196881893
 30
0.0
 11
152.1019230510905
 21
40.116731968818
 31
0.0
  0
ARC
  5
24AA
330
1F
100
AcDbEntity
  8
0
370
   100
100
AcDbCircle
 10
152.1019230510905
 20
39.81673196881784
 30
0.0
 40
0.3000000000001748
100
AcDbArc
 50
90.0
 51
179.9999999999986
  0
LINE
  5
24AB
330
1F
100
AcDbEntity
  8
0
370
   100
100
AcDbLine
 10
151.8019230510903
 20
39.81673196881784
 30
0.0
 11
151.8019230510912
 21
37.41673196881956
 31
0.0
  0
ARC
  5
24AC
330
1F
100
AcDbEntity
  8
0
370
   100
100
AcDbCircle
 10
152.1019230510914
 20
37.41673196881958
 30
0.0
 40
0.3000000000001819
100
AcDbArc
 50
180.0000000000027
 51
270.0000000000054
  0
LINE
  5
24AD
330
1F
100
AcDbEntity
  8
0
370
   100
100
AcDbLine
 10
152.1019230510914
 20
37.11673196881939
 30
0.0
 11
169.501923051091
 21
37.11673196882029
 31
0.0
  0
ARC
  5
24AE
330
1F
100
AcDbEntity
  8
0
370
   100
100
AcDbCircle
 10
169.501923051091
 20
37.4167319688209
 30
0.0
 40
0.3000000000006082
100
AcDbArc
 50
270.0000000000054
 51
0.0000000000474963
  0
LINE
  5
24AF
330
1F
100
AcDbEntity
  8
0
370
   100
100
AcDbLine
 10
169.8019230510916
 20
37.41673196882115
 30
0.0
 11
169.8019230510912
 21
39.81673196882034
 31
0.0
  0
ARC
  5
24B0
330
1F
100
AcDbEntity
  8
0
370
   100
100
AcDbCircle
 10
169.501923051091
 20
39.81673196882034
 30
0.0
 40
0.3000000000001819
100
AcDbArc
 50
0.0
 51
90.0
  0
LINE
  5
24B1
330
1F
100
AcDbEntity
  8
0
370
   100
100
AcDbLine
 10
169.501923051091
 20
40.11673196882052
 30
0.0
 11
167.8019230510903
 21
40.11673196882028
 31
0.0
  0
LINE
  5
24B2
330
1F
100
AcDbEntity
  8
0
370
   100
100
AcDbLine
 10
167.8019230510903
 20
40.11673196882028
 30
0.0
 11
167.8019230510907
 21
40.90962518763499
 31
0.0
  0
ARC
  5
24B3
330
1F
100
AcDbEntity
  8
0
370
   100
100
AcDbCircle
 10
168.3019230510898
 20
40.90962518763495
 30
0.0
 40
0.499999999999119
100
AcDbArc
 50
134.9999999999585
 51
179.9999999999951
  0
LINE
  5
24B4
330
1F
100
AcDbEntity
  8
0
370
   100
100
AcDbLine
 10
167.9483696604974
 20
41.26317857822786
 30
0.0
 11
168.6554764416845
 21
41.97028535941453
 31
0.0
  0
ARC
  5
24B5
330
1F
100
AcDbEntity
  8
0
370
   100
100
AcDbCircle
 10
169.0090298322762
 20
41.61673196882326
 30
0.0
 40
0.499999999997497
100
AcDbArc
 50
90.00000000007489
 51
135.0000000000386
  0
LINE
  5
24B6
330
1F
100
AcDbEntity
  8
0
370
   100
100
AcDbLine
 10
169.0090298322756
 20
42.11673196882074
 30
0.0
 11
171.1019230510909
 21
42.11673196882074
 31
0.0
  0
ARC
  5
24B7
330
1F
100
AcDbEntity
  8
0
370
   100
100
AcDbCircle
 10
171.1019230510911
 20
41.6167319688205
 30
0.0
 40
0.5000000000002416
100
AcDbArc
 50
0.0000000000276835
 51
90.00000000002605
  0
LINE
  5
24B8
330
1F
100
AcDbEntity
  8
0
370
   100
100
AcDbLine
 10
171.6019230510914
 20
41.61673196882074
 30
0.0
 11
171.6019230510914
 21
37.74673196882086
 31
0.0
  0
ARC
  5
24B9
330
1F
100
AcDbEntity
  8
0
370
   100
100
AcDbCircle
 10
172.1019230510914
 20
37.74673196882087
 30
0.0
 40
0.5000000000000285
100
AcDbArc
 50
180.0000000000008
 51
270.0
  0
LINE
  5
24BA
330
1F
100
AcDbEntity
  8
0
370
   100
100
AcDbLine
 10
172.1019230510914
 20
37.24673196882085
 30
0.0
 11
172.8742060112203
 21
37.2467319688204
 31
0.0
  0
ARC
  5
24BB
330
1F
100
AcDbEntity
  8
0
370
   100
100
AcDbCircle
 10
172.8742060112202
 20
36.94673196882036
 30
0.0
 40
0.3000000000000398
100
AcDbArc
 50
38.3120228534885
 51
89.99999999999458
  0
ARC
  5
24BC
330
1F
100
AcDbEntity
  8
0
370
   100
100
AcDbCircle
 10
173.5019230510832
 20
37.44268692430078
 30
0.0
 40
0.4999999999999007
100
AcDbArc
 50
218.3120228535343
 51
243.8729680976023
  0
LINE
  5
24BD
330
1F
100
AcDbEntity
  8
0
370
   100
100
AcDbLine
 10
173.2817416478705
 20
36.99377696709425
 30
0.0
 11
173.8976566000978
 21
36.69168293628931
 31
0.0
  0
ARC
  5
24BE
330
1F
100
AcDbEntity
  8
0
370
   100
100
AcDbCircle
 10
175.0159571745246
 20
38.34981556826821
 30
0.0
 40
1.999999999999171
100
AcDbArc
 50
236.0029452095084
 51
308.1942269742731
  0
ARC
  5
24BF
330
1F
100
AcDbEntity
  8
0
370
   100
100
AcDbCircle
 10
176.5617802010468
 20
36.38501757084559
 30
0.0
 40
0.5000000000012439
100
AcDbArc
 50
88.37625124873929
 51
128.1942269743027
  0
LINE
  5
24C0
330
1F
100
AcDbEntity
  8
0
370
   100
100
AcDbLine
 10
176.5759481853523
 20
36.88481679875812
 30
0.0
 11
177.2325696298479
 21
36.86620331998243
 31
0.0
  0
LINE
  5
24C1
330
1F
100
AcDbEntity
  8
0
370
   100
100
AcDbLine
 10
177.2325696298479
 20
36.86620331998243
 30
0.0
 11
177.2351216189811
 21
36.86612001301919
 31
0.0
  0
ARC
  5
24C2
330
1F
100
AcDbEntity
  8
0
370
   100
100
AcDbCircle
 10
177.2291845073136
 20
36.56617876759693
 30
0.0
 40
0.3000000000006835
100
AcDbArc
 50
341.7485847717273
 51
88.86602116614866
  0
LINE
  5
24C3
330
1F
100
AcDbEntity
  8
0
370
   100
100
AcDbLine
 10
177.5140919245072
 20
36.47222258829775
 30
0.0
 11
175.3951156278889
 21
33.7351399790808
 31
0.0
  0
ARC
  5
24C4
330
1F
100
AcDbEntity
  8
0
370
   100
100
AcDbCircle
 10
175.2675851241637
 20
33.8141081411398
 30
0.0
 40
0.1499999999978966
100
AcDbArc
 50
164.3072287561474
 51
328.2337946295077
  0
ARC
  5
24C5
330
1F
100
AcDbEntity
  8
0
370
   100
100
AcDbCircle
 10
174.8343584785122
 20
33.93582368450062
 30
0.0
 40
0.2999999999999512
100
AcDbArc
 50
344.3072287559171
 51
48.46149298415224
  0
LINE
  5
24C6
330
1F
100
AcDbEntity
  8
0
370
   100
100
AcDbLine
 10
175.033295454219
 20
34.16037675104971
 30
0.0
 11
173.4851481988047
 21
35.53191773097623
 31
0.0
  0
ARC
  5
24C7
330
1F
100
AcDbEntity
  8
0
370
   100
100
AcDbCircle
 10
173.2862112230986
 20
35.30736466442756
 30
0.0
 40
0.2999999999991633
100
AcDbArc
 50
48.46149298420073
 51
74.93643961347313
  0
LINE
  5
24C8
330
1F
100
AcDbEntity
  8
0
370
   100
100
AcDbLine
 10
173.3641783502593
 20
35.59705609868442
 30
0.0
 11
173.001923051091
 21
35.69455295787665
 31
0.0
  0
ARC
  5
24C9
330
1F
100
AcDbEntity
  8
0
370
   100
100
AcDbCircle
 10
173.001923051091
 20
35.39455295787669
 30
0.0
 40
0.2999999999999545
100
AcDbArc
 50
90.0
 51
270.0
  0
LINE
  5
24CA
330
1F
100
AcDbEntity
  8
0
370
   100
100
AcDbLine
 10
173.001923051091
 20
35.09455295787674
 30
0.0
 11
173.0019230510891
 21
30.59455295787538
 31
0.0
  0
ARC
  5
24CB
330
1F
100
AcDbEntity
  8
0
370
   100
100
AcDbCircle
 10
173.2019230510891
 20
30.59455295787571
 30
0.0
 40
0.1999999999999034
100
AcDbArc
 50
180.0000000000936
 51
270.0000000002361
  0
LINE
  5
24CC
330
1F
100
AcDbEntity
  8
0
370
   100
100
AcDbLine
 10
173.2019230510899
 20
30.3945529578758
 30
0.0
 11
173.269811794263
 21
30.39455295787488
 31
0.0
  0
ARC
  5
24CD
330
1F
100
AcDbEntity
  8
0
370
   100
100
AcDbCircle
 10
173.2698117942625
 20
30.6945529578759
 30
0.0
 40
0.3000000000010239
100
AcDbArc
 50
270.0000000000922
 51
301.3801319350499
  0
LINE
  5
24CE
330
1F
100
AcDbEntity
  8
0
370
   100
100
AcDbLine
 10
173.426025880431
 20
30.43843353400652
 30
0.0
 11
175.1020188686128
 21
31.46066647955362
 31
0.0
  0
ARC
  5
24CF
330
1F
100
AcDbEntity
  8
0
370
   100
100
AcDbCircle
 10
175.3019230510958
 20
31.46685661874093
 30
0.0
 40
0.1999999999933688
100
AcDbArc
 50
359.999999999999
 51
181.7736275002159
  0
LINE
  5
24D0
330
1F
100
AcDbEntity
  8
0
370
   100
100
AcDbLine
 10
175.5019230510891
 20
31.46685661874093
 30
0.0
 11
175.501923051091
 21
30.08307635853984
 31
0.0
  0
ARC
  5
24D1
330
1F
100
AcDbEntity
  8
0
370
   100
100
AcDbCircle
 10
175.3019230510921
 20
30.08307635853983
 30
0.0
 40
0.1999999999989086
100
AcDbArc
 50
298.3054651736437
 51
0.0000000000010178
  0
LINE
  5
24D2
330
1F
100
AcDbEntity
  8
0
370
   100
100
AcDbLine
 10
175.3967574893844
 20
29.90698993284681
 30
0.0
 11
175.3965393373031
 21
29.90678131984427
 31
0.0
  0
LINE
  5
24D3
330
1F
100
AcDbEntity
  8
0
370
   100
100
AcDbLine
 10
175.3965393373031
 20
29.90678131984427
 30
0.0
 11
173.2530811462528
 21
28.67688111451398
 31
0.0
  0
ARC
  5
24D4
330
1F
100
AcDbEntity
  8
0
370
   100
100
AcDbCircle
 10
173.5019230510916
 20
28.24320184777839
 30
0.0
 40
0.500000000000136
100
AcDbArc
 50
119.8468800267593
 51
179.9999999999845
  0
LINE
  5
24D5
330
1F
100
AcDbEntity
  8
0
370
   100
100
AcDbLine
 10
173.0019230510915
 20
28.24320184777852
 30
0.0
 11
173.0019230510915
 21
11.32026208986607
 31
0.0
  0
ARC
  5
24D6
330
1F
100
AcDbEntity
  8
0
370
   100
100
AcDbCircle
 10
173.5019230510907
 20
11.32026208986554
 30
0.0
 40
0.4999999999992042
100
AcDbArc
 50
179.9999999999397
 51
240.1531199730632
  0
LINE
  5
24D7
330
1F
100
AcDbEntity
  8
0
370
   100
100
AcDbLine
 10
173.253081146251
 20
10.88658282313153
 30
0.0
 11
175.3965393373027
 21
9.656682617796915
 31
0.0
  0
LINE
  5
24D8
330
1F
100
AcDbEntity
  8
0
370
   100
100
AcDbLine
 10
175.3965393373027
 20
9.656682617796915
 30
0.0
 11
175.396757489384
 21
9.65647400479756
 31
0.0
  0
ARC
  5
24D9
330
1F
100
AcDbEntity
  8
0
370
   100
100
AcDbCircle
 10
175.3019230510881
 20
9.480387579110296
 30
0.0
 40
0.1999999999955208
100
AcDbArc
 50
0.00000000004122
 51
61.69453482467767
  0
LINE
  5
24DA
330
1F
100
AcDbEntity
  8
0
370
   100
100
AcDbLine
 10
175.5019230510836
 20
9.480387579110439
 30
0.0
 11
175.5019230510891
 21
8.096607318902982
 31
0.0
  0
ARC
  5
24DB
330
1F
100
AcDbEntity
  8
0
370
   100
100
AcDbCircle
 10
175.3019230510953
 20
8.096607318902982
 30
0.0
 40
0.1999999999938211
100
AcDbArc
 50
178.2263725000485
 51
0.0
  0
LINE
  5
24DC
330
1F
100
AcDbEntity
  8
0
370
   100
100
AcDbLine
 10
175.1020188686119
 20
8.102797458089384
 30
0.0
 11
173.426025880431
 21
9.125030403635804
 31
0.0
  0
ARC
  5
24DD
330
1F
100
AcDbEntity
  8
0
370
   100
100
AcDbCircle
 10
173.2698117942631
 20
8.868910979766983
 30
0.0
 40
0.3000000000002332
100
AcDbArc
 50
58.61986806499157
 51
90.00000000002172
  0
LINE
  5
24DE
330
1F
100
AcDbEntity
  8
0
370
   100
100
AcDbLine
 10
173.269811794263
 20
9.168910979767217
 30
0.0
 11
173.2019230510899
 21
9.16891097976608
 31
0.0
  0
ARC
  5
24DF
330
1F
100
AcDbEntity
  8
0
370
   100
100
AcDbCircle
 10
173.2019230510897
 20
8.968910979765482
 30
0.0
 40
0.2000000000005979
100
AcDbArc
 50
89.99999999995928
 51
179.9999999999715
  0
LINE
  5
24E0
330
1F
100
AcDbEntity
  8
0
370
   100
100
AcDbLine
 10
173.0019230510891
 20
8.968910979765581
 30
0.0
 11
173.001923051091
 21
4.468910979765126
 31
0.0
  0
ARC
  5
24E1
330
1F
100
AcDbEntity
  8
0
370
   100
100
AcDbCircle
 10
173.001923051091
 20
4.168910979765171
 30
0.0
 40
0.2999999999999545
100
AcDbArc
 50
90.0
 51
270.0
  0
LINE
  5
24E2
330
1F
100
AcDbEntity
  8
0
370
   100
100
AcDbLine
 10
173.001923051091
 20
3.868910979765216
 30
0.0
 11
173.3663400955687
 21
3.966989647916846
 31
0.0
  0
ARC
  5
24E3
330
1F
100
AcDbEntity
  8
0
370
   100
100
AcDbCircle
 10
173.2883729684061
 20
4.256681082174599
 30
0.0
 40
0.3000000000004965
100
AcDbArc
 50
285.0635603868235
 51
311.5385070158282
  0
LINE
  5
24E4
330
1F
100
AcDbEntity
  8
0
370
   100
100
AcDbLine
 10
173.4873099441132
 20
4.032128015625032
 30
0.0
 11
175.033295454219
 21
5.401753853262646
 31
0.0
  0
ARC
  5
24E5
330
1F
100
AcDbEntity
  8
0
370
   100
100
AcDbCircle
 10
174.8343584785122
 20
5.626306919811739
 30
0.0
 40
0.2999999999999489
100
AcDbArc
 50
311.5385070158477
 51
15.69277124408126
  0
ARC
  5
24E6
330
1F
100
AcDbEntity
  8
0
370
   100
100
AcDbCircle
 10
175.2675851241692
 20
5.748022463175294
 30
0.0
 40
0.1500000000039563
100
AcDbArc
 50
37.74608027599665
 51
195.692771244297
  0
LINE
  5
24E7
330
1F
100
AcDbEntity
  8
0
370
   100
100
AcDbLine
 10
175.3861948424159
 20
5.839846941059107
 30
0.0
 11
177.5140919245072
 21
3.091241349344358
 31
0.0
  0
ARC
  5
24E8
330
1F
100
AcDbEntity
  8
0
370
   100
100
AcDbCircle
 10
177.2291845073135
 20
2.997285170045937
 30
0.0
 40
0.3000000000005368
100
AcDbArc
 50
271.1339788338681
 51
18.25141522812915
  0
LINE
  5
24E9
330
1F
100
AcDbEntity
  8
0
370
   100
100
AcDbLine
 10
177.2351216189811
 20
2.697343924623821
 30
0.0
 11
177.2325696298479
 21
2.697260617661498
 31
0.0
  0
LINE
  5
24EA
330
1F
100
AcDbEntity
  8
0
370
   100
100
AcDbLine
 10
177.2325696298479
 20
2.697260617661498
 30
0.0
 11
176.5759481853523
 21
2.678647138886019
 31
0.0
  0
ARC
  5
24EB
330
1F
100
AcDbEntity
  8
0
370
   100
100
AcDbCircle
 10
176.5617802010471
 20
3.178446366797238
 30
0.0
 40
0.4999999999999231
100
AcDbArc
 50
231.8057730258144
 51
271.6237487512324
  0
ARC
  5
24EC
330
1F
100
AcDbEntity
  8
0
370
   100
100
AcDbCircle
 10
175.0159571745259
 20
1.213648369373893
 30
0.0
 40
2.000000000000442
100
AcDbArc
 50
51.80577302573288
 51
123.997054790511
  0
LINE
  5
24ED
330
1F
100
AcDbEntity
  8
0
370
   100
100
AcDbLine
 10
173.8976566000978
 20
2.871781001353468
 30
0.0
 11
172.8701755993642
 21
2.367822011615857
 31
0.0
  0
ARC
  5
24EE
330
1F
100
AcDbEntity
  8
0
370
   100
100
AcDbCircle
 10
172.6499941961502
 20
2.816731968822321
 30
0.0
 40
0.5000000000004016
100
AcDbArc
 50
270.0000000000358
 51
296.1270319025326
  0
LINE
  5
24EF
330
1F
100
AcDbEntity
  8
0
370
   100
100
AcDbLine
 10
172.6499941961505
 20
2.316731968821925
 30
0.0
 11
171.2019230510916
 21
2.316731968821925
 31
0.0
  0
ARC
  5
24F0
330
1F
100
AcDbEntity
  8
0
370
   100
100
AcDbCircle
 10
171.2019230510919
 20
2.016731968821985
 30
0.0
 40
0.2999999999999403
100
AcDbArc
 50
90.00000000004341
 51
180.000000000046
  0
LINE
  5
24F1
330
1F
100
AcDbEntity
  8
0
370
   100
100
AcDbLine
 10
170.901923051092
 20
2.016731968821744
 30
0.0
 11
170.9019230510925
 21
-0.3832680311781189
 31
0.0
  0
ARC
  5
24F2
330
1F
100
AcDbEntity
  8
0
370
   100
100
AcDbCircle
 10
171.2019230510925
 20
-0.3832680311780153
 30
0.0
 40
0.3000000000000682
100
AcDbArc
 50
180.0000000000198
 51
270.0000000000054
  0
LINE
  5
24F3
330
1F
100
AcDbEntity
  8
0
370
   100
100
AcDbLine
 10
171.2019230510926
 20
-0.6832680311780736
 30
0.0
 11
172.9019230510925
 21
-0.6832680311780736
 31
0.0
  0
LINE
  5
24F4
330
1F
100
AcDbEntity
  8
0
370
   100
100
AcDbLine
 10
172.9019230510925
 20
-0.6832680311780736
 30
0.0
 11
172.9019230510925
 21
-1.476161249992087
 31
0.0
  0
ARC
  5
24F5
330
1F
100
AcDbEntity
  8
0
370
   100
100
AcDbCircle
 10
172.4019230510917
 20
-1.476161249992091
 30
0.0
 40
0.5000000000008243
100
AcDbArc
 50
315.0000000000487
 51
0.0000000000004326
  0
LINE
  5
24F6
330
1F
100
AcDbEntity
  8
0
370
   100
100
AcDbLine
 10
172.7554764416858
 20
-1.829714640585649
 30
0.0
 11
172.0483696605001
 21
-2.536821421771405
 31
0.0
  0
ARC
  5
24F7
330
1F
100
AcDbEntity
  8
0
370
   100
100
AcDbCircle
 10
171.6948162699068
 20
-2.183268031176454
 30
0.0
 40
0.5000000000011678
100
AcDbArc
 50
269.9999999997753
 51
314.9999999998621
  0
LINE
  5
24F8
330
1F
100
AcDbEntity
  8
0
370
   100
100
AcDbLine
 10
171.6948162699049
 20
-2.683268031177618
 30
0.0
 11
168.3090298322803
 21
-2.683268031179437
 31
0.0
  0
ARC
  5
24F9
330
1F
100
AcDbEntity
  8
0
370
   100
100
AcDbCircle
 10
168.3090298322803
 20
-2.183268031176847
 30
0.0
 40
0.50000000000259
100
AcDbArc
 50
224.9999999999104
 51
269.9999999999968
  0
LINE
  5
24FA
330
1F
100
AcDbEntity
  8
0
370
   100
100
AcDbLine
 10
167.9554764416847
 20
-2.536821421771405
 30
0.0
 11
167.2483696604994
 21
-1.829714640585649
 31
0.0
  0
ARC
  5
24FB
330
1F
100
AcDbEntity
  8
0
370
   100
100
AcDbCircle
 10
167.6019230510935
 20
-1.476161249992023
 30
0.0
 40
0.5000000000008535
100
AcDbArc
 50
180.0000000000073
 51
224.9999999999591
  0
LINE
  5
24FC
330
1F
100
AcDbEntity
  8
0
370
   100
100
AcDbLine
 10
167.1019230510927
 20
-1.476161249992087
 30
0.0
 11
167.1019230510927
 21
-0.6832680311780736
 31
0.0
  0
LINE
  5
24FD
330
1F
100
AcDbEntity
  8
0
370
   100
100
AcDbLine
 10
167.1019230510927
 20
-0.6832680311780736
 30
0.0
 11
168.0019230510942
 21
-0.6832680311780736
 31
0.0
  0
LINE
  5
24FE
330
1F
100
AcDbEntity
  8
0
370
   100
100
AcDbLine
 10
168.0019230510942
 20
-0.6832680311780736
 30
0.0
 11
168.4019230510934
 21
-0.2832680311784372
 31
0.0
  0
LINE
  5
24FF
330
1F
100
AcDbEntity
  8
0
370
   100
100
AcDbLine
 10
219.60192305109
 20
3.915398668758227
 30
0.0
 11
226.6019230510901
 21
3.915398668758001
 31
0.0
  0
LINE
  5
2500
330
1F
100
AcDbEntity
  8
0
370
   100
100
AcDbLine
 10
226.6019230510901
 20
3.915398668758001
 30
0.0
 11
226.6019230510896
 21
5.415398668758001
 31
0.0
  0
LINE
  5
2501
330
1F
100
AcDbEntity
  8
0
370
   100
100
AcDbLine
 10
226.6019230510896
 20
5.415398668758001
 30
0.0
 11
227.701923051089
 21
5.415398668758001
 31
0.0
  0
LINE
  5
2502
330
1F
100
AcDbEntity
  8
0
370
   100
100
AcDbLine
 10
227.701923051089
 20
5.415398668758001
 30
0.0
 11
228.0600015523327
 21
4.927109803426532
 31
0.0
  0
ARC
  5
2503
330
1F
100
AcDbEntity
  8
0
370
   100
100
AcDbCircle
 10
228.3019230510895
 20
5.104518902514775
 30
0.0
 40
0.3000000000000835
100
AcDbArc
 50
216.2538377374303
 51
359.9999999999933
  0
LINE
  5
2504
330
1F
100
AcDbEntity
  8
0
370
   100
100
AcDbLine
 10
228.6019230510896
 20
5.104518902514739
 30
0.0
 11
228.6019230510896
 21
34.32761176833478
 31
0.0
  0
ARC
  5
2505
330
1F
100
AcDbEntity
  8
0
370
   100
100
AcDbCircle
 10
228.3019230510895
 20
34.32761176833474
 30
0.0
 40
0.3000000000000682
100
AcDbArc
 50
0.0000000000067852
 51
143.7461622625695
  0
LINE
  5
2506
330
1F
100
AcDbEntity
  8
0
370
   100
100
AcDbLine
 10
228.0600015523327
 20
34.50502086742299
 30
0.0
 11
227.701923051089
 21
34.01673200209152
 31
0.0
  0
LINE
  5
2507
330
1F
100
AcDbEntity
  8
0
370
   100
100
AcDbLine
 10
227.701923051089
 20
34.01673200209152
 30
0.0
 11
226.6019230510896
 21
34.01673200209152
 31
0.0
  0
LINE
  5
2508
330
1F
100
AcDbEntity
  8
0
370
   100
100
AcDbLine
 10
226.6019230510896
 20
34.01673200209152
 30
0.0
 11
226.6019230510905
 21
35.51673200209152
 31
0.0
  0
LINE
  5
2509
330
1F
100
AcDbEntity
  8
0
370
   100
100
AcDbLine
 10
226.6019230510905
 20
35.51673200209152
 30
0.0
 11
219.6019230510905
 21
35.51673200209175
 31
0.0
  0
LINE
  5
250A
330
1F
100
AcDbEntity
  8
0
370
   100
100
AcDbLine
 10
219.6019230510905
 20
35.51673200209175
 30
0.0
 11
219.60192305109
 21
3.915398668758227
 31
0.0
  0
LINE
  5
250B
330
1F
100
AcDbEntity
  8
0
370
   100
100
AcDbLine
 10
228.6019230510996
 20
37.11539866875373
 30
0.0
 11
219.4519230510981
 21
37.11539866875623
 31
0.0
  0
LINE
  5
250C
330
1F
100
AcDbEntity
  8
0
370
   100
100
AcDbLine
 10
219.4519230510981
 20
37.11539866875623
 30
0.0
 11
219.4519230510981
 21
42.11673200208982
 31
0.0
  0
LINE
  5
250D
330
1F
100
AcDbEntity
  8
0
370
   100
100
AcDbLine
 10
219.4519230510981
 20
42.11673200208982
 30
0.0
 11
216.8019230510894
 21
42.11673200208982
 31
0.0
  0
ARC
  5
250E
330
1F
100
AcDbEntity
  8
0
370
   100
100
AcDbCircle
 10
216.8019230510895
 20
41.81673200209042
 30
0.0
 40
0.2999999999994074
100
AcDbArc
 50
90.00000000001628
 51
180.0000000000162
  0
LINE
  5
250F
330
1F
100
AcDbEntity
  8
0
370
   100
100
AcDbLine
 10
216.5019230510901
 20
41.81673200209033
 30
0.0
 11
216.5019230510901
 21
40.91673200208886
 31
0.0
  0
ARC
  5
2510
330
1F
100
AcDbEntity
  8
0
370
   100
100
AcDbCircle
 10
216.8019230510894
 20
40.91673200208889
 30
0.0
 40
0.2999999999993008
100
AcDbArc
 50
180.0000000000054
 51
270.0000000000054
  0
LINE
  5
2511
330
1F
100
AcDbEntity
  8
0
370
   100
100
AcDbLine
 10
216.8019230510894
 20
40.6167320020896
 30
0.0
 11
218.0019230510901
 21
40.6167320020896
 31
0.0
  0
LINE
  5
2512
330
1F
100
AcDbEntity
  8
0
370
   100
100
AcDbLine
 10
218.0019230510901
 20
40.6167320020896
 30
0.0
 11
218.0019230510974
 21
37.44202029090329
 31
0.0
  0
ARC
  5
2513
330
1F
100
AcDbEntity
  8
0
370
   100
100
AcDbCircle
 10
217.5019230510976
 20
37.44202029090237
 30
0.0
 40
0.4999999999998011
100
AcDbArc
 50
296.1270319024361
 51
0.0000000001050346
  0
LINE
  5
2514
330
1F
100
AcDbEntity
  8
0
370
   100
100
AcDbLine
 10
217.7221044543106
 20
36.99311033369608
 30
0.0
 11
217.1061895020834
 21
36.69101630289115
 31
0.0
  0
ARC
  5
2515
330
1F
100
AcDbEntity
  8
0
370
   100
100
AcDbCircle
 10
215.9878889276565
 20
38.34914893487012
 30
0.0
 40
1.999999999999262
100
AcDbArc
 50
231.8057730257271
 51
303.9970547904918
  0
ARC
  5
2516
330
1F
100
AcDbEntity
  8
0
370
   100
100
AcDbCircle
 10
214.4420659011346
 20
36.38435093744739
 30
0.0
 40
0.500000000001073
100
AcDbArc
 50
51.80577302572745
 51
91.62374875129062
  0
LINE
  5
2517
330
1F
100
AcDbEntity
  8
0
370
   100
100
AcDbLine
 10
214.4278979168288
 20
36.88415016535973
 30
0.0
 11
213.7712764723332
 21
36.86553668658425
 31
0.0
  0
LINE
  5
2518
330
1F
100
AcDbEntity
  8
0
370
   100
100
AcDbLine
 10
213.7712764723332
 20
36.86553668658425
 30
0.0
 11
213.7687244831999
 21
36.86545337962102
 31
0.0
  0
ARC
  5
2519
330
1F
100
AcDbEntity
  8
0
370
   100
100
AcDbCircle
 10
213.7746615948675
 20
36.56551213419879
 30
0.0
 40
0.3000000000006557
100
AcDbArc
 50
91.13397883385687
 51
198.2514152282825
  0
LINE
  5
251A
330
1F
100
AcDbEntity
  8
0
370
   100
100
AcDbLine
 10
213.489754177674
 20
36.47155595489957
 30
0.0
 11
215.6087304742918
 21
33.73447334568263
 31
0.0
  0
ARC
  5
251B
330
1F
100
AcDbEntity
  8
0
370
   100
100
AcDbCircle
 10
215.7362609780169
 20
33.81344150774152
 30
0.0
 40
0.1499999999978089
100
AcDbArc
 50
211.7662053704588
 51
15.69277124382482
  0
ARC
  5
251C
330
1F
100
AcDbEntity
  8
0
370
   100
100
AcDbCircle
 10
216.1694876236687
 20
33.93515705110172
 30
0.0
 40
0.3000000000001139
100
AcDbArc
 50
131.5385070157383
 51
195.6927712439727
  0
LINE
  5
251D
330
1F
100
AcDbEntity
  8
0
370
   100
100
AcDbLine
 10
215.9705506479622
 20
34.15971011765132
 30
0.0
 11
217.518697903376
 21
35.53125109757806
 31
0.0
  0
ARC
  5
251E
330
1F
100
AcDbEntity
  8
0
370
   100
100
AcDbCircle
 10
217.7176348790827
 20
35.30669803102853
 30
0.0
 40
0.3000000000002645
100
AcDbArc
 50
105.0635603865152
 51
131.538507015787
  0
LINE
  5
251F
330
1F
100
AcDbEntity
  8
0
370
   100
100
AcDbLine
 10
217.6396677519218
 20
35.59638946528647
 30
0.0
 11
218.0019230510901
 21
35.69388632447826
 31
0.0
  0
ARC
  5
2520
330
1F
100
AcDbEntity
  8
0
370
   100
100
AcDbCircle
 10
218.0019230510901
 20
35.3938863244783
 30
0.0
 40
0.2999999999999545
100
AcDbArc
 50
270.0
 51
90.0
  0
LINE
  5
2521
330
1F
100
AcDbEntity
  8
0
370
   100
100
AcDbLine
 10
218.0019230510901
 20
35.09388632447835
 30
0.0
 11
218.0019230510915
 21
30.59388632447745
 31
0.0
  0
ARC
  5
2522
330
1F
100
AcDbEntity
  8
0
370
   100
100
AcDbCircle
 10
217.8019230510915
 20
30.59388632447763
 30
0.0
 40
0.200000000000017
100
AcDbArc
 50
269.9999999998127
 51
359.9999999999481
  0
LINE
  5
2523
330
1F
100
AcDbEntity
  8
0
370
   100
100
AcDbLine
 10
217.8019230510908
 20
30.39388632447762
 30
0.0
 11
217.7340343079176
 21
30.39388632447671
 31
0.0
  0
ARC
  5
2524
330
1F
100
AcDbEntity
  8
0
370
   100
100
AcDbCircle
 10
217.7340343079181
 20
30.69388632447774
 30
0.0
 40
0.3000000000010239
100
AcDbArc
 50
238.6198680649501
 51
269.9999999999077
  0
LINE
  5
2525
330
1F
100
AcDbEntity
  8
0
370
   100
100
AcDbLine
 10
217.5778202217497
 20
30.43776690060835
 30
0.0
 11
215.9018272335679
 21
31.45999984615546
 31
0.0
  0
ARC
  5
2526
330
1F
100
AcDbEntity
  8
0
370
   100
100
AcDbCircle
 10
215.7019230510849
 20
31.46618998534278
 30
0.0
 40
0.1999999999934256
100
AcDbArc
 50
358.2263724997846
 51
180.000000000001
  0
LINE
  5
2527
330
1F
100
AcDbEntity
  8
0
370
   100
100
AcDbLine
 10
215.5019230510915
 20
31.46618998534277
 30
0.0
 11
215.5019230510897
 21
30.08240972514168
 31
0.0
  0
ARC
  5
2528
330
1F
100
AcDbEntity
  8
0
370
   100
100
AcDbCircle
 10
215.7019230510886
 20
30.08240972514169
 30
0.0
 40
0.1999999999989086
100
AcDbArc
 50
180.000000000005
 51
241.6945348263668
  0
LINE
  5
2529
330
1F
100
AcDbEntity
  8
0
370
   100
100
AcDbLine
 10
215.6070886127963
 20
29.90632329944864
 30
0.0
 11
215.6073067648776
 21
29.9061146864461
 31
0.0
  0
LINE
  5
252A
330
1F
100
AcDbEntity
  8
0
370
   100
100
AcDbLine
 10
215.6073067648776
 20
29.9061146864461
 30
0.0
 11
217.7507649559283
 21
28.67621448111581
 31
0.0
  0
ARC
  5
252B
330
1F
100
AcDbEntity
  8
0
370
   100
100
AcDbCircle
 10
217.5019230510894
 20
28.24253521438004
 30
0.0
 40
0.5000000000003528
100
AcDbArc
 50
0.000000000010992
 51
60.15311997323991
  0
LINE
  5
252C
330
1F
100
AcDbEntity
  8
0
370
   100
100
AcDbLine
 10
218.0019230510897
 20
28.24253521438013
 30
0.0
 11
218.0019230510892
 21
11.31959545646813
 31
0.0
  0
ARC
  5
252D
330
1F
100
AcDbEntity
  8
0
370
   100
100
AcDbCircle
 10
217.5019230510898
 20
11.31959545646748
 30
0.0
 40
0.4999999999993748
100
AcDbArc
 50
299.8468800269478
 51
0.0000000000749084
  0
LINE
  5
252E
330
1F
100
AcDbEntity
  8
0
370
   100
100
AcDbLine
 10
217.7507649559297
 20
10.88591618973336
 30
0.0
 11
215.607306764878
 21
9.656015984398747
 31
0.0
  0
LINE
  5
252F
330
1F
100
AcDbEntity
  8
0
370
   100
100
AcDbLine
 10
215.607306764878
 20
9.656015984398747
 30
0.0
 11
215.6070886127967
 21
9.65580737139939
 31
0.0
  0
ARC
  5
2530
330
1F
100
AcDbEntity
  8
0
370
   100
100
AcDbCircle
 10
215.7019230510927
 20
9.479720945712447
 30
0.0
 40
0.1999999999953321
100
AcDbArc
 50
118.3054651754162
 51
180.0000000000498
  0
LINE
  5
2531
330
1F
100
AcDbEntity
  8
0
370
   100
100
AcDbLine
 10
215.5019230510974
 20
9.479720945712273
 30
0.0
 11
215.5019230510919
 21
8.095940685504812
 31
0.0
  0
ARC
  5
2532
330
1F
100
AcDbEntity
  8
0
370
   100
100
AcDbCircle
 10
215.7019230510857
 20
8.095940685504812
 30
0.0
 40
0.1999999999938211
100
AcDbArc
 50
180.0
 51
1.773627499951459
  0
LINE
  5
2533
330
1F
100
AcDbEntity
  8
0
370
   100
100
AcDbLine
 10
215.9018272335692
 20
8.102130824691213
 30
0.0
 11
217.5778202217502
 21
9.124363770237636
 31
0.0
  0
ARC
  5
2534
330
1F
100
AcDbEntity
  8
0
370
   100
100
AcDbCircle
 10
217.734034307918
 20
8.868244346368864
 30
0.0
 40
0.3000000000001907
100
AcDbArc
 50
89.99999999998371
 51
121.3801319350134
  0
LINE
  5
2535
330
1F
100
AcDbEntity
  8
0
370
   100
100
AcDbLine
 10
217.7340343079181
 20
9.16824434636905
 30
0.0
 11
217.8019230510912
 21
9.168244346367911
 31
0.0
  0
ARC
  5
2536
330
1F
100
AcDbEntity
  8
0
370
   100
100
AcDbCircle
 10
217.8019230510912
 20
8.9682443463672
 30
0.0
 40
0.2000000000007116
100
AcDbArc
 50
359.9999999999959
 51
90.00000000000813
  0
LINE
  5
2537
330
1F
100
AcDbEntity
  8
0
370
   100
100
AcDbLine
 10
218.0019230510919
 20
8.968244346367185
 30
0.0
 11
218.0019230510901
 21
4.468244346367184
 31
0.0
  0
ARC
  5
2538
330
1F
100
AcDbEntity
  8
0
370
   100
100
AcDbCircle
 10
218.0019230510899
 20
4.16824434636723
 30
0.0
 40
0.2999999999999536
100
AcDbArc
 50
269.9999999999674
 51
89.99999999996202
  0
LINE
  5
2539
330
1F
100
AcDbEntity
  8
0
370
   100
100
AcDbLine
 10
218.0019230510897
 20
3.868244346367276
 30
0.0
 11
217.637506006612
 21
3.966323014518906
 31
0.0
  0
ARC
  5
253A
330
1F
100
AcDbEntity
  8
0
370
   100
100
AcDbCircle
 10
217.7154731337743
 20
4.2560144487757
 30
0.0
 40
0.2999999999994963
100
AcDbArc
 50
228.4614929841766
 51
254.9364396131812
  0
LINE
  5
253B
330
1F
100
AcDbEntity
  8
0
370
   100
100
AcDbLine
 10
217.5165361580679
 20
4.031461382226865
 30
0.0
 11
215.9705506479622
 21
5.40108721986425
 31
0.0
  0
ARC
  5
253C
330
1F
100
AcDbEntity
  8
0
370
   100
100
AcDbCircle
 10
216.1694876236687
 20
5.625640286413843
 30
0.0
 40
0.3000000000001159
100
AcDbArc
 50
164.3072287560266
 51
228.4614929842603
  0
ARC
  5
253D
330
1F
100
AcDbEntity
  8
0
370
   100
100
AcDbCircle
 10
215.7362609780116
 20
5.747355829777186
 30
0.0
 40
0.1500000000037876
100
AcDbArc
 50
344.307228755571
 51
142.2539197238599
  0
LINE
  5
253E
330
1F
100
AcDbEntity
  8
0
370
   100
100
AcDbLine
 10
215.6176512597653
 20
5.839180307661166
 30
0.0
 11
213.4897541776735
 21
3.090574715946189
 31
0.0
  0
ARC
  5
253F
330
1F
100
AcDbEntity
  8
0
370
   100
100
AcDbCircle
 10
213.7746615948671
 20
2.996618536647769
 30
0.0
 40
0.3000000000005365
100
AcDbArc
 50
161.748584771871
 51
268.8660211661319
  0
LINE
  5
2540
330
1F
100
AcDbEntity
  8
0
370
   100
100
AcDbLine
 10
213.7687244831995
 20
2.696677291225654
 30
0.0
 11
213.7712764723327
 21
2.696593984263329
 31
0.0
  0
LINE
  5
2541
330
1F
100
AcDbEntity
  8
0
370
   100
100
AcDbLine
 10
213.7712764723327
 20
2.696593984263329
 30
0.0
 11
214.4278979168284
 21
2.677980505487852
 31
0.0
  0
ARC
  5
2542
330
1F
100
AcDbEntity
  8
0
370
   100
100
AcDbCircle
 10
214.442065901134
 20
3.177779733399074
 30
0.0
 40
0.499999999999938
100
AcDbArc
 50
268.3762512487253
 51
308.1942269741435
  0
ARC
  5
2543
330
1F
100
AcDbEntity
  8
0
370
   100
100
AcDbCircle
 10
215.987888927655
 20
1.212981735975689
 30
0.0
 40
2.000000000000344
100
AcDbArc
 50
56.00294520949425
 51
128.1942269742724
  0
LINE
  5
2544
330
1F
100
AcDbEntity
  8
0
370
   100
100
AcDbLine
 10
217.1061895020829
 20
2.871114367955299
 30
0.0
 11
218.1350297152703
 21
2.366488711549749
 31
0.0
  0
ARC
  5
2545
330
1F
100
AcDbEntity
  8
0
370
   100
100
AcDbCircle
 10
218.3552111184825
 20
2.815398668757515
 30
0.0
 40
0.5000000000007822
100
AcDbArc
 50
243.8729680977173
 51
270.0000000001107
  0
LINE
  5
2546
330
1F
100
AcDbEntity
  8
0
370
   100
100
AcDbLine
 10
218.3552111184835
 20
2.315398668756728
 30
0.0
 11
228.2019230510886
 21
2.315398668755364
 31
0.0
  0
ARC
  5
2547
330
1F
100
AcDbEntity
  8
0
370
   100
100
AcDbCircle
 10
228.2019230510886
 20
2.015398668755181
 30
0.0
 40
0.3000000000001823
100
AcDbArc
 50
0.0000000000867655
 51
90.0
  0
LINE
  5
2548
330
1F
100
AcDbEntity
  8
0
370
   100
100
AcDbLine
 10
228.5019230510888
 20
2.015398668755636
 30
0.0
 11
228.5019230510888
 21
-0.3846013312435445
 31
0.0
  0
ARC
  5
2549
330
1F
100
AcDbEntity
  8
0
370
   100
100
AcDbCircle
 10
228.2019230510886
 20
-0.3846013312430614
 30
0.0
 40
0.3000000000002387
100
AcDbArc
 50
270.0000000000054
 51
359.9999999999078
  0
LINE
  5
254A
330
1F
100
AcDbEntity
  8
0
370
   100
100
AcDbLine
 10
228.2019230510886
 20
-0.6846013312432718
 30
0.0
 11
226.5019230510888
 21
-0.6846013312432718
 31
0.0
  0
LINE
  5
254B
330
1F
100
AcDbEntity
  8
0
370
   100
100
AcDbLine
 10
226.5019230510888
 20
-0.6846013312432718
 30
0.0
 11
226.5019230510888
 21
-1.477494550057514
 31
0.0
  0
ARC
  5
254C
330
1F
100
AcDbEntity
  8
0
370
   100
100
AcDbCircle
 10
227.0019230510886
 20
-1.477494550056835
 30
0.0
 40
0.4999999999998011
100
AcDbArc
 50
180.0000000000778
 51
225.0000000000689
  0
LINE
  5
254D
330
1F
100
AcDbEntity
  8
0
370
   100
100
AcDbLine
 10
226.6483696604959
 20
-1.831047940650393
 30
0.0
 11
227.3554764416816
 21
-2.538154721837514
 31
0.0
  0
ARC
  5
254E
330
1F
100
AcDbEntity
  8
0
370
   100
100
AcDbCircle
 10
227.709029832274
 20
-2.184601331243114
 30
0.0
 40
0.5000000000001551
100
AcDbArc
 50
225.0000000001647
 51
270.0000000002247
  0
LINE
  5
254F
330
1F
100
AcDbEntity
  8
0
370
   100
100
AcDbLine
 10
227.7090298322759
 20
-2.684601331243271
 30
0.0
 11
229.8019230510885
 21
-2.684601331242815
 31
0.0
  0
ARC
  5
2550
330
1F
100
AcDbEntity
  8
0
370
   100
100
AcDbCircle
 10
229.8019230510894
 20
-2.184601331243711
 30
0.0
 40
0.4999999999991043
100
AcDbArc
 50
269.9999999998958
 51
359.9999999998942
  0
LINE
  5
2551
330
1F
100
AcDbEntity
  8
0
370
   100
100
AcDbLine
 10
230.3019230510885
 20
-2.184601331244635
 30
0.0
 11
230.301923051093
 21
80.41673200208952
 31
0.0
  0
ARC
  5
2552
330
1F
100
AcDbEntity
  8
0
370
   100
100
AcDbCircle
 10
229.8019230511237
 20
80.41673200206567
 30
0.0
 40
0.4999999999692762
100
AcDbArc
 50
0.000000002732529
 51
90.00000108990455
  0
LINE
  5
2553
330
1F
100
AcDbEntity
  8
0
370
   100
100
AcDbLine
 10
229.8019230416125
 20
80.91673200203493
 30
0.0
 11
226.3019050416136
 21
80.91673193560499
 31
0.0
  0
ARC
  5
2554
330
1F
100
AcDbEntity
  8
0
370
   100
100
AcDbCircle
 10
226.3019050511019
 20
80.41675000208746
 30
0.0
 40
0.4999819335175176
100
AcDbArc
 50
90.00000108732528
 51
179.9999961905605
  0
LINE
  5
2555
330
1F
100
AcDbEntity
  8
0
370
   100
100
AcDbLine
 10
225.8019231175844
 20
80.4167500353299
 30
0.0
 11
225.8019230643935
 21
79.61673192228984
 31
0.0
  0
LINE
  5
2556
330
1F
100
AcDbEntity
  8
0
370
   100
100
AcDbLine
 10
225.8019230643935
 20
79.61673192228984
 30
0.0
 11
226.2604605441251
 21
78.01185074323834
 31
0.0
  0
ARC
  5
2557
330
1F
100
AcDbEntity
  8
0
370
   100
100
AcDbCircle
 10
226.4527653336522
 20
78.06679496881702
 30
0.0
 40
0.1999999999988121
100
AcDbArc
 50
195.9453959007831
 51
270.0000000004967
  0
LINE
  5
2558
330
1F
100
AcDbEntity
  8
0
370
   100
100
AcDbLine
 10
226.452765333654
 20
77.86679496881821
 30
0.0
 11
226.6018870510947
 21
77.86679496881821
 31
0.0
  0
ARC
  5
2559
330
1F
100
AcDbEntity
  8
0
370
   100
100
AcDbCircle
 10
226.6018870510967
 20
78.06679496881685
 30
0.0
 40
0.1999999999986386
100
AcDbArc
 50
269.9999999994219
 51
0.000000000333831
  0
LINE
  5
255A
330
1F
100
AcDbEntity
  8
0
370
   100
100
AcDbLine
 10
226.8018870510954
 20
78.06679496881802
 30
0.0
 11
226.8018870510954
 21
79.41673196881843
 31
0.0
  0
ARC
  5
255B
330
1F
100
AcDbEntity
  8
0
370
   100
100
AcDbCircle
 10
227.0018870510943
 20
79.4167319688198
 30
0.0
 40
0.1999999999989086
100
AcDbArc
 50
89.99999999948704
 51
180.0000000003908
  0
LINE
  5
255C
330
1F
100
AcDbEntity
  8
0
370
   100
100
AcDbLine
 10
227.0018870510961
 20
79.6167319688187
 30
0.0
 11
228.6018870510947
 21
79.6167319688187
 31
0.0
  0
ARC
  5
255D
330
1F
100
AcDbEntity
  8
0
370
   100
100
AcDbCircle
 10
228.6018870510967
 20
79.41673196882004
 30
0.0
 40
0.1999999999986528
100
AcDbArc
 50
359.9999999996662
 51
90.00000000057809
  0
LINE
  5
255E
330
1F
100
AcDbEntity
  8
0
370
   100
100
AcDbLine
 10
228.8018870510954
 20
79.41673196881888
 30
0.0
 11
228.8018870510954
 21
72.31700296881931
 31
0.0
  0
ARC
  5
255F
330
1F
100
AcDbEntity
  8
0
370
   100
100
AcDbCircle
 10
228.6018870510967
 20
72.31700296881815
 30
0.0
 40
0.1999999999986528
100
AcDbArc
 50
269.9999999994219
 51
0.000000000333831
  0
LINE
  5
2560
330
1F
100
AcDbEntity
  8
0
370
   100
100
AcDbLine
 10
228.6018870510947
 20
72.11700296881949
 30
0.0
 11
227.0018870510961
 21
72.11700296881949
 31
0.0
  0
ARC
  5
2561
330
1F
100
AcDbEntity
  8
0
370
   100
100
AcDbCircle
 10
227.001887051094
 20
72.31700296881816
 30
0.0
 40
0.199999999998667
100
AcDbArc
 50
179.9999999996702
 51
270.0000000005781
  0
LINE
  5
2562
330
1F
100
AcDbEntity
  8
0
370
   100
100
AcDbLine
 10
226.8018870510954
 20
72.31700296881931
 30
0.0
 11
226.8018870510954
 21
73.66693996881972
 31
0.0
  0
ARC
  5
2563
330
1F
100
AcDbEntity
  8
0
370
   100
100
AcDbCircle
 10
226.6018870510965
 20
73.66693996882111
 30
0.0
 40
0.1999999999988802
100
AcDbArc
 50
359.999999999601
 51
90.00000000051297
  0
LINE
  5
2564
330
1F
100
AcDbEntity
  8
0
370
   100
100
AcDbLine
 10
226.6018870510947
 20
73.86693996881998
 30
0.0
 11
226.452765333654
 21
73.86693996881998
 31
0.0
  0
ARC
  5
2565
330
1F
100
AcDbEntity
  8
0
370
   100
100
AcDbCircle
 10
226.4527653336525
 20
73.66693996882094
 30
0.0
 40
0.1999999999990365
100
AcDbArc
 50
89.99999999959289
 51
164.0546040993003
  0
LINE
  5
2566
330
1F
100
AcDbEntity
  8
0
370
   100
100
AcDbLine
 10
226.2604605441251
 20
73.7218841943994
 30
0.0
 11
225.82116107728
 21
72.18433606045104
 31
0.0
  0
ARC
  5
2567
330
1F
100
AcDbEntity
  8
0
370
   100
100
AcDbCircle
 10
226.3019230511003
 20
72.0469754965021
 30
0.0
 40
0.4999999999999702
100
AcDbArc
 50
164.0546040990456
 51
180.0000000007572
  0
LINE
  5
2568
330
1F
100
AcDbEntity
  8
0
370
   100
100
AcDbLine
 10
225.8019230511003
 20
72.04697549649549
 30
0.0
 11
225.8019230511294
 21
69.91700296881147
 31
0.0
  0
ARC
  5
2569
330
1F
100
AcDbEntity
  8
0
370
   100
100
AcDbCircle
 10
226.3019230511294
 20
69.91700296881785
 30
0.0
 40
0.5
100
AcDbArc
 50
180.0000000007312
 51
270.0
  0
LINE
  5
256A
330
1F
100
AcDbEntity
  8
0
370
   100
100
AcDbLine
 10
226.3019230511294
 20
69.41700296881785
 30
0.0
 11
226.6018870510947
 21
69.41700296881785
 31
0.0
  0
ARC
  5
256B
330
1F
100
AcDbEntity
  8
0
370
   100
100
AcDbCircle
 10
226.6018870510947
 20
69.91700296881785
 30
0.0
 40
0.5
100
AcDbArc
 50
270.0
 51
0.0
  0
LINE
  5
256C
330
1F
100
AcDbEntity
  8
0
370
   100
100
AcDbLine
 10
227.1018870510947
 20
69.91700296881785
 30
0.0
 11
227.1018870510947
 21
70.61700296881949
 31
0.0
  0
LINE
  5
256D
330
1F
100
AcDbEntity
  8
0
370
   100
100
AcDbLine
 10
227.1018870510947
 20
70.61700296881949
 30
0.0
 11
228.7018870510932
 21
70.61700296881858
 31
0.0
  0
LINE
  5
256E
330
1F
100
AcDbEntity
  8
0
370
   100
100
AcDbLine
 10
228.7018870510932
 20
70.61700296881858
 30
0.0
 11
228.7018870510932
 21
52.11700296881858
 31
0.0
  0
LINE
  5
256F
330
1F
100
AcDbEntity
  8
0
370
   100
100
AcDbLine
 10
228.7018870510932
 20
52.11700296881858
 30
0.0
 11
227.1018870510874
 21
52.11700296881858
 31
0.0
  0
LINE
  5
2570
330
1F
100
AcDbEntity
  8
0
370
   100
100
AcDbLine
 10
227.1018870510874
 20
52.11700296881858
 30
0.0
 11
227.1018870510874
 21
53.21700296881711
 31
0.0
  0
LINE
  5
2571
330
1F
100
AcDbEntity
  8
0
370
   100
100
AcDbLine
 10
227.1018870510874
 20
53.21700296881711
 30
0.0
 11
226.1018870510765
 21
53.21700296878165
 31
0.0
  0
ARC
  5
2572
330
1F
100
AcDbEntity
  8
0
370
   100
100
AcDbCircle
 10
226.1018870510877
 20
52.91700296881852
 30
0.0
 40
0.2999999999631271
100
AcDbArc
 50
90.00000000212784
 51
180.0000000011697
  0
LINE
  5
2573
330
1F
100
AcDbEntity
  8
0
370
   100
100
AcDbLine
 10
225.8018870511245
 20
52.9170029688124
 30
0.0
 11
225.8018870511536
 21
51.01700296880821
 31
0.0
  0
ARC
  5
2574
330
1F
100
AcDbEntity
  8
0
370
   100
100
AcDbCircle
 10
226.3018870510922
 20
51.01700296881684
 30
0.0
 40
0.4999999999385807
100
AcDbArc
 50
180.0000000009884
 51
269.9999999986973
  0
LINE
  5
2575
330
1F
100
AcDbEntity
  8
0
370
   100
100
AcDbLine
 10
226.3018870510808
 20
50.51700296887823
 30
0.0
 11
228.6019230511032
 21
50.51700296881639
 31
0.0
  0
LINE
  5
2576
330
1F
100
AcDbEntity
  8
0
370
   100
100
AcDbLine
 10
228.6019230511032
 20
50.51700296881639
 30
0.0
 11
228.6019230510996
 21
37.11539900208604
 31
0.0
  0
LINE
  5
2577
330
1F
100
AcDbEntity
  8
0
 62
     8
370
   100
100
AcDbLine
 10
197.4710698273236
 20
36.71739863551588
 30
0.0
 11
190.9019230510952
 21
36.71739863551588
 31
0.0
  0
ARC
  5
2578
330
1F
100
AcDbEntity
  8
0
 62
     8
370
   100
100
AcDbCircle
 10
190.9019230510952
 20
37.21739863551588
 30
0.0
 40
0.5
100
AcDbArc
 50
180.0
 51
270.0
  0
LINE
  5
2579
330
1F
100
AcDbEntity
  8
0
 62
     8
370
   100
100
AcDbLine
 10
190.4019230510952
 20
37.21739863551588
 30
0.0
 11
190.4019230510952
 21
50.52577340859293
 31
0.0
  0
ARC
  5
257A
330
1F
100
AcDbEntity
  8
0
 62
     8
370
   100
100
AcDbCircle
 10
190.9019230510954
 20
50.52577340859286
 30
0.0
 40
0.500000000000199
100
AcDbArc
 50
94.99999999999451
 51
179.9999999999918
  0
LINE
  5
257B
330
1F
100
AcDbEntity
  8
0
 62
     8
370
   100
100
AcDbLine
 10
190.8583451797216
 20
51.02387075763894
 30
0.0
 11
199.9138126803999
 21
51.81612150687564
 31
0.0
  0
ARC
  5
257C
330
1F
100
AcDbEntity
  8
0
 62
     8
370
   100
100
AcDbCircle
 10
199.9573905517738
 20
51.31802415782953
 30
0.0
 40
0.500000000000239
100
AcDbArc
 50
350.0000000000089
 51
95.00000000000722
  0
LINE
  5
257D
330
1F
100
AcDbEntity
  8
0
 62
     8
370
   100
100
AcDbLine
 10
200.4497944282802
 20
51.2312000689961
 30
0.0
 11
197.9634737038299
 21
37.13057454668237
 31
0.0
  0
ARC
  5
257E
330
1F
100
AcDbEntity
  8
0
 62
     8
370
   100
100
AcDbCircle
 10
197.4710698273238
 20
37.21739863551594
 30
0.0
 40
0.5000000000000455
100
AcDbArc
 50
269.999999999987
 51
349.9999999999883
  0
ARC
  5
257F
330
1F
100
AcDbEntity
  8
0
 62
     8
370
   100
100
AcDbCircle
 10
201.8303980039986
 20
51.57459039998045
 30
0.0
 40
0.300000000000209
100
AcDbArc
 50
20.00000000004154
 51
170.0000000000416
  0
LINE
  5
2580
330
1F
100
AcDbEntity
  8
0
 62
     8
370
   100
100
AcDbLine
 10
202.1123057902345
 20
51.67719644297844
 30
0.0
 11
205.7708683245841
 21
41.62537849219036
 31
0.0
  0
ARC
  5
2581
330
1F
100
AcDbEntity
  8
0
 62
     8
370
   100
100
AcDbCircle
 10
206.7105609453702
 20
41.96739863551602
 30
0.0
 40
1.000000000000181
100
AcDbArc
 50
199.9999999999958
 51
269.9999999999951
  0
LINE
  5
2582
330
1F
100
AcDbEntity
  8
0
 62
     8
370
   100
100
AcDbLine
 10
206.7105609453701
 20
40.96739863551586
 30
0.0
 11
207.5019230510951
 21
40.96739863551586
 31
0.0
  0
ARC
  5
2583
330
1F
100
AcDbEntity
  8
0
 62
     8
370
   100
100
AcDbCircle
 10
207.5019230510951
 20
40.66739863551565
 30
0.0
 40
0.3000000000002103
100
AcDbArc
 50
0.0000000000067852
 51
90.00000000000543
  0
LINE
  5
2584
330
1F
100
AcDbEntity
  8
0
 62
     8
370
   100
100
AcDbLine
 10
207.8019230510953
 20
40.66739863551569
 30
0.0
 11
207.8019230510953
 21
37.21739863551588
 31
0.0
  0
ARC
  5
2585
330
1F
100
AcDbEntity
  8
0
 62
     8
370
   100
100
AcDbCircle
 10
207.3019230510953
 20
37.21739863551588
 30
0.0
 40
0.5
100
AcDbArc
 50
270.0
 51
0.0
  0
LINE
  5
2586
330
1F
100
AcDbEntity
  8
0
 62
     8
370
   100
100
AcDbLine
 10
207.3019230510953
 20
36.71739863551588
 30
0.0
 11
199.5019230510951
 21
36.71739863551588
 31
0.0
  0
ARC
  5
2587
330
1F
100
AcDbEntity
  8
0
 62
     8
370
   100
100
AcDbCircle
 10
199.5019230510951
 20
37.21739863551589
 30
0.0
 40
0.5000000000000142
100
AcDbArc
 50
169.9999999999966
 51
269.9999999999968
  0
LINE
  5
2588
330
1F
100
AcDbEntity
  8
0
 62
     8
370
   100
100
AcDbLine
 10
199.009519174589
 20
37.30422272434939
 30
0.0
 11
201.5349556780947
 21
51.62668485328035
 31
0.0
  0
ARC
  5
2589
330
1F
100
AcDbEntity
  8
0
 62
     8
370
   100
100
AcDbCircle
 10
181.0019230510953
 20
49.65963563968604
 30
0.0
 40
0.500000000000199
100
AcDbArc
 50
94.99999999999444
 51
179.9999999999926
  0
LINE
  5
258A
330
1F
100
AcDbEntity
  8
0
 62
     8
370
   100
100
AcDbLine
 10
180.9583451797214
 20
50.15773298873213
 30
0.0
 11
188.8583451797211
 21
50.84889343058725
 31
0.0
  0
ARC
  5
258B
330
1F
100
AcDbEntity
  8
0
 62
     8
370
   100
100
AcDbCircle
 10
188.901923051095
 20
50.35079608154119
 30
0.0
 40
0.5000000000001965
100
AcDbArc
 50
0.0000000000056996
 51
95.00000000000765
  0
LINE
  5
258C
330
1F
100
AcDbEntity
  8
0
 62
     8
370
   100
100
AcDbLine
 10
189.4019230510952
 20
50.35079608154124
 30
0.0
 11
189.4019230510952
 21
37.21739863551588
 31
0.0
  0
ARC
  5
258D
330
1F
100
AcDbEntity
  8
0
 62
     8
370
   100
100
AcDbCircle
 10
188.9019230510952
 20
37.21739863551588
 30
0.0
 40
0.5
100
AcDbArc
 50
270.0
 51
0.0
  0
LINE
  5
258E
330
1F
100
AcDbEntity
  8
0
 62
     8
370
   100
100
AcDbLine
 10
188.9019230510952
 20
36.71739863551588
 30
0.0
 11
181.0019230510951
 21
36.71739863551588
 31
0.0
  0
ARC
  5
258F
330
1F
100
AcDbEntity
  8
0
 62
     8
370
   100
100
AcDbCircle
 10
181.0019230510951
 20
37.21739863551588
 30
0.0
 40
0.5
100
AcDbArc
 50
180.0
 51
270.0
  0
LINE
  5
2590
330
1F
100
AcDbEntity
  8
0
 62
     8
370
   100
100
AcDbLine
 10
180.501923051095
 20
37.21739863551588
 30
0.0
 11
180.501923051095
 21
49.6596356396861
 31
0.0
  0
LINE
  5
2591
330
1F
100
AcDbEntity
  8
0
 62
     8
370
   100
100
AcDbLine
 10
180.2147673083475
 20
51.2972621595903
 30
0.0
 11
199.2955009224692
 21
52.96661004258371
 31
0.0
  0
ARC
  5
2592
330
1F
100
AcDbEntity
  8
0
 62
     8
370
   100
100
AcDbCircle
 10
199.2519230510951
 20
53.46470739162952
 30
0.0
 40
0.4999999999999541
100
AcDbArc
 50
275.0000000000264
 51
0.0000000000236124
  0
LINE
  5
2593
330
1F
100
AcDbEntity
  8
0
 62
     8
370
   100
100
AcDbLine
 10
199.7519230510951
 20
53.46470739162972
 30
0.0
 11
199.7519230510951
 21
57.41739863551568
 31
0.0
  0
ARC
  5
2594
330
1F
100
AcDbEntity
  8
0
 62
     8
370
   100
100
AcDbCircle
 10
200.5019230510951
 20
57.41739863551562
 30
0.0
 40
0.75
100
AcDbArc
 50
19.99999999999708
 51
179.9999999999951
  0
LINE
  5
2595
330
1F
100
AcDbEntity
  8
0
 62
     8
370
   100
100
AcDbLine
 10
201.2066925166845
 20
57.67391374300983
 30
0.0
 11
206.7308599117235
 21
42.49638856385295
 31
0.0
  0
ARC
  5
2596
330
1F
100
AcDbEntity
  8
0
 62
     8
370
   100
100
AcDbCircle
 10
207.2007062221167
 20
42.66739863551601
 30
0.0
 40
0.500000000000301
100
AcDbArc
 50
200.0000000000143
 51
270.000000000013
  0
LINE
  5
2597
330
1F
100
AcDbEntity
  8
0
 62
     8
370
   100
100
AcDbLine
 10
207.2007062221168
 20
42.16739863551569
 30
0.0
 11
210.2019230510954
 21
42.16739863551569
 31
0.0
  0
ARC
  5
2598
330
1F
100
AcDbEntity
  8
0
 62
     8
370
   100
100
AcDbCircle
 10
210.2019230510956
 20
41.86739863551571
 30
0.0
 40
0.2999999999999687
100
AcDbArc
 50
0.0000000000461392
 51
90.00000000004341
  0
LINE
  5
2599
330
1F
100
AcDbEntity
  8
0
 62
     8
370
   100
100
AcDbLine
 10
210.5019230510956
 20
41.86739863551596
 30
0.0
 11
210.5019230510951
 21
41.01739863551606
 31
0.0
  0
ARC
  5
259A
330
1F
100
AcDbEntity
  8
0
 62
     8
370
   100
100
AcDbCircle
 10
210.2019230510951
 20
41.01739863551581
 30
0.0
 40
0.2999999999999261
100
AcDbArc
 50
270.0000000000434
 51
0.0000000000474963
  0
LINE
  5
259B
330
1F
100
AcDbEntity
  8
0
 62
     8
370
   100
100
AcDbLine
 10
210.2019230510954
 20
40.71739863551586
 30
0.0
 11
209.2019230510954
 21
40.71739863551586
 31
0.0
  0
ARC
  5
259C
330
1F
100
AcDbEntity
  8
0
 62
     8
370
   100
100
AcDbCircle
 10
209.2019230510954
 20
40.51739863551606
 30
0.0
 40
0.1999999999997968
100
AcDbArc
 50
90.0
 51
180.0000000000061
  0
LINE
  5
259D
330
1F
100
AcDbEntity
  8
0
 62
     8
370
   100
100
AcDbLine
 10
209.0019230510956
 20
40.51739863551604
 30
0.0
 11
209.0019230510951
 21
37.21739863551588
 31
0.0
  0
ARC
  5
259E
330
1F
100
AcDbEntity
  8
0
 62
     8
370
   100
100
AcDbCircle
 10
209.5019230510951
 20
37.21739863551588
 30
0.0
 40
0.5
100
AcDbArc
 50
180.0
 51
270.0
  0
LINE
  5
259F
330
1F
100
AcDbEntity
  8
0
 62
     8
370
   100
100
AcDbLine
 10
209.5019230510951
 20
36.71739863551588
 30
0.0
 11
212.2756153929403
 21
36.71739863551588
 31
0.0
  0
ARC
  5
25A0
330
1F
100
AcDbEntity
  8
0
 62
     8
370
   100
100
AcDbCircle
 10
212.2756153929401
 20
35.71739863551591
 30
0.0
 40
0.9999999999999715
100
AcDbArc
 50
39.99999999998613
 51
89.99999999998534
  0
LINE
  5
25A1
330
1F
100
AcDbEntity
  8
0
 62
     8
370
   100
100
AcDbLine
 10
213.0416598360592
 20
36.36018624520224
 30
0.0
 11
215.0014809829026
 21
34.02456235261011
 31
0.0
  0
ARC
  5
25A2
330
1F
100
AcDbEntity
  8
0
 62
     8
370
   100
100
AcDbCircle
 10
215.2312943158385
 20
34.21739863551558
 30
0.0
 40
0.2999999999998769
100
AcDbArc
 50
219.9999999998965
 51
269.9999999998969
  0
LINE
  5
25A3
330
1F
100
AcDbEntity
  8
0
 62
     8
370
   100
100
AcDbLine
 10
215.231294315838
 20
33.9173986355157
 30
0.0
 11
215.3947433741226
 21
33.9173986355157
 31
0.0
  0
ARC
  5
25A4
330
1F
100
AcDbEntity
  8
0
 62
     8
370
   100
100
AcDbCircle
 10
215.3947433741226
 20
34.71739863551594
 30
0.0
 40
0.8000000000002387
100
AcDbArc
 50
269.999999999998
 51
299.9999999999974
  0
LINE
  5
25A5
330
1F
100
AcDbEntity
  8
0
 62
     8
370
   100
100
AcDbLine
 10
215.7947433741227
 20
34.02457831248816
 30
0.0
 11
217.2947433741228
 21
34.8906037162727
 31
0.0
  0
ARC
  5
25A6
330
1F
100
AcDbEntity
  8
0
 62
     8
370
   100
100
AcDbCircle
 10
217.3947433741225
 20
34.71739863551601
 30
0.0
 40
0.1999999999996881
100
AcDbArc
 50
89.99999999995115
 51
119.9999999999557
  0
LINE
  5
25A7
330
1F
100
AcDbEntity
  8
0
 62
     8
370
   100
100
AcDbLine
 10
217.3947433741227
 20
34.91739863551571
 30
0.0
 11
217.6019230510955
 21
34.91739863551571
 31
0.0
  0
ARC
  5
25A8
330
1F
100
AcDbEntity
  8
0
 62
     8
370
   100
100
AcDbCircle
 10
217.6019230510957
 20
34.51739863551583
 30
0.0
 40
0.3999999999998707
100
AcDbArc
 50
0.0000000000325689
 51
90.00000000003257
  0
LINE
  5
25A9
330
1F
100
AcDbEntity
  8
0
 62
     8
370
   100
100
AcDbLine
 10
218.0019230510956
 20
34.51739863551606
 30
0.0
 11
218.0019230510951
 21
33.9173986355157
 31
0.0
  0
ARC
  5
25AA
330
1F
100
AcDbEntity
  8
0
 62
     8
370
   100
100
AcDbCircle
 10
224.0019230510823
 20
32.81739863552633
 30
0.0
 40
6.099999999985558
100
AcDbArc
 50
169.611142184607
 51
172.5936067315371
  0
ARC
  5
25AB
330
1F
100
AcDbEntity
  8
0
 62
     8
370
   100
100
AcDbCircle
 10
217.6553196287914
 20
33.6423986355161
 30
0.0
 40
0.3000000000002372
100
AcDbArc
 50
269.9999999999838
 51
352.5936067314368
  0
LINE
  5
25AC
330
1F
100
AcDbEntity
  8
0
 62
     8
370
   100
100
AcDbLine
 10
217.6553196287913
 20
33.34239863551588
 30
0.0
 11
217.5423968020608
 21
33.34239863551588
 31
0.0
  0
ARC
  5
25AD
330
1F
100
AcDbEntity
  8
0
 62
     8
370
   100
100
AcDbCircle
 10
217.2519230510952
 20
32.81739863551579
 30
0.0
 40
0.6000000000001091
100
AcDbArc
 50
61.04497562813927
 51
298.9550243718611
  0
LINE
  5
25AE
330
1F
100
AcDbEntity
  8
0
 62
     8
370
   100
100
AcDbLine
 10
217.5423968020608
 20
32.2923986355157
 30
0.0
 11
217.6553196287913
 21
32.2923986355157
 31
0.0
  0
ARC
  5
25AF
330
1F
100
AcDbEntity
  8
0
 62
     8
370
   100
100
AcDbCircle
 10
217.6553196287914
 20
31.992398635516
 30
0.0
 40
0.2999999999997023
100
AcDbArc
 50
7.406393268561678
 51
90.00000000001087
  0
ARC
  5
25B0
330
1F
100
AcDbEntity
  8
0
 62
     8
370
   100
100
AcDbCircle
 10
224.0019230511008
 20
32.81739863551744
 30
0.0
 40
6.1000000000059
100
AcDbArc
 50
187.4063932685492
 51
190.3888578154744
  0
LINE
  5
25B1
330
1F
100
AcDbEntity
  8
0
 62
     8
370
   100
100
AcDbLine
 10
218.0019230510951
 20
31.71739863551588
 30
0.0
 11
218.0019230510951
 21
31.11739863551596
 31
0.0
  0
ARC
  5
25B2
330
1F
100
AcDbEntity
  8
0
 62
     8
370
   100
100
AcDbCircle
 10
217.6019230510952
 20
31.11739863551572
 30
0.0
 40
0.3999999999998351
100
AcDbArc
 50
270.0000000000366
 51
0.0000000000361311
  0
LINE
  5
25B3
330
1F
100
AcDbEntity
  8
0
 62
     8
370
   100
100
AcDbLine
 10
217.6019230510955
 20
30.71739863551588
 30
0.0
 11
217.3947433741227
 21
30.71739863551588
 31
0.0
  0
ARC
  5
25B4
330
1F
100
AcDbEntity
  8
0
 62
     8
370
   100
100
AcDbCircle
 10
217.3947433741225
 20
30.9173986355156
 30
0.0
 40
0.1999999999997151
100
AcDbArc
 50
240.0000000000479
 51
270.0000000000488
  0
LINE
  5
25B5
330
1F
100
AcDbEntity
  8
0
 62
     8
370
   100
100
AcDbLine
 10
217.2947433741228
 20
30.74419355475888
 30
0.0
 11
215.7947433741227
 21
31.61021895854342
 31
0.0
  0
ARC
  5
25B6
330
1F
100
AcDbEntity
  8
0
 62
     8
370
   100
100
AcDbCircle
 10
215.3947433741226
 20
30.9173986355157
 30
0.0
 40
0.8000000000001959
100
AcDbArc
 50
60.00000000000058
 51
90.00000000000204
  0
LINE
  5
25B7
330
1F
100
AcDbEntity
  8
0
 62
     8
370
   100
100
AcDbLine
 10
215.3947433741226
 20
31.71739863551588
 30
0.0
 11
213.7485884550064
 21
31.71739863551588
 31
0.0
  0
ARC
  5
25B8
330
1F
100
AcDbEntity
  8
0
 62
     8
370
   100
100
AcDbCircle
 10
213.7485884550066
 20
32.71739863551601
 30
0.0
 40
1.000000000000124
100
AcDbArc
 50
219.9999999999909
 51
269.9999999999902
  0
LINE
  5
25B9
330
1F
100
AcDbEntity
  8
0
 62
     8
370
   100
100
AcDbLine
 10
212.9825440118874
 20
32.07461102582951
 30
0.0
 11
211.3644554732477
 21
34.00297385488907
 31
0.0
  0
ARC
  5
25BA
330
1F
100
AcDbEntity
  8
0
 62
     8
370
   100
100
AcDbCircle
 10
209.8323665870098
 20
32.71739863551587
 30
0.0
 40
2.000000000000003
100
AcDbArc
 50
40.00000000000446
 51
90.00000000000406
  0
LINE
  5
25BB
330
1F
100
AcDbEntity
  8
0
 62
     8
370
   100
100
AcDbLine
 10
209.8323665870097
 20
34.71739863551588
 30
0.0
 11
181.171479515181
 21
34.71739863551588
 31
0.0
  0
ARC
  5
25BC
330
1F
100
AcDbEntity
  8
0
 62
     8
370
   100
100
AcDbCircle
 10
181.1714795151809
 20
32.71739863551596
 30
0.0
 40
1.999999999999921
100
AcDbArc
 50
89.99999999999756
 51
139.9999999999969
  0
LINE
  5
25BD
330
1F
100
AcDbEntity
  8
0
 62
     8
370
   100
100
AcDbLine
 10
179.6393906289431
 20
34.00297385488907
 30
0.0
 11
178.0213020903033
 21
32.07461102582951
 31
0.0
  0
ARC
  5
25BE
330
1F
100
AcDbEntity
  8
0
 62
     8
370
   100
100
AcDbCircle
 10
177.2552576471841
 20
32.717398635516
 30
0.0
 40
1.000000000000135
100
AcDbArc
 50
270.0000000000114
 51
320.0000000000104
  0
LINE
  5
25BF
330
1F
100
AcDbEntity
  8
0
 62
     8
370
   100
100
AcDbLine
 10
177.2552576471843
 20
31.71739863551588
 30
0.0
 11
175.6091027280676
 21
31.71739863551588
 31
0.0
  0
ARC
  5
25C0
330
1F
100
AcDbEntity
  8
0
 62
     8
370
   100
100
AcDbCircle
 10
175.6091027280676
 20
30.91739863551564
 30
0.0
 40
0.8000000000002422
100
AcDbArc
 50
90.0
 51
119.9999999999974
  0
LINE
  5
25C1
330
1F
100
AcDbEntity
  8
0
 62
     8
370
   100
100
AcDbLine
 10
175.2091027280675
 20
31.61021895854342
 30
0.0
 11
173.7091027280679
 21
30.74419355475888
 31
0.0
  0
ARC
  5
25C2
330
1F
100
AcDbEntity
  8
0
 62
     8
370
   100
100
AcDbCircle
 10
173.6091027280679
 20
30.91739863551641
 30
0.0
 40
0.2000000000005248
100
AcDbArc
 50
269.9999999998941
 51
299.9999999998925
  0
LINE
  5
25C3
330
1F
100
AcDbEntity
  8
0
 62
     8
370
   100
100
AcDbLine
 10
173.6091027280676
 20
30.71739863551588
 30
0.0
 11
173.4019230510952
 21
30.71739863551588
 31
0.0
  0
ARC
  5
25C4
330
1F
100
AcDbEntity
  8
0
 62
     8
370
   100
100
AcDbCircle
 10
173.4019230510952
 20
31.11739863551599
 30
0.0
 40
0.4000000000001088
100
AcDbArc
 50
180.0000000000035
 51
270.0
  0
LINE
  5
25C5
330
1F
100
AcDbEntity
  8
0
 62
     8
370
   100
100
AcDbLine
 10
173.0019230510951
 20
31.11739863551596
 30
0.0
 11
173.0019230510951
 21
31.71739863551588
 31
0.0
  0
ARC
  5
25C6
330
1F
100
AcDbEntity
  8
0
 62
     8
370
   100
100
AcDbCircle
 10
167.0019230510902
 20
32.81739863551785
 30
0.0
 40
6.100000000005079
100
AcDbArc
 50
349.6111421845204
 51
352.5936067314459
  0
ARC
  5
25C7
330
1F
100
AcDbEntity
  8
0
 62
     8
370
   100
100
AcDbCircle
 10
173.3485264733993
 20
31.99239863551593
 30
0.0
 40
0.3000000000002372
100
AcDbArc
 50
89.99999999998371
 51
172.5936067314368
  0
LINE
  5
25C8
330
1F
100
AcDbEntity
  8
0
 62
     8
370
   100
100
AcDbLine
 10
173.3485264733994
 20
32.29239863551615
 30
0.0
 11
173.4614493001299
 21
32.2923986355157
 31
0.0
  0
ARC
  5
25C9
330
1F
100
AcDbEntity
  8
0
 62
     8
370
   100
100
AcDbCircle
 10
173.7519230510952
 20
32.81739863551592
 30
0.0
 40
0.6000000000000972
100
AcDbArc
 50
241.0449756281666
 51
118.9550243718859
  0
LINE
  5
25CA
330
1F
100
AcDbEntity
  8
0
 62
     8
370
   100
100
AcDbLine
 10
173.4614493001294
 20
33.34239863551588
 30
0.0
 11
173.3485264733994
 21
33.34239863551588
 31
0.0
  0
ARC
  5
25CB
330
1F
100
AcDbEntity
  8
0
 62
     8
370
   100
100
AcDbCircle
 10
173.3485264733995
 20
33.64239863551583
 30
0.0
 40
0.2999999999999474
100
AcDbArc
 50
187.406393268517
 51
269.9999999999728
  0
ARC
  5
25CC
330
1F
100
AcDbEntity
  8
0
 62
     8
370
   100
100
AcDbCircle
 10
167.0019230510783
 20
32.81739863550143
 30
0.0
 40
6.100000000019038
100
AcDbArc
 50
7.406393268657799
 51
10.38885781557308
  0
LINE
  5
25CD
330
1F
100
AcDbEntity
  8
0
 62
     8
370
   100
100
AcDbLine
 10
173.0019230510951
 20
33.9173986355157
 30
0.0
 11
173.0019230510951
 21
34.51739863551606
 31
0.0
  0
ARC
  5
25CE
330
1F
100
AcDbEntity
  8
0
 62
     8
370
   100
100
AcDbCircle
 10
173.4019230510952
 20
34.51739863551604
 30
0.0
 40
0.4000000000001194
100
AcDbArc
 50
90.0
 51
179.9999999999969
  0
LINE
  5
25CF
330
1F
100
AcDbEntity
  8
0
 62
     8
370
   100
100
AcDbLine
 10
173.4019230510952
 20
34.91739863551615
 30
0.0
 11
173.6091027280676
 21
34.91739863551571
 31
0.0
  0
ARC
  5
25D0
330
1F
100
AcDbEntity
  8
0
 62
     8
370
   100
100
AcDbCircle
 10
173.6091027280678
 20
34.71739863551594
 30
0.0
 40
0.1999999999997612
100
AcDbArc
 50
60.00000000004642
 51
90.00000000004886
  0
LINE
  5
25D1
330
1F
100
AcDbEntity
  8
0
 62
     8
370
   100
100
AcDbLine
 10
173.7091027280675
 20
34.8906037162727
 30
0.0
 11
175.2091027280679
 21
34.02457831248816
 31
0.0
  0
ARC
  5
25D2
330
1F
100
AcDbEntity
  8
0
 62
     8
370
   100
100
AcDbCircle
 10
175.6091027280677
 20
34.71739863551518
 30
0.0
 40
0.799999999999467
100
AcDbArc
 50
239.9999999999892
 51
269.9999999999878
  0
LINE
  5
25D3
330
1F
100
AcDbEntity
  8
0
 62
     8
370
   100
100
AcDbLine
 10
175.6091027280676
 20
33.9173986355157
 30
0.0
 11
175.7725517863522
 21
33.9173986355157
 31
0.0
  0
ARC
  5
25D4
330
1F
100
AcDbEntity
  8
0
 62
     8
370
   100
100
AcDbCircle
 10
175.7725517863517
 20
34.21739863551567
 30
0.0
 40
0.2999999999999687
100
AcDbArc
 50
270.0000000000922
 51
320.0000000000934
  0
LINE
  5
25D5
330
1F
100
AcDbEntity
  8
0
 62
     8
370
   100
100
AcDbLine
 10
176.0023651192877
 20
34.02456235261011
 30
0.0
 11
177.9621862661314
 21
36.36018624520224
 31
0.0
  0
ARC
  5
25D6
330
1F
100
AcDbEntity
  8
0
 62
     8
370
   100
100
AcDbCircle
 10
178.7282307092506
 20
35.71739863551572
 30
0.0
 40
1.000000000000158
100
AcDbArc
 50
90.00000000000978
 51
140.0000000000089
  0
LINE
  5
25D7
330
1F
100
AcDbEntity
  8
0
 62
     8
370
   100
100
AcDbLine
 10
178.7282307092504
 20
36.71739863551588
 30
0.0
 11
178.8019230510953
 21
36.71739863551588
 31
0.0
  0
ARC
  5
25D8
330
1F
100
AcDbEntity
  8
0
 62
     8
370
   100
100
AcDbCircle
 10
178.8019230510953
 20
37.21739863551588
 30
0.0
 40
0.5
100
AcDbArc
 50
270.0
 51
0.0
  0
LINE
  5
25D9
330
1F
100
AcDbEntity
  8
0
 62
     8
370
   100
100
AcDbLine
 10
179.3019230510953
 20
37.21739863551588
 30
0.0
 11
179.3019230510953
 21
50.30106746149826
 31
0.0
  0
ARC
  5
25DA
330
1F
100
AcDbEntity
  8
0
 62
     8
370
   100
100
AcDbCircle
 10
180.3019230510954
 20
50.30106746149845
 30
0.0
 40
1.000000000000142
100
AcDbArc
 50
95.00000000001227
 51
180.000000000011
  0
LINE
  5
25DB
330
1F
100
AcDbEntity
  8
0
 62
     8
370
   100
100
AcDbLine
 10
173.6957052684414
 20
8.766065302153691
 30
0.0
 11
173.4019230510902
 21
8.766065302153803
 31
0.0
1001
ACAD_STEPID
1071
        2
  0
ARC
  5
25DC
330
1F
100
AcDbEntity
  8
0
 62
     8
370
   100
100
AcDbCircle
 10
173.4019230510902
 20
8.366065302153941
 30
0.0
 40
0.3999999999998618
100
AcDbArc
 50
90.0
 51
180.0000000000325
1001
ACAD_STEPID
1071
        2
  0
LINE
  5
25DD
330
1F
100
AcDbEntity
  8
0
 62
     8
370
   100
100
AcDbLine
 10
173.0019230510903
 20
8.366065302153714
 30
0.0
 11
173.0019230510901
 21
7.791065302153781
 31
0.0
1001
ACAD_STEPID
1071
        2
  0
ARC
  5
25DE
330
1F
100
AcDbEntity
  8
0
 62
     8
370
   100
100
AcDbCircle
 10
167.5394230513426
 20
6.741065302195098
 30
0.0
 40
5.562499999744191
100
AcDbArc
 50
8.089797948325273
 51
10.88066406208413
1001
ACAD_STEPID
1071
        2
  0
ARC
  5
25DF
330
1F
100
AcDbEntity
  8
0
 62
     8
370
   100
100
AcDbCircle
 10
173.3435837354616
 20
7.566065302153864
 30
0.0
 40
0.3000000000003013
100
AcDbArc
 50
188.0897979484023
 51
269.9999999999512
1001
ACAD_STEPID
1071
        2
  0
LINE
  5
25E0
330
1F
100
AcDbEntity
  8
0
 62
     8
370
   100
100
AcDbLine
 10
173.3435837354613
 20
7.266065302153577
 30
0.0
 11
173.4614493001249
 21
7.266065302153804
 31
0.0
1001
ACAD_STEPID
1071
        2
  0
ARC
  5
25E1
330
1F
100
AcDbEntity
  8
0
 62
     8
370
   100
100
AcDbCircle
 10
173.7519230510901
 20
6.741065302153712
 30
0.0
 40
0.5999999999999309
100
AcDbArc
 50
241.0449756281701
 51
118.9550243718298
1001
ACAD_STEPID
1071
        2
  0
LINE
  5
25E2
330
1F
100
AcDbEntity
  8
0
 62
     8
370
   100
100
AcDbLine
 10
173.4614493001249
 20
6.216065302153621
 30
0.0
 11
173.3435837354613
 21
6.216065302153737
 31
0.0
1001
ACAD_STEPID
1071
        2
  0
ARC
  5
25E3
330
1F
100
AcDbEntity
  8
0
 62
     8
370
   100
100
AcDbCircle
 10
173.3435837354615
 20
5.916065302153499
 30
0.0
 40
0.3000000000002387
100
AcDbArc
 50
90.00000000003801
 51
171.9102020515869
1001
ACAD_STEPID
1071
        2
  0
ARC
  5
25E4
330
1F
100
AcDbEntity
  8
0
 62
     8
370
   100
100
AcDbCircle
 10
167.53942305057
 20
6.741065302236678
 30
0.0
 40
5.562500000526648
100
AcDbArc
 50
349.119335938162
 51
351.9102020515264
1001
ACAD_STEPID
1071
        2
  0
LINE
  5
25E5
330
1F
100
AcDbEntity
  8
0
 62
     8
370
   100
100
AcDbLine
 10
173.0019230510903
 20
5.691065302153758
 30
0.0
 11
173.0019230510901
 21
5.116065302153713
 31
0.0
1001
ACAD_STEPID
1071
        2
  0
ARC
  5
25E6
330
1F
100
AcDbEntity
  8
0
 62
     8
370
   100
100
AcDbCircle
 10
173.4019230510901
 20
5.116065302153828
 30
0.0
 40
0.400000000000091
100
AcDbArc
 50
180.0000000000164
 51
270.0000000000326
1001
ACAD_STEPID
1071
        2
  0
LINE
  5
25E7
330
1F
100
AcDbEntity
  8
0
 62
     8
370
   100
100
AcDbLine
 10
173.4019230510904
 20
4.716065302153737
 30
0.0
 11
173.6957052684414
 21
4.716065302153737
 31
0.0
1001
ACAD_STEPID
1071
        2
  0
ARC
  5
25E8
330
1F
100
AcDbEntity
  8
0
 62
     8
370
   100
100
AcDbCircle
 10
173.6957052684414
 20
4.916065302153826
 30
0.0
 40
0.2000000000000881
100
AcDbArc
 50
270.0
 51
299.999999999955
1001
ACAD_STEPID
1071
        2
  0
LINE
  5
25E9
330
1F
100
AcDbEntity
  8
0
 62
     8
370
   100
100
AcDbLine
 10
173.7957052684413
 20
4.742860221396782
 30
0.0
 11
175.1658014578737
 21
5.533885625181341
 31
0.0
1001
ACAD_STEPID
1071
        2
  0
ARC
  5
25EA
330
1F
100
AcDbEntity
  8
0
 62
     8
370
   100
100
AcDbCircle
 10
175.5658014578729
 20
4.841065302155914
 30
0.0
 40
0.7999999999977648
100
AcDbArc
 50
89.99999999996337
 51
120.0000000000271
1001
ACAD_STEPID
1071
        2
  0
LINE
  5
25EB
330
1F
100
AcDbEntity
  8
0
 62
     8
370
   100
100
AcDbLine
 10
175.5658014578734
 20
5.64106530215369
 30
0.0
 11
175.6473319508754
 21
5.641065302153804
 31
0.0
1001
ACAD_STEPID
1071
        2
  0
ARC
  5
25EC
330
1F
100
AcDbEntity
  8
0
 62
     8
370
   100
100
AcDbCircle
 10
175.6473319508752
 20
4.641065302153748
 30
0.0
 40
1.000000000000055
100
AcDbArc
 50
31.99999999999965
 51
89.99999999998861
1001
ACAD_STEPID
1071
        2
  0
LINE
  5
25ED
330
1F
100
AcDbEntity
  8
0
 62
     8
370
   100
100
AcDbLine
 10
176.4953800470316
 20
5.170984566386977
 30
0.0
 11
177.6950535287386
 21
3.251105670037162
 31
0.0
1001
ACAD_STEPID
1071
        2
  0
ARC
  5
25EE
330
1F
100
AcDbEntity
  8
0
 62
     8
370
   100
100
AcDbCircle
 10
178.1190775768165
 20
3.516065302153178
 30
0.0
 40
0.4999999999994814
100
AcDbArc
 50
211.9999999999579
 51
270.000000000013
1001
ACAD_STEPID
1071
        2
  0
LINE
  5
25EF
330
1F
100
AcDbEntity
  8
0
 62
     8
370
   100
100
AcDbLine
 10
178.1190775768166
 20
3.016065302153705
 30
0.0
 11
212.8847685253639
 21
3.016065302153691
 31
0.0
1001
ACAD_STEPID
1071
        2
  0
ARC
  5
25F0
330
1F
100
AcDbEntity
  8
0
 62
     8
370
   100
100
AcDbCircle
 10
212.884768525364
 20
3.516065302153422
 30
0.0
 40
0.4999999999997314
100
AcDbArc
 50
269.999999999987
 51
327.9999999999976
1001
ACAD_STEPID
1071
        2
  0
LINE
  5
25F1
330
1F
100
AcDbEntity
  8
0
 62
     8
370
   100
100
AcDbLine
 10
213.308792573442
 20
3.251105670036948
 30
0.0
 11
214.5084660551487
 21
5.170984566386863
 31
0.0
1001
ACAD_STEPID
1071
        2
  0
ARC
  5
25F2
330
1F
100
AcDbEntity
  8
0
 62
     8
370
   100
100
AcDbCircle
 10
215.3565141513049
 20
4.641065302153933
 30
0.0
 40
0.999999999999655
100
AcDbArc
 50
89.99999999999836
 51
148.0000000000062
1001
ACAD_STEPID
1071
        2
  0
LINE
  5
25F3
330
1F
100
AcDbEntity
  8
0
 62
     8
370
   100
100
AcDbLine
 10
215.3565141513049
 20
5.641065302153577
 30
0.0
 11
215.4380446443069
 21
5.64106530215369
 31
0.0
1001
ACAD_STEPID
1071
        2
  0
ARC
  5
25F4
330
1F
100
AcDbEntity
  8
0
 62
     8
370
   100
100
AcDbCircle
 10
215.4380446443063
 20
4.841065302151058
 30
0.0
 40
0.8000000000026323
100
AcDbArc
 50
60.00000000004753
 51
89.99999999995317
1001
ACAD_STEPID
1071
        2
  0
LINE
  5
25F5
330
1F
100
AcDbEntity
  8
0
 62
     8
370
   100
100
AcDbLine
 10
215.838044644307
 20
5.533885625181226
 30
0.0
 11
217.2081408337394
 21
4.742860221396738
 31
0.0
1001
ACAD_STEPID
1071
        2
  0
ARC
  5
25F6
330
1F
100
AcDbEntity
  8
0
 62
     8
370
   100
100
AcDbCircle
 10
217.3081408337401
 20
4.916065302155798
 30
0.0
 40
0.2000000000022339
100
AcDbArc
 50
240.0000000001363
 51
269.999999999772
1001
ACAD_STEPID
1071
        2
  0
LINE
  5
25F7
330
1F
100
AcDbEntity
  8
0
 62
     8
370
   100
100
AcDbLine
 10
217.3081408337393
 20
4.716065302153566
 30
0.0
 11
217.6019230510905
 21
4.716065302153623
 31
0.0
1001
ACAD_STEPID
1071
        2
  0
ARC
  5
25F8
330
1F
100
AcDbEntity
  8
0
 62
     8
370
   100
100
AcDbCircle
 10
217.6019230510907
 20
5.11606530215333
 30
0.0
 40
0.3999999999997072
100
AcDbArc
 50
269.9999999999715
 51
0.0000000000385483
1001
ACAD_STEPID
1071
        2
  0
LINE
  5
25F9
330
1F
100
AcDbEntity
  8
0
 62
     8
370
   100
100
AcDbLine
 10
218.0019230510904
 20
5.116065302153599
 30
0.0
 11
218.0019230510901
 21
5.691065302153647
 31
0.0
1001
ACAD_STEPID
1071
        2
  0
ARC
  5
25FA
330
1F
100
AcDbEntity
  8
0
 62
     8
370
   100
100
AcDbCircle
 10
223.4644230512376
 20
6.741065302167754
 30
0.0
 40
5.562500000147525
100
AcDbArc
 50
188.0897979483124
 51
190.8806640618669
1001
ACAD_STEPID
1071
        2
  0
ARC
  5
25FB
330
1F
100
AcDbEntity
  8
0
 62
     8
370
   100
100
AcDbCircle
 10
217.6602623667192
 20
5.916065302153434
 30
0.0
 40
0.3000000000002771
100
AcDbArc
 50
8.089797948408479
 51
89.99999999995656
1001
ACAD_STEPID
1071
        2
  0
LINE
  5
25FC
330
1F
100
AcDbEntity
  8
0
 62
     8
370
   100
100
AcDbLine
 10
217.6602623667194
 20
6.216065302153693
 30
0.0
 11
217.5423968020558
 21
6.216065302153621
 31
0.0
1001
ACAD_STEPID
1071
        2
  0
ARC
  5
25FD
330
1F
100
AcDbEntity
  8
0
 62
     8
370
   100
100
AcDbCircle
 10
217.2519230510901
 20
6.741065302153598
 30
0.0
 40
0.600000000000051
100
AcDbArc
 50
61.04497562812692
 51
298.9550243718731
1001
ACAD_STEPID
1071
        2
  0
LINE
  5
25FE
330
1F
100
AcDbEntity
  8
0
 62
     8
370
   100
100
AcDbLine
 10
217.5423968020558
 20
7.266065302153577
 30
0.0
 11
217.6602623667194
 21
7.266065302153577
 31
0.0
1001
ACAD_STEPID
1071
        2
  0
ARC
  5
25FF
330
1F
100
AcDbEntity
  8
0
 62
     8
370
   100
100
AcDbCircle
 10
217.6602623667193
 20
7.566065302153516
 30
0.0
 40
0.2999999999999394
100
AcDbArc
 50
270.0000000000216
 51
351.910202051633
1001
ACAD_STEPID
1071
        2
  0
ARC
  5
2600
330
1F
100
AcDbEntity
  8
0
 62
     8
370
   100
100
AcDbCircle
 10
223.4644230508642
 20
6.7410653021913
 30
0.0
 40
5.562499999770766
100
AcDbArc
 50
169.119335937931
 51
171.9102020516753
1001
ACAD_STEPID
1071
        2
  0
LINE
  5
2601
330
1F
100
AcDbEntity
  8
0
 62
     8
370
   100
100
AcDbLine
 10
218.0019230510904
 20
7.791065302153555
 30
0.0
 11
218.0019230510904
 21
8.366065302153826
 31
0.0
1001
ACAD_STEPID
1071
        2
  0
ARC
  5
2602
330
1F
100
AcDbEntity
  8
0
 62
     8
370
   100
100
AcDbCircle
 10
217.6019230510906
 20
8.366065302153927
 30
0.0
 40
0.3999999999997499
100
AcDbArc
 50
359.9999999999855
 51
90.00000000002037
1001
ACAD_STEPID
1071
        2
  0
LINE
  5
2603
330
1F
100
AcDbEntity
  8
0
 62
     8
370
   100
100
AcDbLine
 10
217.6019230510905
 20
8.766065302153691
 30
0.0
 11
217.3081408337393
 21
8.766065302153576
 31
0.0
1001
ACAD_STEPID
1071
        2
  0
ARC
  5
2604
330
1F
100
AcDbEntity
  8
0
 62
     8
370
   100
100
AcDbCircle
 10
217.3081408337403
 20
8.566065302151748
 30
0.0
 40
0.2000000000018272
100
AcDbArc
 50
90.00000000028498
 51
119.9999999998641
1001
ACAD_STEPID
1071
        2
  0
LINE
  5
2605
330
1F
100
AcDbEntity
  8
0
 62
     8
370
   100
100
AcDbLine
 10
217.2081408337398
 20
8.739270382910461
 30
0.0
 11
215.8380446443069
 21
7.948244979126172
 31
0.0
1001
ACAD_STEPID
1071
        2
  0
ARC
  5
2606
330
1F
100
AcDbEntity
  8
0
 62
     8
370
   100
100
AcDbCircle
 10
215.4380446443067
 20
8.64106530215476
 30
0.0
 40
0.800000000001029
100
AcDbArc
 50
270.0000000000183
 51
299.9999999999791
1001
ACAD_STEPID
1071
        2
  0
LINE
  5
2607
330
1F
100
AcDbEntity
  8
0
 62
     8
370
   100
100
AcDbLine
 10
215.4380446443069
 20
7.841065302153737
 30
0.0
 11
214.8092611298979
 21
7.841065302153621
 31
0.0
1001
ACAD_STEPID
1071
        2
  0
ARC
  5
2608
330
1F
100
AcDbEntity
  8
0
 62
     8
370
   100
100
AcDbCircle
 10
214.8092611298979
 20
5.841065302153753
 30
0.0
 40
1.999999999999868
100
AcDbArc
 50
90.0
 51
148.0000000000005
1001
ACAD_STEPID
1071
        2
  0
LINE
  5
2609
330
1F
100
AcDbEntity
  8
0
 62
     8
370
   100
100
AcDbLine
 10
213.1131649375852
 20
6.900903830620079
 30
0.0
 11
212.6072477844169
 21
6.091267141570567
 31
0.0
1001
ACAD_STEPID
1071
        2
  0
ARC
  5
260A
330
1F
100
AcDbEntity
  8
0
 62
     8
370
   100
100
AcDbCircle
 10
210.4871275440257
 20
7.416065302154089
 30
0.0
 40
2.50000000000041
100
AcDbArc
 50
270.0000000000052
 51
327.999999999992
1001
ACAD_STEPID
1071
        2
  0
LINE
  5
260B
330
1F
100
AcDbEntity
  8
0
 62
     8
370
   100
100
AcDbLine
 10
210.4871275440259
 20
4.916065302153667
 30
0.0
 11
180.5167185581548
 21
4.916065302153738
 31
0.0
1001
ACAD_STEPID
1071
        2
  0
ARC
  5
260C
330
1F
100
AcDbEntity
  8
0
 62
     8
370
   100
100
AcDbCircle
 10
180.516718558155
 20
7.416065302154288
 30
0.0
 40
2.50000000000055
100
AcDbArc
 50
212.0000000000081
 51
269.9999999999954
1001
ACAD_STEPID
1071
        2
  0
LINE
  5
260D
330
1F
100
AcDbEntity
  8
0
 62
     8
370
   100
100
AcDbLine
 10
178.3965983177637
 20
6.091267141570682
 30
0.0
 11
177.8906811645956
 21
6.900903830620193
 31
0.0
1001
ACAD_STEPID
1071
        2
  0
ARC
  5
260E
330
1F
100
AcDbEntity
  8
0
 62
     8
370
   100
100
AcDbCircle
 10
176.1945849722828
 20
5.841065302153849
 30
0.0
 40
1.999999999999904
100
AcDbArc
 50
31.99999999999951
 51
90.0
1001
ACAD_STEPID
1071
        2
  0
LINE
  5
260F
330
1F
100
AcDbEntity
  8
0
 62
     8
370
   100
100
AcDbLine
 10
176.1945849722828
 20
7.84106530215375
 30
0.0
 11
175.5658014578734
 21
7.841065302153737
 31
0.0
1001
ACAD_STEPID
1071
        2
  0
ARC
  5
2610
330
1F
100
AcDbEntity
  8
0
 62
     8
370
   100
100
AcDbCircle
 10
175.5658014578729
 20
8.641065302151513
 30
0.0
 40
0.7999999999977759
100
AcDbArc
 50
239.9999999999729
 51
270.0000000000366
1001
ACAD_STEPID
1071
        2
  0
LINE
  5
2611
330
1F
100
AcDbEntity
  8
0
 62
     8
370
   100
100
AcDbLine
 10
175.1658014578737
 20
7.948244979126087
 30
0.0
 11
173.7957052684413
 21
8.739270382910573
 31
0.0
1001
ACAD_STEPID
1071
        2
  0
ARC
  5
2612
330
1F
100
AcDbEntity
  8
0
 62
     8
370
   100
100
AcDbCircle
 10
173.6957052684412
 20
8.566065302153567
 30
0.0
 40
0.2000000000001278
100
AcDbArc
 50
60.00000000000422
 51
89.99999999995928
1001
ACAD_STEPID
1071
        2
  0
ARC
  5
2613
330
1F
100
AcDbEntity
  8
0
 62
     8
370
   100
100
AcDbCircle
 10
210.2019230510936
 20
34.41739863550953
 30
0.0
 40
0.3000000000011198
100
AcDbArc
 50
359.9999999996567
 51
89.99999999965803
  0
LINE
  5
2614
330
1F
100
AcDbEntity
  8
0
 62
     8
370
   100
100
AcDbLine
 10
210.2019230510954
 20
34.71739863551065
 30
0.0
 11
180.8019230510956
 21
34.71739863552156
 31
0.0
  0
ARC
  5
2615
330
1F
100
AcDbEntity
  8
0
 62
     8
370
   100
100
AcDbCircle
 10
180.8019230510961
 20
34.41739863552383
 30
0.0
 40
0.2999999999977305
100
AcDbArc
 50
90.00000000008686
 51
180.0000000000882
  0
LINE
  5
2616
330
1F
100
AcDbEntity
  8
0
 62
     8
370
   100
100
AcDbLine
 10
180.5019230510984
 20
34.41739863552337
 30
0.0
 11
180.5019230510947
 21
21.01739863552265
 31
0.0
  0
ARC
  5
2617
330
1F
100
AcDbEntity
  8
0
 62
     8
370
   100
100
AcDbCircle
 10
180.8019230510957
 20
21.01739863552259
 30
0.0
 40
0.3000000000010345
100
AcDbArc
 50
179.9999999999891
 51
269.9999999999891
  0
LINE
  5
2618
330
1F
100
AcDbEntity
  8
0
 62
     8
370
   100
100
AcDbLine
 10
180.8019230510956
 20
20.71739863552156
 30
0.0
 11
210.2019230510954
 21
20.71739863551065
 31
0.0
  0
ARC
  5
2619
330
1F
100
AcDbEntity
  8
0
 62
     8
370
   100
100
AcDbCircle
 10
210.2019230510954
 20
21.01739863550995
 30
0.0
 40
0.2999999999993008
100
AcDbArc
 50
269.9999999999945
 51
359.9999999999953
  0
LINE
  5
261A
330
1F
100
AcDbEntity
  8
0
 62
     8
370
   100
100
AcDbLine
 10
210.5019230510947
 20
21.01739863550992
 30
0.0
 11
210.5019230510947
 21
34.41739863550774
 31
0.0
  0
LINE
  5
261B
330
1F
100
AcDbEntity
  8
0
 62
     8
370
   100
100
AcDbLine
 10
210.2019230510904
 20
19.91606530214821
 30
0.0
 11
180.8019230510907
 21
19.91606530215912
 31
0.0
  0
ARC
  5
261C
330
1F
100
AcDbEntity
  8
0
 62
     8
370
   100
100
AcDbCircle
 10
180.801923051091
 20
19.61606530216172
 30
0.0
 40
0.2999999999974001
100
AcDbArc
 50
90.00000000005426
 51
180.0000000000563
  0
LINE
  5
261D
330
1F
100
AcDbEntity
  8
0
 62
     8
370
   100
100
AcDbLine
 10
180.5019230510936
 20
19.61606530216142
 30
0.0
 11
180.5019230510897
 21
5.216065302160216
 31
0.0
  0
ARC
  5
261E
330
1F
100
AcDbEntity
  8
0
 62
     8
370
   100
100
AcDbCircle
 10
180.8019230510907
 20
5.216065302160173
 30
0.0
 40
0.3000000000010345
100
AcDbArc
 50
179.9999999999918
 51
269.9999999999945
  0
LINE
  5
261F
330
1F
100
AcDbEntity
  8
0
 62
     8
370
   100
100
AcDbLine
 10
180.8019230510907
 20
4.916065302159124
 30
0.0
 11
210.2019230510904
 21
4.916065302148211
 31
0.0
  0
ARC
  5
2620
330
1F
100
AcDbEntity
  8
0
 62
     8
370
   100
100
AcDbCircle
 10
210.2019230510904
 20
5.216065302147497
 30
0.0
 40
0.2999999999992866
100
AcDbArc
 50
269.9999999999945
 51
359.9999999999973
  0
LINE
  5
2621
330
1F
100
AcDbEntity
  8
0
 62
     8
370
   100
100
AcDbLine
 10
210.5019230510897
 20
5.216065302147483
 30
0.0
 11
210.5019230510897
 21
19.61606530214712
 31
0.0
  0
ARC
  5
2622
330
1F
100
AcDbEntity
  8
0
 62
     8
370
   100
100
AcDbCircle
 10
210.2019230510895
 20
19.61606530214801
 30
0.0
 40
0.3000000000001819
100
AcDbArc
 50
359.999999999829
 51
89.99999999983172
  0
ENDSEC
  0
SECTION
  2
OBJECTS
  0
DICTIONARY
  5
C
330
0
100
AcDbDictionary
281
     1
  3
ACAD_CIP_PREVIOUS_PRODUCT_INFO
350
20A9
  3
ACAD_COLOR
350
6B
  3
ACAD_DETAILVIEWSTYLE
350
20A4
  3
ACAD_GROUP
350
D
  3
ACAD_LAST_SAVED_VERSION_INFO
350
22B0
  3
ACAD_LAYOUT
350
1A
  3
ACAD_MATERIAL
350
6A
  3
ACAD_MLEADERSTYLE
350
12D
  3
ACAD_MLINESTYLE
350
17
  3
ACAD_PLOTSETTINGS
350
19
  3
ACAD_PLOTSTYLENAME
350
E
  3
ACAD_RENDER_RAPIDRT_SETTINGS
350
22AE
  3
ACAD_SCALELIST
350
10C
  3
ACAD_SECTIONVIEWSTYLE
350
20A2
  3
ACAD_TABLESTYLE
350
7E
  3
ACAD_VISUALSTYLE
350
EF
  3
ACDB_RECOMPOSE_DATA
350
266D
  3
ACDBVARIABLEDICTIONARY
350
23B5
  3
AcDsDecomposeData
350
2673
  3
AEC_PROPERTY_SET_DEFS
350
200
  0
DICTIONARY
  5
1F8
330
2
100
AcDbDictionary
280
     1
281
     1
  3
ACAD_LAYERSTATES
360
1F9
  0
DICTIONARY
  5
13C
330
10
100
AcDbDictionary
280
     1
281
     1
  0
DICTIONARY
  5
22B4
330
22B3
100
AcDbDictionary
280
     1
281
     1
  0
DICTIONARY
  5
22B6
330
22B5
100
AcDbDictionary
280
     1
281
     1
  0
DICTIONARY
  5
22B8
330
22B7
100
AcDbDictionary
280
     1
281
     1
  0
DICTIONARY
  5
22BA
330
22B9
100
AcDbDictionary
280
     1
281
     1
  0
DICTIONARY
  5
22BC
330
22BB
100
AcDbDictionary
280
     1
281
     1
  0
DICTIONARY
  5
1CE
330
1F
100
AcDbDictionary
280
     1
281
     1
  3
ACAD_SORTENTS
360
207
  0
XRECORD
  5
20A9
102
{ACAD_REACTORS
330
C
102
}
330
C
100
AcDbXrecord
280
     1
300
ACD
300
2024
300

  0
DICTIONARY
  5
6B
102
{ACAD_REACTORS
330
C
102
}
330
C
100
AcDbDictionary
281
     1
  0
DICTIONARY
  5
20A4
102
{ACAD_REACTORS
330
C
102
}
330
C
100
AcDbDictionary
281
     1
  3
Metric50
350
20A5
  0
DICTIONARY
  5
D
102
{ACAD_REACTORS
330
C
102
}
330
C
100
AcDbDictionary
281
     1
  0
XRECORD
  5
22B0
102
{ACAD_REACTORS
330
C
102
}
330
C
100
AcDbXrecord
280
     1
300
{6A834481-5F46-3849-8F71-41912A1FDF00}
301
{5483A2D0-230F-3A47-87E9-C6B1CF57DED2}
302
{6A834481-5F46-3849-8F71-41912A1FDF00}
303
\\ficpa01\grupocortizo\z_prog\catalogos\Perfiles\COR-5635\COR-5635_SinCotas.dxf
  0
DICTIONARY
  5
1A
102
{ACAD_REACTORS
330
C
102
}
330
C
100
AcDbDictionary
281
     1
  3
Model
350
22
  3
Presentación1
350
D3
  3
Presentación2
350
D7
  0
DICTIONARY
  5
6A
102
{ACAD_REACTORS
330
C
102
}
330
C
100
AcDbDictionary
281
     1
  3
ByBlock
350
ED
  3
ByLayer
350
EC
  3
Global
350
EE
  0
DICTIONARY
  5
12D
102
{ACAD_REACTORS
330
C
102
}
330
C
100
AcDbDictionary
281
     1
  3
Standard
350
12E
  0
DICTIONARY
  5
17
102
{ACAD_REACTORS
330
C
102
}
330
C
100
AcDbDictionary
281
     1
  3
Standard
350
18
  0
DICTIONARY
  5
19
102
{ACAD_REACTORS
330
C
102
}
330
C
100
AcDbDictionary
281
     1
  0
ACDBDICTIONARYWDFLT
  5
E
102
{ACAD_REACTORS
330
C
102
}
330
C
100
AcDbDictionary
281
     1
  3
Normal
350
F
100
AcDbDictionaryWithDefault
340
F
  0
DICTIONARY
  5
22AE
102
{ACAD_REACTORS
330
C
102
}
330
C
100
AcDbDictionary
281
     1
  0
DICTIONARY
  5
10C
102
{ACAD_REACTORS
330
C
102
}
330
C
100
AcDbDictionary
281
     1
  3
A0
350
10D
  3
A1
350
1BE
  3
A2
350
1BF
  3
A3
350
1C0
  3
A4
350
1C1
  3
A5
350
1C2
  3
A6
350
1C3
  3
A7
350
1C4
  3
A8
350
1C5
  3
A9
350
1C6
  3
B0
350
1C7
  3
B1
350
1C8
  3
B2
350
1C9
  3
B3
350
1CA
  3
B4
350
1CB
  3
B5
350
1CC
  3
B6
350
1CD
  0
DICTIONARY
  5
20A2
102
{ACAD_REACTORS
330
C
102
}
330
C
100
AcDbDictionary
281
     1
  3
Metric50
350
20A3
  0
DICTIONARY
  5
7E
102
{ACAD_REACTORS
330
C
102
}
330
C
100
AcDbDictionary
281
     1
  3
Cortizo Industrial
350
22C2
  3
Standard
350
7F
  0
DICTIONARY
  5
EF
102
{ACAD_REACTORS
330
C
102
}
330
C
100
AcDbDictionary
281
     1
  3
2dWireframe
350
F5
  3
3D Hidden
350
F7
  3
3dWireframe
350
F6
  3
Basic
350
F4
  3
Brighten
350
FB
  3
ColorChange
350
FF
  3
Conceptual
350
F8
  3
Dim
350
FA
  3
EdgeColorOff
350
1E6
  3
Facepattern
350
FE
  3
Flat
350
F0
  3
FlatWithEdges
350
F1
  3
Gouraud
350
F2
  3
GouraudWithEdges
350
F3
  3
Hidden
350
209C
  3
JitterOff
350
1E4
  3
Linepattern
350
FD
  3
OverhangOff
350
1E5
  3
Realistic
350
F9
  3
Shaded
350
20A1
  3
Shaded with edges
350
20A0
  3
Shades of Gray
350
209D
  3
Sketchy
350
209E
  3
Thicken
350
FC
  3
Wireframe
350
209B
  3
X-Ray
350
209F
  0
XRECORD
  5
266D
102
{ACAD_REACTORS
330
C
102
}
330
C
100
AcDbXrecord
280
     1
 90
        1
330
7F
330
22C2
  0
DICTIONARY
  5
23B5
102
{ACAD_REACTORS
330
C
102
}
330
C
100
AcDbDictionary
281
     2
  3
#REVCLOUDAPPROXARCLEN
350
23B6
  3
ANNOALLVISIBLE
350
23B7
  3
CANNOSCALE
350
23B8
  3
CENTERLAYER
350
23B9
  3
CMLEADERSTYLE
350
23BA
  3
CTABLESTYLE
350
23BB
  3
CVIEWDETAILSTYLE
350
23BC
  3
CVIEWSECTIONSTYLE
350
23BD
  3
DIMADEC
350
23BE
  3
DIMASSOC
350
23BF
  3
EXPORTPAPERSPACE
350
23C0
  3
HIDETEXT
350
23C1
  3
HPCOLOR
350
23C2
  3
HPINHERIT
350
23C3
  3
HPTRANSPARENCY
350
23C4
  3
INDEXCTL
350
23C5
  3
LAYEREVAL
350
23C6
  3
LAYERNOTIFY
350
23C7
  3
LIGHTINGUNITS
350
23C8
  3
MARKUPASSISTMODE
350
23C9
  3
MLEADERSCALE
350
23CA
  3
MSLTSCALE
350
23CB
  3
OLEFRAME
350
23CC
  3
PSOLHEIGHT
350
2624
  3
PSOLWIDTH
350
2623
  3
SORTENTS
350
23CD
  3
STEPSIZE
350
23CE
  3
STEPSPERSEC
350
23CF
  3
TEXTJUSTIFY
350
23D0
  3
TEXTLAYER
350
23D1
  3
XCLIPFRAME
350
2625
  3
XREFLAYER
350
23D2
  0
DICTIONARY
  5
2673
102
{ACAD_REACTORS
330
C
102
}
330
C
100
AcDbDictionary
281
     1
  3
AcDsRecords
350
2675
  3
AcDsSchemas
350
2674
1001
ACAD
1070
     2
  0
DICTIONARY
  5
200
102
{ACAD_REACTORS
330
C
102
}
330
C
100
AcDbDictionary
281
     1
  0
DICTIONARY
  5
1F9
102
{ACAD_REACTORS
330
1F8
102
}
330
1F8
100
AcDbDictionary
281
     1
  0
SORTENTSTABLE
  5
207
102
{ACAD_REACTORS
330
1CE
102
}
330
1CE
100
AcDbSortentsTable
330
1F
331
23FB
  5
256F
331
23FC
  5
2570
331
23FD
  5
2571
331
2402
  5
25D6
331
2403
  5
25D7
331
2404
  5
25D8
331
2405
  5
25D9
331
2408
  5
261A
331
248F
  5
23FB
331
2490
  5
23FC
331
2491
  5
23FD
331
2492
  5
2402
331
2493
  5
2403
331
2494
  5
2404
331
2495
  5
2405
331
2496
  5
2408
331
2497
  5
248F
331
2498
  5
2490
331
2499
  5
2491
331
249A
  5
2492
331
249B
  5
2493
331
249C
  5
2494
331
249D
  5
2495
331
249E
  5
2496
331
249F
  5
2497
331
24A0
  5
2498
331
24A1
  5
2499
331
24A2
  5
249A
331
24A3
  5
249B
331
24A4
  5
249C
331
24A5
  5
249D
331
24A6
  5
249E
331
24A7
  5
249F
331
24A8
  5
24A0
331
24A9
  5
24A1
331
24AA
  5
24A2
331
24AB
  5
24A3
331
24AC
  5
24A4
331
24AD
  5
24A5
331
24AE
  5
24A6
331
24AF
  5
24A7
331
24B0
  5
24A8
331
24B1
  5
24A9
331
24B2
  5
24AA
331
24B3
  5
24AB
331
24B4
  5
24AC
331
24B5
  5
24AD
331
24B6
  5
24AE
331
24B7
  5
24AF
331
24B8
  5
24B0
331
24B9
  5
24B1
331
24BA
  5
24B2
331
24BB
  5
24B3
331
24BC
  5
24B4
331
24BD
  5
24B5
331
24BE
  5
24B6
331
24BF
  5
24B7
331
24C0
  5
24B8
331
24C1
  5
24B9
331
24C2
  5
24BA
331
24C3
  5
24BB
331
24C4
  5
24BC
331
24C5
  5
24BD
331
24C6
  5
24BE
331
24C7
  5
24BF
331
24C8
  5
24C0
331
24C9
  5
24C1
331
24CA
  5
24C2
331
24CB
  5
24C3
331
24CC
  5
24C4
331
24CD
  5
24C5
331
24CE
  5
24C6
331
24CF
  5
24C7
331
24D0
  5
24C8
331
24D1
  5
24C9
331
24D2
  5
24CA
331
24D3
  5
24CB
331
24D4
  5
24CC
331
24D5
  5
24CD
331
24D6
  5
24CE
331
24D7
  5
24CF
331
24D8
  5
24D0
331
24D9
  5
24D1
331
24DA
  5
24D2
331
24DB
  5
24D3
331
24DC
  5
24D4
331
24DD
  5
24D5
331
24DE
  5
24D6
331
24DF
  5
24D7
331
24E0
  5
24D8
331
24E1
  5
24D9
331
24E2
  5
24DA
331
24E3
  5
24DB
331
24E4
  5
24DC
331
24E5
  5
24DD
331
24E6
  5
24DE
331
24E7
  5
24DF
331
24E8
  5
24E0
331
24E9
  5
24E1
331
24EA
  5
24E2
331
24EB
  5
24E3
331
24EC
  5
24E4
331
24ED
  5
24E5
331
24EE
  5
24E6
331
24EF
  5
24E7
331
24F0
  5
24E8
331
24F1
  5
24E9
331
24F2
  5
24EA
331
24F3
  5
24EB
331
24F4
  5
24EC
331
24F5
  5
24ED
331
24F6
  5
24EE
331
24F7
  5
24EF
331
24F8
  5
24F0
331
24F9
  5
24F1
331
24FA
  5
24F2
331
24FB
  5
24F3
331
24FC
  5
24F4
331
24FD
  5
24F5
331
24FE
  5
24F6
331
24FF
  5
24F7
331
2500
  5
24F8
331
2501
  5
24F9
331
2502
  5
24FA
331
2503
  5
24FB
331
2504
  5
24FC
331
2505
  5
24FD
331
2506
  5
24FE
331
2507
  5
24FF
331
2508
  5
2500
331
2509
  5
2501
331
250A
  5
2502
331
250B
  5
2503
331
250C
  5
2504
331
250D
  5
2505
331
250E
  5
2506
331
250F
  5
2507
331
2510
  5
2508
331
2511
  5
2509
331
2512
  5
250A
331
2513
  5
250B
331
2514
  5
250C
331
2515
  5
250D
331
2516
  5
250E
331
2517
  5
250F
331
2518
  5
2510
331
2519
  5
2511
331
251A
  5
2512
331
251B
  5
2513
331
251C
  5
2514
331
251D
  5
2515
331
251E
  5
2516
331
251F
  5
2517
331
2520
  5
2518
331
2521
  5
2519
331
2522
  5
251A
331
2523
  5
251B
331
2524
  5
251C
331
2525
  5
251D
331
2526
  5
251E
331
2527
  5
251F
331
2528
  5
2520
331
2529
  5
2521
331
252A
  5
2522
331
252B
  5
2523
331
252C
  5
2524
331
252D
  5
2525
331
252E
  5
2526
331
252F
  5
2527
331
2530
  5
2528
331
2531
  5
2529
331
2532
  5
252A
331
2533
  5
252B
331
2534
  5
252C
331
2535
  5
252D
331
2536
  5
252E
331
2537
  5
252F
331
2538
  5
2530
331
2539
  5
2531
331
253A
  5
2532
331
253B
  5
2533
331
253C
  5
2534
331
253D
  5
2535
331
253E
  5
2536
331
253F
  5
2537
331
2540
  5
2538
331
2541
  5
2539
331
2542
  5
253A
331
2543
  5
253B
331
2544
  5
253C
331
2545
  5
253D
331
2546
  5
253E
331
2547
  5
253F
331
2548
  5
2540
331
2549
  5
2541
331
254A
  5
2542
331
254B
  5
2543
331
254C
  5
2544
331
254D
  5
2545
331
254E
  5
2546
331
254F
  5
2547
331
2550
  5
2548
331
2551
  5
2549
331
2552
  5
254A
331
2553
  5
254B
331
2554
  5
254C
331
2555
  5
254D
331
2556
  5
254E
331
2557
  5
254F
331
2558
  5
2550
331
2559
  5
2551
331
255A
  5
2552
331
255B
  5
2553
331
255C
  5
2554
331
255D
  5
2555
331
255E
  5
2556
331
255F
  5
2557
331
2560
  5
2558
331
2561
  5
2559
331
2562
  5
255A
331
2563
  5
255B
331
2564
  5
255C
331
2565
  5
255D
331
2566
  5
255E
331
2567
  5
255F
331
2568
  5
2560
331
2569
  5
2561
331
256A
  5
2562
331
256B
  5
2563
331
256C
  5
2564
331
256D
  5
2565
331
256E
  5
2566
331
256F
  5
2567
331
2570
  5
2568
331
2571
  5
2569
331
2572
  5
256A
331
2573
  5
256B
331
2574
  5
256C
331
2575
  5
256D
331
2576
  5
256E
331
2577
  5
2572
331
2578
  5
2573
331
2579
  5
2574
331
257A
  5
2575
331
257B
  5
2576
331
257C
  5
2577
331
257D
  5
2578
331
257E
  5
2579
331
257F
  5
257A
331
2580
  5
257B
331
2581
  5
257C
331
2582
  5
257D
331
2583
  5
257E
331
2584
  5
257F
331
2585
  5
2580
331
2586
  5
2581
331
2587
  5
2582
331
2588
  5
2583
331
2589
  5
2584
331
258A
  5
2585
331
258B
  5
2586
331
258C
  5
2587
331
258D
  5
2588
331
258E
  5
2589
331
258F
  5
258A
331
2590
  5
258B
331
2591
  5
258C
331
2592
  5
258D
331
2593
  5
258E
331
2594
  5
258F
331
2595
  5
2590
331
2596
  5
2591
331
2597
  5
2592
331
2598
  5
2593
331
2599
  5
2594
331
259A
  5
2595
331
259B
  5
2596
331
259C
  5
2597
331
259D
  5
2598
331
259E
  5
2599
331
259F
  5
259A
331
25A0
  5
259B
331
25A1
  5
259C
331
25A2
  5
259D
331
25A3
  5
259E
331
25A4
  5
259F
331
25A5
  5
25A0
331
25A6
  5
25A1
331
25A7
  5
25A2
331
25A8
  5
25A3
331
25A9
  5
25A4
331
25AA
  5
25A5
331
25AB
  5
25A6
331
25AC
  5
25A7
331
25AD
  5
25A8
331
25AE
  5
25A9
331
25AF
  5
25AA
331
25B0
  5
25AB
331
25B1
  5
25AC
331
25B2
  5
25AD
331
25B3
  5
25AE
331
25B4
  5
25AF
331
25B5
  5
25B0
331
25B6
  5
25B1
331
25B7
  5
25B2
331
25B8
  5
25B3
331
25B9
  5
25B4
331
25BA
  5
25B5
331
25BB
  5
25B6
331
25BC
  5
25B7
331
25BD
  5
25B8
331
25BE
  5
25B9
331
25BF
  5
25BA
331
25C0
  5
25BB
331
25C1
  5
25BC
331
25C2
  5
25BD
331
25C3
  5
25BE
331
25C4
  5
25BF
331
25C5
  5
25C0
331
25C6
  5
25C1
331
25C7
  5
25C2
331
25C8
  5
25C3
331
25C9
  5
25C4
331
25CA
  5
25C5
331
25CB
  5
25C6
331
25CC
  5
25C7
331
25CD
  5
25C8
331
25CE
  5
25C9
331
25CF
  5
25CA
331
25D0
  5
25CB
331
25D1
  5
25CC
331
25D2
  5
25CD
331
25D3
  5
25CE
331
25D4
  5
25CF
331
25D5
  5
25D0
331
25D6
  5
25D1
331
25D7
  5
25D2
331
25D8
  5
25D3
331
25D9
  5
25D4
331
25DA
  5
25D5
331
25DB
  5
25DA
331
25DC
  5
25DB
331
25DD
  5
25DC
331
25DE
  5
25DD
331
25DF
  5
25DE
331
25E0
  5
25DF
331
25E1
  5
25E0
331
25E2
  5
25E1
331
25E3
  5
25E2
331
25E4
  5
25E3
331
25E5
  5
25E4
331
25E6
  5
25E5
331
25E7
  5
25E6
331
25E8
  5
25E7
331
25E9
  5
25E8
331
25EA
  5
25E9
331
25EB
  5
25EA
331
25EC
  5
25EB
331
25ED
  5
25EC
331
25EE
  5
25ED
331
25EF
  5
25EE
331
25F0
  5
25EF
331
25F1
  5
25F0
331
25F2
  5
25F1
331
25F3
  5
25F2
331
25F4
  5
25F3
331
25F5
  5
25F4
331
25F6
  5
25F5
331
25F7
  5
25F6
331
25F8
  5
25F7
331
25F9
  5
25F8
331
25FA
  5
25F9
331
25FB
  5
25FA
331
25FC
  5
25FB
331
25FD
  5
25FC
331
25FE
  5
25FD
331
25FF
  5
25FE
331
2600
  5
25FF
331
2601
  5
2600
331
2602
  5
2601
331
2603
  5
2602
331
2604
  5
2603
331
2605
  5
2604
331
2606
  5
2605
331
2607
  5
2606
331
2608
  5
2607
331
2609
  5
2608
331
260A
  5
2609
331
260B
  5
260A
331
260C
  5
260B
331
260D
  5
260C
331
260E
  5
260D
331
260F
  5
260E
331
2610
  5
260F
331
2611
  5
2610
331
2612
  5
2611
331
2613
  5
2612
331
2614
  5
2613
331
2615
  5
2614
331
2616
  5
2615
331
2617
  5
2616
331
2618
  5
2617
331
2619
  5
2618
331
261A
  5
2619
  0
ACDBDETAILVIEWSTYLE
  5
20A5
102
{ACAD_XDICTIONARY
360
26AD
102
}
102
{ACAD_REACTORS
330
20A4
102
}
330
20A4
100
AcDbModelDocViewStyle
 70
     0
  3
Metric50
290
     0
100
AcDbDetailViewStyle
 70
     0
 71
     0
 90
        3
 71
     1
340
11
 62
   256
 40
5.0
340
0
 62
   256
 40
5.0
300

 40
0.0
280
     1
 71
     2
340
16
 90
       25
 62
   256
 71
     3
340
11
 62
   256
 40
5.0
 90
        0
 40
15.0
 90
        1
300
%<\AcVar ViewDetailId>% (%<\AcVar ViewScale \f "%sn">%)
 71
     4
340
16
 90
       25
 62
   256
340
16
 90
       25
 62
   256
280
     0
  0
LAYOUT
  5
22
102
{ACAD_XDICTIONARY
360
16D0
102
}
102
{ACAD_REACTORS
330
1A
102
}
330
1A
100
AcDbPlotSettings
  1

  2
none_device
  4
ISO_A4_(210.00_x_297.00_MM)
  6

 40
7.5
 41
20.0
 42
7.5
 43
20.0
 44
210.0
 45
297.0
 46
11.54999923706054
 47
-13.65000009536743
 48
0.0
 49
0.0
140
0.0
141
0.0
142
1.0
143
8.704084754739808
 70
 11952
 72
     1
 73
     0
 74
     0
  7

 75
     0
147
0.1148885871608098
 76
     0
 77
     2
 78
   300
148
0.0
149
0.0
100
AcDbLayout
  1
Model
 70
     1
 71
     0
 10
0.0
 20
0.0
 11
12.0
 21
9.0
 12
0.0
 22
0.0
 32
0.0
 14
0.0
 24
0.0
 34
0.0
 15
0.0
 25
0.0
 35
0.0
146
0.0
 13
0.0
 23
0.0
 33
0.0
 16
1.0
 26
0.0
 36
0.0
 17
0.0
 27
1.0
 37
0.0
 76
     0
330
1F
331
EA
1001
ACAD_PSEXT
1000
None
1000
None
1000
Not applicable
1000
The layout will not be plotted unless a new plotter configuration name is selected.
1070
     0
  0
LAYOUT
  5
D3
102
{ACAD_REACTORS
330
1A
102
}
330
1A
100
AcDbPlotSettings
  1

  2
C:\Documents and Settings\basas\Application Data\Autodesk\AutoCAD 2005\R16.1\enu\plotters\Default Windows System Printer.pc3
  4

  6

 40
0.0
 41
0.0
 42
0.0
 43
0.0
 44
0.0
 45
0.0
 46
0.0
 47
0.0
 48
0.0
 49
0.0
140
0.0
141
0.0
142
1.0
143
1.0
 70
   688
 72
     0
 73
     0
 74
     5
  7

 75
    16
147
1.0
 76
     0
 77
     2
 78
   300
148
0.0
149
0.0
100
AcDbLayout
  1
Presentación1
 70
     1
 71
     1
 10
0.0
 20
0.0
 11
12.0
 21
9.0
 12
0.0
 22
0.0
 32
0.0
 14
0.0
 24
0.0
 34
0.0
 15
0.0
 25
0.0
 35
0.0
146
0.0
 13
0.0
 23
0.0
 33
0.0
 16
1.0
 26
0.0
 36
0.0
 17
0.0
 27
1.0
 37
0.0
 76
     0
330
D2
  0
LAYOUT
  5
D7
102
{ACAD_REACTORS
330
1A
102
}
330
1A
100
AcDbPlotSettings
  1

  2
C:\Documents and Settings\basas\Application Data\Autodesk\AutoCAD 2005\R16.1\enu\plotters\Default Windows System Printer.pc3
  4

  6

 40
0.0
 41
0.0
 42
0.0
 43
0.0
 44
0.0
 45
0.0
 46
0.0
 47
0.0
 48
0.0
 49
0.0
140
0.0
141
0.0
142
1.0
143
1.0
 70
   688
 72
     0
 73
     0
 74
     5
  7

 75
    16
147
1.0
 76
     0
 77
     2
 78
   300
148
0.0
149
0.0
100
AcDbLayout
  1
Presentación2
 70
     1
 71
     2
 10
0.0
 20
0.0
 11
12.0
 21
9.0
 12
0.0
 22
0.0
 32
0.0
 14
0.0
 24
0.0
 34
0.0
 15
0.0
 25
0.0
 35
0.0
146
0.0
 13
0.0
 23
0.0
 33
0.0
 16
1.0
 26
0.0
 36
0.0
 17
0.0
 27
1.0
 37
0.0
 76
     0
330
D6
  0
MATERIAL
  5
ED
102
{ACAD_XDICTIONARY
360
350
102
}
102
{ACAD_REACTORS
330
6A
102
}
330
6A
100
AcDbMaterial
  1
ByBlock
  0
MATERIAL
  5
EC
102
{ACAD_XDICTIONARY
360
34E
102
}
102
{ACAD_REACTORS
330
6A
102
}
330
6A
100
AcDbMaterial
  1
ByLayer
  0
MATERIAL
  5
EE
102
{ACAD_XDICTIONARY
360
173
102
}
102
{ACAD_REACTORS
330
6A
102
}
330
6A
100
AcDbMaterial
  1
Global
 43
0.0007999999797903
 43
0.0
 43
0.0
 43
0.0
 43
0.0
 43
0.0007999999797903
 43
0.0
 43
0.0
 43
0.0
 43
0.0
 43
1.0
 43
0.0
 43
0.0
 43
0.0
 43
0.0
 43
1.0
 49
0.0007999999797903
 49
0.0
 49
0.0
 49
0.0
 49
0.0
 49
0.0007999999797903
 49
0.0
 49
0.0
 49
0.0
 49
0.0
 49
1.0
 49
0.0
 49
0.0
 49
0.0
 49
0.0
 49
1.0
142
0.0007999999797903
142
0.0
142
0.0
142
0.0
142
0.0
142
0.0007999999797903
142
0.0
142
0.0
142
0.0
142
0.0
142
1.0
142
0.0
142
0.0
142
0.0
142
0.0
142
1.0
144
0.0007999999797903
144
0.0
144
0.0
144
0.0
144
0.0
144
0.0007999999797903
144
0.0
144
0.0
144
0.0
144
0.0
144
1.0
144
0.0
144
0.0
144
0.0
144
0.0
144
1.0
1001
ACAD
1070
    -1
1070
     3
1070
     0
1000

1071
        0
1070
     0
  0
MLEADERSTYLE
  5
12E
102
{ACAD_REACTORS
330
12D
102
}
330
12D
100
AcDbMLeaderStyle
170
     2
171
     1
172
     0
 90
        2
 40
0.0
 41
0.0
173
     1
 91
-1056964608
340
14
 92
       -2
290
     1
 42
2.0
291
     1
 43
8.0
  3
Standard
 44
4.0
300

342
11
174
     1
178
     1
175
     1
176
     0
 93
-1056964608
 45
4.0
292
     0
297
     0
 46
4.0
 94
-1056964608
 47
1.0
 49
1.0
140
1.0
293
     1
141
0.0
294
     1
177
     0
142
1.0
295
     0
296
     0
143
3.75
1001
ACAD_MLEADERVER
1070
     2
  0
MLINESTYLE
  5
18
102
{ACAD_REACTORS
330
17
102
}
330
17
100
AcDbMlineStyle
  2
STANDARD
 70
     0
  3

 62
   256
 51
90.0
 52
90.0
 71
     2
 49
0.5
 62
   256
  6
BYLAYER
 49
-0.5
 62
   256
  6
BYLAYER
  0
ACDBPLACEHOLDER
  5
F
102
{ACAD_REACTORS
330
E
102
}
330
E
  0
SCALE
  5
10D
102
{ACAD_REACTORS
330
10C
102
}
330
10C
100
AcDbScale
 70
     0
300
1:1
140
1.0
141
1.0
290
     1
  0
SCALE
  5
1BE
102
{ACAD_REACTORS
330
10C
102
}
330
10C
100
AcDbScale
 70
     0
300
1:2
140
1.0
141
2.0
290
     0
  0
SCALE
  5
1BF
102
{ACAD_REACTORS
330
10C
102
}
330
10C
100
AcDbScale
 70
     0
300
1:4
140
1.0
141
4.0
290
     0
  0
SCALE
  5
1C0
102
{ACAD_REACTORS
330
10C
102
}
330
10C
100
AcDbScale
 70
     0
300
1:5
140
1.0
141
5.0
290
     0
  0
SCALE
  5
1C1
102
{ACAD_REACTORS
330
10C
102
}
330
10C
100
AcDbScale
 70
     0
300
1:8
140
1.0
141
8.0
290
     0
  0
SCALE
  5
1C2
102
{ACAD_REACTORS
330
10C
102
}
330
10C
100
AcDbScale
 70
     0
300
1:10
140
1.0
141
10.0
290
     0
  0
SCALE
  5
1C3
102
{ACAD_REACTORS
330
10C
102
}
330
10C
100
AcDbScale
 70
     0
300
1:16
140
1.0
141
16.0
290
     0
  0
SCALE
  5
1C4
102
{ACAD_REACTORS
330
10C
102
}
330
10C
100
AcDbScale
 70
     0
300
1:20
140
1.0
141
20.0
290
     0
  0
SCALE
  5
1C5
102
{ACAD_REACTORS
330
10C
102
}
330
10C
100
AcDbScale
 70
     0
300
1:30
140
1.0
141
30.0
290
     0
  0
SCALE
  5
1C6
102
{ACAD_REACTORS
330
10C
102
}
330
10C
100
AcDbScale
 70
     0
300
1:40
140
1.0
141
40.0
290
     0
  0
SCALE
  5
1C7
102
{ACAD_REACTORS
330
10C
102
}
330
10C
100
AcDbScale
 70
     0
300
1:50
140
1.0
141
50.0
290
     0
  0
SCALE
  5
1C8
102
{ACAD_REACTORS
330
10C
102
}
330
10C
100
AcDbScale
 70
     0
300
1:100
140
1.0
141
100.0
290
     0
  0
SCALE
  5
1C9
102
{ACAD_REACTORS
330
10C
102
}
330
10C
100
AcDbScale
 70
     0
300
2:1
140
2.0
141
1.0
290
     0
  0
SCALE
  5
1CA
102
{ACAD_REACTORS
330
10C
102
}
330
10C
100
AcDbScale
 70
     0
300
4:1
140
4.0
141
1.0
290
     0
  0
SCALE
  5
1CB
102
{ACAD_REACTORS
330
10C
102
}
330
10C
100
AcDbScale
 70
     0
300
8:1
140
8.0
141
1.0
290
     0
  0
SCALE
  5
1CC
102
{ACAD_REACTORS
330
10C
102
}
330
10C
100
AcDbScale
 70
     0
300
10:1
140
10.0
141
1.0
290
     0
  0
SCALE
  5
1CD
102
{ACAD_REACTORS
330
10C
102
}
330
10C
100
AcDbScale
 70
     0
300
100:1
140
100.0
141
1.0
290
     0
  0
ACDBSECTIONVIEWSTYLE
  5
20A3
102
{ACAD_XDICTIONARY
360
26AB
102
}
102
{ACAD_REACTORS
330
20A2
102
}
330
20A2
100
AcDbModelDocViewStyle
 70
     0
  3
Metric50
290
     0
100
AcDbSectionViewStyle
 70
     0
 71
     0
 90
      102
 71
     1
340
11
 62
   256
 40
5.0
340
0
340
0
 62
   256
 40
5.0
300
I, O, Q, S, X, Z
 40
10.0
 90
        0
 40
2.5
 90
        0
 71
     2
340
16
 90
       25
 62
   256
340
16
 90
       50
 62
   256
 40
5.0
 40
2.5
 40
5.0
 71
     3
340
11
 62
   256
 40
5.0
 90
        0
 40
15.0
 90
        1
300
%<\AcVar ViewSectionStartId>%-%<\AcVar ViewSectionEndId>% (%<\AcVar ViewScale \f "%sn">%)
 71
     4
 62
   256
 62
   257
300
ANSI31
 40
1.0
 90
        0
290
     0
290
     0
 90
        6
 40
0.0
 40
1.570796326794896
 40
0.2617993877991494
 40
1.308996938995747
 40
-0.2617993877991494
 40
1.832595714594044
  0
TABLESTYLE
  5
22C2
102
{ACAD_XDICTIONARY
360
22C3
102
}
102
{ACAD_REACTORS
330
7E
102
}
330
7E
100
AcDbTableStyle
  3
Standard
 70
     0
 71
     0
 40
1.5
 41
1.5
280
     0
281
     0
  7
Cortizo Industrial
140
2.0
170
     5
 62
     0
 63
     7
283
     0
274
    -2
284
     1
 64
     0
275
    -2
285
     1
 65
     0
276
    -2
286
     1
 66
     0
277
    -2
287
     1
 67
     0
278
    -2
288
     1
 68
     0
279
    -2
289
     1
 69
     0
  7
Standard
140
3.0
170
     5
 62
     0
 63
     7
283
     0
274
    -2
284
     1
 64
     0
275
    -2
285
     1
 65
     0
276
    -2
286
     1
 66
     0
277
    -2
287
     1
 67
     0
278
    -2
288
     1
 68
     0
279
    -2
289
     1
 69
     0
  7
Cortizo Industrial
140
2.299999999999998
170
     5
 62
     0
 63
     7
283
     0
274
    -2
284
     1
 64
     0
275
    -2
285
     1
 65
     0
276
    -2
286
     1
 66
     0
277
    -2
287
     1
 67
     0
278
    -2
288
     1
 68
     0
279
    -2
289
     1
 69
     0
  0
TABLESTYLE
  5
7F
102
{ACAD_XDICTIONARY
360
162
102
}
102
{ACAD_REACTORS
330
7E
102
}
330
7E
100
AcDbTableStyle
  3
Standard
 70
     0
 71
     0
 40
1.5
 41
1.5
280
     0
281
     0
  7
Standard
140
4.5
170
     2
 62
     0
 63
     7
283
     0
274
    -2
284
     1
 64
     0
275
    -2
285
     1
 65
     0
276
    -2
286
     1
 66
     0
277
    -2
287
     1
 67
     0
278
    -2
288
     1
 68
     0
279
    -2
289
     1
 69
     0
  7
Standard
140
6.0
170
     5
 62
     0
 63
     7
283
     0
274
    -2
284
     1
 64
     0
275
    -2
285
     1
 65
     0
276
    -2
286
     1
 66
     0
277
    -2
287
     1
 67
     0
278
    -2
288
     1
 68
     0
279
    -2
289
     1
 69
     0
  7
Standard
140
4.5
170
     5
 62
     0
 63
     7
283
     0
274
    -2
284
     1
 64
     0
275
    -2
285
     1
 65
     0
276
    -2
286
     1
 66
     0
277
    -2
287
     1
 67
     0
278
    -2
288
     1
 68
     0
279
    -2
289
     1
 69
     0
  0
VISUALSTYLE
  5
F5
102
{ACAD_XDICTIONARY
360
2681
102
}
102
{ACAD_REACTORS
330
EF
102
}
330
EF
100
AcDbVisualStyle
  2

 70
     4
 71
     0
 72
     2
 73
     1
 90
        0
 40
-0.6
 41
-30.0
 62
     5
 63
     7
 74
     1
 91
        4
 64
     7
 65
   257
 75
     1
175
     1
 42
1.0
 92
        0
 66
   257
 43
1.0
 76
     1
 77
     6
 78
     2
 67
     7
 79
     5
170
     0
171
     0
290
     0
174
     0
 93
        1
 44
0.0
173
     0
291
     0
 45
0.0
1001
ACAD
1000
AcDbSavedByObjectVersion
1070
     0
  0
VISUALSTYLE
  5
F7
102
{ACAD_XDICTIONARY
360
2685
102
}
102
{ACAD_REACTORS
330
EF
102
}
330
EF
100
AcDbVisualStyle
  2

 70
     6
 71
     1
 72
     2
 73
     2
 90
        0
 40
-0.6
 41
-30.0
 62
     5
 63
     7
 74
     2
 91
        2
 64
     7
 65
   257
 75
     2
175
     1
 42
40.0
 92
        0
 66
   257
 43
1.0
 76
     1
 77
     6
 78
     2
 67
     7
 79
     3
170
     0
171
     0
290
     0
174
     0
 93
        1
 44
0.0
173
     0
291
     0
 45
0.0
1001
ACAD
1000
AcDbSavedByObjectVersion
1070
     0
  0
VISUALSTYLE
  5
F6
102
{ACAD_XDICTIONARY
360
2683
102
}
102
{ACAD_REACTORS
330
EF
102
}
330
EF
100
AcDbVisualStyle
  2

 70
     5
 71
     0
 72
     2
 73
     1
 90
        0
 40
-0.6
 41
-30.0
 62
     5
 63
     7
 74
     1
 91
        4
 64
     7
 65
   257
 75
     1
175
     1
 42
1.0
 92
        0
 66
   257
 43
1.0
 76
     1
 77
     6
 78
     2
 67
     7
 79
     5
170
     0
171
     0
290
     0
174
     0
 93
        1
 44
0.0
173
     0
291
     0
 45
0.0
1001
ACAD
1000
AcDbSavedByObjectVersion
1070
     0
  0
VISUALSTYLE
  5
F4
102
{ACAD_XDICTIONARY
360
267F
102
}
102
{ACAD_REACTORS
330
EF
102
}
330
EF
100
AcDbVisualStyle
  2

 70
     7
 71
     1
 72
     0
 73
     1
 90
        0
 40
-0.6
 41
-30.0
 62
     5
 63
     7
 74
     0
 91
        4
 64
     7
 65
   257
 75
     1
175
     1
 42
1.0
 92
        8
 66
     7
 43
1.0
 76
     1
 77
     6
 78
     2
 67
     7
 79
     5
170
     0
171
     0
290
     0
174
     0
 93
        1
 44
0.0
173
     0
291
     1
 45
0.0
1001
ACAD
1000
AcDbSavedByObjectVersion
1070
     0
  0
VISUALSTYLE
  5
FB
102
{ACAD_XDICTIONARY
360
268D
102
}
102
{ACAD_REACTORS
330
EF
102
}
330
EF
100
AcDbVisualStyle
  2

 70
    12
 71
     2
 72
     2
 73
     1
 90
        0
 40
-0.6
 41
-30.0
 62
     5
 63
     7
 74
     1
 91
        4
 64
     7
 65
   257
 75
     1
175
     1
 42
1.0
 92
        8
 66
     7
 43
1.0
 76
     1
 77
     6
 78
     2
 67
     7
 79
     5
170
     0
171
     0
290
     0
174
     0
 93
        1
 44
50.0
173
     0
291
     1
 45
0.0
1001
ACAD
1000
AcDbSavedByObjectVersion
1070
     0
  0
VISUALSTYLE
  5
FF
102
{ACAD_XDICTIONARY
360
2695
102
}
102
{ACAD_REACTORS
330
EF
102
}
330
EF
100
AcDbVisualStyle
  2

 70
    16
 71
     2
 72
     2
 73
     3
 90
        0
 40
-0.6
 41
-30.0
 62
     5
 63
     8
 74
     1
 91
        4
 64
     7
 65
   257
 75
     1
175
     1
 42
1.0
 92
        8
 66
     8
 43
1.0
 76
     1
 77
     6
 78
     2
 67
     7
 79
     5
170
     0
171
     0
290
     0
174
     0
 93
        1
 44
0.0
173
     0
291
     1
 45
0.0
1001
ACAD
1000
AcDbSavedByObjectVersion
1070
     0
  0
VISUALSTYLE
  5
F8
102
{ACAD_XDICTIONARY
360
2687
102
}
102
{ACAD_REACTORS
330
EF
102
}
330
EF
100
AcDbVisualStyle
  2

 70
     9
 71
     3
 72
     2
 73
     1
 90
        0
 40
-0.6
 41
-30.0
 62
     5
 63
     7
 74
     2
 91
        2
 64
     7
 65
   257
 75
     1
175
     1
 42
40.0
 92
        8
 66
     7
 43
1.0
 76
     1
 77
     6
 78
     2
 67
     7
 79
     3
170
     0
171
     0
290
     0
174
     0
 93
        1
 44
0.0
173
     0
291
     0
 45
0.0
1001
ACAD
1000
AcDbSavedByObjectVersion
1070
     0
  0
VISUALSTYLE
  5
FA
102
{ACAD_XDICTIONARY
360
268B
102
}
102
{ACAD_REACTORS
330
EF
102
}
330
EF
100
AcDbVisualStyle
  2

 70
    11
 71
     2
 72
     2
 73
     1
 90
        0
 40
-0.6
 41
-30.0
 62
     5
 63
     7
 74
     1
 91
        4
 64
     7
 65
   257
 75
     1
175
     1
 42
1.0
 92
        8
 66
     7
 43
1.0
 76
     1
 77
     6
 78
     2
 67
     7
 79
     5
170
     0
171
     0
290
     0
174
     0
 93
        1
 44
-50.0
173
     0
291
     1
 45
0.0
1001
ACAD
1000
AcDbSavedByObjectVersion
1070
     0
  0
VISUALSTYLE
  5
1E6
102
{ACAD_XDICTIONARY
360
269B
102
}
102
{ACAD_REACTORS
330
EF
102
}
330
EF
100
AcDbVisualStyle
  2

 70
    22
 71
     2
 72
     2
 73
     0
 90
        0
 40
-0.6
 41
-30.0
 62
     5
 63
     7
 74
     1
 91
        4
 64
     7
 65
   257
 75
     1
175
     1
 42
1.0
 92
        8
 66
     7
 43
1.0
 76
     1
 77
     6
 78
     2
 67
     7
 79
     5
170
     0
171
     0
290
     0
174
     0
 93
        1
 44
0.0
173
     0
291
     1
 45
0.0
1001
ACAD
1000
AcDbSavedByObjectVersion
1070
     0
  0
VISUALSTYLE
  5
FE
102
{ACAD_XDICTIONARY
360
2693
102
}
102
{ACAD_REACTORS
330
EF
102
}
330
EF
100
AcDbVisualStyle
  2

 70
    15
 71
     2
 72
     2
 73
     1
 90
        0
 40
-0.6
 41
-30.0
 62
     5
 63
     7
 74
     1
 91
        4
 64
     7
 65
   257
 75
     1
175
     1
 42
1.0
 92
        8
 66
     7
 43
1.0
 76
     1
 77
     6
 78
     2
 67
     7
 79
     5
170
     0
171
     0
290
     0
174
     0
 93
        1
 44
0.0
173
     0
291
     1
 45
0.0
1001
ACAD
1000
AcDbSavedByObjectVersion
1070
     0
  0
VISUALSTYLE
  5
F0
102
{ACAD_XDICTIONARY
360
2677
102
}
102
{ACAD_REACTORS
330
EF
102
}
330
EF
100
AcDbVisualStyle
  2

 70
     0
 71
     2
 72
     1
 73
     1
 90
        2
 40
-0.6
 41
30.0
 62
     5
 63
     7
 74
     0
 91
        4
 64
     7
 65
   257
 75
     1
175
     1
 42
1.0
 92
        8
 66
     7
 43
1.0
 76
     1
 77
     6
 78
     2
 67
     7
 79
     5
170
     0
171
     0
290
     0
174
     0
 93
        1
 44
0.0
173
     0
291
     1
 45
0.0
1001
ACAD
1000
AcDbSavedByObjectVersion
1070
     0
  0
VISUALSTYLE
  5
F1
102
{ACAD_XDICTIONARY
360
2679
102
}
102
{ACAD_REACTORS
330
EF
102
}
330
EF
100
AcDbVisualStyle
  2

 70
     1
 71
     2
 72
     1
 73
     1
 90
        2
 40
-0.6
 41
30.0
 62
     5
 63
     7
 74
     1
 91
        4
 64
     7
 65
   257
 75
     1
175
     1
 42
1.0
 92
        0
 66
   257
 43
1.0
 76
     1
 77
     6
 78
     2
 67
     7
 79
     5
170
     0
171
     0
290
     0
174
     0
 93
        1
 44
0.0
173
     0
291
     1
 45
0.0
1001
ACAD
1000
AcDbSavedByObjectVersion
1070
     0
  0
VISUALSTYLE
  5
F2
102
{ACAD_XDICTIONARY
360
267B
102
}
102
{ACAD_REACTORS
330
EF
102
}
330
EF
100
AcDbVisualStyle
  2

 70
     2
 71
     2
 72
     2
 73
     1
 90
        2
 40
-0.6
 41
30.0
 62
     5
 63
     7
 74
     0
 91
        4
 64
     7
 65
   257
 75
     1
175
     1
 42
1.0
 92
        0
 66
     7
 43
1.0
 76
     1
 77
     6
 78
     2
 67
     7
 79
     5
170
     0
171
     0
290
     0
174
     0
 93
        1
 44
0.0
173
     0
291
     1
 45
0.0
1001
ACAD
1000
AcDbSavedByObjectVersion
1070
     0
  0
VISUALSTYLE
  5
F3
102
{ACAD_XDICTIONARY
360
267D
102
}
102
{ACAD_REACTORS
330
EF
102
}
330
EF
100
AcDbVisualStyle
  2

 70
     3
 71
     2
 72
     2
 73
     1
 90
        2
 40
-0.6
 41
30.0
 62
     5
 63
     7
 74
     1
 91
        4
 64
     7
 65
   257
 75
     1
175
     1
 42
1.0
 92
        0
 66
   257
 43
1.0
 76
     1
 77
     6
 78
     2
 67
     7
 79
     5
170
     0
171
     0
290
     0
174
     0
 93
        1
 44
0.0
173
     0
291
     1
 45
0.0
1001
ACAD
1000
AcDbSavedByObjectVersion
1070
     0
  0
VISUALSTYLE
  5
209C
102
{ACAD_XDICTIONARY
360
269F
102
}
102
{ACAD_REACTORS
330
EF
102
}
330
EF
100
AcDbVisualStyle
  2

 70
     6
 71
     1
 72
     2
 73
     2
 90
        0
 40
-0.6
 41
-30.0
 62
     5
 63
     7
421
 16777215
 74
     2
 91
        2
 64
     7
 65
   257
 75
     2
175
     1
 42
40.0
 92
        0
 66
   257
 43
1.0
 76
     1
 77
     6
 78
     2
 67
     7
 79
     3
170
     0
171
     0
290
     0
174
     0
 93
        1
 44
0.0
173
     0
291
     0
 45
0.0
1001
ACAD
1000
AcDbSavedByObjectVersion
1070
     0
  0
VISUALSTYLE
  5
1E4
102
{ACAD_XDICTIONARY
360
2697
102
}
102
{ACAD_REACTORS
330
EF
102
}
330
EF
100
AcDbVisualStyle
  2

 70
    20
 71
     2
 72
     2
 73
     0
 90
        0
 40
-0.6
 41
-30.0
 62
     5
 63
     7
 74
     1
 91
        4
 64
     7
 65
   257
 75
     1
175
     1
 42
1.0
 92
       10
 66
     7
 43
1.0
 76
     1
 77
     6
 78
     2
 67
     7
 79
     5
170
     0
171
     0
290
     0
174
     0
 93
        1
 44
0.0
173
     0
291
     1
 45
0.0
1001
ACAD
1000
AcDbSavedByObjectVersion
1070
     0
  0
VISUALSTYLE
  5
FD
102
{ACAD_XDICTIONARY
360
2691
102
}
102
{ACAD_REACTORS
330
EF
102
}
330
EF
100
AcDbVisualStyle
  2

 70
    14
 71
     2
 72
     2
 73
     1
 90
        0
 40
-0.6
 41
-30.0
 62
     5
 63
     7
 74
     1
 91
        4
 64
     7
 65
   257
 75
     7
175
     7
 42
1.0
 92
        8
 66
     7
 43
1.0
 76
     1
 77
     6
 78
     2
 67
     7
 79
     5
170
     0
171
     0
290
     0
174
     0
 93
        1
 44
0.0
173
     0
291
     1
 45
0.0
1001
ACAD
1000
AcDbSavedByObjectVersion
1070
     0
  0
VISUALSTYLE
  5
1E5
102
{ACAD_XDICTIONARY
360
2699
102
}
102
{ACAD_REACTORS
330
EF
102
}
330
EF
100
AcDbVisualStyle
  2

 70
    21
 71
     2
 72
     2
 73
     0
 90
        0
 40
-0.6
 41
-30.0
 62
     5
 63
     7
 74
     1
 91
        4
 64
     7
 65
   257
 75
     1
175
     1
 42
1.0
 92
        9
 66
     7
 43
1.0
 76
     1
 77
     6
 78
     2
 67
     7
 79
     5
170
     0
171
     0
290
     0
174
     0
 93
        1
 44
0.0
173
     0
291
     1
 45
0.0
1001
ACAD
1000
AcDbSavedByObjectVersion
1070
     0
  0
VISUALSTYLE
  5
F9
102
{ACAD_XDICTIONARY
360
2689
102
}
102
{ACAD_REACTORS
330
EF
102
}
330
EF
100
AcDbVisualStyle
  2

 70
     8
 71
     2
 72
     2
 73
     1
 90
        0
 40
-0.6
 41
-30.0
 62
     5
 63
     7
 74
     1
 91
        0
 64
     7
 65
   257
 75
     1
175
     1
 42
1.0
 92
        8
 66
     8
 43
1.0
 76
     1
 77
     6
 78
     2
 67
     7
 79
     5
170
     0
171
     0
290
     0
174
     0
 93
       13
 44
0.0
173
     0
291
     0
 45
0.0
1001
ACAD
1000
AcDbSavedByObjectVersion
1070
     0
  0
VISUALSTYLE
  5
20A1
102
{ACAD_XDICTIONARY
360
26A9
102
}
102
{ACAD_REACTORS
330
EF
102
}
330
EF
100
AcDbVisualStyle
  2

 70
    27
 71
     2
 72
     2
 73
     1
 90
        2
 40
-0.6
 41
30.0
 62
     5
 63
     7
421
 16777215
 74
     0
 91
        4
 64
     7
 65
   257
 75
     1
175
     1
 42
1.0
 92
        8
 66
   257
 43
1.0
 76
     1
 77
     6
 78
     2
 67
     8
425
  7895160
 79
     3
170
     0
171
     0
290
     0
174
     0
 93
        5
 44
0.0
173
     0
291
     0
 45
0.0
1001
ACAD
1000
AcDbSavedByObjectVersion
1070
     0
  0
VISUALSTYLE
  5
20A0
102
{ACAD_XDICTIONARY
360
26A7
102
}
102
{ACAD_REACTORS
330
EF
102
}
330
EF
100
AcDbVisualStyle
  2

 70
    26
 71
     2
 72
     2
 73
     1
 90
        2
 40
-0.6
 41
30.0
 62
     5
 63
     7
421
 16777215
 74
     1
 91
        2
 64
     7
 65
   257
 75
     2
175
     1
 42
1.0
 92
        8
 66
   257
 43
1.0
 76
     1
 77
     6
 78
     2
 67
     7
 79
     3
170
     0
171
     0
290
     0
174
     0
 93
        5
 44
0.0
173
     0
291
     0
 45
0.0
1001
ACAD
1000
AcDbSavedByObjectVersion
1070
     0
  0
VISUALSTYLE
  5
209D
102
{ACAD_XDICTIONARY
360
26A1
102
}
102
{ACAD_REACTORS
330
EF
102
}
330
EF
100
AcDbVisualStyle
  2

 70
    23
 71
     2
 72
     2
 73
     3
 90
        0
 40
-0.6
 41
-30.0
 62
     5
 63
     7
421
 16777215
 74
     2
 91
        2
 64
     7
 65
     7
 75
     1
175
     1
 42
40.0
 92
        8
 66
     7
 43
1.0
 76
     1
 77
     6
 78
     2
 67
     7
 79
     3
170
     0
171
     0
290
     0
174
     0
 93
        1
 44
0.0
173
     0
291
     0
 45
0.0
1001
ACAD
1000
AcDbSavedByObjectVersion
1070
     0
  0
VISUALSTYLE
  5
209E
102
{ACAD_XDICTIONARY
360
26A3
102
}
102
{ACAD_REACTORS
330
EF
102
}
330
EF
100
AcDbVisualStyle
  2

 70
    24
 71
     1
 72
     2
 73
     2
 90
        0
 40
-0.6
 41
-30.0
 62
     5
 63
     7
421
 16777215
 74
     2
 91
        2
 64
     7
 65
     7
 75
     1
175
     1
 42
40.0
 92
       11
 66
     7
 43
1.0
 76
     1
 77
     6
 78
     2
 67
     7
 79
     6
170
     0
171
     0
290
     0
174
     0
 93
        1
 44
0.0
173
     0
291
     0
 45
0.0
1001
ACAD
1000
AcDbSavedByObjectVersion
1070
     0
  0
VISUALSTYLE
  5
FC
102
{ACAD_XDICTIONARY
360
268F
102
}
102
{ACAD_REACTORS
330
EF
102
}
330
EF
100
AcDbVisualStyle
  2

 70
    13
 71
     2
 72
     2
 73
     1
 90
        0
 40
-0.6
 41
-30.0
 62
     5
 63
     7
 74
     1
 91
        4
 64
     7
 65
   257
 75
     1
175
     1
 42
1.0
 92
       12
 66
     7
 43
1.0
 76
     1
 77
     6
 78
     2
 67
     7
 79
     5
170
     0
171
     0
290
     0
174
     0
 93
        1
 44
0.0
173
     0
291
     1
 45
0.0
1001
ACAD
1000
AcDbSavedByObjectVersion
1070
     0
  0
VISUALSTYLE
  5
209B
102
{ACAD_XDICTIONARY
360
269D
102
}
102
{ACAD_REACTORS
330
EF
102
}
330
EF
100
AcDbVisualStyle
  2

 70
     5
 71
     0
 72
     2
 73
     0
 90
        0
 40
-0.6
 41
-30.0
 62
     5
 63
     7
421
 16777215
 74
     1
 91
        4
 64
     7
 65
   257
 75
     1
175
     1
 42
1.0
 92
        0
 66
   257
 43
1.0
 76
     1
 77
     6
 78
     2
 67
     7
 79
     3
170
     0
171
     0
290
     0
174
     0
 93
        1
 44
0.0
173
     0
291
     0
 45
0.0
1001
ACAD
1000
AcDbSavedByObjectVersion
1070
     0
  0
VISUALSTYLE
  5
209F
102
{ACAD_XDICTIONARY
360
26A5
102
}
102
{ACAD_REACTORS
330
EF
102
}
330
EF
100
AcDbVisualStyle
  2

 70
    25
 71
     2
 72
     2
 73
     1
 90
        1
 40
0.5
 41
-30.0
 62
     5
 63
     7
421
 16777215
 74
     1
 91
        0
 64
     7
 65
   257
 75
     1
175
     1
 42
1.0
 92
        8
 66
     7
 43
1.0
 76
     1
 77
     6
 78
     2
 67
     7
 79
     3
170
     0
171
     0
290
     0
174
     0
 93
       13
 44
0.0
173
     0
291
     0
 45
0.0
1001
ACAD
1000
AcDbSavedByObjectVersion
1070
     0
  0
DICTIONARYVAR
  5
23B6
102
{ACAD_REACTORS
330
23B5
102
}
330
23B5
100
DictionaryVariables
280
     0
  1
100.000000
  0
DICTIONARYVAR
  5
23B7
102
{ACAD_REACTORS
330
23B5
102
}
330
23B5
100
DictionaryVariables
280
     0
  1
1
  0
DICTIONARYVAR
  5
23B8
102
{ACAD_REACTORS
330
23B5
102
}
330
23B5
100
DictionaryVariables
280
     0
  1
1:1
  0
DICTIONARYVAR
  5
23B9
102
{ACAD_REACTORS
330
23B5
102
}
330
23B5
100
DictionaryVariables
280
     0
  1
AM_7
  0
DICTIONARYVAR
  5
23BA
102
{ACAD_REACTORS
330
23B5
102
}
330
23B5
100
DictionaryVariables
280
     0
  1
STANDARD
  0
DICTIONARYVAR
  5
23BB
102
{ACAD_REACTORS
330
23B5
102
}
330
23B5
100
DictionaryVariables
280
     0
  1
STANDARD
  0
DICTIONARYVAR
  5
23BC
102
{ACAD_REACTORS
330
23B5
102
}
330
23B5
100
DictionaryVariables
280
     0
  1
Metric50
  0
DICTIONARYVAR
  5
23BD
102
{ACAD_REACTORS
330
23B5
102
}
330
23B5
100
DictionaryVariables
280
     0
  1
Metric50
  0
DICTIONARYVAR
  5
23BE
102
{ACAD_REACTORS
330
23B5
102
}
330
23B5
100
DictionaryVariables
280
     0
  1
0
  0
DICTIONARYVAR
  5
23BF
102
{ACAD_REACTORS
330
23B5
102
}
330
23B5
100
DictionaryVariables
280
     0
  1
2
  0
DICTIONARYVAR
  5
23C0
102
{ACAD_REACTORS
330
23B5
102
}
330
23B5
100
DictionaryVariables
280
     0
  1
1
  0
DICTIONARYVAR
  5
23C1
102
{ACAD_REACTORS
330
23B5
102
}
330
23B5
100
DictionaryVariables
280
     0
  1
1
  0
DICTIONARYVAR
  5
23C2
102
{ACAD_REACTORS
330
23B5
102
}
330
23B5
100
DictionaryVariables
280
     0
  1
BYLAYER
  0
DICTIONARYVAR
  5
23C3
102
{ACAD_REACTORS
330
23B5
102
}
330
23B5
100
DictionaryVariables
280
     0
  1
0
  0
DICTIONARYVAR
  5
23C4
102
{ACAD_REACTORS
330
23B5
102
}
330
23B5
100
DictionaryVariables
280
     0
  1
ByLayer
  0
DICTIONARYVAR
  5
23C5
102
{ACAD_REACTORS
330
23B5
102
}
330
23B5
100
DictionaryVariables
280
     0
  1
0
  0
DICTIONARYVAR
  5
23C6
102
{ACAD_REACTORS
330
23B5
102
}
330
23B5
100
DictionaryVariables
280
     0
  1
0
  0
DICTIONARYVAR
  5
23C7
102
{ACAD_REACTORS
330
23B5
102
}
330
23B5
100
DictionaryVariables
280
     0
  1
0
  0
DICTIONARYVAR
  5
23C8
102
{ACAD_REACTORS
330
23B5
102
}
330
23B5
100
DictionaryVariables
280
     0
  1
2
  0
DICTIONARYVAR
  5
23C9
102
{ACAD_REACTORS
330
23B5
102
}
330
23B5
100
DictionaryVariables
280
     0
  1
0
  0
DICTIONARYVAR
  5
23CA
102
{ACAD_REACTORS
330
23B5
102
}
330
23B5
100
DictionaryVariables
280
     0
  1
1.000000
  0
DICTIONARYVAR
  5
23CB
102
{ACAD_REACTORS
330
23B5
102
}
330
23B5
100
DictionaryVariables
280
     0
  1
1
  0
DICTIONARYVAR
  5
23CC
102
{ACAD_REACTORS
330
23B5
102
}
330
23B5
100
DictionaryVariables
280
     0
  1
2
  0
DICTIONARYVAR
  5
2624
102
{ACAD_REACTORS
330
23B5
102
}
330
23B5
100
DictionaryVariables
280
     0
  1
80.000000
  0
DICTIONARYVAR
  5
2623
102
{ACAD_REACTORS
330
23B5
102
}
330
23B5
100
DictionaryVariables
280
     0
  1
5.000000
  0
DICTIONARYVAR
  5
23CD
102
{ACAD_REACTORS
330
23B5
102
}
330
23B5
100
DictionaryVariables
280
     0
  1
127
  0
DICTIONARYVAR
  5
23CE
102
{ACAD_REACTORS
330
23B5
102
}
330
23B5
100
DictionaryVariables
280
     0
  1
6.000000
  0
DICTIONARYVAR
  5
23CF
102
{ACAD_REACTORS
330
23B5
102
}
330
23B5
100
DictionaryVariables
280
     0
  1
2.000000
  0
DICTIONARYVAR
  5
23D0
102
{ACAD_REACTORS
330
23B5
102
}
330
23B5
100
DictionaryVariables
280
     0
  1
BC
  0
DICTIONARYVAR
  5
23D1
102
{ACAD_REACTORS
330
23B5
102
}
330
23B5
100
DictionaryVariables
280
     0
  1
AM_6
  0
DICTIONARYVAR
  5
2625
102
{ACAD_REACTORS
330
23B5
102
}
330
23B5
100
DictionaryVariables
280
     0
  1
2
  0
DICTIONARYVAR
  5
23D2
102
{ACAD_REACTORS
330
23B5
102
}
330
23B5
100
DictionaryVariables
280
     0
  1
AM_0
  0
DICTIONARY
  5
2675
102
{ACAD_REACTORS
330
2673
102
}
330
2673
100
AcDbDictionary
281
     1
  0
DICTIONARY
  5
2674
102
{ACAD_REACTORS
330
2673
102
}
330
2673
100
AcDbDictionary
281
     1
  3
1580119572064
350
266E
  3
1580119572080
350
266F
  3
1580119572096
350
2670
  3
1580119572112
350
2671
  3
1580119572128
350
2672
  0
DICTIONARY
  5
26AD
330
20A5
100
AcDbDictionary
280
     1
281
     1
  3
ACAD_XREC_ROUNDTRIP
360
26AE
  0
DICTIONARY
  5
16D0
330
22
100
AcDbDictionary
280
     1
281
     1
  0
DICTIONARY
  5
350
330
ED
100
AcDbDictionary
280
     1
281
     1
  3
ACAD_XREC_ROUNDTRIP
360
351
  0
DICTIONARY
  5
34E
330
EC
100
AcDbDictionary
280
     1
281
     1
  3
ACAD_XREC_ROUNDTRIP
360
34F
  0
DICTIONARY
  5
173
330
EE
100
AcDbDictionary
280
     1
281
     1
  3
ACAD_XREC_ROUNDTRIP
360
352
  3
BUMPTILE
360
175
  3
DIFFUSETILE
360
174
  3
OPACITYTILE
360
176
  3
REFLECTIONTILE
360
177
  0
DICTIONARY
  5
26AB
330
20A3
100
AcDbDictionary
280
     1
281
     1
  3
ACAD_XREC_ROUNDTRIP
360
26AC
  0
DICTIONARY
  5
22C3
330
22C2
100
AcDbDictionary
280
     1
281
     1
  3
ACAD_ROUNDTRIP_2008_TABLESTYLE_CELLSTYLEMAP
360
266C
  3
ACAD_XREC_ROUNDTRIP
360
26AF
  0
DICTIONARY
  5
162
330
7F
100
AcDbDictionary
280
     1
281
     1
  3
ACAD_ROUNDTRIP_2008_TABLESTYLE_CELLSTYLEMAP
360
266B
  3
ACAD_XREC_ROUNDTRIP
360
2676
  0
DICTIONARY
  5
2681
330
F5
100
AcDbDictionary
280
     1
281
     1
  3
ACAD_XREC_ROUNDTRIP
360
2682
  0
DICTIONARY
  5
2685
330
F7
100
AcDbDictionary
280
     1
281
     1
  3
ACAD_XREC_ROUNDTRIP
360
2686
  0
DICTIONARY
  5
2683
330
F6
100
AcDbDictionary
280
     1
281
     1
  3
ACAD_XREC_ROUNDTRIP
360
2684
  0
DICTIONARY
  5
267F
330
F4
100
AcDbDictionary
280
     1
281
     1
  3
ACAD_XREC_ROUNDTRIP
360
2680
  0
DICTIONARY
  5
268D
330
FB
100
AcDbDictionary
280
     1
281
     1
  3
ACAD_XREC_ROUNDTRIP
360
268E
  0
DICTIONARY
  5
2695
330
FF
100
AcDbDictionary
280
     1
281
     1
  3
ACAD_XREC_ROUNDTRIP
360
2696
  0
DICTIONARY
  5
2687
330
F8
100
AcDbDictionary
280
     1
281
     1
  3
ACAD_XREC_ROUNDTRIP
360
2688
  0
DICTIONARY
  5
268B
330
FA
100
AcDbDictionary
280
     1
281
     1
  3
ACAD_XREC_ROUNDTRIP
360
268C
  0
DICTIONARY
  5
269B
330
1E6
100
AcDbDictionary
280
     1
281
     1
  3
ACAD_XREC_ROUNDTRIP
360
269C
  0
DICTIONARY
  5
2693
330
FE
100
AcDbDictionary
280
     1
281
     1
  3
ACAD_XREC_ROUNDTRIP
360
2694
  0
DICTIONARY
  5
2677
330
F0
100
AcDbDictionary
280
     1
281
     1
  3
ACAD_XREC_ROUNDTRIP
360
2678
  0
DICTIONARY
  5
2679
330
F1
100
AcDbDictionary
280
     1
281
     1
  3
ACAD_XREC_ROUNDTRIP
360
267A
  0
DICTIONARY
  5
267B
330
F2
100
AcDbDictionary
280
     1
281
     1
  3
ACAD_XREC_ROUNDTRIP
360
267C
  0
DICTIONARY
  5
267D
330
F3
100
AcDbDictionary
280
     1
281
     1
  3
ACAD_XREC_ROUNDTRIP
360
267E
  0
DICTIONARY
  5
269F
330
209C
100
AcDbDictionary
280
     1
281
     1
  3
ACAD_XREC_ROUNDTRIP
360
26A0
  0
DICTIONARY
  5
2697
330
1E4
100
AcDbDictionary
280
     1
281
     1
  3
ACAD_XREC_ROUNDTRIP
360
2698
  0
DICTIONARY
  5
2691
330
FD
100
AcDbDictionary
280
     1
281
     1
  3
ACAD_XREC_ROUNDTRIP
360
2692
  0
DICTIONARY
  5
2699
330
1E5
100
AcDbDictionary
280
     1
281
     1
  3
ACAD_XREC_ROUNDTRIP
360
269A
  0
DICTIONARY
  5
2689
330
F9
100
AcDbDictionary
280
     1
281
     1
  3
ACAD_XREC_ROUNDTRIP
360
268A
  0
DICTIONARY
  5
26A9
330
20A1
100
AcDbDictionary
280
     1
281
     1
  3
ACAD_XREC_ROUNDTRIP
360
26AA
  0
DICTIONARY
  5
26A7
330
20A0
100
AcDbDictionary
280
     1
281
     1
  3
ACAD_XREC_ROUNDTRIP
360
26A8
  0
DICTIONARY
  5
26A1
330
209D
100
AcDbDictionary
280
     1
281
     1
  3
ACAD_XREC_ROUNDTRIP
360
26A2
  0
DICTIONARY
  5
26A3
330
209E
100
AcDbDictionary
280
     1
281
     1
  3
ACAD_XREC_ROUNDTRIP
360
26A4
  0
DICTIONARY
  5
268F
330
FC
100
AcDbDictionary
280
     1
281
     1
  3
ACAD_XREC_ROUNDTRIP
360
2690
  0
DICTIONARY
  5
269D
330
209B
100
AcDbDictionary
280
     1
281
     1
  3
ACAD_XREC_ROUNDTRIP
360
269E
  0
DICTIONARY
  5
26A5
330
209F
100
AcDbDictionary
280
     1
281
     1
  3
ACAD_XREC_ROUNDTRIP
360
26A6
  0
XRECORD
  5
266E
102
{ACAD_REACTORS
330
2674
102
}
330
2674
100
AcDbXrecord
280
     1
  1
AcDb_Thumbnail_Schema
102
{ATTRRECORD
341
266F
  2
AcDbDs::TreatedAsObjectData
280
     1
291
     1
102
ATTRRECORD}
102
{ATTRRECORD
341
2670
  2
AcDbDs::Legacy
280
     1
291
     1
102
ATTRRECORD}
  2
AcDbDs::ID
280
    10
 91
        8
102
{ATTRRECORD
341
2671
  2
AcDs:Indexable
280
     1
291
     1
102
ATTRRECORD}
102
{ATTRRECORD
341
2672
  2
AcDbDs::HandleAttribute
280
     7
282
     1
102
ATTRRECORD}
  2
Thumbnail_Data
280
    15
 91
        0
  0
XRECORD
  5
266F
102
{ACAD_REACTORS
330
2674
102
}
330
2674
100
AcDbXrecord
280
     1
  1
AcDbDs::TreatedAsObjectDataSchema
  2
AcDbDs::TreatedAsObjectData
280
     1
 91
        0
  0
XRECORD
  5
2670
102
{ACAD_REACTORS
330
2674
102
}
330
2674
100
AcDbXrecord
280
     1
  1
AcDbDs::LegacySchema
  2
AcDbDs::Legacy
280
     1
 91
        0
  0
XRECORD
  5
2671
102
{ACAD_REACTORS
330
2674
102
}
330
2674
100
AcDbXrecord
280
     1
  1
AcDbDs::IndexedPropertySchema
  2
AcDs:Indexable
280
     1
 91
        0
  0
XRECORD
  5
2672
102
{ACAD_REACTORS
330
2674
102
}
330
2674
100
AcDbXrecord
280
     1
  1
AcDbDs::HandleAttributeSchema
  2
AcDbDs::HandleAttribute
280
     7
 91
        1
284
     1
  0
XRECORD
  5
26AE
102
{ACAD_REACTORS
330
26AD
102
}
330
26AD
100
AcDbXrecord
280
     1
102
DISPLAYNAME
  1
Metric50
102
FLAGS
 90
        0
  0
XRECORD
  5
351
102
{ACAD_REACTORS
330
350
102
}
330
350
100
AcDbXrecord
280
     1
102
MATERIAL
148
0.0
149
0.0
149
0.0
 93
        0
 94
      127
282
     0
 72
     1
 77
     1
171
     1
175
     1
179
     1
273
     0
  0
XRECORD
  5
34F
102
{ACAD_REACTORS
330
34E
102
}
330
34E
100
AcDbXrecord
280
     1
102
MATERIAL
148
0.0
149
0.0
149
0.0
 93
        0
 94
      127
282
     0
 72
     1
 77
     1
171
     1
175
     1
179
     1
273
     0
  0
XRECORD
  5
352
102
{ACAD_REACTORS
330
173
102
}
330
173
100
AcDbXrecord
280
     1
102
MATERIAL
148
0.0
149
0.0
149
0.0
 93
        0
 94
      127
282
     0
 72
     1
 77
     1
171
     1
175
     1
179
     1
273
     0
  0
XRECORD
  5
175
102
{ACAD_REACTORS
330
173
102
}
330
173
100
AcDbXrecord
280
     1
270
     1
271
     1
  0
XRECORD
  5
174
102
{ACAD_REACTORS
330
173
102
}
330
173
100
AcDbXrecord
280
     1
270
     1
271
     1
  0
XRECORD
  5
176
102
{ACAD_REACTORS
330
173
102
}
330
173
100
AcDbXrecord
280
     1
270
     1
271
     1
  0
XRECORD
  5
177
102
{ACAD_REACTORS
330
173
102
}
330
173
100
AcDbXrecord
280
     1
270
     1
271
     1
  0
XRECORD
  5
26AC
102
{ACAD_REACTORS
330
26AB
102
}
330
26AB
100
AcDbXrecord
280
     1
102
DISPLAYNAME
  1
Metric50
102
FLAGS
 90
        0
  0
CELLSTYLEMAP
  5
266C
102
{ACAD_REACTORS
330
22C3
102
}
330
22C3
100
AcDbCellStyleMap
 90
        3
300
CELLSTYLE
  1
TABLEFORMAT_BEGIN
 90
        5
170
     1
 91
        0
 92
    32768
 62
   257
 93
        1
300
CONTENTFORMAT
  1
CONTENTFORMAT_BEGIN
 90
        0
 91
        0
 92
        4
 93
        0
300

 40
0.0
140
1.0
 94
        5
 62
     0
340
11
144
3.0
309
CONTENTFORMAT_END
171
     1
301
MARGIN
  1
CELLMARGIN_BEGIN
 40
1.5
 40
1.5
 40
1.5
 40
1.5
 40
0.18
 40
0.18
309
CELLMARGIN_END
 94
        6
 95
        1
302
GRIDFORMAT
  1
GRIDFORMAT_BEGIN
 90
        0
 91
        1
 62
     0
 92
       -2
340
0
 93
        0
 40
0.045
309
GRIDFORMAT_END
 95
        2
302
GRIDFORMAT
  1
GRIDFORMAT_BEGIN
 90
        0
 91
        1
 62
     0
 92
       -2
340
0
 93
        0
 40
0.045
309
GRIDFORMAT_END
 95
        4
302
GRIDFORMAT
  1
GRIDFORMAT_BEGIN
 90
        0
 91
        1
 62
     0
 92
       -2
340
0
 93
        0
 40
0.045
309
GRIDFORMAT_END
 95
        8
302
GRIDFORMAT
  1
GRIDFORMAT_BEGIN
 90
        0
 91
        1
 62
     0
 92
       -2
340
0
 93
        0
 40
0.045
309
GRIDFORMAT_END
 95
       16
302
GRIDFORMAT
  1
GRIDFORMAT_BEGIN
 90
        0
 91
        1
 62
     0
 92
       -2
340
0
 93
        0
 40
0.045
309
GRIDFORMAT_END
 95
       32
302
GRIDFORMAT
  1
GRIDFORMAT_BEGIN
 90
        0
 91
        1
 62
     0
 92
       -2
340
0
 93
        0
 40
0.045
309
GRIDFORMAT_END
309
TABLEFORMAT_END
  1
CELLSTYLE_BEGIN
 90
        1
 91
        1
300
_TITLE
309
CELLSTYLE_END
300
CELLSTYLE
  1
TABLEFORMAT_BEGIN
 90
        5
170
     1
 91
        0
 92
        0
 62
   257
 93
        1
300
CONTENTFORMAT
  1
CONTENTFORMAT_BEGIN
 90
        0
 91
        0
 92
        4
 93
        0
300

 40
0.0
140
1.0
 94
        5
 62
     0
340
22BE
144
2.299999999999998
309
CONTENTFORMAT_END
171
     1
301
MARGIN
  1
CELLMARGIN_BEGIN
 40
1.5
 40
1.5
 40
1.5
 40
1.5
 40
0.18
 40
0.18
309
CELLMARGIN_END
 94
        6
 95
        1
302
GRIDFORMAT
  1
GRIDFORMAT_BEGIN
 90
        0
 91
        1
 62
     0
 92
       -2
340
0
 93
        0
 40
0.045
309
GRIDFORMAT_END
 95
        2
302
GRIDFORMAT
  1
GRIDFORMAT_BEGIN
 90
        0
 91
        1
 62
     0
 92
       -2
340
0
 93
        0
 40
0.045
309
GRIDFORMAT_END
 95
        4
302
GRIDFORMAT
  1
GRIDFORMAT_BEGIN
 90
        0
 91
        1
 62
     0
 92
       -2
340
0
 93
        0
 40
0.045
309
GRIDFORMAT_END
 95
        8
302
GRIDFORMAT
  1
GRIDFORMAT_BEGIN
 90
        0
 91
        1
 62
     0
 92
       -2
340
0
 93
        0
 40
0.045
309
GRIDFORMAT_END
 95
       16
302
GRIDFORMAT
  1
GRIDFORMAT_BEGIN
 90
        0
 91
        1
 62
     0
 92
       -2
340
0
 93
        0
 40
0.045
309
GRIDFORMAT_END
 95
       32
302
GRIDFORMAT
  1
GRIDFORMAT_BEGIN
 90
        0
 91
        1
 62
     0
 92
       -2
340
0
 93
        0
 40
0.045
309
GRIDFORMAT_END
309
TABLEFORMAT_END
  1
CELLSTYLE_BEGIN
 90
        2
 91
        1
300
_HEADER
309
CELLSTYLE_END
300
CELLSTYLE
  1
TABLEFORMAT_BEGIN
 90
        5
170
     1
 91
        0
 92
        0
 62
   257
 93
        1
300
CONTENTFORMAT
  1
CONTENTFORMAT_BEGIN
 90
        0
 91
        0
 92
        4
 93
        0
300

 40
0.0
140
1.0
 94
        5
 62
     0
340
22BE
144
2.0
309
CONTENTFORMAT_END
171
     1
301
MARGIN
  1
CELLMARGIN_BEGIN
 40
1.5
 40
1.5
 40
1.5
 40
1.5
 40
0.18
 40
0.18
309
CELLMARGIN_END
 94
        6
 95
        1
302
GRIDFORMAT
  1
GRIDFORMAT_BEGIN
 90
        0
 91
        1
 62
     0
 92
       -2
340
0
 93
        0
 40
0.045
309
GRIDFORMAT_END
 95
        2
302
GRIDFORMAT
  1
GRIDFORMAT_BEGIN
 90
        0
 91
        1
 62
     0
 92
       -2
340
0
 93
        0
 40
0.045
309
GRIDFORMAT_END
 95
        4
302
GRIDFORMAT
  1
GRIDFORMAT_BEGIN
 90
        0
 91
        1
 62
     0
 92
       -2
340
0
 93
        0
 40
0.045
309
GRIDFORMAT_END
 95
        8
302
GRIDFORMAT
  1
GRIDFORMAT_BEGIN
 90
        0
 91
        1
 62
     0
 92
       -2
340
0
 93
        0
 40
0.045
309
GRIDFORMAT_END
 95
       16
302
GRIDFORMAT
  1
GRIDFORMAT_BEGIN
 90
        0
 91
        1
 62
     0
 92
       -2
340
0
 93
        0
 40
0.045
309
GRIDFORMAT_END
 95
       32
302
GRIDFORMAT
  1
GRIDFORMAT_BEGIN
 90
        0
 91
        1
 62
     0
 92
       -2
340
0
 93
        0
 40
0.045
309
GRIDFORMAT_END
309
TABLEFORMAT_END
  1
CELLSTYLE_BEGIN
 90
        3
 91
        2
300
_DATA
309
CELLSTYLE_END
  0
XRECORD
  5
26AF
102
{ACAD_REACTORS
330
22C3
102
}
330
22C3
100
AcDbXrecord
280
     1
102
ACAD_ROUNDTRIP_PRE2007_TABLESTYLE
 90
        4
 91
        0
  1

 92
        4
 93
        0
  2

 94
        4
 95
        0
  3

  0
CELLSTYLEMAP
  5
266B
102
{ACAD_REACTORS
330
162
102
}
330
162
100
AcDbCellStyleMap
 90
        3
300
CELLSTYLE
  1
TABLEFORMAT_BEGIN
 90
        5
170
     1
 91
        0
 92
    32768
 62
   257
 93
        1
300
CONTENTFORMAT
  1
CONTENTFORMAT_BEGIN
 90
        0
 91
        0
 92
      512
 93
        0
300

 40
0.0
140
1.0
 94
        5
 62
     0
340
11
144
6.0
309
CONTENTFORMAT_END
171
     1
301
MARGIN
  1
CELLMARGIN_BEGIN
 40
1.5
 40
1.5
 40
1.5
 40
1.5
 40
0.18
 40
0.18
309
CELLMARGIN_END
 94
        6
 95
        1
302
GRIDFORMAT
  1
GRIDFORMAT_BEGIN
 90
        0
 91
        1
 62
     0
 92
       -2
340
14
 93
        0
 40
1.125
309
GRIDFORMAT_END
 95
        2
302
GRIDFORMAT
  1
GRIDFORMAT_BEGIN
 90
        0
 91
        1
 62
     0
 92
       -2
340
14
 93
        0
 40
1.125
309
GRIDFORMAT_END
 95
        4
302
GRIDFORMAT
  1
GRIDFORMAT_BEGIN
 90
        0
 91
        1
 62
     0
 92
       -2
340
14
 93
        0
 40
1.125
309
GRIDFORMAT_END
 95
        8
302
GRIDFORMAT
  1
GRIDFORMAT_BEGIN
 90
        0
 91
        1
 62
     0
 92
       -2
340
14
 93
        0
 40
1.125
309
GRIDFORMAT_END
 95
       16
302
GRIDFORMAT
  1
GRIDFORMAT_BEGIN
 90
        0
 91
        1
 62
     0
 92
       -2
340
14
 93
        0
 40
1.125
309
GRIDFORMAT_END
 95
       32
302
GRIDFORMAT
  1
GRIDFORMAT_BEGIN
 90
        0
 91
        1
 62
     0
 92
       -2
340
14
 93
        0
 40
1.125
309
GRIDFORMAT_END
309
TABLEFORMAT_END
  1
CELLSTYLE_BEGIN
 90
        1
 91
        1
300
_TITLE
309
CELLSTYLE_END
300
CELLSTYLE
  1
TABLEFORMAT_BEGIN
 90
        5
170
     1
 91
        0
 92
        0
 62
   257
 93
        1
300
CONTENTFORMAT
  1
CONTENTFORMAT_BEGIN
 90
        0
 91
        0
 92
      512
 93
        0
300

 40
0.0
140
1.0
 94
        5
 62
     0
340
11
144
4.5
309
CONTENTFORMAT_END
171
     1
301
MARGIN
  1
CELLMARGIN_BEGIN
 40
1.5
 40
1.5
 40
1.5
 40
1.5
 40
0.18
 40
0.18
309
CELLMARGIN_END
 94
        6
 95
        1
302
GRIDFORMAT
  1
GRIDFORMAT_BEGIN
 90
        0
 91
        1
 62
     0
 92
       -2
340
14
 93
        0
 40
1.125
309
GRIDFORMAT_END
 95
        2
302
GRIDFORMAT
  1
GRIDFORMAT_BEGIN
 90
        0
 91
        1
 62
     0
 92
       -2
340
14
 93
        0
 40
1.125
309
GRIDFORMAT_END
 95
        4
302
GRIDFORMAT
  1
GRIDFORMAT_BEGIN
 90
        0
 91
        1
 62
     0
 92
       -2
340
14
 93
        0
 40
1.125
309
GRIDFORMAT_END
 95
        8
302
GRIDFORMAT
  1
GRIDFORMAT_BEGIN
 90
        0
 91
        1
 62
     0
 92
       -2
340
14
 93
        0
 40
1.125
309
GRIDFORMAT_END
 95
       16
302
GRIDFORMAT
  1
GRIDFORMAT_BEGIN
 90
        0
 91
        1
 62
     0
 92
       -2
340
14
 93
        0
 40
1.125
309
GRIDFORMAT_END
 95
       32
302
GRIDFORMAT
  1
GRIDFORMAT_BEGIN
 90
        0
 91
        1
 62
     0
 92
       -2
340
14
 93
        0
 40
1.125
309
GRIDFORMAT_END
309
TABLEFORMAT_END
  1
CELLSTYLE_BEGIN
 90
        2
 91
        1
300
_HEADER
309
CELLSTYLE_END
300
CELLSTYLE
  1
TABLEFORMAT_BEGIN
 90
        5
170
     1
 91
        0
 92
        0
 62
   257
 93
        1
300
CONTENTFORMAT
  1
CONTENTFORMAT_BEGIN
 90
        0
 91
        0
 92
      512
 93
        0
300

 40
0.0
140
1.0
 94
        2
 62
     0
340
11
144
4.5
309
CONTENTFORMAT_END
171
     1
301
MARGIN
  1
CELLMARGIN_BEGIN
 40
1.5
 40
1.5
 40
1.5
 40
1.5
 40
0.18
 40
0.18
309
CELLMARGIN_END
 94
        6
 95
        1
302
GRIDFORMAT
  1
GRIDFORMAT_BEGIN
 90
        0
 91
        1
 62
     0
 92
       -2
340
14
 93
        0
 40
1.125
309
GRIDFORMAT_END
 95
        2
302
GRIDFORMAT
  1
GRIDFORMAT_BEGIN
 90
        0
 91
        1
 62
     0
 92
       -2
340
14
 93
        0
 40
1.125
309
GRIDFORMAT_END
 95
        4
302
GRIDFORMAT
  1
GRIDFORMAT_BEGIN
 90
        0
 91
        1
 62
     0
 92
       -2
340
14
 93
        0
 40
1.125
309
GRIDFORMAT_END
 95
        8
302
GRIDFORMAT
  1
GRIDFORMAT_BEGIN
 90
        0
 91
        1
 62
     0
 92
       -2
340
14
 93
        0
 40
1.125
309
GRIDFORMAT_END
 95
       16
302
GRIDFORMAT
  1
GRIDFORMAT_BEGIN
 90
        0
 91
        1
 62
     0
 92
       -2
340
14
 93
        0
 40
1.125
309
GRIDFORMAT_END
 95
       32
302
GRIDFORMAT
  1
GRIDFORMAT_BEGIN
 90
        0
 91
        1
 62
     0
 92
       -2
340
14
 93
        0
 40
1.125
309
GRIDFORMAT_END
309
TABLEFORMAT_END
  1
CELLSTYLE_BEGIN
 90
        3
 91
        2
300
_DATA
309
CELLSTYLE_END
  0
XRECORD
  5
2676
102
{ACAD_REACTORS
330
162
102
}
330
162
100
AcDbXrecord
280
     1
102
ACAD_ROUNDTRIP_PRE2007_TABLESTYLE
 90
      512
 91
        0
  1

 92
      512
 93
        0
  2

 94
      512
 95
        0
  3

  0
XRECORD
  5
2682
102
{ACAD_REACTORS
330
2681
102
}
330
2681
100
AcDbXrecord
280
     1
102
RTVSPost2010Prop28
280
     1
102
RTVSPost2010PropOp28
 70
     1
102
RTVSPost2010Prop29
280
     1
102
RTVSPost2010PropOp29
 70
     1
102
RTVSPost2010Prop30
280
     0
102
RTVSPost2010PropOp30
 70
     1
102
RTVSPost2010Prop31
280
     0
102
RTVSPost2010PropOp31
 70
     1
102
RTVSPost2010Prop32
280
     0
102
RTVSPost2010PropOp32
 70
     1
102
RTVSPost2010Prop33
280
     0
102
RTVSPost2010PropOp33
 70
     1
102
RTVSPost2010Prop34
280
     0
102
RTVSPost2010PropOp34
 70
     1
102
RTVSPost2010Prop35
280
     0
102
RTVSPost2010PropOp35
 70
     1
102
RTVSPost2010Prop36
280
     0
102
RTVSPost2010PropOp36
 70
     1
102
RTVSPost2010Prop37
 90
       50
102
RTVSPost2010PropOp37
 70
     1
102
RTVSPost2010Prop38
140
0.0
102
RTVSPost2010PropOp38
 70
     1
102
RTVSPost2010Prop39
140
1.0
102
RTVSPost2010PropOp39
 70
     1
102
RTVSPost2010Prop40
 90
        0
102
RTVSPost2010PropOp40
 70
     1
102
RTVSPost2010Prop41ColorIndex
 90
       18
102
RTVSPost2010Prop41ColorRGB
 90
        0
102
RTVSPost2010PropOp41
 70
     1
102
RTVSPost2010Prop42
 90
       50
102
RTVSPost2010PropOp42
 70
     1
102
RTVSPost2010Prop43
 90
        3
102
RTVSPost2010PropOp43
 70
     1
102
RTVSPost2010Prop44ColorIndex
 90
        5
102
RTVSPost2010Prop44ColorRGB
 90
      255
102
RTVSPost2010PropOp44
 70
     1
102
RTVSPost2010Prop45
280
     0
102
RTVSPost2010PropOp45
 70
     1
102
RTVSPost2010Prop46
 90
       50
102
RTVSPost2010PropOp46
 70
     1
102
RTVSPost2010Prop47
 90
       50
102
RTVSPost2010PropOp47
 70
     1
102
RTVSPost2010Prop48
 90
       50
102
RTVSPost2010PropOp48
 70
     1
102
RTVSPost2010Prop49
280
     0
102
RTVSPost2010PropOp49
 70
     1
102
RTVSPost2010Prop50
 90
       50
102
RTVSPost2010PropOp50
 70
     1
102
RTVSPost2010Prop51ColorIndex
 90
      256
102
RTVSPost2010Prop51ColorRGB
 90
-16777216
102
RTVSPost2010PropOp51
 70
     0
102
RTVSPost2010Prop52
140
1.0
102
RTVSPost2010PropOp52
 70
     0
102
RTVSPost2010Prop53
 90
        2
102
RTVSPost2010PropOp53
 70
     1
102
RTVSPost2010Prop54
  1
strokes_ogs.tif
102
RTVSPost2010PropOp54
 70
     1
102
RTVSPost2010Prop55
280
     0
102
RTVSPost2010PropOp55
 70
     1
102
RTVSPost2010Prop56
140
1.0
102
RTVSPost2010PropOp56
 70
     1
102
RTVSPost2010Prop57
140
1.0
102
RTVSPost2010PropOp57
 70
     1
102
RTVSPropertyOp0
 70
     1
102
RTVSPropertyOp1
 70
     1
102
RTVSPropertyOp2
 70
     1
102
RTVSPropertyOp3
 70
     1
102
RTVSPropertyOp4
 70
     1
102
RTVSPropertyOp5
 70
     1
102
RTVSPropertyOp6
 70
     1
102
RTVSPropertyOp7
 70
     1
102
RTVSPropertyOp8
 70
     1
102
RTVSPropertyOp9
 70
     1
102
RTVSPropertyOp10
 70
     1
102
RTVSPropertyOp11
 70
     1
102
RTVSPropertyOp12
 70
     1
102
RTVSPropertyOp13
 70
     1
102
RTVSPropertyOp14
 70
     1
102
RTVSPropertyOp15
 70
     1
102
RTVSPropertyOp16
 70
     1
102
RTVSPropertyOp17
 70
     1
102
RTVSPropertyOp18
 70
     1
102
RTVSPropertyOp19
 70
     1
102
RTVSPropertyOp20
 70
     1
102
RTVSPropertyOp21
 70
     1
102
RTVSPropertyOp22
 70
     1
102
RTVSPropertyOp23
 70
     1
102
RTVSPropertyOp24
 70
     1
102
RTVSPropertyOp25
 70
     1
102
RTVSPropertyOp26
 70
     1
102
RTVSPropertyOp27
 70
     1
102
RTVSPropertyOp28
 70
     1
102
RTVSPropertyOp29
 70
     1
102
RTVSPropertyOp30
 70
     1
102
RTVSPropertyOp31
 70
     1
102
RTVSPropertyOp32
 70
     1
102
RTVSPropertyOp33
 70
     1
102
RTVSPropertyOp34
 70
     1
102
RTVSPropertyOp35
 70
     1
102
RTVSPropertyOp36
 70
     1
102
RTVSPropertyOp37
 70
     1
102
RTVSPropertyOp38
 70
     1
102
RTVSPropertyOp39
 70
     1
102
RTVSPropertyOp40
 70
     1
102
RTVSPropertyOp41
 70
     1
102
RTVSPropertyOp42
 70
     1
102
RTVSPropertyOp43
 70
     1
102
RTVSPropertyOp44
 70
     1
102
RTVSPropertyOp45
 70
     1
102
RTVSPropertyOp46
 70
     1
102
RTVSPropertyOp47
 70
     1
102
RTVSPropertyOp48
 70
     1
102
RTVSPropertyOp49
 70
     1
102
RTVSPropertyOp50
 70
     1
102
RTVSPropertyOp51
 70
     0
102
RTVSPropertyOp52
 70
     0
102
RTVSPropertyOp53
 70
     1
102
RTVSPropertyOp54
 70
     1
102
RTVSPropertyOp55
 70
     1
102
RTVSPropertyOp56
 70
     1
102
RTVSPropertyOp57
 70
     1
102
RTVSPropertyOp58
 70
     1
102
RTVSPropertyOp59
 70
     1
102
RTVSPropertyOp60
 70
     1
102
RTVSPropertyOp61
 70
     1
102
RTVSPropertyOp62
 70
     1
  0
XRECORD
  5
2686
102
{ACAD_REACTORS
330
2685
102
}
330
2685
100
AcDbXrecord
280
     1
102
RTVSPost2010Prop28
280
     0
102
RTVSPost2010PropOp28
 70
     1
102
RTVSPost2010Prop29
280
     1
102
RTVSPost2010PropOp29
 70
     1
102
RTVSPost2010Prop30
280
     1
102
RTVSPost2010PropOp30
 70
     1
102
RTVSPost2010Prop31
280
     0
102
RTVSPost2010PropOp31
 70
     1
102
RTVSPost2010Prop32
280
     0
102
RTVSPost2010PropOp32
 70
     1
102
RTVSPost2010Prop33
280
     0
102
RTVSPost2010PropOp33
 70
     1
102
RTVSPost2010Prop34
280
     0
102
RTVSPost2010PropOp34
 70
     1
102
RTVSPost2010Prop35
280
     0
102
RTVSPost2010PropOp35
 70
     1
102
RTVSPost2010Prop36
280
     0
102
RTVSPost2010PropOp36
 70
     1
102
RTVSPost2010Prop37
 90
       50
102
RTVSPost2010PropOp37
 70
     1
102
RTVSPost2010Prop38
140
0.0
102
RTVSPost2010PropOp38
 70
     1
102
RTVSPost2010Prop39
140
1.0
102
RTVSPost2010PropOp39
 70
     1
102
RTVSPost2010Prop40
 90
        0
102
RTVSPost2010PropOp40
 70
     1
102
RTVSPost2010Prop41ColorIndex
 90
       18
102
RTVSPost2010Prop41ColorRGB
 90
        0
102
RTVSPost2010PropOp41
 70
     1
102
RTVSPost2010Prop42
 90
       50
102
RTVSPost2010PropOp42
 70
     1
102
RTVSPost2010Prop43
 90
        3
102
RTVSPost2010PropOp43
 70
     1
102
RTVSPost2010Prop44ColorIndex
 90
        5
102
RTVSPost2010Prop44ColorRGB
 90
      255
102
RTVSPost2010PropOp44
 70
     1
102
RTVSPost2010Prop45
280
     0
102
RTVSPost2010PropOp45
 70
     1
102
RTVSPost2010Prop46
 90
       50
102
RTVSPost2010PropOp46
 70
     1
102
RTVSPost2010Prop47
 90
       50
102
RTVSPost2010PropOp47
 70
     1
102
RTVSPost2010Prop48
 90
       50
102
RTVSPost2010PropOp48
 70
     1
102
RTVSPost2010Prop49
280
     0
102
RTVSPost2010PropOp49
 70
     1
102
RTVSPost2010Prop50
 90
       50
102
RTVSPost2010PropOp50
 70
     1
102
RTVSPost2010Prop51ColorIndex
 90
      256
102
RTVSPost2010Prop51ColorRGB
 90
-16777216
102
RTVSPost2010PropOp51
 70
     0
102
RTVSPost2010Prop52
140
1.0
102
RTVSPost2010PropOp52
 70
     0
102
RTVSPost2010Prop53
 90
        2
102
RTVSPost2010PropOp53
 70
     1
102
RTVSPost2010Prop54
  1
strokes_ogs.tif
102
RTVSPost2010PropOp54
 70
     1
102
RTVSPost2010Prop55
280
     0
102
RTVSPost2010PropOp55
 70
     1
102
RTVSPost2010Prop56
140
1.0
102
RTVSPost2010PropOp56
 70
     1
102
RTVSPost2010Prop57
140
1.0
102
RTVSPost2010PropOp57
 70
     1
102
RTVSPropertyOp0
 70
     1
102
RTVSPropertyOp1
 70
     1
102
RTVSPropertyOp2
 70
     1
102
RTVSPropertyOp3
 70
     1
102
RTVSPropertyOp4
 70
     1
102
RTVSPropertyOp5
 70
     1
102
RTVSPropertyOp6
 70
     1
102
RTVSPropertyOp7
 70
     1
102
RTVSPropertyOp8
 70
     1
102
RTVSPropertyOp9
 70
     1
102
RTVSPropertyOp10
 70
     1
102
RTVSPropertyOp11
 70
     1
102
RTVSPropertyOp12
 70
     1
102
RTVSPropertyOp13
 70
     1
102
RTVSPropertyOp14
 70
     1
102
RTVSPropertyOp15
 70
     1
102
RTVSPropertyOp16
 70
     1
102
RTVSPropertyOp17
 70
     1
102
RTVSPropertyOp18
 70
     1
102
RTVSPropertyOp19
 70
     1
102
RTVSPropertyOp20
 70
     1
102
RTVSPropertyOp21
 70
     1
102
RTVSPropertyOp22
 70
     1
102
RTVSPropertyOp23
 70
     1
102
RTVSPropertyOp24
 70
     1
102
RTVSPropertyOp25
 70
     1
102
RTVSPropertyOp26
 70
     1
102
RTVSPropertyOp27
 70
     1
102
RTVSPropertyOp28
 70
     1
102
RTVSPropertyOp29
 70
     1
102
RTVSPropertyOp30
 70
     1
102
RTVSPropertyOp31
 70
     1
102
RTVSPropertyOp32
 70
     1
102
RTVSPropertyOp33
 70
     1
102
RTVSPropertyOp34
 70
     1
102
RTVSPropertyOp35
 70
     1
102
RTVSPropertyOp36
 70
     1
102
RTVSPropertyOp37
 70
     1
102
RTVSPropertyOp38
 70
     1
102
RTVSPropertyOp39
 70
     1
102
RTVSPropertyOp40
 70
     1
102
RTVSPropertyOp41
 70
     1
102
RTVSPropertyOp42
 70
     1
102
RTVSPropertyOp43
 70
     1
102
RTVSPropertyOp44
 70
     1
102
RTVSPropertyOp45
 70
     1
102
RTVSPropertyOp46
 70
     1
102
RTVSPropertyOp47
 70
     1
102
RTVSPropertyOp48
 70
     1
102
RTVSPropertyOp49
 70
     1
102
RTVSPropertyOp50
 70
     1
102
RTVSPropertyOp51
 70
     0
102
RTVSPropertyOp52
 70
     0
102
RTVSPropertyOp53
 70
     1
102
RTVSPropertyOp54
 70
     1
102
RTVSPropertyOp55
 70
     1
102
RTVSPropertyOp56
 70
     1
102
RTVSPropertyOp57
 70
     1
102
RTVSPropertyOp58
 70
     1
102
RTVSPropertyOp59
 70
     1
102
RTVSPropertyOp60
 70
     1
102
RTVSPropertyOp61
 70
     1
102
RTVSPropertyOp62
 70
     1
  0
XRECORD
  5
2684
102
{ACAD_REACTORS
330
2683
102
}
330
2683
100
AcDbXrecord
280
     1
102
RTVSPost2010Prop28
280
     0
102
RTVSPost2010PropOp28
 70
     1
102
RTVSPost2010Prop29
280
     1
102
RTVSPost2010PropOp29
 70
     1
102
RTVSPost2010Prop30
280
     1
102
RTVSPost2010PropOp30
 70
     1
102
RTVSPost2010Prop31
280
     0
102
RTVSPost2010PropOp31
 70
     1
102
RTVSPost2010Prop32
280
     0
102
RTVSPost2010PropOp32
 70
     1
102
RTVSPost2010Prop33
280
     0
102
RTVSPost2010PropOp33
 70
     1
102
RTVSPost2010Prop34
280
     0
102
RTVSPost2010PropOp34
 70
     1
102
RTVSPost2010Prop35
280
     0
102
RTVSPost2010PropOp35
 70
     1
102
RTVSPost2010Prop36
280
     0
102
RTVSPost2010PropOp36
 70
     1
102
RTVSPost2010Prop37
 90
       50
102
RTVSPost2010PropOp37
 70
     1
102
RTVSPost2010Prop38
140
0.0
102
RTVSPost2010PropOp38
 70
     1
102
RTVSPost2010Prop39
140
1.0
102
RTVSPost2010PropOp39
 70
     1
102
RTVSPost2010Prop40
 90
        0
102
RTVSPost2010PropOp40
 70
     1
102
RTVSPost2010Prop41ColorIndex
 90
       18
102
RTVSPost2010Prop41ColorRGB
 90
        0
102
RTVSPost2010PropOp41
 70
     1
102
RTVSPost2010Prop42
 90
       50
102
RTVSPost2010PropOp42
 70
     1
102
RTVSPost2010Prop43
 90
        3
102
RTVSPost2010PropOp43
 70
     1
102
RTVSPost2010Prop44ColorIndex
 90
        5
102
RTVSPost2010Prop44ColorRGB
 90
      255
102
RTVSPost2010PropOp44
 70
     1
102
RTVSPost2010Prop45
280
     0
102
RTVSPost2010PropOp45
 70
     1
102
RTVSPost2010Prop46
 90
       50
102
RTVSPost2010PropOp46
 70
     1
102
RTVSPost2010Prop47
 90
       50
102
RTVSPost2010PropOp47
 70
     1
102
RTVSPost2010Prop48
 90
       50
102
RTVSPost2010PropOp48
 70
     1
102
RTVSPost2010Prop49
280
     0
102
RTVSPost2010PropOp49
 70
     1
102
RTVSPost2010Prop50
 90
       50
102
RTVSPost2010PropOp50
 70
     1
102
RTVSPost2010Prop51ColorIndex
 90
      256
102
RTVSPost2010Prop51ColorRGB
 90
-16777216
102
RTVSPost2010PropOp51
 70
     0
102
RTVSPost2010Prop52
140
1.0
102
RTVSPost2010PropOp52
 70
     0
102
RTVSPost2010Prop53
 90
        2
102
RTVSPost2010PropOp53
 70
     1
102
RTVSPost2010Prop54
  1
strokes_ogs.tif
102
RTVSPost2010PropOp54
 70
     1
102
RTVSPost2010Prop55
280
     0
102
RTVSPost2010PropOp55
 70
     1
102
RTVSPost2010Prop56
140
1.0
102
RTVSPost2010PropOp56
 70
     1
102
RTVSPost2010Prop57
140
1.0
102
RTVSPost2010PropOp57
 70
     1
102
RTVSPropertyOp0
 70
     1
102
RTVSPropertyOp1
 70
     1
102
RTVSPropertyOp2
 70
     1
102
RTVSPropertyOp3
 70
     1
102
RTVSPropertyOp4
 70
     1
102
RTVSPropertyOp5
 70
     1
102
RTVSPropertyOp6
 70
     1
102
RTVSPropertyOp7
 70
     1
102
RTVSPropertyOp8
 70
     1
102
RTVSPropertyOp9
 70
     1
102
RTVSPropertyOp10
 70
     1
102
RTVSPropertyOp11
 70
     1
102
RTVSPropertyOp12
 70
     1
102
RTVSPropertyOp13
 70
     1
102
RTVSPropertyOp14
 70
     1
102
RTVSPropertyOp15
 70
     1
102
RTVSPropertyOp16
 70
     1
102
RTVSPropertyOp17
 70
     1
102
RTVSPropertyOp18
 70
     1
102
RTVSPropertyOp19
 70
     1
102
RTVSPropertyOp20
 70
     1
102
RTVSPropertyOp21
 70
     1
102
RTVSPropertyOp22
 70
     1
102
RTVSPropertyOp23
 70
     1
102
RTVSPropertyOp24
 70
     1
102
RTVSPropertyOp25
 70
     1
102
RTVSPropertyOp26
 70
     1
102
RTVSPropertyOp27
 70
     1
102
RTVSPropertyOp28
 70
     1
102
RTVSPropertyOp29
 70
     1
102
RTVSPropertyOp30
 70
     1
102
RTVSPropertyOp31
 70
     1
102
RTVSPropertyOp32
 70
     1
102
RTVSPropertyOp33
 70
     1
102
RTVSPropertyOp34
 70
     1
102
RTVSPropertyOp35
 70
     1
102
RTVSPropertyOp36
 70
     1
102
RTVSPropertyOp37
 70
     1
102
RTVSPropertyOp38
 70
     1
102
RTVSPropertyOp39
 70
     1
102
RTVSPropertyOp40
 70
     1
102
RTVSPropertyOp41
 70
     1
102
RTVSPropertyOp42
 70
     1
102
RTVSPropertyOp43
 70
     1
102
RTVSPropertyOp44
 70
     1
102
RTVSPropertyOp45
 70
     1
102
RTVSPropertyOp46
 70
     1
102
RTVSPropertyOp47
 70
     1
102
RTVSPropertyOp48
 70
     1
102
RTVSPropertyOp49
 70
     1
102
RTVSPropertyOp50
 70
     1
102
RTVSPropertyOp51
 70
     0
102
RTVSPropertyOp52
 70
     0
102
RTVSPropertyOp53
 70
     1
102
RTVSPropertyOp54
 70
     1
102
RTVSPropertyOp55
 70
     1
102
RTVSPropertyOp56
 70
     1
102
RTVSPropertyOp57
 70
     1
102
RTVSPropertyOp58
 70
     1
102
RTVSPropertyOp59
 70
     1
102
RTVSPropertyOp60
 70
     1
102
RTVSPropertyOp61
 70
     1
102
RTVSPropertyOp62
 70
     1
  0
XRECORD
  5
2680
102
{ACAD_REACTORS
330
267F
102
}
330
267F
100
AcDbXrecord
280
     1
102
RTVSPost2010Prop28
280
     0
102
RTVSPost2010PropOp28
 70
     1
102
RTVSPost2010Prop29
280
     1
102
RTVSPost2010PropOp29
 70
     1
102
RTVSPost2010Prop30
280
     1
102
RTVSPost2010PropOp30
 70
     1
102
RTVSPost2010Prop31
280
     0
102
RTVSPost2010PropOp31
 70
     1
102
RTVSPost2010Prop32
280
     0
102
RTVSPost2010PropOp32
 70
     1
102
RTVSPost2010Prop33
280
     0
102
RTVSPost2010PropOp33
 70
     1
102
RTVSPost2010Prop34
280
     0
102
RTVSPost2010PropOp34
 70
     1
102
RTVSPost2010Prop35
280
     0
102
RTVSPost2010PropOp35
 70
     1
102
RTVSPost2010Prop36
280
     0
102
RTVSPost2010PropOp36
 70
     1
102
RTVSPost2010Prop37
 90
       50
102
RTVSPost2010PropOp37
 70
     1
102
RTVSPost2010Prop38
140
0.0
102
RTVSPost2010PropOp38
 70
     1
102
RTVSPost2010Prop39
140
1.0
102
RTVSPost2010PropOp39
 70
     1
102
RTVSPost2010Prop40
 90
        0
102
RTVSPost2010PropOp40
 70
     1
102
RTVSPost2010Prop41ColorIndex
 90
       18
102
RTVSPost2010Prop41ColorRGB
 90
        0
102
RTVSPost2010PropOp41
 70
     1
102
RTVSPost2010Prop42
 90
       50
102
RTVSPost2010PropOp42
 70
     1
102
RTVSPost2010Prop43
 90
        3
102
RTVSPost2010PropOp43
 70
     1
102
RTVSPost2010Prop44ColorIndex
 90
        5
102
RTVSPost2010Prop44ColorRGB
 90
      255
102
RTVSPost2010PropOp44
 70
     1
102
RTVSPost2010Prop45
280
     0
102
RTVSPost2010PropOp45
 70
     1
102
RTVSPost2010Prop46
 90
       50
102
RTVSPost2010PropOp46
 70
     1
102
RTVSPost2010Prop47
 90
       50
102
RTVSPost2010PropOp47
 70
     1
102
RTVSPost2010Prop48
 90
       50
102
RTVSPost2010PropOp48
 70
     1
102
RTVSPost2010Prop49
280
     0
102
RTVSPost2010PropOp49
 70
     1
102
RTVSPost2010Prop50
 90
       50
102
RTVSPost2010PropOp50
 70
     1
102
RTVSPost2010Prop51ColorIndex
 90
      256
102
RTVSPost2010Prop51ColorRGB
 90
-16777216
102
RTVSPost2010PropOp51
 70
     0
102
RTVSPost2010Prop52
140
1.0
102
RTVSPost2010PropOp52
 70
     0
102
RTVSPost2010Prop53
 90
        2
102
RTVSPost2010PropOp53
 70
     1
102
RTVSPost2010Prop54
  1
strokes_ogs.tif
102
RTVSPost2010PropOp54
 70
     1
102
RTVSPost2010Prop55
280
     0
102
RTVSPost2010PropOp55
 70
     1
102
RTVSPost2010Prop56
140
1.0
102
RTVSPost2010PropOp56
 70
     1
102
RTVSPost2010Prop57
140
1.0
102
RTVSPost2010PropOp57
 70
     1
102
RTVSPropertyOp0
 70
     1
102
RTVSPropertyOp1
 70
     1
102
RTVSPropertyOp2
 70
     1
102
RTVSPropertyOp3
 70
     1
102
RTVSPropertyOp4
 70
     1
102
RTVSPropertyOp5
 70
     1
102
RTVSPropertyOp6
 70
     1
102
RTVSPropertyOp7
 70
     1
102
RTVSPropertyOp8
 70
     1
102
RTVSPropertyOp9
 70
     1
102
RTVSPropertyOp10
 70
     1
102
RTVSPropertyOp11
 70
     1
102
RTVSPropertyOp12
 70
     1
102
RTVSPropertyOp13
 70
     1
102
RTVSPropertyOp14
 70
     1
102
RTVSPropertyOp15
 70
     1
102
RTVSPropertyOp16
 70
     1
102
RTVSPropertyOp17
 70
     1
102
RTVSPropertyOp18
 70
     1
102
RTVSPropertyOp19
 70
     1
102
RTVSPropertyOp20
 70
     1
102
RTVSPropertyOp21
 70
     1
102
RTVSPropertyOp22
 70
     1
102
RTVSPropertyOp23
 70
     1
102
RTVSPropertyOp24
 70
     1
102
RTVSPropertyOp25
 70
     1
102
RTVSPropertyOp26
 70
     1
102
RTVSPropertyOp27
 70
     1
102
RTVSPropertyOp28
 70
     1
102
RTVSPropertyOp29
 70
     1
102
RTVSPropertyOp30
 70
     1
102
RTVSPropertyOp31
 70
     1
102
RTVSPropertyOp32
 70
     1
102
RTVSPropertyOp33
 70
     1
102
RTVSPropertyOp34
 70
     1
102
RTVSPropertyOp35
 70
     1
102
RTVSPropertyOp36
 70
     1
102
RTVSPropertyOp37
 70
     1
102
RTVSPropertyOp38
 70
     1
102
RTVSPropertyOp39
 70
     1
102
RTVSPropertyOp40
 70
     1
102
RTVSPropertyOp41
 70
     1
102
RTVSPropertyOp42
 70
     1
102
RTVSPropertyOp43
 70
     1
102
RTVSPropertyOp44
 70
     1
102
RTVSPropertyOp45
 70
     1
102
RTVSPropertyOp46
 70
     1
102
RTVSPropertyOp47
 70
     1
102
RTVSPropertyOp48
 70
     1
102
RTVSPropertyOp49
 70
     1
102
RTVSPropertyOp50
 70
     1
102
RTVSPropertyOp51
 70
     0
102
RTVSPropertyOp52
 70
     0
102
RTVSPropertyOp53
 70
     1
102
RTVSPropertyOp54
 70
     1
102
RTVSPropertyOp55
 70
     1
102
RTVSPropertyOp56
 70
     1
102
RTVSPropertyOp57
 70
     1
102
RTVSPropertyOp58
 70
     1
102
RTVSPropertyOp59
 70
     1
102
RTVSPropertyOp60
 70
     1
102
RTVSPropertyOp61
 70
     1
102
RTVSPropertyOp62
 70
     1
  0
XRECORD
  5
268E
102
{ACAD_REACTORS
330
268D
102
}
330
268D
100
AcDbXrecord
280
     1
102
RTVSPost2010Prop28
280
     0
102
RTVSPost2010PropOp28
 70
     1
102
RTVSPost2010Prop29
280
     1
102
RTVSPost2010PropOp29
 70
     1
102
RTVSPost2010Prop30
280
     1
102
RTVSPost2010PropOp30
 70
     1
102
RTVSPost2010Prop31
280
     0
102
RTVSPost2010PropOp31
 70
     1
102
RTVSPost2010Prop32
280
     0
102
RTVSPost2010PropOp32
 70
     1
102
RTVSPost2010Prop33
280
     0
102
RTVSPost2010PropOp33
 70
     1
102
RTVSPost2010Prop34
280
     0
102
RTVSPost2010PropOp34
 70
     1
102
RTVSPost2010Prop35
280
     0
102
RTVSPost2010PropOp35
 70
     1
102
RTVSPost2010Prop36
280
     0
102
RTVSPost2010PropOp36
 70
     1
102
RTVSPost2010Prop37
 90
       50
102
RTVSPost2010PropOp37
 70
     1
102
RTVSPost2010Prop38
140
0.0
102
RTVSPost2010PropOp38
 70
     1
102
RTVSPost2010Prop39
140
1.0
102
RTVSPost2010PropOp39
 70
     1
102
RTVSPost2010Prop40
 90
        0
102
RTVSPost2010PropOp40
 70
     1
102
RTVSPost2010Prop41ColorIndex
 90
       18
102
RTVSPost2010Prop41ColorRGB
 90
        0
102
RTVSPost2010PropOp41
 70
     1
102
RTVSPost2010Prop42
 90
       50
102
RTVSPost2010PropOp42
 70
     1
102
RTVSPost2010Prop43
 90
        3
102
RTVSPost2010PropOp43
 70
     1
102
RTVSPost2010Prop44ColorIndex
 90
        5
102
RTVSPost2010Prop44ColorRGB
 90
      255
102
RTVSPost2010PropOp44
 70
     1
102
RTVSPost2010Prop45
280
     0
102
RTVSPost2010PropOp45
 70
     1
102
RTVSPost2010Prop46
 90
       50
102
RTVSPost2010PropOp46
 70
     1
102
RTVSPost2010Prop47
 90
       50
102
RTVSPost2010PropOp47
 70
     1
102
RTVSPost2010Prop48
 90
       50
102
RTVSPost2010PropOp48
 70
     1
102
RTVSPost2010Prop49
280
     0
102
RTVSPost2010PropOp49
 70
     1
102
RTVSPost2010Prop50
 90
       50
102
RTVSPost2010PropOp50
 70
     1
102
RTVSPost2010Prop51ColorIndex
 90
      256
102
RTVSPost2010Prop51ColorRGB
 90
-16777216
102
RTVSPost2010PropOp51
 70
     0
102
RTVSPost2010Prop52
140
1.0
102
RTVSPost2010PropOp52
 70
     0
102
RTVSPost2010Prop53
 90
        2
102
RTVSPost2010PropOp53
 70
     1
102
RTVSPost2010Prop54
  1
strokes_ogs.tif
102
RTVSPost2010PropOp54
 70
     1
102
RTVSPost2010Prop55
280
     0
102
RTVSPost2010PropOp55
 70
     1
102
RTVSPost2010Prop56
140
1.0
102
RTVSPost2010PropOp56
 70
     1
102
RTVSPost2010Prop57
140
1.0
102
RTVSPost2010PropOp57
 70
     1
102
RTVSPropertyOp0
 70
     1
102
RTVSPropertyOp1
 70
     1
102
RTVSPropertyOp2
 70
     1
102
RTVSPropertyOp3
 70
     1
102
RTVSPropertyOp4
 70
     1
102
RTVSPropertyOp5
 70
     1
102
RTVSPropertyOp6
 70
     1
102
RTVSPropertyOp7
 70
     1
102
RTVSPropertyOp8
 70
     1
102
RTVSPropertyOp9
 70
     1
102
RTVSPropertyOp10
 70
     1
102
RTVSPropertyOp11
 70
     1
102
RTVSPropertyOp12
 70
     1
102
RTVSPropertyOp13
 70
     1
102
RTVSPropertyOp14
 70
     1
102
RTVSPropertyOp15
 70
     1
102
RTVSPropertyOp16
 70
     1
102
RTVSPropertyOp17
 70
     1
102
RTVSPropertyOp18
 70
     1
102
RTVSPropertyOp19
 70
     1
102
RTVSPropertyOp20
 70
     1
102
RTVSPropertyOp21
 70
     1
102
RTVSPropertyOp22
 70
     1
102
RTVSPropertyOp23
 70
     1
102
RTVSPropertyOp24
 70
     1
102
RTVSPropertyOp25
 70
     1
102
RTVSPropertyOp26
 70
     1
102
RTVSPropertyOp27
 70
     1
102
RTVSPropertyOp28
 70
     1
102
RTVSPropertyOp29
 70
     1
102
RTVSPropertyOp30
 70
     1
102
RTVSPropertyOp31
 70
     1
102
RTVSPropertyOp32
 70
     1
102
RTVSPropertyOp33
 70
     1
102
RTVSPropertyOp34
 70
     1
102
RTVSPropertyOp35
 70
     1
102
RTVSPropertyOp36
 70
     1
102
RTVSPropertyOp37
 70
     1
102
RTVSPropertyOp38
 70
     1
102
RTVSPropertyOp39
 70
     1
102
RTVSPropertyOp40
 70
     1
102
RTVSPropertyOp41
 70
     1
102
RTVSPropertyOp42
 70
     1
102
RTVSPropertyOp43
 70
     1
102
RTVSPropertyOp44
 70
     1
102
RTVSPropertyOp45
 70
     1
102
RTVSPropertyOp46
 70
     1
102
RTVSPropertyOp47
 70
     1
102
RTVSPropertyOp48
 70
     1
102
RTVSPropertyOp49
 70
     1
102
RTVSPropertyOp50
 70
     1
102
RTVSPropertyOp51
 70
     0
102
RTVSPropertyOp52
 70
     0
102
RTVSPropertyOp53
 70
     1
102
RTVSPropertyOp54
 70
     1
102
RTVSPropertyOp55
 70
     1
102
RTVSPropertyOp56
 70
     1
102
RTVSPropertyOp57
 70
     1
102
RTVSPropertyOp58
 70
     1
102
RTVSPropertyOp59
 70
     1
102
RTVSPropertyOp60
 70
     1
102
RTVSPropertyOp61
 70
     1
102
RTVSPropertyOp62
 70
     1
  0
XRECORD
  5
2696
102
{ACAD_REACTORS
330
2695
102
}
330
2695
100
AcDbXrecord
280
     1
102
RTVSPost2010Prop28
280
     0
102
RTVSPost2010PropOp28
 70
     1
102
RTVSPost2010Prop29
280
     1
102
RTVSPost2010PropOp29
 70
     1
102
RTVSPost2010Prop30
280
     1
102
RTVSPost2010PropOp30
 70
     1
102
RTVSPost2010Prop31
280
     0
102
RTVSPost2010PropOp31
 70
     1
102
RTVSPost2010Prop32
280
     0
102
RTVSPost2010PropOp32
 70
     1
102
RTVSPost2010Prop33
280
     0
102
RTVSPost2010PropOp33
 70
     1
102
RTVSPost2010Prop34
280
     0
102
RTVSPost2010PropOp34
 70
     1
102
RTVSPost2010Prop35
280
     0
102
RTVSPost2010PropOp35
 70
     1
102
RTVSPost2010Prop36
280
     0
102
RTVSPost2010PropOp36
 70
     1
102
RTVSPost2010Prop37
 90
       50
102
RTVSPost2010PropOp37
 70
     1
102
RTVSPost2010Prop38
140
0.0
102
RTVSPost2010PropOp38
 70
     1
102
RTVSPost2010Prop39
140
1.0
102
RTVSPost2010PropOp39
 70
     1
102
RTVSPost2010Prop40
 90
        0
102
RTVSPost2010PropOp40
 70
     1
102
RTVSPost2010Prop41ColorIndex
 90
       18
102
RTVSPost2010Prop41ColorRGB
 90
        0
102
RTVSPost2010PropOp41
 70
     1
102
RTVSPost2010Prop42
 90
       50
102
RTVSPost2010PropOp42
 70
     1
102
RTVSPost2010Prop43
 90
        3
102
RTVSPost2010PropOp43
 70
     1
102
RTVSPost2010Prop44ColorIndex
 90
        5
102
RTVSPost2010Prop44ColorRGB
 90
      255
102
RTVSPost2010PropOp44
 70
     1
102
RTVSPost2010Prop45
280
     0
102
RTVSPost2010PropOp45
 70
     1
102
RTVSPost2010Prop46
 90
       50
102
RTVSPost2010PropOp46
 70
     1
102
RTVSPost2010Prop47
 90
       50
102
RTVSPost2010PropOp47
 70
     1
102
RTVSPost2010Prop48
 90
       50
102
RTVSPost2010PropOp48
 70
     1
102
RTVSPost2010Prop49
280
     0
102
RTVSPost2010PropOp49
 70
     1
102
RTVSPost2010Prop50
 90
       50
102
RTVSPost2010PropOp50
 70
     1
102
RTVSPost2010Prop51ColorIndex
 90
      256
102
RTVSPost2010Prop51ColorRGB
 90
-16777216
102
RTVSPost2010PropOp51
 70
     0
102
RTVSPost2010Prop52
140
1.0
102
RTVSPost2010PropOp52
 70
     0
102
RTVSPost2010Prop53
 90
        2
102
RTVSPost2010PropOp53
 70
     1
102
RTVSPost2010Prop54
  1
strokes_ogs.tif
102
RTVSPost2010PropOp54
 70
     1
102
RTVSPost2010Prop55
280
     0
102
RTVSPost2010PropOp55
 70
     1
102
RTVSPost2010Prop56
140
1.0
102
RTVSPost2010PropOp56
 70
     1
102
RTVSPost2010Prop57
140
1.0
102
RTVSPost2010PropOp57
 70
     1
102
RTVSPropertyOp0
 70
     1
102
RTVSPropertyOp1
 70
     1
102
RTVSPropertyOp2
 70
     1
102
RTVSPropertyOp3
 70
     1
102
RTVSPropertyOp4
 70
     1
102
RTVSPropertyOp5
 70
     1
102
RTVSPropertyOp6
 70
     1
102
RTVSPropertyOp7
 70
     1
102
RTVSPropertyOp8
 70
     1
102
RTVSPropertyOp9
 70
     1
102
RTVSPropertyOp10
 70
     1
102
RTVSPropertyOp11
 70
     1
102
RTVSPropertyOp12
 70
     1
102
RTVSPropertyOp13
 70
     1
102
RTVSPropertyOp14
 70
     1
102
RTVSPropertyOp15
 70
     1
102
RTVSPropertyOp16
 70
     1
102
RTVSPropertyOp17
 70
     1
102
RTVSPropertyOp18
 70
     1
102
RTVSPropertyOp19
 70
     1
102
RTVSPropertyOp20
 70
     1
102
RTVSPropertyOp21
 70
     1
102
RTVSPropertyOp22
 70
     1
102
RTVSPropertyOp23
 70
     1
102
RTVSPropertyOp24
 70
     1
102
RTVSPropertyOp25
 70
     1
102
RTVSPropertyOp26
 70
     1
102
RTVSPropertyOp27
 70
     1
102
RTVSPropertyOp28
 70
     1
102
RTVSPropertyOp29
 70
     1
102
RTVSPropertyOp30
 70
     1
102
RTVSPropertyOp31
 70
     1
102
RTVSPropertyOp32
 70
     1
102
RTVSPropertyOp33
 70
     1
102
RTVSPropertyOp34
 70
     1
102
RTVSPropertyOp35
 70
     1
102
RTVSPropertyOp36
 70
     1
102
RTVSPropertyOp37
 70
     1
102
RTVSPropertyOp38
 70
     1
102
RTVSPropertyOp39
 70
     1
102
RTVSPropertyOp40
 70
     1
102
RTVSPropertyOp41
 70
     1
102
RTVSPropertyOp42
 70
     1
102
RTVSPropertyOp43
 70
     1
102
RTVSPropertyOp44
 70
     1
102
RTVSPropertyOp45
 70
     1
102
RTVSPropertyOp46
 70
     1
102
RTVSPropertyOp47
 70
     1
102
RTVSPropertyOp48
 70
     1
102
RTVSPropertyOp49
 70
     1
102
RTVSPropertyOp50
 70
     1
102
RTVSPropertyOp51
 70
     0
102
RTVSPropertyOp52
 70
     0
102
RTVSPropertyOp53
 70
     1
102
RTVSPropertyOp54
 70
     1
102
RTVSPropertyOp55
 70
     1
102
RTVSPropertyOp56
 70
     1
102
RTVSPropertyOp57
 70
     1
102
RTVSPropertyOp58
 70
     1
102
RTVSPropertyOp59
 70
     1
102
RTVSPropertyOp60
 70
     1
102
RTVSPropertyOp61
 70
     1
102
RTVSPropertyOp62
 70
     1
  0
XRECORD
  5
2688
102
{ACAD_REACTORS
330
2687
102
}
330
2687
100
AcDbXrecord
280
     1
102
RTVSPost2010Prop28
280
     0
102
RTVSPost2010PropOp28
 70
     1
102
RTVSPost2010Prop29
280
     1
102
RTVSPost2010PropOp29
 70
     1
102
RTVSPost2010Prop30
280
     1
102
RTVSPost2010PropOp30
 70
     1
102
RTVSPost2010Prop31
280
     0
102
RTVSPost2010PropOp31
 70
     1
102
RTVSPost2010Prop32
280
     0
102
RTVSPost2010PropOp32
 70
     1
102
RTVSPost2010Prop33
280
     0
102
RTVSPost2010PropOp33
 70
     1
102
RTVSPost2010Prop34
280
     0
102
RTVSPost2010PropOp34
 70
     1
102
RTVSPost2010Prop35
280
     0
102
RTVSPost2010PropOp35
 70
     1
102
RTVSPost2010Prop36
280
     0
102
RTVSPost2010PropOp36
 70
     1
102
RTVSPost2010Prop37
 90
       50
102
RTVSPost2010PropOp37
 70
     1
102
RTVSPost2010Prop38
140
0.0
102
RTVSPost2010PropOp38
 70
     1
102
RTVSPost2010Prop39
140
1.0
102
RTVSPost2010PropOp39
 70
     1
102
RTVSPost2010Prop40
 90
        0
102
RTVSPost2010PropOp40
 70
     1
102
RTVSPost2010Prop41ColorIndex
 90
       18
102
RTVSPost2010Prop41ColorRGB
 90
        0
102
RTVSPost2010PropOp41
 70
     1
102
RTVSPost2010Prop42
 90
       50
102
RTVSPost2010PropOp42
 70
     1
102
RTVSPost2010Prop43
 90
        3
102
RTVSPost2010PropOp43
 70
     1
102
RTVSPost2010Prop44ColorIndex
 90
        5
102
RTVSPost2010Prop44ColorRGB
 90
      255
102
RTVSPost2010PropOp44
 70
     1
102
RTVSPost2010Prop45
280
     0
102
RTVSPost2010PropOp45
 70
     1
102
RTVSPost2010Prop46
 90
       50
102
RTVSPost2010PropOp46
 70
     1
102
RTVSPost2010Prop47
 90
       50
102
RTVSPost2010PropOp47
 70
     1
102
RTVSPost2010Prop48
 90
       50
102
RTVSPost2010PropOp48
 70
     1
102
RTVSPost2010Prop49
280
     0
102
RTVSPost2010PropOp49
 70
     1
102
RTVSPost2010Prop50
 90
       50
102
RTVSPost2010PropOp50
 70
     1
102
RTVSPost2010Prop51ColorIndex
 90
      256
102
RTVSPost2010Prop51ColorRGB
 90
-16777216
102
RTVSPost2010PropOp51
 70
     0
102
RTVSPost2010Prop52
140
1.0
102
RTVSPost2010PropOp52
 70
     0
102
RTVSPost2010Prop53
 90
        2
102
RTVSPost2010PropOp53
 70
     1
102
RTVSPost2010Prop54
  1
strokes_ogs.tif
102
RTVSPost2010PropOp54
 70
     1
102
RTVSPost2010Prop55
280
     0
102
RTVSPost2010PropOp55
 70
     1
102
RTVSPost2010Prop56
140
1.0
102
RTVSPost2010PropOp56
 70
     1
102
RTVSPost2010Prop57
140
1.0
102
RTVSPost2010PropOp57
 70
     1
102
RTVSPropertyOp0
 70
     1
102
RTVSPropertyOp1
 70
     1
102
RTVSPropertyOp2
 70
     1
102
RTVSPropertyOp3
 70
     1
102
RTVSPropertyOp4
 70
     1
102
RTVSPropertyOp5
 70
     1
102
RTVSPropertyOp6
 70
     1
102
RTVSPropertyOp7
 70
     1
102
RTVSPropertyOp8
 70
     1
102
RTVSPropertyOp9
 70
     1
102
RTVSPropertyOp10
 70
     1
102
RTVSPropertyOp11
 70
     1
102
RTVSPropertyOp12
 70
     1
102
RTVSPropertyOp13
 70
     1
102
RTVSPropertyOp14
 70
     1
102
RTVSPropertyOp15
 70
     1
102
RTVSPropertyOp16
 70
     1
102
RTVSPropertyOp17
 70
     1
102
RTVSPropertyOp18
 70
     1
102
RTVSPropertyOp19
 70
     1
102
RTVSPropertyOp20
 70
     1
102
RTVSPropertyOp21
 70
     1
102
RTVSPropertyOp22
 70
     1
102
RTVSPropertyOp23
 70
     1
102
RTVSPropertyOp24
 70
     1
102
RTVSPropertyOp25
 70
     1
102
RTVSPropertyOp26
 70
     1
102
RTVSPropertyOp27
 70
     1
102
RTVSPropertyOp28
 70
     1
102
RTVSPropertyOp29
 70
     1
102
RTVSPropertyOp30
 70
     1
102
RTVSPropertyOp31
 70
     1
102
RTVSPropertyOp32
 70
     1
102
RTVSPropertyOp33
 70
     1
102
RTVSPropertyOp34
 70
     1
102
RTVSPropertyOp35
 70
     1
102
RTVSPropertyOp36
 70
     1
102
RTVSPropertyOp37
 70
     1
102
RTVSPropertyOp38
 70
     1
102
RTVSPropertyOp39
 70
     1
102
RTVSPropertyOp40
 70
     1
102
RTVSPropertyOp41
 70
     1
102
RTVSPropertyOp42
 70
     1
102
RTVSPropertyOp43
 70
     1
102
RTVSPropertyOp44
 70
     1
102
RTVSPropertyOp45
 70
     1
102
RTVSPropertyOp46
 70
     1
102
RTVSPropertyOp47
 70
     1
102
RTVSPropertyOp48
 70
     1
102
RTVSPropertyOp49
 70
     1
102
RTVSPropertyOp50
 70
     1
102
RTVSPropertyOp51
 70
     0
102
RTVSPropertyOp52
 70
     0
102
RTVSPropertyOp53
 70
     1
102
RTVSPropertyOp54
 70
     1
102
RTVSPropertyOp55
 70
     1
102
RTVSPropertyOp56
 70
     1
102
RTVSPropertyOp57
 70
     1
102
RTVSPropertyOp58
 70
     1
102
RTVSPropertyOp59
 70
     1
102
RTVSPropertyOp60
 70
     1
102
RTVSPropertyOp61
 70
     1
102
RTVSPropertyOp62
 70
     1
  0
XRECORD
  5
268C
102
{ACAD_REACTORS
330
268B
102
}
330
268B
100
AcDbXrecord
280
     1
102
RTVSPost2010Prop28
280
     0
102
RTVSPost2010PropOp28
 70
     1
102
RTVSPost2010Prop29
280
     1
102
RTVSPost2010PropOp29
 70
     1
102
RTVSPost2010Prop30
280
     1
102
RTVSPost2010PropOp30
 70
     1
102
RTVSPost2010Prop31
280
     0
102
RTVSPost2010PropOp31
 70
     1
102
RTVSPost2010Prop32
280
     0
102
RTVSPost2010PropOp32
 70
     1
102
RTVSPost2010Prop33
280
     0
102
RTVSPost2010PropOp33
 70
     1
102
RTVSPost2010Prop34
280
     0
102
RTVSPost2010PropOp34
 70
     1
102
RTVSPost2010Prop35
280
     0
102
RTVSPost2010PropOp35
 70
     1
102
RTVSPost2010Prop36
280
     0
102
RTVSPost2010PropOp36
 70
     1
102
RTVSPost2010Prop37
 90
       50
102
RTVSPost2010PropOp37
 70
     1
102
RTVSPost2010Prop38
140
0.0
102
RTVSPost2010PropOp38
 70
     1
102
RTVSPost2010Prop39
140
1.0
102
RTVSPost2010PropOp39
 70
     1
102
RTVSPost2010Prop40
 90
        0
102
RTVSPost2010PropOp40
 70
     1
102
RTVSPost2010Prop41ColorIndex
 90
       18
102
RTVSPost2010Prop41ColorRGB
 90
        0
102
RTVSPost2010PropOp41
 70
     1
102
RTVSPost2010Prop42
 90
       50
102
RTVSPost2010PropOp42
 70
     1
102
RTVSPost2010Prop43
 90
        3
102
RTVSPost2010PropOp43
 70
     1
102
RTVSPost2010Prop44ColorIndex
 90
        5
102
RTVSPost2010Prop44ColorRGB
 90
      255
102
RTVSPost2010PropOp44
 70
     1
102
RTVSPost2010Prop45
280
     0
102
RTVSPost2010PropOp45
 70
     1
102
RTVSPost2010Prop46
 90
       50
102
RTVSPost2010PropOp46
 70
     1
102
RTVSPost2010Prop47
 90
       50
102
RTVSPost2010PropOp47
 70
     1
102
RTVSPost2010Prop48
 90
       50
102
RTVSPost2010PropOp48
 70
     1
102
RTVSPost2010Prop49
280
     0
102
RTVSPost2010PropOp49
 70
     1
102
RTVSPost2010Prop50
 90
       50
102
RTVSPost2010PropOp50
 70
     1
102
RTVSPost2010Prop51ColorIndex
 90
      256
102
RTVSPost2010Prop51ColorRGB
 90
-16777216
102
RTVSPost2010PropOp51
 70
     0
102
RTVSPost2010Prop52
140
1.0
102
RTVSPost2010PropOp52
 70
     0
102
RTVSPost2010Prop53
 90
        2
102
RTVSPost2010PropOp53
 70
     1
102
RTVSPost2010Prop54
  1
strokes_ogs.tif
102
RTVSPost2010PropOp54
 70
     1
102
RTVSPost2010Prop55
280
     0
102
RTVSPost2010PropOp55
 70
     1
102
RTVSPost2010Prop56
140
1.0
102
RTVSPost2010PropOp56
 70
     1
102
RTVSPost2010Prop57
140
1.0
102
RTVSPost2010PropOp57
 70
     1
102
RTVSPropertyOp0
 70
     1
102
RTVSPropertyOp1
 70
     1
102
RTVSPropertyOp2
 70
     1
102
RTVSPropertyOp3
 70
     1
102
RTVSPropertyOp4
 70
     1
102
RTVSPropertyOp5
 70
     1
102
RTVSPropertyOp6
 70
     1
102
RTVSPropertyOp7
 70
     1
102
RTVSPropertyOp8
 70
     1
102
RTVSPropertyOp9
 70
     1
102
RTVSPropertyOp10
 70
     1
102
RTVSPropertyOp11
 70
     1
102
RTVSPropertyOp12
 70
     1
102
RTVSPropertyOp13
 70
     1
102
RTVSPropertyOp14
 70
     1
102
RTVSPropertyOp15
 70
     1
102
RTVSPropertyOp16
 70
     1
102
RTVSPropertyOp17
 70
     1
102
RTVSPropertyOp18
 70
     1
102
RTVSPropertyOp19
 70
     1
102
RTVSPropertyOp20
 70
     1
102
RTVSPropertyOp21
 70
     1
102
RTVSPropertyOp22
 70
     1
102
RTVSPropertyOp23
 70
     1
102
RTVSPropertyOp24
 70
     1
102
RTVSPropertyOp25
 70
     1
102
RTVSPropertyOp26
 70
     1
102
RTVSPropertyOp27
 70
     1
102
RTVSPropertyOp28
 70
     1
102
RTVSPropertyOp29
 70
     1
102
RTVSPropertyOp30
 70
     1
102
RTVSPropertyOp31
 70
     1
102
RTVSPropertyOp32
 70
     1
102
RTVSPropertyOp33
 70
     1
102
RTVSPropertyOp34
 70
     1
102
RTVSPropertyOp35
 70
     1
102
RTVSPropertyOp36
 70
     1
102
RTVSPropertyOp37
 70
     1
102
RTVSPropertyOp38
 70
     1
102
RTVSPropertyOp39
 70
     1
102
RTVSPropertyOp40
 70
     1
102
RTVSPropertyOp41
 70
     1
102
RTVSPropertyOp42
 70
     1
102
RTVSPropertyOp43
 70
     1
102
RTVSPropertyOp44
 70
     1
102
RTVSPropertyOp45
 70
     1
102
RTVSPropertyOp46
 70
     1
102
RTVSPropertyOp47
 70
     1
102
RTVSPropertyOp48
 70
     1
102
RTVSPropertyOp49
 70
     1
102
RTVSPropertyOp50
 70
     1
102
RTVSPropertyOp51
 70
     0
102
RTVSPropertyOp52
 70
     0
102
RTVSPropertyOp53
 70
     1
102
RTVSPropertyOp54
 70
     1
102
RTVSPropertyOp55
 70
     1
102
RTVSPropertyOp56
 70
     1
102
RTVSPropertyOp57
 70
     1
102
RTVSPropertyOp58
 70
     1
102
RTVSPropertyOp59
 70
     1
102
RTVSPropertyOp60
 70
     1
102
RTVSPropertyOp61
 70
     1
102
RTVSPropertyOp62
 70
     1
  0
XRECORD
  5
269C
102
{ACAD_REACTORS
330
269B
102
}
330
269B
100
AcDbXrecord
280
     1
102
RTVSPost2010Prop28
280
     0
102
RTVSPost2010PropOp28
 70
     1
102
RTVSPost2010Prop29
280
     1
102
RTVSPost2010PropOp29
 70
     1
102
RTVSPost2010Prop30
280
     1
102
RTVSPost2010PropOp30
 70
     1
102
RTVSPost2010Prop31
280
     0
102
RTVSPost2010PropOp31
 70
     1
102
RTVSPost2010Prop32
280
     0
102
RTVSPost2010PropOp32
 70
     1
102
RTVSPost2010Prop33
280
     0
102
RTVSPost2010PropOp33
 70
     1
102
RTVSPost2010Prop34
280
     0
102
RTVSPost2010PropOp34
 70
     1
102
RTVSPost2010Prop35
280
     0
102
RTVSPost2010PropOp35
 70
     1
102
RTVSPost2010Prop36
280
     0
102
RTVSPost2010PropOp36
 70
     1
102
RTVSPost2010Prop37
 90
       50
102
RTVSPost2010PropOp37
 70
     1
102
RTVSPost2010Prop38
140
0.0
102
RTVSPost2010PropOp38
 70
     1
102
RTVSPost2010Prop39
140
1.0
102
RTVSPost2010PropOp39
 70
     1
102
RTVSPost2010Prop40
 90
        0
102
RTVSPost2010PropOp40
 70
     1
102
RTVSPost2010Prop41ColorIndex
 90
       18
102
RTVSPost2010Prop41ColorRGB
 90
        0
102
RTVSPost2010PropOp41
 70
     1
102
RTVSPost2010Prop42
 90
       50
102
RTVSPost2010PropOp42
 70
     1
102
RTVSPost2010Prop43
 90
        3
102
RTVSPost2010PropOp43
 70
     1
102
RTVSPost2010Prop44ColorIndex
 90
        5
102
RTVSPost2010Prop44ColorRGB
 90
      255
102
RTVSPost2010PropOp44
 70
     1
102
RTVSPost2010Prop45
280
     0
102
RTVSPost2010PropOp45
 70
     1
102
RTVSPost2010Prop46
 90
       50
102
RTVSPost2010PropOp46
 70
     1
102
RTVSPost2010Prop47
 90
       50
102
RTVSPost2010PropOp47
 70
     1
102
RTVSPost2010Prop48
 90
       50
102
RTVSPost2010PropOp48
 70
     1
102
RTVSPost2010Prop49
280
     0
102
RTVSPost2010PropOp49
 70
     1
102
RTVSPost2010Prop50
 90
       50
102
RTVSPost2010PropOp50
 70
     1
102
RTVSPost2010Prop51ColorIndex
 90
      256
102
RTVSPost2010Prop51ColorRGB
 90
-16777216
102
RTVSPost2010PropOp51
 70
     0
102
RTVSPost2010Prop52
140
1.0
102
RTVSPost2010PropOp52
 70
     0
102
RTVSPost2010Prop53
 90
        2
102
RTVSPost2010PropOp53
 70
     1
102
RTVSPost2010Prop54
  1
strokes_ogs.tif
102
RTVSPost2010PropOp54
 70
     1
102
RTVSPost2010Prop55
280
     0
102
RTVSPost2010PropOp55
 70
     1
102
RTVSPost2010Prop56
140
1.0
102
RTVSPost2010PropOp56
 70
     1
102
RTVSPost2010Prop57
140
1.0
102
RTVSPost2010PropOp57
 70
     1
102
RTVSPropertyOp0
 70
     0
102
RTVSPropertyOp1
 70
     0
102
RTVSPropertyOp2
 70
     0
102
RTVSPropertyOp3
 70
     0
102
RTVSPropertyOp4
 70
     0
102
RTVSPropertyOp5
 70
     0
102
RTVSPropertyOp6
 70
     0
102
RTVSPropertyOp7
 70
     0
102
RTVSPropertyOp8
 70
     0
102
RTVSPropertyOp9
 70
     0
102
RTVSPropertyOp10
 70
     0
102
RTVSPropertyOp11
 70
     0
102
RTVSPropertyOp12
 70
     0
102
RTVSPropertyOp13
 70
     0
102
RTVSPropertyOp14
 70
     2
102
RTVSPropertyOp15
 70
     0
102
RTVSPropertyOp16
 70
     0
102
RTVSPropertyOp17
 70
     0
102
RTVSPropertyOp18
 70
     0
102
RTVSPropertyOp19
 70
     0
102
RTVSPropertyOp20
 70
     0
102
RTVSPropertyOp21
 70
     0
102
RTVSPropertyOp22
 70
     0
102
RTVSPropertyOp23
 70
     0
102
RTVSPropertyOp24
 70
     0
102
RTVSPropertyOp25
 70
     0
102
RTVSPropertyOp26
 70
     0
102
RTVSPropertyOp27
 70
     0
102
RTVSPropertyOp28
 70
     1
102
RTVSPropertyOp29
 70
     1
102
RTVSPropertyOp30
 70
     1
102
RTVSPropertyOp31
 70
     1
102
RTVSPropertyOp32
 70
     1
102
RTVSPropertyOp33
 70
     1
102
RTVSPropertyOp34
 70
     1
102
RTVSPropertyOp35
 70
     1
102
RTVSPropertyOp36
 70
     1
102
RTVSPropertyOp37
 70
     1
102
RTVSPropertyOp38
 70
     1
102
RTVSPropertyOp39
 70
     1
102
RTVSPropertyOp40
 70
     1
102
RTVSPropertyOp41
 70
     1
102
RTVSPropertyOp42
 70
     1
102
RTVSPropertyOp43
 70
     1
102
RTVSPropertyOp44
 70
     1
102
RTVSPropertyOp45
 70
     1
102
RTVSPropertyOp46
 70
     1
102
RTVSPropertyOp47
 70
     1
102
RTVSPropertyOp48
 70
     1
102
RTVSPropertyOp49
 70
     1
102
RTVSPropertyOp50
 70
     1
102
RTVSPropertyOp51
 70
     0
102
RTVSPropertyOp52
 70
     0
102
RTVSPropertyOp53
 70
     1
102
RTVSPropertyOp54
 70
     1
102
RTVSPropertyOp55
 70
     1
102
RTVSPropertyOp56
 70
     1
102
RTVSPropertyOp57
 70
     1
102
RTVSPropertyOp58
 70
     1
102
RTVSPropertyOp59
 70
     1
102
RTVSPropertyOp60
 70
     1
102
RTVSPropertyOp61
 70
     1
102
RTVSPropertyOp62
 70
     1
  0
XRECORD
  5
2694
102
{ACAD_REACTORS
330
2693
102
}
330
2693
100
AcDbXrecord
280
     1
102
RTVSPost2010Prop28
280
     0
102
RTVSPost2010PropOp28
 70
     1
102
RTVSPost2010Prop29
280
     1
102
RTVSPost2010PropOp29
 70
     1
102
RTVSPost2010Prop30
280
     1
102
RTVSPost2010PropOp30
 70
     1
102
RTVSPost2010Prop31
280
     0
102
RTVSPost2010PropOp31
 70
     1
102
RTVSPost2010Prop32
280
     0
102
RTVSPost2010PropOp32
 70
     1
102
RTVSPost2010Prop33
280
     0
102
RTVSPost2010PropOp33
 70
     1
102
RTVSPost2010Prop34
280
     0
102
RTVSPost2010PropOp34
 70
     1
102
RTVSPost2010Prop35
280
     0
102
RTVSPost2010PropOp35
 70
     1
102
RTVSPost2010Prop36
280
     0
102
RTVSPost2010PropOp36
 70
     1
102
RTVSPost2010Prop37
 90
       50
102
RTVSPost2010PropOp37
 70
     1
102
RTVSPost2010Prop38
140
0.0
102
RTVSPost2010PropOp38
 70
     1
102
RTVSPost2010Prop39
140
1.0
102
RTVSPost2010PropOp39
 70
     1
102
RTVSPost2010Prop40
 90
        0
102
RTVSPost2010PropOp40
 70
     1
102
RTVSPost2010Prop41ColorIndex
 90
       18
102
RTVSPost2010Prop41ColorRGB
 90
        0
102
RTVSPost2010PropOp41
 70
     1
102
RTVSPost2010Prop42
 90
       50
102
RTVSPost2010PropOp42
 70
     1
102
RTVSPost2010Prop43
 90
        3
102
RTVSPost2010PropOp43
 70
     1
102
RTVSPost2010Prop44ColorIndex
 90
        5
102
RTVSPost2010Prop44ColorRGB
 90
      255
102
RTVSPost2010PropOp44
 70
     1
102
RTVSPost2010Prop45
280
     0
102
RTVSPost2010PropOp45
 70
     1
102
RTVSPost2010Prop46
 90
       50
102
RTVSPost2010PropOp46
 70
     1
102
RTVSPost2010Prop47
 90
       50
102
RTVSPost2010PropOp47
 70
     1
102
RTVSPost2010Prop48
 90
       50
102
RTVSPost2010PropOp48
 70
     1
102
RTVSPost2010Prop49
280
     0
102
RTVSPost2010PropOp49
 70
     1
102
RTVSPost2010Prop50
 90
       50
102
RTVSPost2010PropOp50
 70
     1
102
RTVSPost2010Prop51ColorIndex
 90
      256
102
RTVSPost2010Prop51ColorRGB
 90
-16777216
102
RTVSPost2010PropOp51
 70
     0
102
RTVSPost2010Prop52
140
1.0
102
RTVSPost2010PropOp52
 70
     0
102
RTVSPost2010Prop53
 90
        2
102
RTVSPost2010PropOp53
 70
     1
102
RTVSPost2010Prop54
  1
strokes_ogs.tif
102
RTVSPost2010PropOp54
 70
     1
102
RTVSPost2010Prop55
280
     0
102
RTVSPost2010PropOp55
 70
     1
102
RTVSPost2010Prop56
140
1.0
102
RTVSPost2010PropOp56
 70
     1
102
RTVSPost2010Prop57
140
1.0
102
RTVSPost2010PropOp57
 70
     1
102
RTVSPropertyOp0
 70
     1
102
RTVSPropertyOp1
 70
     1
102
RTVSPropertyOp2
 70
     1
102
RTVSPropertyOp3
 70
     1
102
RTVSPropertyOp4
 70
     1
102
RTVSPropertyOp5
 70
     1
102
RTVSPropertyOp6
 70
     1
102
RTVSPropertyOp7
 70
     1
102
RTVSPropertyOp8
 70
     1
102
RTVSPropertyOp9
 70
     1
102
RTVSPropertyOp10
 70
     1
102
RTVSPropertyOp11
 70
     1
102
RTVSPropertyOp12
 70
     1
102
RTVSPropertyOp13
 70
     1
102
RTVSPropertyOp14
 70
     1
102
RTVSPropertyOp15
 70
     1
102
RTVSPropertyOp16
 70
     1
102
RTVSPropertyOp17
 70
     1
102
RTVSPropertyOp18
 70
     1
102
RTVSPropertyOp19
 70
     1
102
RTVSPropertyOp20
 70
     1
102
RTVSPropertyOp21
 70
     1
102
RTVSPropertyOp22
 70
     1
102
RTVSPropertyOp23
 70
     1
102
RTVSPropertyOp24
 70
     1
102
RTVSPropertyOp25
 70
     1
102
RTVSPropertyOp26
 70
     1
102
RTVSPropertyOp27
 70
     1
102
RTVSPropertyOp28
 70
     1
102
RTVSPropertyOp29
 70
     1
102
RTVSPropertyOp30
 70
     1
102
RTVSPropertyOp31
 70
     1
102
RTVSPropertyOp32
 70
     1
102
RTVSPropertyOp33
 70
     1
102
RTVSPropertyOp34
 70
     1
102
RTVSPropertyOp35
 70
     1
102
RTVSPropertyOp36
 70
     1
102
RTVSPropertyOp37
 70
     1
102
RTVSPropertyOp38
 70
     1
102
RTVSPropertyOp39
 70
     1
102
RTVSPropertyOp40
 70
     1
102
RTVSPropertyOp41
 70
     1
102
RTVSPropertyOp42
 70
     1
102
RTVSPropertyOp43
 70
     1
102
RTVSPropertyOp44
 70
     1
102
RTVSPropertyOp45
 70
     1
102
RTVSPropertyOp46
 70
     1
102
RTVSPropertyOp47
 70
     1
102
RTVSPropertyOp48
 70
     1
102
RTVSPropertyOp49
 70
     1
102
RTVSPropertyOp50
 70
     1
102
RTVSPropertyOp51
 70
     0
102
RTVSPropertyOp52
 70
     0
102
RTVSPropertyOp53
 70
     1
102
RTVSPropertyOp54
 70
     1
102
RTVSPropertyOp55
 70
     1
102
RTVSPropertyOp56
 70
     1
102
RTVSPropertyOp57
 70
     1
102
RTVSPropertyOp58
 70
     1
102
RTVSPropertyOp59
 70
     1
102
RTVSPropertyOp60
 70
     1
102
RTVSPropertyOp61
 70
     1
102
RTVSPropertyOp62
 70
     1
  0
XRECORD
  5
2678
102
{ACAD_REACTORS
330
2677
102
}
330
2677
100
AcDbXrecord
280
     1
102
RTVSPost2010Prop28
280
     0
102
RTVSPost2010PropOp28
 70
     1
102
RTVSPost2010Prop29
280
     1
102
RTVSPost2010PropOp29
 70
     1
102
RTVSPost2010Prop30
280
     1
102
RTVSPost2010PropOp30
 70
     1
102
RTVSPost2010Prop31
280
     0
102
RTVSPost2010PropOp31
 70
     1
102
RTVSPost2010Prop32
280
     0
102
RTVSPost2010PropOp32
 70
     1
102
RTVSPost2010Prop33
280
     0
102
RTVSPost2010PropOp33
 70
     1
102
RTVSPost2010Prop34
280
     0
102
RTVSPost2010PropOp34
 70
     1
102
RTVSPost2010Prop35
280
     0
102
RTVSPost2010PropOp35
 70
     1
102
RTVSPost2010Prop36
280
     0
102
RTVSPost2010PropOp36
 70
     1
102
RTVSPost2010Prop37
 90
       50
102
RTVSPost2010PropOp37
 70
     1
102
RTVSPost2010Prop38
140
0.0
102
RTVSPost2010PropOp38
 70
     1
102
RTVSPost2010Prop39
140
1.0
102
RTVSPost2010PropOp39
 70
     1
102
RTVSPost2010Prop40
 90
        0
102
RTVSPost2010PropOp40
 70
     1
102
RTVSPost2010Prop41ColorIndex
 90
       18
102
RTVSPost2010Prop41ColorRGB
 90
        0
102
RTVSPost2010PropOp41
 70
     1
102
RTVSPost2010Prop42
 90
       50
102
RTVSPost2010PropOp42
 70
     1
102
RTVSPost2010Prop43
 90
        3
102
RTVSPost2010PropOp43
 70
     1
102
RTVSPost2010Prop44ColorIndex
 90
        5
102
RTVSPost2010Prop44ColorRGB
 90
      255
102
RTVSPost2010PropOp44
 70
     1
102
RTVSPost2010Prop45
280
     0
102
RTVSPost2010PropOp45
 70
     1
102
RTVSPost2010Prop46
 90
       50
102
RTVSPost2010PropOp46
 70
     1
102
RTVSPost2010Prop47
 90
       50
102
RTVSPost2010PropOp47
 70
     1
102
RTVSPost2010Prop48
 90
       50
102
RTVSPost2010PropOp48
 70
     1
102
RTVSPost2010Prop49
280
     0
102
RTVSPost2010PropOp49
 70
     1
102
RTVSPost2010Prop50
 90
       50
102
RTVSPost2010PropOp50
 70
     1
102
RTVSPost2010Prop51ColorIndex
 90
      256
102
RTVSPost2010Prop51ColorRGB
 90
-16777216
102
RTVSPost2010PropOp51
 70
     0
102
RTVSPost2010Prop52
140
1.0
102
RTVSPost2010PropOp52
 70
     0
102
RTVSPost2010Prop53
 90
        2
102
RTVSPost2010PropOp53
 70
     1
102
RTVSPost2010Prop54
  1
strokes_ogs.tif
102
RTVSPost2010PropOp54
 70
     1
102
RTVSPost2010Prop55
280
     0
102
RTVSPost2010PropOp55
 70
     1
102
RTVSPost2010Prop56
140
1.0
102
RTVSPost2010PropOp56
 70
     1
102
RTVSPost2010Prop57
140
1.0
102
RTVSPost2010PropOp57
 70
     1
102
RTVSPropertyOp0
 70
     1
102
RTVSPropertyOp1
 70
     1
102
RTVSPropertyOp2
 70
     1
102
RTVSPropertyOp3
 70
     1
102
RTVSPropertyOp4
 70
     1
102
RTVSPropertyOp5
 70
     1
102
RTVSPropertyOp6
 70
     1
102
RTVSPropertyOp7
 70
     1
102
RTVSPropertyOp8
 70
     1
102
RTVSPropertyOp9
 70
     1
102
RTVSPropertyOp10
 70
     1
102
RTVSPropertyOp11
 70
     1
102
RTVSPropertyOp12
 70
     1
102
RTVSPropertyOp13
 70
     1
102
RTVSPropertyOp14
 70
     1
102
RTVSPropertyOp15
 70
     1
102
RTVSPropertyOp16
 70
     1
102
RTVSPropertyOp17
 70
     1
102
RTVSPropertyOp18
 70
     1
102
RTVSPropertyOp19
 70
     1
102
RTVSPropertyOp20
 70
     1
102
RTVSPropertyOp21
 70
     1
102
RTVSPropertyOp22
 70
     1
102
RTVSPropertyOp23
 70
     1
102
RTVSPropertyOp24
 70
     1
102
RTVSPropertyOp25
 70
     1
102
RTVSPropertyOp26
 70
     1
102
RTVSPropertyOp27
 70
     1
102
RTVSPropertyOp28
 70
     1
102
RTVSPropertyOp29
 70
     1
102
RTVSPropertyOp30
 70
     1
102
RTVSPropertyOp31
 70
     1
102
RTVSPropertyOp32
 70
     1
102
RTVSPropertyOp33
 70
     1
102
RTVSPropertyOp34
 70
     1
102
RTVSPropertyOp35
 70
     1
102
RTVSPropertyOp36
 70
     1
102
RTVSPropertyOp37
 70
     1
102
RTVSPropertyOp38
 70
     1
102
RTVSPropertyOp39
 70
     1
102
RTVSPropertyOp40
 70
     1
102
RTVSPropertyOp41
 70
     1
102
RTVSPropertyOp42
 70
     1
102
RTVSPropertyOp43
 70
     1
102
RTVSPropertyOp44
 70
     1
102
RTVSPropertyOp45
 70
     1
102
RTVSPropertyOp46
 70
     1
102
RTVSPropertyOp47
 70
     1
102
RTVSPropertyOp48
 70
     1
102
RTVSPropertyOp49
 70
     1
102
RTVSPropertyOp50
 70
     1
102
RTVSPropertyOp51
 70
     0
102
RTVSPropertyOp52
 70
     0
102
RTVSPropertyOp53
 70
     1
102
RTVSPropertyOp54
 70
     1
102
RTVSPropertyOp55
 70
     1
102
RTVSPropertyOp56
 70
     1
102
RTVSPropertyOp57
 70
     1
102
RTVSPropertyOp58
 70
     1
102
RTVSPropertyOp59
 70
     1
102
RTVSPropertyOp60
 70
     1
102
RTVSPropertyOp61
 70
     1
102
RTVSPropertyOp62
 70
     1
  0
XRECORD
  5
267A
102
{ACAD_REACTORS
330
2679
102
}
330
2679
100
AcDbXrecord
280
     1
102
RTVSPost2010Prop28
280
     0
102
RTVSPost2010PropOp28
 70
     1
102
RTVSPost2010Prop29
280
     1
102
RTVSPost2010PropOp29
 70
     1
102
RTVSPost2010Prop30
280
     1
102
RTVSPost2010PropOp30
 70
     1
102
RTVSPost2010Prop31
280
     0
102
RTVSPost2010PropOp31
 70
     1
102
RTVSPost2010Prop32
280
     0
102
RTVSPost2010PropOp32
 70
     1
102
RTVSPost2010Prop33
280
     0
102
RTVSPost2010PropOp33
 70
     1
102
RTVSPost2010Prop34
280
     0
102
RTVSPost2010PropOp34
 70
     1
102
RTVSPost2010Prop35
280
     0
102
RTVSPost2010PropOp35
 70
     1
102
RTVSPost2010Prop36
280
     0
102
RTVSPost2010PropOp36
 70
     1
102
RTVSPost2010Prop37
 90
       50
102
RTVSPost2010PropOp37
 70
     1
102
RTVSPost2010Prop38
140
0.0
102
RTVSPost2010PropOp38
 70
     1
102
RTVSPost2010Prop39
140
1.0
102
RTVSPost2010PropOp39
 70
     1
102
RTVSPost2010Prop40
 90
        0
102
RTVSPost2010PropOp40
 70
     1
102
RTVSPost2010Prop41ColorIndex
 90
       18
102
RTVSPost2010Prop41ColorRGB
 90
        0
102
RTVSPost2010PropOp41
 70
     1
102
RTVSPost2010Prop42
 90
       50
102
RTVSPost2010PropOp42
 70
     1
102
RTVSPost2010Prop43
 90
        3
102
RTVSPost2010PropOp43
 70
     1
102
RTVSPost2010Prop44ColorIndex
 90
        5
102
RTVSPost2010Prop44ColorRGB
 90
      255
102
RTVSPost2010PropOp44
 70
     1
102
RTVSPost2010Prop45
280
     0
102
RTVSPost2010PropOp45
 70
     1
102
RTVSPost2010Prop46
 90
       50
102
RTVSPost2010PropOp46
 70
     1
102
RTVSPost2010Prop47
 90
       50
102
RTVSPost2010PropOp47
 70
     1
102
RTVSPost2010Prop48
 90
       50
102
RTVSPost2010PropOp48
 70
     1
102
RTVSPost2010Prop49
280
     0
102
RTVSPost2010PropOp49
 70
     1
102
RTVSPost2010Prop50
 90
       50
102
RTVSPost2010PropOp50
 70
     1
102
RTVSPost2010Prop51ColorIndex
 90
      256
102
RTVSPost2010Prop51ColorRGB
 90
-16777216
102
RTVSPost2010PropOp51
 70
     0
102
RTVSPost2010Prop52
140
1.0
102
RTVSPost2010PropOp52
 70
     0
102
RTVSPost2010Prop53
 90
        2
102
RTVSPost2010PropOp53
 70
     1
102
RTVSPost2010Prop54
  1
strokes_ogs.tif
102
RTVSPost2010PropOp54
 70
     1
102
RTVSPost2010Prop55
280
     0
102
RTVSPost2010PropOp55
 70
     1
102
RTVSPost2010Prop56
140
1.0
102
RTVSPost2010PropOp56
 70
     1
102
RTVSPost2010Prop57
140
1.0
102
RTVSPost2010PropOp57
 70
     1
102
RTVSPropertyOp0
 70
     1
102
RTVSPropertyOp1
 70
     1
102
RTVSPropertyOp2
 70
     1
102
RTVSPropertyOp3
 70
     1
102
RTVSPropertyOp4
 70
     1
102
RTVSPropertyOp5
 70
     1
102
RTVSPropertyOp6
 70
     1
102
RTVSPropertyOp7
 70
     1
102
RTVSPropertyOp8
 70
     1
102
RTVSPropertyOp9
 70
     1
102
RTVSPropertyOp10
 70
     1
102
RTVSPropertyOp11
 70
     1
102
RTVSPropertyOp12
 70
     1
102
RTVSPropertyOp13
 70
     1
102
RTVSPropertyOp14
 70
     1
102
RTVSPropertyOp15
 70
     1
102
RTVSPropertyOp16
 70
     1
102
RTVSPropertyOp17
 70
     1
102
RTVSPropertyOp18
 70
     1
102
RTVSPropertyOp19
 70
     1
102
RTVSPropertyOp20
 70
     1
102
RTVSPropertyOp21
 70
     1
102
RTVSPropertyOp22
 70
     1
102
RTVSPropertyOp23
 70
     1
102
RTVSPropertyOp24
 70
     1
102
RTVSPropertyOp25
 70
     1
102
RTVSPropertyOp26
 70
     1
102
RTVSPropertyOp27
 70
     1
102
RTVSPropertyOp28
 70
     1
102
RTVSPropertyOp29
 70
     1
102
RTVSPropertyOp30
 70
     1
102
RTVSPropertyOp31
 70
     1
102
RTVSPropertyOp32
 70
     1
102
RTVSPropertyOp33
 70
     1
102
RTVSPropertyOp34
 70
     1
102
RTVSPropertyOp35
 70
     1
102
RTVSPropertyOp36
 70
     1
102
RTVSPropertyOp37
 70
     1
102
RTVSPropertyOp38
 70
     1
102
RTVSPropertyOp39
 70
     1
102
RTVSPropertyOp40
 70
     1
102
RTVSPropertyOp41
 70
     1
102
RTVSPropertyOp42
 70
     1
102
RTVSPropertyOp43
 70
     1
102
RTVSPropertyOp44
 70
     1
102
RTVSPropertyOp45
 70
     1
102
RTVSPropertyOp46
 70
     1
102
RTVSPropertyOp47
 70
     1
102
RTVSPropertyOp48
 70
     1
102
RTVSPropertyOp49
 70
     1
102
RTVSPropertyOp50
 70
     1
102
RTVSPropertyOp51
 70
     0
102
RTVSPropertyOp52
 70
     0
102
RTVSPropertyOp53
 70
     1
102
RTVSPropertyOp54
 70
     1
102
RTVSPropertyOp55
 70
     1
102
RTVSPropertyOp56
 70
     1
102
RTVSPropertyOp57
 70
     1
102
RTVSPropertyOp58
 70
     1
102
RTVSPropertyOp59
 70
     1
102
RTVSPropertyOp60
 70
     1
102
RTVSPropertyOp61
 70
     1
102
RTVSPropertyOp62
 70
     1
  0
XRECORD
  5
267C
102
{ACAD_REACTORS
330
267B
102
}
330
267B
100
AcDbXrecord
280
     1
102
RTVSPost2010Prop28
280
     0
102
RTVSPost2010PropOp28
 70
     1
102
RTVSPost2010Prop29
280
     1
102
RTVSPost2010PropOp29
 70
     1
102
RTVSPost2010Prop30
280
     1
102
RTVSPost2010PropOp30
 70
     1
102
RTVSPost2010Prop31
280
     0
102
RTVSPost2010PropOp31
 70
     1
102
RTVSPost2010Prop32
280
     0
102
RTVSPost2010PropOp32
 70
     1
102
RTVSPost2010Prop33
280
     0
102
RTVSPost2010PropOp33
 70
     1
102
RTVSPost2010Prop34
280
     0
102
RTVSPost2010PropOp34
 70
     1
102
RTVSPost2010Prop35
280
     0
102
RTVSPost2010PropOp35
 70
     1
102
RTVSPost2010Prop36
280
     0
102
RTVSPost2010PropOp36
 70
     1
102
RTVSPost2010Prop37
 90
       50
102
RTVSPost2010PropOp37
 70
     1
102
RTVSPost2010Prop38
140
0.0
102
RTVSPost2010PropOp38
 70
     1
102
RTVSPost2010Prop39
140
1.0
102
RTVSPost2010PropOp39
 70
     1
102
RTVSPost2010Prop40
 90
        0
102
RTVSPost2010PropOp40
 70
     1
102
RTVSPost2010Prop41ColorIndex
 90
       18
102
RTVSPost2010Prop41ColorRGB
 90
        0
102
RTVSPost2010PropOp41
 70
     1
102
RTVSPost2010Prop42
 90
       50
102
RTVSPost2010PropOp42
 70
     1
102
RTVSPost2010Prop43
 90
        3
102
RTVSPost2010PropOp43
 70
     1
102
RTVSPost2010Prop44ColorIndex
 90
        5
102
RTVSPost2010Prop44ColorRGB
 90
      255
102
RTVSPost2010PropOp44
 70
     1
102
RTVSPost2010Prop45
280
     0
102
RTVSPost2010PropOp45
 70
     1
102
RTVSPost2010Prop46
 90
       50
102
RTVSPost2010PropOp46
 70
     1
102
RTVSPost2010Prop47
 90
       50
102
RTVSPost2010PropOp47
 70
     1
102
RTVSPost2010Prop48
 90
       50
102
RTVSPost2010PropOp48
 70
     1
102
RTVSPost2010Prop49
280
     0
102
RTVSPost2010PropOp49
 70
     1
102
RTVSPost2010Prop50
 90
       50
102
RTVSPost2010PropOp50
 70
     1
102
RTVSPost2010Prop51ColorIndex
 90
      256
102
RTVSPost2010Prop51ColorRGB
 90
-16777216
102
RTVSPost2010PropOp51
 70
     0
102
RTVSPost2010Prop52
140
1.0
102
RTVSPost2010PropOp52
 70
     0
102
RTVSPost2010Prop53
 90
        2
102
RTVSPost2010PropOp53
 70
     1
102
RTVSPost2010Prop54
  1
strokes_ogs.tif
102
RTVSPost2010PropOp54
 70
     1
102
RTVSPost2010Prop55
280
     0
102
RTVSPost2010PropOp55
 70
     1
102
RTVSPost2010Prop56
140
1.0
102
RTVSPost2010PropOp56
 70
     1
102
RTVSPost2010Prop57
140
1.0
102
RTVSPost2010PropOp57
 70
     1
102
RTVSPropertyOp0
 70
     1
102
RTVSPropertyOp1
 70
     1
102
RTVSPropertyOp2
 70
     1
102
RTVSPropertyOp3
 70
     1
102
RTVSPropertyOp4
 70
     1
102
RTVSPropertyOp5
 70
     1
102
RTVSPropertyOp6
 70
     1
102
RTVSPropertyOp7
 70
     1
102
RTVSPropertyOp8
 70
     1
102
RTVSPropertyOp9
 70
     1
102
RTVSPropertyOp10
 70
     1
102
RTVSPropertyOp11
 70
     1
102
RTVSPropertyOp12
 70
     1
102
RTVSPropertyOp13
 70
     1
102
RTVSPropertyOp14
 70
     1
102
RTVSPropertyOp15
 70
     1
102
RTVSPropertyOp16
 70
     1
102
RTVSPropertyOp17
 70
     1
102
RTVSPropertyOp18
 70
     1
102
RTVSPropertyOp19
 70
     1
102
RTVSPropertyOp20
 70
     1
102
RTVSPropertyOp21
 70
     1
102
RTVSPropertyOp22
 70
     1
102
RTVSPropertyOp23
 70
     1
102
RTVSPropertyOp24
 70
     1
102
RTVSPropertyOp25
 70
     1
102
RTVSPropertyOp26
 70
     1
102
RTVSPropertyOp27
 70
     1
102
RTVSPropertyOp28
 70
     1
102
RTVSPropertyOp29
 70
     1
102
RTVSPropertyOp30
 70
     1
102
RTVSPropertyOp31
 70
     1
102
RTVSPropertyOp32
 70
     1
102
RTVSPropertyOp33
 70
     1
102
RTVSPropertyOp34
 70
     1
102
RTVSPropertyOp35
 70
     1
102
RTVSPropertyOp36
 70
     1
102
RTVSPropertyOp37
 70
     1
102
RTVSPropertyOp38
 70
     1
102
RTVSPropertyOp39
 70
     1
102
RTVSPropertyOp40
 70
     1
102
RTVSPropertyOp41
 70
     1
102
RTVSPropertyOp42
 70
     1
102
RTVSPropertyOp43
 70
     1
102
RTVSPropertyOp44
 70
     1
102
RTVSPropertyOp45
 70
     1
102
RTVSPropertyOp46
 70
     1
102
RTVSPropertyOp47
 70
     1
102
RTVSPropertyOp48
 70
     1
102
RTVSPropertyOp49
 70
     1
102
RTVSPropertyOp50
 70
     1
102
RTVSPropertyOp51
 70
     0
102
RTVSPropertyOp52
 70
     0
102
RTVSPropertyOp53
 70
     1
102
RTVSPropertyOp54
 70
     1
102
RTVSPropertyOp55
 70
     1
102
RTVSPropertyOp56
 70
     1
102
RTVSPropertyOp57
 70
     1
102
RTVSPropertyOp58
 70
     1
102
RTVSPropertyOp59
 70
     1
102
RTVSPropertyOp60
 70
     1
102
RTVSPropertyOp61
 70
     1
102
RTVSPropertyOp62
 70
     1
  0
XRECORD
  5
267E
102
{ACAD_REACTORS
330
267D
102
}
330
267D
100
AcDbXrecord
280
     1
102
RTVSPost2010Prop28
280
     0
102
RTVSPost2010PropOp28
 70
     1
102
RTVSPost2010Prop29
280
     1
102
RTVSPost2010PropOp29
 70
     1
102
RTVSPost2010Prop30
280
     1
102
RTVSPost2010PropOp30
 70
     1
102
RTVSPost2010Prop31
280
     0
102
RTVSPost2010PropOp31
 70
     1
102
RTVSPost2010Prop32
280
     0
102
RTVSPost2010PropOp32
 70
     1
102
RTVSPost2010Prop33
280
     0
102
RTVSPost2010PropOp33
 70
     1
102
RTVSPost2010Prop34
280
     0
102
RTVSPost2010PropOp34
 70
     1
102
RTVSPost2010Prop35
280
     0
102
RTVSPost2010PropOp35
 70
     1
102
RTVSPost2010Prop36
280
     0
102
RTVSPost2010PropOp36
 70
     1
102
RTVSPost2010Prop37
 90
       50
102
RTVSPost2010PropOp37
 70
     1
102
RTVSPost2010Prop38
140
0.0
102
RTVSPost2010PropOp38
 70
     1
102
RTVSPost2010Prop39
140
1.0
102
RTVSPost2010PropOp39
 70
     1
102
RTVSPost2010Prop40
 90
        0
102
RTVSPost2010PropOp40
 70
     1
102
RTVSPost2010Prop41ColorIndex
 90
       18
102
RTVSPost2010Prop41ColorRGB
 90
        0
102
RTVSPost2010PropOp41
 70
     1
102
RTVSPost2010Prop42
 90
       50
102
RTVSPost2010PropOp42
 70
     1
102
RTVSPost2010Prop43
 90
        3
102
RTVSPost2010PropOp43
 70
     1
102
RTVSPost2010Prop44ColorIndex
 90
        5
102
RTVSPost2010Prop44ColorRGB
 90
      255
102
RTVSPost2010PropOp44
 70
     1
102
RTVSPost2010Prop45
280
     0
102
RTVSPost2010PropOp45
 70
     1
102
RTVSPost2010Prop46
 90
       50
102
RTVSPost2010PropOp46
 70
     1
102
RTVSPost2010Prop47
 90
       50
102
RTVSPost2010PropOp47
 70
     1
102
RTVSPost2010Prop48
 90
       50
102
RTVSPost2010PropOp48
 70
     1
102
RTVSPost2010Prop49
280
     0
102
RTVSPost2010PropOp49
 70
     1
102
RTVSPost2010Prop50
 90
       50
102
RTVSPost2010PropOp50
 70
     1
102
RTVSPost2010Prop51ColorIndex
 90
      256
102
RTVSPost2010Prop51ColorRGB
 90
-16777216
102
RTVSPost2010PropOp51
 70
     0
102
RTVSPost2010Prop52
140
1.0
102
RTVSPost2010PropOp52
 70
     0
102
RTVSPost2010Prop53
 90
        2
102
RTVSPost2010PropOp53
 70
     1
102
RTVSPost2010Prop54
  1
strokes_ogs.tif
102
RTVSPost2010PropOp54
 70
     1
102
RTVSPost2010Prop55
280
     0
102
RTVSPost2010PropOp55
 70
     1
102
RTVSPost2010Prop56
140
1.0
102
RTVSPost2010PropOp56
 70
     1
102
RTVSPost2010Prop57
140
1.0
102
RTVSPost2010PropOp57
 70
     1
102
RTVSPropertyOp0
 70
     1
102
RTVSPropertyOp1
 70
     1
102
RTVSPropertyOp2
 70
     1
102
RTVSPropertyOp3
 70
     1
102
RTVSPropertyOp4
 70
     1
102
RTVSPropertyOp5
 70
     1
102
RTVSPropertyOp6
 70
     1
102
RTVSPropertyOp7
 70
     1
102
RTVSPropertyOp8
 70
     1
102
RTVSPropertyOp9
 70
     1
102
RTVSPropertyOp10
 70
     1
102
RTVSPropertyOp11
 70
     1
102
RTVSPropertyOp12
 70
     1
102
RTVSPropertyOp13
 70
     1
102
RTVSPropertyOp14
 70
     1
102
RTVSPropertyOp15
 70
     1
102
RTVSPropertyOp16
 70
     1
102
RTVSPropertyOp17
 70
     1
102
RTVSPropertyOp18
 70
     1
102
RTVSPropertyOp19
 70
     1
102
RTVSPropertyOp20
 70
     1
102
RTVSPropertyOp21
 70
     1
102
RTVSPropertyOp22
 70
     1
102
RTVSPropertyOp23
 70
     1
102
RTVSPropertyOp24
 70
     1
102
RTVSPropertyOp25
 70
     1
102
RTVSPropertyOp26
 70
     1
102
RTVSPropertyOp27
 70
     1
102
RTVSPropertyOp28
 70
     1
102
RTVSPropertyOp29
 70
     1
102
RTVSPropertyOp30
 70
     1
102
RTVSPropertyOp31
 70
     1
102
RTVSPropertyOp32
 70
     1
102
RTVSPropertyOp33
 70
     1
102
RTVSPropertyOp34
 70
     1
102
RTVSPropertyOp35
 70
     1
102
RTVSPropertyOp36
 70
     1
102
RTVSPropertyOp37
 70
     1
102
RTVSPropertyOp38
 70
     1
102
RTVSPropertyOp39
 70
     1
102
RTVSPropertyOp40
 70
     1
102
RTVSPropertyOp41
 70
     1
102
RTVSPropertyOp42
 70
     1
102
RTVSPropertyOp43
 70
     1
102
RTVSPropertyOp44
 70
     1
102
RTVSPropertyOp45
 70
     1
102
RTVSPropertyOp46
 70
     1
102
RTVSPropertyOp47
 70
     1
102
RTVSPropertyOp48
 70
     1
102
RTVSPropertyOp49
 70
     1
102
RTVSPropertyOp50
 70
     1
102
RTVSPropertyOp51
 70
     0
102
RTVSPropertyOp52
 70
     0
102
RTVSPropertyOp53
 70
     1
102
RTVSPropertyOp54
 70
     1
102
RTVSPropertyOp55
 70
     1
102
RTVSPropertyOp56
 70
     1
102
RTVSPropertyOp57
 70
     1
102
RTVSPropertyOp58
 70
     1
102
RTVSPropertyOp59
 70
     1
102
RTVSPropertyOp60
 70
     1
102
RTVSPropertyOp61
 70
     1
102
RTVSPropertyOp62
 70
     1
  0
XRECORD
  5
26A0
102
{ACAD_REACTORS
330
269F
102
}
330
269F
100
AcDbXrecord
280
     1
102
RTVSPost2010Prop28
280
     0
102
RTVSPost2010PropOp28
 70
     1
102
RTVSPost2010Prop29
280
     1
102
RTVSPost2010PropOp29
 70
     1
102
RTVSPost2010Prop30
280
     1
102
RTVSPost2010PropOp30
 70
     1
102
RTVSPost2010Prop31
280
     0
102
RTVSPost2010PropOp31
 70
     1
102
RTVSPost2010Prop32
280
     0
102
RTVSPost2010PropOp32
 70
     1
102
RTVSPost2010Prop33
280
     0
102
RTVSPost2010PropOp33
 70
     1
102
RTVSPost2010Prop34
280
     0
102
RTVSPost2010PropOp34
 70
     1
102
RTVSPost2010Prop35
280
     0
102
RTVSPost2010PropOp35
 70
     1
102
RTVSPost2010Prop36
280
     0
102
RTVSPost2010PropOp36
 70
     1
102
RTVSPost2010Prop37
 90
       50
102
RTVSPost2010PropOp37
 70
     1
102
RTVSPost2010Prop38
140
0.0
102
RTVSPost2010PropOp38
 70
     1
102
RTVSPost2010Prop39
140
1.0
102
RTVSPost2010PropOp39
 70
     1
102
RTVSPost2010Prop40
 90
        0
102
RTVSPost2010PropOp40
 70
     1
102
RTVSPost2010Prop41ColorIndex
 90
       18
102
RTVSPost2010Prop41ColorRGB
 90
        0
102
RTVSPost2010PropOp41
 70
     1
102
RTVSPost2010Prop42
 90
       50
102
RTVSPost2010PropOp42
 70
     1
102
RTVSPost2010Prop43
 90
        3
102
RTVSPost2010PropOp43
 70
     1
102
RTVSPost2010Prop44ColorIndex
 90
        5
102
RTVSPost2010Prop44ColorRGB
 90
      255
102
RTVSPost2010PropOp44
 70
     1
102
RTVSPost2010Prop45
280
     0
102
RTVSPost2010PropOp45
 70
     1
102
RTVSPost2010Prop46
 90
       50
102
RTVSPost2010PropOp46
 70
     1
102
RTVSPost2010Prop47
 90
       50
102
RTVSPost2010PropOp47
 70
     1
102
RTVSPost2010Prop48
 90
       50
102
RTVSPost2010PropOp48
 70
     1
102
RTVSPost2010Prop49
280
     0
102
RTVSPost2010PropOp49
 70
     1
102
RTVSPost2010Prop50
 90
       50
102
RTVSPost2010PropOp50
 70
     1
102
RTVSPost2010Prop51ColorIndex
 90
      256
102
RTVSPost2010Prop51ColorRGB
 90
-16777216
102
RTVSPost2010PropOp51
 70
     0
102
RTVSPost2010Prop52
140
1.0
102
RTVSPost2010PropOp52
 70
     0
102
RTVSPost2010Prop53
 90
        2
102
RTVSPost2010PropOp53
 70
     1
102
RTVSPost2010Prop54
  1
strokes_ogs.tif
102
RTVSPost2010PropOp54
 70
     1
102
RTVSPost2010Prop55
280
     0
102
RTVSPost2010PropOp55
 70
     1
102
RTVSPost2010Prop56
140
1.0
102
RTVSPost2010PropOp56
 70
     1
102
RTVSPost2010Prop57
140
1.0
102
RTVSPost2010PropOp57
 70
     1
102
RTVSPropertyOp0
 70
     1
102
RTVSPropertyOp1
 70
     1
102
RTVSPropertyOp2
 70
     1
102
RTVSPropertyOp3
 70
     1
102
RTVSPropertyOp4
 70
     1
102
RTVSPropertyOp5
 70
     1
102
RTVSPropertyOp6
 70
     1
102
RTVSPropertyOp7
 70
     1
102
RTVSPropertyOp8
 70
     1
102
RTVSPropertyOp9
 70
     1
102
RTVSPropertyOp10
 70
     1
102
RTVSPropertyOp11
 70
     1
102
RTVSPropertyOp12
 70
     1
102
RTVSPropertyOp13
 70
     1
102
RTVSPropertyOp14
 70
     1
102
RTVSPropertyOp15
 70
     1
102
RTVSPropertyOp16
 70
     1
102
RTVSPropertyOp17
 70
     1
102
RTVSPropertyOp18
 70
     1
102
RTVSPropertyOp19
 70
     1
102
RTVSPropertyOp20
 70
     1
102
RTVSPropertyOp21
 70
     1
102
RTVSPropertyOp22
 70
     1
102
RTVSPropertyOp23
 70
     1
102
RTVSPropertyOp24
 70
     1
102
RTVSPropertyOp25
 70
     1
102
RTVSPropertyOp26
 70
     1
102
RTVSPropertyOp27
 70
     1
102
RTVSPropertyOp28
 70
     1
102
RTVSPropertyOp29
 70
     1
102
RTVSPropertyOp30
 70
     1
102
RTVSPropertyOp31
 70
     1
102
RTVSPropertyOp32
 70
     1
102
RTVSPropertyOp33
 70
     1
102
RTVSPropertyOp34
 70
     1
102
RTVSPropertyOp35
 70
     1
102
RTVSPropertyOp36
 70
     1
102
RTVSPropertyOp37
 70
     1
102
RTVSPropertyOp38
 70
     1
102
RTVSPropertyOp39
 70
     1
102
RTVSPropertyOp40
 70
     1
102
RTVSPropertyOp41
 70
     1
102
RTVSPropertyOp42
 70
     1
102
RTVSPropertyOp43
 70
     1
102
RTVSPropertyOp44
 70
     1
102
RTVSPropertyOp45
 70
     1
102
RTVSPropertyOp46
 70
     1
102
RTVSPropertyOp47
 70
     1
102
RTVSPropertyOp48
 70
     1
102
RTVSPropertyOp49
 70
     1
102
RTVSPropertyOp50
 70
     1
102
RTVSPropertyOp51
 70
     0
102
RTVSPropertyOp52
 70
     0
102
RTVSPropertyOp53
 70
     1
102
RTVSPropertyOp54
 70
     1
102
RTVSPropertyOp55
 70
     1
102
RTVSPropertyOp56
 70
     1
102
RTVSPropertyOp57
 70
     1
102
RTVSPropertyOp58
 70
     1
102
RTVSPropertyOp59
 70
     1
102
RTVSPropertyOp60
 70
     1
102
RTVSPropertyOp61
 70
     1
102
RTVSPropertyOp62
 70
     1
  0
XRECORD
  5
2698
102
{ACAD_REACTORS
330
2697
102
}
330
2697
100
AcDbXrecord
280
     1
102
RTVSPost2010Prop28
280
     0
102
RTVSPost2010PropOp28
 70
     1
102
RTVSPost2010Prop29
280
     1
102
RTVSPost2010PropOp29
 70
     1
102
RTVSPost2010Prop30
280
     1
102
RTVSPost2010PropOp30
 70
     1
102
RTVSPost2010Prop31
280
     0
102
RTVSPost2010PropOp31
 70
     1
102
RTVSPost2010Prop32
280
     0
102
RTVSPost2010PropOp32
 70
     1
102
RTVSPost2010Prop33
280
     0
102
RTVSPost2010PropOp33
 70
     1
102
RTVSPost2010Prop34
280
     0
102
RTVSPost2010PropOp34
 70
     1
102
RTVSPost2010Prop35
280
     0
102
RTVSPost2010PropOp35
 70
     1
102
RTVSPost2010Prop36
280
     0
102
RTVSPost2010PropOp36
 70
     1
102
RTVSPost2010Prop37
 90
       50
102
RTVSPost2010PropOp37
 70
     1
102
RTVSPost2010Prop38
140
0.0
102
RTVSPost2010PropOp38
 70
     1
102
RTVSPost2010Prop39
140
1.0
102
RTVSPost2010PropOp39
 70
     1
102
RTVSPost2010Prop40
 90
        0
102
RTVSPost2010PropOp40
 70
     1
102
RTVSPost2010Prop41ColorIndex
 90
       18
102
RTVSPost2010Prop41ColorRGB
 90
        0
102
RTVSPost2010PropOp41
 70
     1
102
RTVSPost2010Prop42
 90
       50
102
RTVSPost2010PropOp42
 70
     1
102
RTVSPost2010Prop43
 90
        3
102
RTVSPost2010PropOp43
 70
     1
102
RTVSPost2010Prop44ColorIndex
 90
        5
102
RTVSPost2010Prop44ColorRGB
 90
      255
102
RTVSPost2010PropOp44
 70
     1
102
RTVSPost2010Prop45
280
     0
102
RTVSPost2010PropOp45
 70
     1
102
RTVSPost2010Prop46
 90
       50
102
RTVSPost2010PropOp46
 70
     1
102
RTVSPost2010Prop47
 90
       50
102
RTVSPost2010PropOp47
 70
     1
102
RTVSPost2010Prop48
 90
       50
102
RTVSPost2010PropOp48
 70
     1
102
RTVSPost2010Prop49
280
     0
102
RTVSPost2010PropOp49
 70
     1
102
RTVSPost2010Prop50
 90
       50
102
RTVSPost2010PropOp50
 70
     1
102
RTVSPost2010Prop51ColorIndex
 90
      256
102
RTVSPost2010Prop51ColorRGB
 90
-16777216
102
RTVSPost2010PropOp51
 70
     0
102
RTVSPost2010Prop52
140
1.0
102
RTVSPost2010PropOp52
 70
     0
102
RTVSPost2010Prop53
 90
        2
102
RTVSPost2010PropOp53
 70
     1
102
RTVSPost2010Prop54
  1
strokes_ogs.tif
102
RTVSPost2010PropOp54
 70
     1
102
RTVSPost2010Prop55
280
     0
102
RTVSPost2010PropOp55
 70
     1
102
RTVSPost2010Prop56
140
1.0
102
RTVSPost2010PropOp56
 70
     1
102
RTVSPost2010Prop57
140
1.0
102
RTVSPost2010PropOp57
 70
     1
102
RTVSPropertyOp0
 70
     0
102
RTVSPropertyOp1
 70
     0
102
RTVSPropertyOp2
 70
     0
102
RTVSPropertyOp3
 70
     0
102
RTVSPropertyOp4
 70
     0
102
RTVSPropertyOp5
 70
     0
102
RTVSPropertyOp6
 70
     0
102
RTVSPropertyOp7
 70
     0
102
RTVSPropertyOp8
 70
     0
102
RTVSPropertyOp9
 70
     0
102
RTVSPropertyOp10
 70
     0
102
RTVSPropertyOp11
 70
     0
102
RTVSPropertyOp12
 70
     0
102
RTVSPropertyOp13
 70
     0
102
RTVSPropertyOp14
 70
     2
102
RTVSPropertyOp15
 70
     0
102
RTVSPropertyOp16
 70
     0
102
RTVSPropertyOp17
 70
     0
102
RTVSPropertyOp18
 70
     0
102
RTVSPropertyOp19
 70
     0
102
RTVSPropertyOp20
 70
     0
102
RTVSPropertyOp21
 70
     0
102
RTVSPropertyOp22
 70
     0
102
RTVSPropertyOp23
 70
     0
102
RTVSPropertyOp24
 70
     0
102
RTVSPropertyOp25
 70
     0
102
RTVSPropertyOp26
 70
     0
102
RTVSPropertyOp27
 70
     0
102
RTVSPropertyOp28
 70
     1
102
RTVSPropertyOp29
 70
     1
102
RTVSPropertyOp30
 70
     1
102
RTVSPropertyOp31
 70
     1
102
RTVSPropertyOp32
 70
     1
102
RTVSPropertyOp33
 70
     1
102
RTVSPropertyOp34
 70
     1
102
RTVSPropertyOp35
 70
     1
102
RTVSPropertyOp36
 70
     1
102
RTVSPropertyOp37
 70
     1
102
RTVSPropertyOp38
 70
     1
102
RTVSPropertyOp39
 70
     1
102
RTVSPropertyOp40
 70
     1
102
RTVSPropertyOp41
 70
     1
102
RTVSPropertyOp42
 70
     1
102
RTVSPropertyOp43
 70
     1
102
RTVSPropertyOp44
 70
     1
102
RTVSPropertyOp45
 70
     1
102
RTVSPropertyOp46
 70
     1
102
RTVSPropertyOp47
 70
     1
102
RTVSPropertyOp48
 70
     1
102
RTVSPropertyOp49
 70
     1
102
RTVSPropertyOp50
 70
     1
102
RTVSPropertyOp51
 70
     0
102
RTVSPropertyOp52
 70
     0
102
RTVSPropertyOp53
 70
     1
102
RTVSPropertyOp54
 70
     1
102
RTVSPropertyOp55
 70
     1
102
RTVSPropertyOp56
 70
     1
102
RTVSPropertyOp57
 70
     1
102
RTVSPropertyOp58
 70
     1
102
RTVSPropertyOp59
 70
     1
102
RTVSPropertyOp60
 70
     1
102
RTVSPropertyOp61
 70
     1
102
RTVSPropertyOp62
 70
     1
  0
XRECORD
  5
2692
102
{ACAD_REACTORS
330
2691
102
}
330
2691
100
AcDbXrecord
280
     1
102
RTVSPost2010Prop28
280
     0
102
RTVSPost2010PropOp28
 70
     1
102
RTVSPost2010Prop29
280
     1
102
RTVSPost2010PropOp29
 70
     1
102
RTVSPost2010Prop30
280
     1
102
RTVSPost2010PropOp30
 70
     1
102
RTVSPost2010Prop31
280
     0
102
RTVSPost2010PropOp31
 70
     1
102
RTVSPost2010Prop32
280
     0
102
RTVSPost2010PropOp32
 70
     1
102
RTVSPost2010Prop33
280
     0
102
RTVSPost2010PropOp33
 70
     1
102
RTVSPost2010Prop34
280
     0
102
RTVSPost2010PropOp34
 70
     1
102
RTVSPost2010Prop35
280
     0
102
RTVSPost2010PropOp35
 70
     1
102
RTVSPost2010Prop36
280
     0
102
RTVSPost2010PropOp36
 70
     1
102
RTVSPost2010Prop37
 90
       50
102
RTVSPost2010PropOp37
 70
     1
102
RTVSPost2010Prop38
140
0.0
102
RTVSPost2010PropOp38
 70
     1
102
RTVSPost2010Prop39
140
1.0
102
RTVSPost2010PropOp39
 70
     1
102
RTVSPost2010Prop40
 90
        0
102
RTVSPost2010PropOp40
 70
     1
102
RTVSPost2010Prop41ColorIndex
 90
       18
102
RTVSPost2010Prop41ColorRGB
 90
        0
102
RTVSPost2010PropOp41
 70
     1
102
RTVSPost2010Prop42
 90
       50
102
RTVSPost2010PropOp42
 70
     1
102
RTVSPost2010Prop43
 90
        3
102
RTVSPost2010PropOp43
 70
     1
102
RTVSPost2010Prop44ColorIndex
 90
        5
102
RTVSPost2010Prop44ColorRGB
 90
      255
102
RTVSPost2010PropOp44
 70
     1
102
RTVSPost2010Prop45
280
     0
102
RTVSPost2010PropOp45
 70
     1
102
RTVSPost2010Prop46
 90
       50
102
RTVSPost2010PropOp46
 70
     1
102
RTVSPost2010Prop47
 90
       50
102
RTVSPost2010PropOp47
 70
     1
102
RTVSPost2010Prop48
 90
       50
102
RTVSPost2010PropOp48
 70
     1
102
RTVSPost2010Prop49
280
     0
102
RTVSPost2010PropOp49
 70
     1
102
RTVSPost2010Prop50
 90
       50
102
RTVSPost2010PropOp50
 70
     1
102
RTVSPost2010Prop51ColorIndex
 90
      256
102
RTVSPost2010Prop51ColorRGB
 90
-16777216
102
RTVSPost2010PropOp51
 70
     0
102
RTVSPost2010Prop52
140
1.0
102
RTVSPost2010PropOp52
 70
     0
102
RTVSPost2010Prop53
 90
        2
102
RTVSPost2010PropOp53
 70
     1
102
RTVSPost2010Prop54
  1
strokes_ogs.tif
102
RTVSPost2010PropOp54
 70
     1
102
RTVSPost2010Prop55
280
     0
102
RTVSPost2010PropOp55
 70
     1
102
RTVSPost2010Prop56
140
1.0
102
RTVSPost2010PropOp56
 70
     1
102
RTVSPost2010Prop57
140
1.0
102
RTVSPost2010PropOp57
 70
     1
102
RTVSPropertyOp0
 70
     1
102
RTVSPropertyOp1
 70
     1
102
RTVSPropertyOp2
 70
     1
102
RTVSPropertyOp3
 70
     1
102
RTVSPropertyOp4
 70
     1
102
RTVSPropertyOp5
 70
     1
102
RTVSPropertyOp6
 70
     1
102
RTVSPropertyOp7
 70
     1
102
RTVSPropertyOp8
 70
     1
102
RTVSPropertyOp9
 70
     1
102
RTVSPropertyOp10
 70
     1
102
RTVSPropertyOp11
 70
     1
102
RTVSPropertyOp12
 70
     1
102
RTVSPropertyOp13
 70
     1
102
RTVSPropertyOp14
 70
     1
102
RTVSPropertyOp15
 70
     1
102
RTVSPropertyOp16
 70
     1
102
RTVSPropertyOp17
 70
     1
102
RTVSPropertyOp18
 70
     1
102
RTVSPropertyOp19
 70
     1
102
RTVSPropertyOp20
 70
     1
102
RTVSPropertyOp21
 70
     1
102
RTVSPropertyOp22
 70
     1
102
RTVSPropertyOp23
 70
     1
102
RTVSPropertyOp24
 70
     1
102
RTVSPropertyOp25
 70
     1
102
RTVSPropertyOp26
 70
     1
102
RTVSPropertyOp27
 70
     1
102
RTVSPropertyOp28
 70
     1
102
RTVSPropertyOp29
 70
     1
102
RTVSPropertyOp30
 70
     1
102
RTVSPropertyOp31
 70
     1
102
RTVSPropertyOp32
 70
     1
102
RTVSPropertyOp33
 70
     1
102
RTVSPropertyOp34
 70
     1
102
RTVSPropertyOp35
 70
     1
102
RTVSPropertyOp36
 70
     1
102
RTVSPropertyOp37
 70
     1
102
RTVSPropertyOp38
 70
     1
102
RTVSPropertyOp39
 70
     1
102
RTVSPropertyOp40
 70
     1
102
RTVSPropertyOp41
 70
     1
102
RTVSPropertyOp42
 70
     1
102
RTVSPropertyOp43
 70
     1
102
RTVSPropertyOp44
 70
     1
102
RTVSPropertyOp45
 70
     1
102
RTVSPropertyOp46
 70
     1
102
RTVSPropertyOp47
 70
     1
102
RTVSPropertyOp48
 70
     1
102
RTVSPropertyOp49
 70
     1
102
RTVSPropertyOp50
 70
     1
102
RTVSPropertyOp51
 70
     0
102
RTVSPropertyOp52
 70
     0
102
RTVSPropertyOp53
 70
     1
102
RTVSPropertyOp54
 70
     1
102
RTVSPropertyOp55
 70
     1
102
RTVSPropertyOp56
 70
     1
102
RTVSPropertyOp57
 70
     1
102
RTVSPropertyOp58
 70
     1
102
RTVSPropertyOp59
 70
     1
102
RTVSPropertyOp60
 70
     1
102
RTVSPropertyOp61
 70
     1
102
RTVSPropertyOp62
 70
     1
  0
XRECORD
  5
269A
102
{ACAD_REACTORS
330
2699
102
}
330
2699
100
AcDbXrecord
280
     1
102
RTVSPost2010Prop28
280
     0
102
RTVSPost2010PropOp28
 70
     1
102
RTVSPost2010Prop29
280
     1
102
RTVSPost2010PropOp29
 70
     1
102
RTVSPost2010Prop30
280
     1
102
RTVSPost2010PropOp30
 70
     1
102
RTVSPost2010Prop31
280
     0
102
RTVSPost2010PropOp31
 70
     1
102
RTVSPost2010Prop32
280
     0
102
RTVSPost2010PropOp32
 70
     1
102
RTVSPost2010Prop33
280
     0
102
RTVSPost2010PropOp33
 70
     1
102
RTVSPost2010Prop34
280
     0
102
RTVSPost2010PropOp34
 70
     1
102
RTVSPost2010Prop35
280
     0
102
RTVSPost2010PropOp35
 70
     1
102
RTVSPost2010Prop36
280
     0
102
RTVSPost2010PropOp36
 70
     1
102
RTVSPost2010Prop37
 90
       50
102
RTVSPost2010PropOp37
 70
     1
102
RTVSPost2010Prop38
140
0.0
102
RTVSPost2010PropOp38
 70
     1
102
RTVSPost2010Prop39
140
1.0
102
RTVSPost2010PropOp39
 70
     1
102
RTVSPost2010Prop40
 90
        0
102
RTVSPost2010PropOp40
 70
     1
102
RTVSPost2010Prop41ColorIndex
 90
       18
102
RTVSPost2010Prop41ColorRGB
 90
        0
102
RTVSPost2010PropOp41
 70
     1
102
RTVSPost2010Prop42
 90
       50
102
RTVSPost2010PropOp42
 70
     1
102
RTVSPost2010Prop43
 90
        3
102
RTVSPost2010PropOp43
 70
     1
102
RTVSPost2010Prop44ColorIndex
 90
        5
102
RTVSPost2010Prop44ColorRGB
 90
      255
102
RTVSPost2010PropOp44
 70
     1
102
RTVSPost2010Prop45
280
     0
102
RTVSPost2010PropOp45
 70
     1
102
RTVSPost2010Prop46
 90
       50
102
RTVSPost2010PropOp46
 70
     1
102
RTVSPost2010Prop47
 90
       50
102
RTVSPost2010PropOp47
 70
     1
102
RTVSPost2010Prop48
 90
       50
102
RTVSPost2010PropOp48
 70
     1
102
RTVSPost2010Prop49
280
     0
102
RTVSPost2010PropOp49
 70
     1
102
RTVSPost2010Prop50
 90
       50
102
RTVSPost2010PropOp50
 70
     1
102
RTVSPost2010Prop51ColorIndex
 90
      256
102
RTVSPost2010Prop51ColorRGB
 90
-16777216
102
RTVSPost2010PropOp51
 70
     0
102
RTVSPost2010Prop52
140
1.0
102
RTVSPost2010PropOp52
 70
     0
102
RTVSPost2010Prop53
 90
        2
102
RTVSPost2010PropOp53
 70
     1
102
RTVSPost2010Prop54
  1
strokes_ogs.tif
102
RTVSPost2010PropOp54
 70
     1
102
RTVSPost2010Prop55
280
     0
102
RTVSPost2010PropOp55
 70
     1
102
RTVSPost2010Prop56
140
1.0
102
RTVSPost2010PropOp56
 70
     1
102
RTVSPost2010Prop57
140
1.0
102
RTVSPost2010PropOp57
 70
     1
102
RTVSPropertyOp0
 70
     0
102
RTVSPropertyOp1
 70
     0
102
RTVSPropertyOp2
 70
     0
102
RTVSPropertyOp3
 70
     0
102
RTVSPropertyOp4
 70
     0
102
RTVSPropertyOp5
 70
     0
102
RTVSPropertyOp6
 70
     0
102
RTVSPropertyOp7
 70
     0
102
RTVSPropertyOp8
 70
     0
102
RTVSPropertyOp9
 70
     0
102
RTVSPropertyOp10
 70
     0
102
RTVSPropertyOp11
 70
     0
102
RTVSPropertyOp12
 70
     0
102
RTVSPropertyOp13
 70
     0
102
RTVSPropertyOp14
 70
     2
102
RTVSPropertyOp15
 70
     0
102
RTVSPropertyOp16
 70
     0
102
RTVSPropertyOp17
 70
     0
102
RTVSPropertyOp18
 70
     0
102
RTVSPropertyOp19
 70
     0
102
RTVSPropertyOp20
 70
     0
102
RTVSPropertyOp21
 70
     0
102
RTVSPropertyOp22
 70
     0
102
RTVSPropertyOp23
 70
     0
102
RTVSPropertyOp24
 70
     0
102
RTVSPropertyOp25
 70
     0
102
RTVSPropertyOp26
 70
     0
102
RTVSPropertyOp27
 70
     0
102
RTVSPropertyOp28
 70
     1
102
RTVSPropertyOp29
 70
     1
102
RTVSPropertyOp30
 70
     1
102
RTVSPropertyOp31
 70
     1
102
RTVSPropertyOp32
 70
     1
102
RTVSPropertyOp33
 70
     1
102
RTVSPropertyOp34
 70
     1
102
RTVSPropertyOp35
 70
     1
102
RTVSPropertyOp36
 70
     1
102
RTVSPropertyOp37
 70
     1
102
RTVSPropertyOp38
 70
     1
102
RTVSPropertyOp39
 70
     1
102
RTVSPropertyOp40
 70
     1
102
RTVSPropertyOp41
 70
     1
102
RTVSPropertyOp42
 70
     1
102
RTVSPropertyOp43
 70
     1
102
RTVSPropertyOp44
 70
     1
102
RTVSPropertyOp45
 70
     1
102
RTVSPropertyOp46
 70
     1
102
RTVSPropertyOp47
 70
     1
102
RTVSPropertyOp48
 70
     1
102
RTVSPropertyOp49
 70
     1
102
RTVSPropertyOp50
 70
     1
102
RTVSPropertyOp51
 70
     0
102
RTVSPropertyOp52
 70
     0
102
RTVSPropertyOp53
 70
     1
102
RTVSPropertyOp54
 70
     1
102
RTVSPropertyOp55
 70
     1
102
RTVSPropertyOp56
 70
     1
102
RTVSPropertyOp57
 70
     1
102
RTVSPropertyOp58
 70
     1
102
RTVSPropertyOp59
 70
     1
102
RTVSPropertyOp60
 70
     1
102
RTVSPropertyOp61
 70
     1
102
RTVSPropertyOp62
 70
     1
  0
XRECORD
  5
268A
102
{ACAD_REACTORS
330
2689
102
}
330
2689
100
AcDbXrecord
280
     1
102
RTVSPost2010Prop28
280
     0
102
RTVSPost2010PropOp28
 70
     1
102
RTVSPost2010Prop29
280
     1
102
RTVSPost2010PropOp29
 70
     1
102
RTVSPost2010Prop30
280
     1
102
RTVSPost2010PropOp30
 70
     1
102
RTVSPost2010Prop31
280
     0
102
RTVSPost2010PropOp31
 70
     1
102
RTVSPost2010Prop32
280
     0
102
RTVSPost2010PropOp32
 70
     1
102
RTVSPost2010Prop33
280
     0
102
RTVSPost2010PropOp33
 70
     1
102
RTVSPost2010Prop34
280
     0
102
RTVSPost2010PropOp34
 70
     1
102
RTVSPost2010Prop35
280
     0
102
RTVSPost2010PropOp35
 70
     1
102
RTVSPost2010Prop36
280
     0
102
RTVSPost2010PropOp36
 70
     1
102
RTVSPost2010Prop37
 90
       50
102
RTVSPost2010PropOp37
 70
     1
102
RTVSPost2010Prop38
140
0.0
102
RTVSPost2010PropOp38
 70
     1
102
RTVSPost2010Prop39
140
1.0
102
RTVSPost2010PropOp39
 70
     1
102
RTVSPost2010Prop40
 90
        0
102
RTVSPost2010PropOp40
 70
     1
102
RTVSPost2010Prop41ColorIndex
 90
       18
102
RTVSPost2010Prop41ColorRGB
 90
        0
102
RTVSPost2010PropOp41
 70
     1
102
RTVSPost2010Prop42
 90
       50
102
RTVSPost2010PropOp42
 70
     1
102
RTVSPost2010Prop43
 90
        3
102
RTVSPost2010PropOp43
 70
     1
102
RTVSPost2010Prop44ColorIndex
 90
        5
102
RTVSPost2010Prop44ColorRGB
 90
      255
102
RTVSPost2010PropOp44
 70
     1
102
RTVSPost2010Prop45
280
     0
102
RTVSPost2010PropOp45
 70
     1
102
RTVSPost2010Prop46
 90
       50
102
RTVSPost2010PropOp46
 70
     1
102
RTVSPost2010Prop47
 90
       50
102
RTVSPost2010PropOp47
 70
     1
102
RTVSPost2010Prop48
 90
       50
102
RTVSPost2010PropOp48
 70
     1
102
RTVSPost2010Prop49
280
     0
102
RTVSPost2010PropOp49
 70
     1
102
RTVSPost2010Prop50
 90
       50
102
RTVSPost2010PropOp50
 70
     1
102
RTVSPost2010Prop51ColorIndex
 90
      256
102
RTVSPost2010Prop51ColorRGB
 90
-16777216
102
RTVSPost2010PropOp51
 70
     0
102
RTVSPost2010Prop52
140
1.0
102
RTVSPost2010PropOp52
 70
     0
102
RTVSPost2010Prop53
 90
        2
102
RTVSPost2010PropOp53
 70
     1
102
RTVSPost2010Prop54
  1
strokes_ogs.tif
102
RTVSPost2010PropOp54
 70
     1
102
RTVSPost2010Prop55
280
     0
102
RTVSPost2010PropOp55
 70
     1
102
RTVSPost2010Prop56
140
1.0
102
RTVSPost2010PropOp56
 70
     1
102
RTVSPost2010Prop57
140
1.0
102
RTVSPost2010PropOp57
 70
     1
102
RTVSPropertyOp0
 70
     1
102
RTVSPropertyOp1
 70
     1
102
RTVSPropertyOp2
 70
     1
102
RTVSPropertyOp3
 70
     1
102
RTVSPropertyOp4
 70
     1
102
RTVSPropertyOp5
 70
     1
102
RTVSPropertyOp6
 70
     1
102
RTVSPropertyOp7
 70
     1
102
RTVSPropertyOp8
 70
     1
102
RTVSPropertyOp9
 70
     1
102
RTVSPropertyOp10
 70
     1
102
RTVSPropertyOp11
 70
     1
102
RTVSPropertyOp12
 70
     1
102
RTVSPropertyOp13
 70
     1
102
RTVSPropertyOp14
 70
     1
102
RTVSPropertyOp15
 70
     1
102
RTVSPropertyOp16
 70
     1
102
RTVSPropertyOp17
 70
     1
102
RTVSPropertyOp18
 70
     1
102
RTVSPropertyOp19
 70
     1
102
RTVSPropertyOp20
 70
     1
102
RTVSPropertyOp21
 70
     1
102
RTVSPropertyOp22
 70
     1
102
RTVSPropertyOp23
 70
     1
102
RTVSPropertyOp24
 70
     1
102
RTVSPropertyOp25
 70
     1
102
RTVSPropertyOp26
 70
     1
102
RTVSPropertyOp27
 70
     1
102
RTVSPropertyOp28
 70
     1
102
RTVSPropertyOp29
 70
     1
102
RTVSPropertyOp30
 70
     1
102
RTVSPropertyOp31
 70
     1
102
RTVSPropertyOp32
 70
     1
102
RTVSPropertyOp33
 70
     1
102
RTVSPropertyOp34
 70
     1
102
RTVSPropertyOp35
 70
     1
102
RTVSPropertyOp36
 70
     1
102
RTVSPropertyOp37
 70
     1
102
RTVSPropertyOp38
 70
     1
102
RTVSPropertyOp39
 70
     1
102
RTVSPropertyOp40
 70
     1
102
RTVSPropertyOp41
 70
     1
102
RTVSPropertyOp42
 70
     1
102
RTVSPropertyOp43
 70
     1
102
RTVSPropertyOp44
 70
     1
102
RTVSPropertyOp45
 70
     1
102
RTVSPropertyOp46
 70
     1
102
RTVSPropertyOp47
 70
     1
102
RTVSPropertyOp48
 70
     1
102
RTVSPropertyOp49
 70
     1
102
RTVSPropertyOp50
 70
     1
102
RTVSPropertyOp51
 70
     0
102
RTVSPropertyOp52
 70
     0
102
RTVSPropertyOp53
 70
     1
102
RTVSPropertyOp54
 70
     1
102
RTVSPropertyOp55
 70
     1
102
RTVSPropertyOp56
 70
     1
102
RTVSPropertyOp57
 70
     1
102
RTVSPropertyOp58
 70
     1
102
RTVSPropertyOp59
 70
     1
102
RTVSPropertyOp60
 70
     1
102
RTVSPropertyOp61
 70
     1
102
RTVSPropertyOp62
 70
     1
  0
XRECORD
  5
26AA
102
{ACAD_REACTORS
330
26A9
102
}
330
26A9
100
AcDbXrecord
280
     1
102
RTVSPost2010Prop28
280
     0
102
RTVSPost2010PropOp28
 70
     1
102
RTVSPost2010Prop29
280
     1
102
RTVSPost2010PropOp29
 70
     1
102
RTVSPost2010Prop30
280
     1
102
RTVSPost2010PropOp30
 70
     1
102
RTVSPost2010Prop31
280
     0
102
RTVSPost2010PropOp31
 70
     1
102
RTVSPost2010Prop32
280
     0
102
RTVSPost2010PropOp32
 70
     1
102
RTVSPost2010Prop33
280
     0
102
RTVSPost2010PropOp33
 70
     1
102
RTVSPost2010Prop34
280
     0
102
RTVSPost2010PropOp34
 70
     1
102
RTVSPost2010Prop35
280
     0
102
RTVSPost2010PropOp35
 70
     1
102
RTVSPost2010Prop36
280
     0
102
RTVSPost2010PropOp36
 70
     1
102
RTVSPost2010Prop37
 90
       50
102
RTVSPost2010PropOp37
 70
     1
102
RTVSPost2010Prop38
140
0.0
102
RTVSPost2010PropOp38
 70
     1
102
RTVSPost2010Prop39
140
1.0
102
RTVSPost2010PropOp39
 70
     1
102
RTVSPost2010Prop40
 90
        0
102
RTVSPost2010PropOp40
 70
     1
102
RTVSPost2010Prop41ColorIndex
 90
       18
102
RTVSPost2010Prop41ColorRGB
 90
        0
102
RTVSPost2010PropOp41
 70
     1
102
RTVSPost2010Prop42
 90
       50
102
RTVSPost2010PropOp42
 70
     1
102
RTVSPost2010Prop43
 90
        3
102
RTVSPost2010PropOp43
 70
     1
102
RTVSPost2010Prop44ColorIndex
 90
        5
102
RTVSPost2010Prop44ColorRGB
 90
      255
102
RTVSPost2010PropOp44
 70
     1
102
RTVSPost2010Prop45
280
     0
102
RTVSPost2010PropOp45
 70
     1
102
RTVSPost2010Prop46
 90
       50
102
RTVSPost2010PropOp46
 70
     1
102
RTVSPost2010Prop47
 90
       50
102
RTVSPost2010PropOp47
 70
     1
102
RTVSPost2010Prop48
 90
       50
102
RTVSPost2010PropOp48
 70
     1
102
RTVSPost2010Prop49
280
     0
102
RTVSPost2010PropOp49
 70
     1
102
RTVSPost2010Prop50
 90
       50
102
RTVSPost2010PropOp50
 70
     1
102
RTVSPost2010Prop51ColorIndex
 90
      256
102
RTVSPost2010Prop51ColorRGB
 90
-16777216
102
RTVSPost2010PropOp51
 70
     0
102
RTVSPost2010Prop52
140
1.0
102
RTVSPost2010PropOp52
 70
     0
102
RTVSPost2010Prop53
 90
        2
102
RTVSPost2010PropOp53
 70
     1
102
RTVSPost2010Prop54
  1
strokes_ogs.tif
102
RTVSPost2010PropOp54
 70
     1
102
RTVSPost2010Prop55
280
     0
102
RTVSPost2010PropOp55
 70
     1
102
RTVSPost2010Prop56
140
1.0
102
RTVSPost2010PropOp56
 70
     1
102
RTVSPost2010Prop57
140
1.0
102
RTVSPost2010PropOp57
 70
     1
102
RTVSPropertyOp0
 70
     1
102
RTVSPropertyOp1
 70
     1
102
RTVSPropertyOp2
 70
     1
102
RTVSPropertyOp3
 70
     1
102
RTVSPropertyOp4
 70
     1
102
RTVSPropertyOp5
 70
     1
102
RTVSPropertyOp6
 70
     1
102
RTVSPropertyOp7
 70
     1
102
RTVSPropertyOp8
 70
     1
102
RTVSPropertyOp9
 70
     1
102
RTVSPropertyOp10
 70
     1
102
RTVSPropertyOp11
 70
     1
102
RTVSPropertyOp12
 70
     1
102
RTVSPropertyOp13
 70
     1
102
RTVSPropertyOp14
 70
     1
102
RTVSPropertyOp15
 70
     1
102
RTVSPropertyOp16
 70
     1
102
RTVSPropertyOp17
 70
     1
102
RTVSPropertyOp18
 70
     1
102
RTVSPropertyOp19
 70
     1
102
RTVSPropertyOp20
 70
     1
102
RTVSPropertyOp21
 70
     1
102
RTVSPropertyOp22
 70
     1
102
RTVSPropertyOp23
 70
     1
102
RTVSPropertyOp24
 70
     1
102
RTVSPropertyOp25
 70
     1
102
RTVSPropertyOp26
 70
     1
102
RTVSPropertyOp27
 70
     1
102
RTVSPropertyOp28
 70
     1
102
RTVSPropertyOp29
 70
     1
102
RTVSPropertyOp30
 70
     1
102
RTVSPropertyOp31
 70
     1
102
RTVSPropertyOp32
 70
     1
102
RTVSPropertyOp33
 70
     1
102
RTVSPropertyOp34
 70
     1
102
RTVSPropertyOp35
 70
     1
102
RTVSPropertyOp36
 70
     1
102
RTVSPropertyOp37
 70
     1
102
RTVSPropertyOp38
 70
     1
102
RTVSPropertyOp39
 70
     1
102
RTVSPropertyOp40
 70
     1
102
RTVSPropertyOp41
 70
     1
102
RTVSPropertyOp42
 70
     1
102
RTVSPropertyOp43
 70
     1
102
RTVSPropertyOp44
 70
     1
102
RTVSPropertyOp45
 70
     1
102
RTVSPropertyOp46
 70
     1
102
RTVSPropertyOp47
 70
     1
102
RTVSPropertyOp48
 70
     1
102
RTVSPropertyOp49
 70
     1
102
RTVSPropertyOp50
 70
     1
102
RTVSPropertyOp51
 70
     0
102
RTVSPropertyOp52
 70
     0
102
RTVSPropertyOp53
 70
     1
102
RTVSPropertyOp54
 70
     1
102
RTVSPropertyOp55
 70
     1
102
RTVSPropertyOp56
 70
     1
102
RTVSPropertyOp57
 70
     1
102
RTVSPropertyOp58
 70
     1
102
RTVSPropertyOp59
 70
     1
102
RTVSPropertyOp60
 70
     1
102
RTVSPropertyOp61
 70
     1
102
RTVSPropertyOp62
 70
     1
  0
XRECORD
  5
26A8
102
{ACAD_REACTORS
330
26A7
102
}
330
26A7
100
AcDbXrecord
280
     1
102
RTVSPost2010Prop28
280
     0
102
RTVSPost2010PropOp28
 70
     1
102
RTVSPost2010Prop29
280
     1
102
RTVSPost2010PropOp29
 70
     1
102
RTVSPost2010Prop30
280
     1
102
RTVSPost2010PropOp30
 70
     1
102
RTVSPost2010Prop31
280
     0
102
RTVSPost2010PropOp31
 70
     1
102
RTVSPost2010Prop32
280
     0
102
RTVSPost2010PropOp32
 70
     1
102
RTVSPost2010Prop33
280
     0
102
RTVSPost2010PropOp33
 70
     1
102
RTVSPost2010Prop34
280
     0
102
RTVSPost2010PropOp34
 70
     1
102
RTVSPost2010Prop35
280
     0
102
RTVSPost2010PropOp35
 70
     1
102
RTVSPost2010Prop36
280
     0
102
RTVSPost2010PropOp36
 70
     1
102
RTVSPost2010Prop37
 90
       50
102
RTVSPost2010PropOp37
 70
     1
102
RTVSPost2010Prop38
140
0.0
102
RTVSPost2010PropOp38
 70
     1
102
RTVSPost2010Prop39
140
1.0
102
RTVSPost2010PropOp39
 70
     1
102
RTVSPost2010Prop40
 90
        0
102
RTVSPost2010PropOp40
 70
     1
102
RTVSPost2010Prop41ColorIndex
 90
       18
102
RTVSPost2010Prop41ColorRGB
 90
        0
102
RTVSPost2010PropOp41
 70
     1
102
RTVSPost2010Prop42
 90
       50
102
RTVSPost2010PropOp42
 70
     1
102
RTVSPost2010Prop43
 90
        3
102
RTVSPost2010PropOp43
 70
     1
102
RTVSPost2010Prop44ColorIndex
 90
        5
102
RTVSPost2010Prop44ColorRGB
 90
      255
102
RTVSPost2010PropOp44
 70
     1
102
RTVSPost2010Prop45
280
     0
102
RTVSPost2010PropOp45
 70
     1
102
RTVSPost2010Prop46
 90
       50
102
RTVSPost2010PropOp46
 70
     1
102
RTVSPost2010Prop47
 90
       50
102
RTVSPost2010PropOp47
 70
     1
102
RTVSPost2010Prop48
 90
       50
102
RTVSPost2010PropOp48
 70
     1
102
RTVSPost2010Prop49
280
     0
102
RTVSPost2010PropOp49
 70
     1
102
RTVSPost2010Prop50
 90
       50
102
RTVSPost2010PropOp50
 70
     1
102
RTVSPost2010Prop51ColorIndex
 90
      256
102
RTVSPost2010Prop51ColorRGB
 90
-16777216
102
RTVSPost2010PropOp51
 70
     0
102
RTVSPost2010Prop52
140
1.0
102
RTVSPost2010PropOp52
 70
     0
102
RTVSPost2010Prop53
 90
        2
102
RTVSPost2010PropOp53
 70
     1
102
RTVSPost2010Prop54
  1
strokes_ogs.tif
102
RTVSPost2010PropOp54
 70
     1
102
RTVSPost2010Prop55
280
     0
102
RTVSPost2010PropOp55
 70
     1
102
RTVSPost2010Prop56
140
1.0
102
RTVSPost2010PropOp56
 70
     1
102
RTVSPost2010Prop57
140
1.0
102
RTVSPost2010PropOp57
 70
     1
102
RTVSPropertyOp0
 70
     1
102
RTVSPropertyOp1
 70
     1
102
RTVSPropertyOp2
 70
     1
102
RTVSPropertyOp3
 70
     1
102
RTVSPropertyOp4
 70
     1
102
RTVSPropertyOp5
 70
     1
102
RTVSPropertyOp6
 70
     1
102
RTVSPropertyOp7
 70
     1
102
RTVSPropertyOp8
 70
     1
102
RTVSPropertyOp9
 70
     1
102
RTVSPropertyOp10
 70
     1
102
RTVSPropertyOp11
 70
     1
102
RTVSPropertyOp12
 70
     1
102
RTVSPropertyOp13
 70
     1
102
RTVSPropertyOp14
 70
     1
102
RTVSPropertyOp15
 70
     1
102
RTVSPropertyOp16
 70
     1
102
RTVSPropertyOp17
 70
     1
102
RTVSPropertyOp18
 70
     1
102
RTVSPropertyOp19
 70
     1
102
RTVSPropertyOp20
 70
     1
102
RTVSPropertyOp21
 70
     1
102
RTVSPropertyOp22
 70
     1
102
RTVSPropertyOp23
 70
     1
102
RTVSPropertyOp24
 70
     1
102
RTVSPropertyOp25
 70
     1
102
RTVSPropertyOp26
 70
     1
102
RTVSPropertyOp27
 70
     1
102
RTVSPropertyOp28
 70
     1
102
RTVSPropertyOp29
 70
     1
102
RTVSPropertyOp30
 70
     1
102
RTVSPropertyOp31
 70
     1
102
RTVSPropertyOp32
 70
     1
102
RTVSPropertyOp33
 70
     1
102
RTVSPropertyOp34
 70
     1
102
RTVSPropertyOp35
 70
     1
102
RTVSPropertyOp36
 70
     1
102
RTVSPropertyOp37
 70
     1
102
RTVSPropertyOp38
 70
     1
102
RTVSPropertyOp39
 70
     1
102
RTVSPropertyOp40
 70
     1
102
RTVSPropertyOp41
 70
     1
102
RTVSPropertyOp42
 70
     1
102
RTVSPropertyOp43
 70
     1
102
RTVSPropertyOp44
 70
     1
102
RTVSPropertyOp45
 70
     1
102
RTVSPropertyOp46
 70
     1
102
RTVSPropertyOp47
 70
     1
102
RTVSPropertyOp48
 70
     1
102
RTVSPropertyOp49
 70
     1
102
RTVSPropertyOp50
 70
     1
102
RTVSPropertyOp51
 70
     0
102
RTVSPropertyOp52
 70
     0
102
RTVSPropertyOp53
 70
     1
102
RTVSPropertyOp54
 70
     1
102
RTVSPropertyOp55
 70
     1
102
RTVSPropertyOp56
 70
     1
102
RTVSPropertyOp57
 70
     1
102
RTVSPropertyOp58
 70
     1
102
RTVSPropertyOp59
 70
     1
102
RTVSPropertyOp60
 70
     1
102
RTVSPropertyOp61
 70
     1
102
RTVSPropertyOp62
 70
     1
  0
XRECORD
  5
26A2
102
{ACAD_REACTORS
330
26A1
102
}
330
26A1
100
AcDbXrecord
280
     1
102
RTVSPost2010Prop28
280
     0
102
RTVSPost2010PropOp28
 70
     1
102
RTVSPost2010Prop29
280
     1
102
RTVSPost2010PropOp29
 70
     1
102
RTVSPost2010Prop30
280
     1
102
RTVSPost2010PropOp30
 70
     1
102
RTVSPost2010Prop31
280
     0
102
RTVSPost2010PropOp31
 70
     1
102
RTVSPost2010Prop32
280
     0
102
RTVSPost2010PropOp32
 70
     1
102
RTVSPost2010Prop33
280
     0
102
RTVSPost2010PropOp33
 70
     1
102
RTVSPost2010Prop34
280
     0
102
RTVSPost2010PropOp34
 70
     1
102
RTVSPost2010Prop35
280
     0
102
RTVSPost2010PropOp35
 70
     1
102
RTVSPost2010Prop36
280
     0
102
RTVSPost2010PropOp36
 70
     1
102
RTVSPost2010Prop37
 90
       50
102
RTVSPost2010PropOp37
 70
     1
102
RTVSPost2010Prop38
140
0.0
102
RTVSPost2010PropOp38
 70
     1
102
RTVSPost2010Prop39
140
1.0
102
RTVSPost2010PropOp39
 70
     1
102
RTVSPost2010Prop40
 90
        0
102
RTVSPost2010PropOp40
 70
     1
102
RTVSPost2010Prop41ColorIndex
 90
       18
102
RTVSPost2010Prop41ColorRGB
 90
        0
102
RTVSPost2010PropOp41
 70
     1
102
RTVSPost2010Prop42
 90
       50
102
RTVSPost2010PropOp42
 70
     1
102
RTVSPost2010Prop43
 90
        3
102
RTVSPost2010PropOp43
 70
     1
102
RTVSPost2010Prop44ColorIndex
 90
        5
102
RTVSPost2010Prop44ColorRGB
 90
      255
102
RTVSPost2010PropOp44
 70
     1
102
RTVSPost2010Prop45
280
     0
102
RTVSPost2010PropOp45
 70
     1
102
RTVSPost2010Prop46
 90
       50
102
RTVSPost2010PropOp46
 70
     1
102
RTVSPost2010Prop47
 90
       50
102
RTVSPost2010PropOp47
 70
     1
102
RTVSPost2010Prop48
 90
       50
102
RTVSPost2010PropOp48
 70
     1
102
RTVSPost2010Prop49
280
     0
102
RTVSPost2010PropOp49
 70
     1
102
RTVSPost2010Prop50
 90
       50
102
RTVSPost2010PropOp50
 70
     1
102
RTVSPost2010Prop51ColorIndex
 90
      256
102
RTVSPost2010Prop51ColorRGB
 90
-16777216
102
RTVSPost2010PropOp51
 70
     0
102
RTVSPost2010Prop52
140
1.0
102
RTVSPost2010PropOp52
 70
     0
102
RTVSPost2010Prop53
 90
        2
102
RTVSPost2010PropOp53
 70
     1
102
RTVSPost2010Prop54
  1
strokes_ogs.tif
102
RTVSPost2010PropOp54
 70
     1
102
RTVSPost2010Prop55
280
     0
102
RTVSPost2010PropOp55
 70
     1
102
RTVSPost2010Prop56
140
1.0
102
RTVSPost2010PropOp56
 70
     1
102
RTVSPost2010Prop57
140
1.0
102
RTVSPost2010PropOp57
 70
     1
102
RTVSPropertyOp0
 70
     1
102
RTVSPropertyOp1
 70
     1
102
RTVSPropertyOp2
 70
     1
102
RTVSPropertyOp3
 70
     1
102
RTVSPropertyOp4
 70
     1
102
RTVSPropertyOp5
 70
     1
102
RTVSPropertyOp6
 70
     1
102
RTVSPropertyOp7
 70
     1
102
RTVSPropertyOp8
 70
     1
102
RTVSPropertyOp9
 70
     1
102
RTVSPropertyOp10
 70
     1
102
RTVSPropertyOp11
 70
     1
102
RTVSPropertyOp12
 70
     1
102
RTVSPropertyOp13
 70
     1
102
RTVSPropertyOp14
 70
     1
102
RTVSPropertyOp15
 70
     1
102
RTVSPropertyOp16
 70
     1
102
RTVSPropertyOp17
 70
     1
102
RTVSPropertyOp18
 70
     1
102
RTVSPropertyOp19
 70
     1
102
RTVSPropertyOp20
 70
     1
102
RTVSPropertyOp21
 70
     1
102
RTVSPropertyOp22
 70
     1
102
RTVSPropertyOp23
 70
     1
102
RTVSPropertyOp24
 70
     1
102
RTVSPropertyOp25
 70
     1
102
RTVSPropertyOp26
 70
     1
102
RTVSPropertyOp27
 70
     1
102
RTVSPropertyOp28
 70
     1
102
RTVSPropertyOp29
 70
     1
102
RTVSPropertyOp30
 70
     1
102
RTVSPropertyOp31
 70
     1
102
RTVSPropertyOp32
 70
     1
102
RTVSPropertyOp33
 70
     1
102
RTVSPropertyOp34
 70
     1
102
RTVSPropertyOp35
 70
     1
102
RTVSPropertyOp36
 70
     1
102
RTVSPropertyOp37
 70
     1
102
RTVSPropertyOp38
 70
     1
102
RTVSPropertyOp39
 70
     1
102
RTVSPropertyOp40
 70
     1
102
RTVSPropertyOp41
 70
     1
102
RTVSPropertyOp42
 70
     1
102
RTVSPropertyOp43
 70
     1
102
RTVSPropertyOp44
 70
     1
102
RTVSPropertyOp45
 70
     1
102
RTVSPropertyOp46
 70
     1
102
RTVSPropertyOp47
 70
     1
102
RTVSPropertyOp48
 70
     1
102
RTVSPropertyOp49
 70
     1
102
RTVSPropertyOp50
 70
     1
102
RTVSPropertyOp51
 70
     0
102
RTVSPropertyOp52
 70
     0
102
RTVSPropertyOp53
 70
     1
102
RTVSPropertyOp54
 70
     1
102
RTVSPropertyOp55
 70
     1
102
RTVSPropertyOp56
 70
     1
102
RTVSPropertyOp57
 70
     1
102
RTVSPropertyOp58
 70
     1
102
RTVSPropertyOp59
 70
     1
102
RTVSPropertyOp60
 70
     1
102
RTVSPropertyOp61
 70
     1
102
RTVSPropertyOp62
 70
     1
  0
XRECORD
  5
26A4
102
{ACAD_REACTORS
330
26A3
102
}
330
26A3
100
AcDbXrecord
280
     1
102
RTVSPost2010Prop28
280
     0
102
RTVSPost2010PropOp28
 70
     1
102
RTVSPost2010Prop29
280
     1
102
RTVSPost2010PropOp29
 70
     1
102
RTVSPost2010Prop30
280
     1
102
RTVSPost2010PropOp30
 70
     1
102
RTVSPost2010Prop31
280
     0
102
RTVSPost2010PropOp31
 70
     1
102
RTVSPost2010Prop32
280
     0
102
RTVSPost2010PropOp32
 70
     1
102
RTVSPost2010Prop33
280
     0
102
RTVSPost2010PropOp33
 70
     1
102
RTVSPost2010Prop34
280
     0
102
RTVSPost2010PropOp34
 70
     1
102
RTVSPost2010Prop35
280
     0
102
RTVSPost2010PropOp35
 70
     1
102
RTVSPost2010Prop36
280
     0
102
RTVSPost2010PropOp36
 70
     1
102
RTVSPost2010Prop37
 90
       50
102
RTVSPost2010PropOp37
 70
     1
102
RTVSPost2010Prop38
140
0.0
102
RTVSPost2010PropOp38
 70
     1
102
RTVSPost2010Prop39
140
1.0
102
RTVSPost2010PropOp39
 70
     1
102
RTVSPost2010Prop40
 90
        0
102
RTVSPost2010PropOp40
 70
     1
102
RTVSPost2010Prop41ColorIndex
 90
       18
102
RTVSPost2010Prop41ColorRGB
 90
        0
102
RTVSPost2010PropOp41
 70
     1
102
RTVSPost2010Prop42
 90
       50
102
RTVSPost2010PropOp42
 70
     1
102
RTVSPost2010Prop43
 90
        3
102
RTVSPost2010PropOp43
 70
     1
102
RTVSPost2010Prop44ColorIndex
 90
        5
102
RTVSPost2010Prop44ColorRGB
 90
      255
102
RTVSPost2010PropOp44
 70
     1
102
RTVSPost2010Prop45
280
     0
102
RTVSPost2010PropOp45
 70
     1
102
RTVSPost2010Prop46
 90
       50
102
RTVSPost2010PropOp46
 70
     1
102
RTVSPost2010Prop47
 90
       50
102
RTVSPost2010PropOp47
 70
     1
102
RTVSPost2010Prop48
 90
       50
102
RTVSPost2010PropOp48
 70
     1
102
RTVSPost2010Prop49
280
     0
102
RTVSPost2010PropOp49
 70
     1
102
RTVSPost2010Prop50
 90
       50
102
RTVSPost2010PropOp50
 70
     1
102
RTVSPost2010Prop51ColorIndex
 90
      256
102
RTVSPost2010Prop51ColorRGB
 90
-16777216
102
RTVSPost2010PropOp51
 70
     0
102
RTVSPost2010Prop52
140
1.0
102
RTVSPost2010PropOp52
 70
     0
102
RTVSPost2010Prop53
 90
        2
102
RTVSPost2010PropOp53
 70
     1
102
RTVSPost2010Prop54
  1
strokes_ogs.tif
102
RTVSPost2010PropOp54
 70
     1
102
RTVSPost2010Prop55
280
     0
102
RTVSPost2010PropOp55
 70
     1
102
RTVSPost2010Prop56
140
1.0
102
RTVSPost2010PropOp56
 70
     1
102
RTVSPost2010Prop57
140
1.0
102
RTVSPost2010PropOp57
 70
     1
102
RTVSPropertyOp0
 70
     1
102
RTVSPropertyOp1
 70
     1
102
RTVSPropertyOp2
 70
     1
102
RTVSPropertyOp3
 70
     1
102
RTVSPropertyOp4
 70
     1
102
RTVSPropertyOp5
 70
     1
102
RTVSPropertyOp6
 70
     1
102
RTVSPropertyOp7
 70
     1
102
RTVSPropertyOp8
 70
     1
102
RTVSPropertyOp9
 70
     1
102
RTVSPropertyOp10
 70
     1
102
RTVSPropertyOp11
 70
     1
102
RTVSPropertyOp12
 70
     1
102
RTVSPropertyOp13
 70
     1
102
RTVSPropertyOp14
 70
     1
102
RTVSPropertyOp15
 70
     1
102
RTVSPropertyOp16
 70
     1
102
RTVSPropertyOp17
 70
     1
102
RTVSPropertyOp18
 70
     1
102
RTVSPropertyOp19
 70
     1
102
RTVSPropertyOp20
 70
     1
102
RTVSPropertyOp21
 70
     1
102
RTVSPropertyOp22
 70
     1
102
RTVSPropertyOp23
 70
     1
102
RTVSPropertyOp24
 70
     1
102
RTVSPropertyOp25
 70
     1
102
RTVSPropertyOp26
 70
     1
102
RTVSPropertyOp27
 70
     1
102
RTVSPropertyOp28
 70
     1
102
RTVSPropertyOp29
 70
     1
102
RTVSPropertyOp30
 70
     1
102
RTVSPropertyOp31
 70
     1
102
RTVSPropertyOp32
 70
     1
102
RTVSPropertyOp33
 70
     1
102
RTVSPropertyOp34
 70
     1
102
RTVSPropertyOp35
 70
     1
102
RTVSPropertyOp36
 70
     1
102
RTVSPropertyOp37
 70
     1
102
RTVSPropertyOp38
 70
     1
102
RTVSPropertyOp39
 70
     1
102
RTVSPropertyOp40
 70
     1
102
RTVSPropertyOp41
 70
     1
102
RTVSPropertyOp42
 70
     1
102
RTVSPropertyOp43
 70
     1
102
RTVSPropertyOp44
 70
     1
102
RTVSPropertyOp45
 70
     1
102
RTVSPropertyOp46
 70
     1
102
RTVSPropertyOp47
 70
     1
102
RTVSPropertyOp48
 70
     1
102
RTVSPropertyOp49
 70
     1
102
RTVSPropertyOp50
 70
     1
102
RTVSPropertyOp51
 70
     0
102
RTVSPropertyOp52
 70
     0
102
RTVSPropertyOp53
 70
     1
102
RTVSPropertyOp54
 70
     1
102
RTVSPropertyOp55
 70
     1
102
RTVSPropertyOp56
 70
     1
102
RTVSPropertyOp57
 70
     1
102
RTVSPropertyOp58
 70
     1
102
RTVSPropertyOp59
 70
     1
102
RTVSPropertyOp60
 70
     1
102
RTVSPropertyOp61
 70
     1
102
RTVSPropertyOp62
 70
     1
  0
XRECORD
  5
2690
102
{ACAD_REACTORS
330
268F
102
}
330
268F
100
AcDbXrecord
280
     1
102
RTVSPost2010Prop28
280
     0
102
RTVSPost2010PropOp28
 70
     1
102
RTVSPost2010Prop29
280
     1
102
RTVSPost2010PropOp29
 70
     1
102
RTVSPost2010Prop30
280
     1
102
RTVSPost2010PropOp30
 70
     1
102
RTVSPost2010Prop31
280
     0
102
RTVSPost2010PropOp31
 70
     1
102
RTVSPost2010Prop32
280
     0
102
RTVSPost2010PropOp32
 70
     1
102
RTVSPost2010Prop33
280
     0
102
RTVSPost2010PropOp33
 70
     1
102
RTVSPost2010Prop34
280
     0
102
RTVSPost2010PropOp34
 70
     1
102
RTVSPost2010Prop35
280
     0
102
RTVSPost2010PropOp35
 70
     1
102
RTVSPost2010Prop36
280
     0
102
RTVSPost2010PropOp36
 70
     1
102
RTVSPost2010Prop37
 90
       50
102
RTVSPost2010PropOp37
 70
     1
102
RTVSPost2010Prop38
140
0.0
102
RTVSPost2010PropOp38
 70
     1
102
RTVSPost2010Prop39
140
1.0
102
RTVSPost2010PropOp39
 70
     1
102
RTVSPost2010Prop40
 90
        0
102
RTVSPost2010PropOp40
 70
     1
102
RTVSPost2010Prop41ColorIndex
 90
       18
102
RTVSPost2010Prop41ColorRGB
 90
        0
102
RTVSPost2010PropOp41
 70
     1
102
RTVSPost2010Prop42
 90
       50
102
RTVSPost2010PropOp42
 70
     1
102
RTVSPost2010Prop43
 90
        3
102
RTVSPost2010PropOp43
 70
     1
102
RTVSPost2010Prop44ColorIndex
 90
        5
102
RTVSPost2010Prop44ColorRGB
 90
      255
102
RTVSPost2010PropOp44
 70
     1
102
RTVSPost2010Prop45
280
     0
102
RTVSPost2010PropOp45
 70
     1
102
RTVSPost2010Prop46
 90
       50
102
RTVSPost2010PropOp46
 70
     1
102
RTVSPost2010Prop47
 90
       50
102
RTVSPost2010PropOp47
 70
     1
102
RTVSPost2010Prop48
 90
       50
102
RTVSPost2010PropOp48
 70
     1
102
RTVSPost2010Prop49
280
     0
102
RTVSPost2010PropOp49
 70
     1
102
RTVSPost2010Prop50
 90
       50
102
RTVSPost2010PropOp50
 70
     1
102
RTVSPost2010Prop51ColorIndex
 90
      256
102
RTVSPost2010Prop51ColorRGB
 90
-16777216
102
RTVSPost2010PropOp51
 70
     0
102
RTVSPost2010Prop52
140
1.0
102
RTVSPost2010PropOp52
 70
     0
102
RTVSPost2010Prop53
 90
        2
102
RTVSPost2010PropOp53
 70
     1
102
RTVSPost2010Prop54
  1
strokes_ogs.tif
102
RTVSPost2010PropOp54
 70
     1
102
RTVSPost2010Prop55
280
     0
102
RTVSPost2010PropOp55
 70
     1
102
RTVSPost2010Prop56
140
1.0
102
RTVSPost2010PropOp56
 70
     1
102
RTVSPost2010Prop57
140
1.0
102
RTVSPost2010PropOp57
 70
     1
102
RTVSPropertyOp0
 70
     1
102
RTVSPropertyOp1
 70
     1
102
RTVSPropertyOp2
 70
     1
102
RTVSPropertyOp3
 70
     1
102
RTVSPropertyOp4
 70
     1
102
RTVSPropertyOp5
 70
     1
102
RTVSPropertyOp6
 70
     1
102
RTVSPropertyOp7
 70
     1
102
RTVSPropertyOp8
 70
     1
102
RTVSPropertyOp9
 70
     1
102
RTVSPropertyOp10
 70
     1
102
RTVSPropertyOp11
 70
     1
102
RTVSPropertyOp12
 70
     1
102
RTVSPropertyOp13
 70
     1
102
RTVSPropertyOp14
 70
     1
102
RTVSPropertyOp15
 70
     1
102
RTVSPropertyOp16
 70
     1
102
RTVSPropertyOp17
 70
     1
102
RTVSPropertyOp18
 70
     1
102
RTVSPropertyOp19
 70
     1
102
RTVSPropertyOp20
 70
     1
102
RTVSPropertyOp21
 70
     1
102
RTVSPropertyOp22
 70
     1
102
RTVSPropertyOp23
 70
     1
102
RTVSPropertyOp24
 70
     1
102
RTVSPropertyOp25
 70
     1
102
RTVSPropertyOp26
 70
     1
102
RTVSPropertyOp27
 70
     1
102
RTVSPropertyOp28
 70
     1
102
RTVSPropertyOp29
 70
     1
102
RTVSPropertyOp30
 70
     1
102
RTVSPropertyOp31
 70
     1
102
RTVSPropertyOp32
 70
     1
102
RTVSPropertyOp33
 70
     1
102
RTVSPropertyOp34
 70
     1
102
RTVSPropertyOp35
 70
     1
102
RTVSPropertyOp36
 70
     1
102
RTVSPropertyOp37
 70
     1
102
RTVSPropertyOp38
 70
     1
102
RTVSPropertyOp39
 70
     1
102
RTVSPropertyOp40
 70
     1
102
RTVSPropertyOp41
 70
     1
102
RTVSPropertyOp42
 70
     1
102
RTVSPropertyOp43
 70
     1
102
RTVSPropertyOp44
 70
     1
102
RTVSPropertyOp45
 70
     1
102
RTVSPropertyOp46
 70
     1
102
RTVSPropertyOp47
 70
     1
102
RTVSPropertyOp48
 70
     1
102
RTVSPropertyOp49
 70
     1
102
RTVSPropertyOp50
 70
     1
102
RTVSPropertyOp51
 70
     0
102
RTVSPropertyOp52
 70
     0
102
RTVSPropertyOp53
 70
     1
102
RTVSPropertyOp54
 70
     1
102
RTVSPropertyOp55
 70
     1
102
RTVSPropertyOp56
 70
     1
102
RTVSPropertyOp57
 70
     1
102
RTVSPropertyOp58
 70
     1
102
RTVSPropertyOp59
 70
     1
102
RTVSPropertyOp60
 70
     1
102
RTVSPropertyOp61
 70
     1
102
RTVSPropertyOp62
 70
     1
  0
XRECORD
  5
269E
102
{ACAD_REACTORS
330
269D
102
}
330
269D
100
AcDbXrecord
280
     1
102
RTVSPost2010Prop28
280
     0
102
RTVSPost2010PropOp28
 70
     1
102
RTVSPost2010Prop29
280
     1
102
RTVSPost2010PropOp29
 70
     1
102
RTVSPost2010Prop30
280
     1
102
RTVSPost2010PropOp30
 70
     1
102
RTVSPost2010Prop31
280
     0
102
RTVSPost2010PropOp31
 70
     1
102
RTVSPost2010Prop32
280
     0
102
RTVSPost2010PropOp32
 70
     1
102
RTVSPost2010Prop33
280
     0
102
RTVSPost2010PropOp33
 70
     1
102
RTVSPost2010Prop34
280
     0
102
RTVSPost2010PropOp34
 70
     1
102
RTVSPost2010Prop35
280
     0
102
RTVSPost2010PropOp35
 70
     1
102
RTVSPost2010Prop36
280
     0
102
RTVSPost2010PropOp36
 70
     1
102
RTVSPost2010Prop37
 90
       50
102
RTVSPost2010PropOp37
 70
     1
102
RTVSPost2010Prop38
140
0.0
102
RTVSPost2010PropOp38
 70
     1
102
RTVSPost2010Prop39
140
1.0
102
RTVSPost2010PropOp39
 70
     1
102
RTVSPost2010Prop40
 90
        0
102
RTVSPost2010PropOp40
 70
     1
102
RTVSPost2010Prop41ColorIndex
 90
       18
102
RTVSPost2010Prop41ColorRGB
 90
        0
102
RTVSPost2010PropOp41
 70
     1
102
RTVSPost2010Prop42
 90
       50
102
RTVSPost2010PropOp42
 70
     1
102
RTVSPost2010Prop43
 90
        3
102
RTVSPost2010PropOp43
 70
     1
102
RTVSPost2010Prop44ColorIndex
 90
        5
102
RTVSPost2010Prop44ColorRGB
 90
      255
102
RTVSPost2010PropOp44
 70
     1
102
RTVSPost2010Prop45
280
     0
102
RTVSPost2010PropOp45
 70
     1
102
RTVSPost2010Prop46
 90
       50
102
RTVSPost2010PropOp46
 70
     1
102
RTVSPost2010Prop47
 90
       50
102
RTVSPost2010PropOp47
 70
     1
102
RTVSPost2010Prop48
 90
       50
102
RTVSPost2010PropOp48
 70
     1
102
RTVSPost2010Prop49
280
     0
102
RTVSPost2010PropOp49
 70
     1
102
RTVSPost2010Prop50
 90
       50
102
RTVSPost2010PropOp50
 70
     1
102
RTVSPost2010Prop51ColorIndex
 90
      256
102
RTVSPost2010Prop51ColorRGB
 90
-16777216
102
RTVSPost2010PropOp51
 70
     0
102
RTVSPost2010Prop52
140
1.0
102
RTVSPost2010PropOp52
 70
     0
102
RTVSPost2010Prop53
 90
        2
102
RTVSPost2010PropOp53
 70
     1
102
RTVSPost2010Prop54
  1
strokes_ogs.tif
102
RTVSPost2010PropOp54
 70
     1
102
RTVSPost2010Prop55
280
     0
102
RTVSPost2010PropOp55
 70
     1
102
RTVSPost2010Prop56
140
1.0
102
RTVSPost2010PropOp56
 70
     1
102
RTVSPost2010Prop57
140
1.0
102
RTVSPost2010PropOp57
 70
     1
102
RTVSPropertyOp0
 70
     1
102
RTVSPropertyOp1
 70
     1
102
RTVSPropertyOp2
 70
     1
102
RTVSPropertyOp3
 70
     1
102
RTVSPropertyOp4
 70
     1
102
RTVSPropertyOp5
 70
     1
102
RTVSPropertyOp6
 70
     1
102
RTVSPropertyOp7
 70
     1
102
RTVSPropertyOp8
 70
     1
102
RTVSPropertyOp9
 70
     1
102
RTVSPropertyOp10
 70
     1
102
RTVSPropertyOp11
 70
     1
102
RTVSPropertyOp12
 70
     1
102
RTVSPropertyOp13
 70
     1
102
RTVSPropertyOp14
 70
     1
102
RTVSPropertyOp15
 70
     1
102
RTVSPropertyOp16
 70
     1
102
RTVSPropertyOp17
 70
     1
102
RTVSPropertyOp18
 70
     1
102
RTVSPropertyOp19
 70
     1
102
RTVSPropertyOp20
 70
     1
102
RTVSPropertyOp21
 70
     1
102
RTVSPropertyOp22
 70
     1
102
RTVSPropertyOp23
 70
     1
102
RTVSPropertyOp24
 70
     1
102
RTVSPropertyOp25
 70
     1
102
RTVSPropertyOp26
 70
     1
102
RTVSPropertyOp27
 70
     1
102
RTVSPropertyOp28
 70
     1
102
RTVSPropertyOp29
 70
     1
102
RTVSPropertyOp30
 70
     1
102
RTVSPropertyOp31
 70
     1
102
RTVSPropertyOp32
 70
     1
102
RTVSPropertyOp33
 70
     1
102
RTVSPropertyOp34
 70
     1
102
RTVSPropertyOp35
 70
     1
102
RTVSPropertyOp36
 70
     1
102
RTVSPropertyOp37
 70
     1
102
RTVSPropertyOp38
 70
     1
102
RTVSPropertyOp39
 70
     1
102
RTVSPropertyOp40
 70
     1
102
RTVSPropertyOp41
 70
     1
102
RTVSPropertyOp42
 70
     1
102
RTVSPropertyOp43
 70
     1
102
RTVSPropertyOp44
 70
     1
102
RTVSPropertyOp45
 70
     1
102
RTVSPropertyOp46
 70
     1
102
RTVSPropertyOp47
 70
     1
102
RTVSPropertyOp48
 70
     1
102
RTVSPropertyOp49
 70
     1
102
RTVSPropertyOp50
 70
     1
102
RTVSPropertyOp51
 70
     0
102
RTVSPropertyOp52
 70
     0
102
RTVSPropertyOp53
 70
     1
102
RTVSPropertyOp54
 70
     1
102
RTVSPropertyOp55
 70
     1
102
RTVSPropertyOp56
 70
     1
102
RTVSPropertyOp57
 70
     1
102
RTVSPropertyOp58
 70
     1
102
RTVSPropertyOp59
 70
     1
102
RTVSPropertyOp60
 70
     1
102
RTVSPropertyOp61
 70
     1
102
RTVSPropertyOp62
 70
     1
  0
XRECORD
  5
26A6
102
{ACAD_REACTORS
330
26A5
102
}
330
26A5
100
AcDbXrecord
280
     1
102
RTVSPost2010Prop28
280
     0
102
RTVSPost2010PropOp28
 70
     1
102
RTVSPost2010Prop29
280
     1
102
RTVSPost2010PropOp29
 70
     1
102
RTVSPost2010Prop30
280
     1
102
RTVSPost2010PropOp30
 70
     1
102
RTVSPost2010Prop31
280
     0
102
RTVSPost2010PropOp31
 70
     1
102
RTVSPost2010Prop32
280
     0
102
RTVSPost2010PropOp32
 70
     1
102
RTVSPost2010Prop33
280
     0
102
RTVSPost2010PropOp33
 70
     1
102
RTVSPost2010Prop34
280
     0
102
RTVSPost2010PropOp34
 70
     1
102
RTVSPost2010Prop35
280
     0
102
RTVSPost2010PropOp35
 70
     1
102
RTVSPost2010Prop36
280
     0
102
RTVSPost2010PropOp36
 70
     1
102
RTVSPost2010Prop37
 90
       50
102
RTVSPost2010PropOp37
 70
     1
102
RTVSPost2010Prop38
140
0.0
102
RTVSPost2010PropOp38
 70
     1
102
RTVSPost2010Prop39
140
1.0
102
RTVSPost2010PropOp39
 70
     1
102
RTVSPost2010Prop40
 90
        0
102
RTVSPost2010PropOp40
 70
     1
102
RTVSPost2010Prop41ColorIndex
 90
       18
102
RTVSPost2010Prop41ColorRGB
 90
        0
102
RTVSPost2010PropOp41
 70
     1
102
RTVSPost2010Prop42
 90
       50
102
RTVSPost2010PropOp42
 70
     1
102
RTVSPost2010Prop43
 90
        3
102
RTVSPost2010PropOp43
 70
     1
102
RTVSPost2010Prop44ColorIndex
 90
        5
102
RTVSPost2010Prop44ColorRGB
 90
      255
102
RTVSPost2010PropOp44
 70
     1
102
RTVSPost2010Prop45
280
     0
102
RTVSPost2010PropOp45
 70
     1
102
RTVSPost2010Prop46
 90
       50
102
RTVSPost2010PropOp46
 70
     1
102
RTVSPost2010Prop47
 90
       50
102
RTVSPost2010PropOp47
 70
     1
102
RTVSPost2010Prop48
 90
       50
102
RTVSPost2010PropOp48
 70
     1
102
RTVSPost2010Prop49
280
     0
102
RTVSPost2010PropOp49
 70
     1
102
RTVSPost2010Prop50
 90
       50
102
RTVSPost2010PropOp50
 70
     1
102
RTVSPost2010Prop51ColorIndex
 90
      256
102
RTVSPost2010Prop51ColorRGB
 90
-16777216
102
RTVSPost2010PropOp51
 70
     0
102
RTVSPost2010Prop52
140
1.0
102
RTVSPost2010PropOp52
 70
     0
102
RTVSPost2010Prop53
 90
        2
102
RTVSPost2010PropOp53
 70
     1
102
RTVSPost2010Prop54
  1
strokes_ogs.tif
102
RTVSPost2010PropOp54
 70
     1
102
RTVSPost2010Prop55
280
     0
102
RTVSPost2010PropOp55
 70
     1
102
RTVSPost2010Prop56
140
1.0
102
RTVSPost2010PropOp56
 70
     1
102
RTVSPost2010Prop57
140
1.0
102
RTVSPost2010PropOp57
 70
     1
102
RTVSPropertyOp0
 70
     1
102
RTVSPropertyOp1
 70
     1
102
RTVSPropertyOp2
 70
     1
102
RTVSPropertyOp3
 70
     1
102
RTVSPropertyOp4
 70
     1
102
RTVSPropertyOp5
 70
     1
102
RTVSPropertyOp6
 70
     1
102
RTVSPropertyOp7
 70
     1
102
RTVSPropertyOp8
 70
     1
102
RTVSPropertyOp9
 70
     1
102
RTVSPropertyOp10
 70
     1
102
RTVSPropertyOp11
 70
     1
102
RTVSPropertyOp12
 70
     1
102
RTVSPropertyOp13
 70
     1
102
RTVSPropertyOp14
 70
     1
102
RTVSPropertyOp15
 70
     1
102
RTVSPropertyOp16
 70
     1
102
RTVSPropertyOp17
 70
     1
102
RTVSPropertyOp18
 70
     1
102
RTVSPropertyOp19
 70
     1
102
RTVSPropertyOp20
 70
     1
102
RTVSPropertyOp21
 70
     1
102
RTVSPropertyOp22
 70
     1
102
RTVSPropertyOp23
 70
     1
102
RTVSPropertyOp24
 70
     1
102
RTVSPropertyOp25
 70
     1
102
RTVSPropertyOp26
 70
     1
102
RTVSPropertyOp27
 70
     1
102
RTVSPropertyOp28
 70
     1
102
RTVSPropertyOp29
 70
     1
102
RTVSPropertyOp30
 70
     1
102
RTVSPropertyOp31
 70
     1
102
RTVSPropertyOp32
 70
     1
102
RTVSPropertyOp33
 70
     1
102
RTVSPropertyOp34
 70
     1
102
RTVSPropertyOp35
 70
     1
102
RTVSPropertyOp36
 70
     1
102
RTVSPropertyOp37
 70
     1
102
RTVSPropertyOp38
 70
     1
102
RTVSPropertyOp39
 70
     1
102
RTVSPropertyOp40
 70
     1
102
RTVSPropertyOp41
 70
     1
102
RTVSPropertyOp42
 70
     1
102
RTVSPropertyOp43
 70
     1
102
RTVSPropertyOp44
 70
     1
102
RTVSPropertyOp45
 70
     1
102
RTVSPropertyOp46
 70
     1
102
RTVSPropertyOp47
 70
     1
102
RTVSPropertyOp48
 70
     1
102
RTVSPropertyOp49
 70
     1
102
RTVSPropertyOp50
 70
     1
102
RTVSPropertyOp51
 70
     0
102
RTVSPropertyOp52
 70
     0
102
RTVSPropertyOp53
 70
     1
102
RTVSPropertyOp54
 70
     1
102
RTVSPropertyOp55
 70
     1
102
RTVSPropertyOp56
 70
     1
102
RTVSPropertyOp57
 70
     1
102
RTVSPropertyOp58
 70
     1
102
RTVSPropertyOp59
 70
     1
102
RTVSPropertyOp60
 70
     1
102
RTVSPropertyOp61
 70
     1
102
RTVSPropertyOp62
 70
     1
  0
ENDSEC
  0
EOF
