  0
SECTION
  2
HEADER
  9
$ACADVER
  1
AC1018
  9
$ACADMAINTVER
 70
   104
  9
$DWGCODEPAGE
  3
ANSI_1252
  9
$LASTSAVEDBY
  1
cbarreiroblan
  9
$INSBASE
 10
0.0
 20
0.0
 30
0.0
  9
$EXTMIN
 10
17.89947609638273
 20
-2.676593249023653
 30
-0.0015258207003583
  9
$EXTMAX
 10
97.91198790761644
 20
66.94066887809345
 30
0.0000000349246037
  9
$LIMMIN
 10
0.0
 20
0.0
  9
$LIMMAX
 10
420.0
 20
297.0
  9
$ORTHOMODE
 70
     1
  9
$REGENMODE
 70
     1
  9
$FILLMODE
 70
     1
  9
$QTEXTMODE
 70
     0
  9
$MIRRTEXT
 70
     0
  9
$LTSCALE
 40
1.0
  9
$ATTMODE
 70
     1
  9
$TEXTSIZE
 40
2.5
  9
$TRACEWID
 40
1.0
  9
$TEXTSTYLE
  7
Standard
  9
$CLAYER
  8
0
  9
$CELTYPE
  6
ByLayer
  9
$CECOLOR
 62
   146
  9
$CELTSCALE
 40
1.0
  9
$DISPSILH
 70
     0
  9
$DIMSCALE
 40
1.0
  9
$DIMASZ
 40
2.5
  9
$DIMEXO
 40
2.5
  9
$DIMDLI
 40
0.4
  9
$DIMRND
 40
0.0
  9
$DIMDLE
 40
0.0
  9
$DIMEXE
 40
0.5
  9
$DIMTP
 40
0.2
  9
$DIMTM
 40
0.2
  9
$DIMTXT
 40
2.5
  9
$DIMCEN
 40
0.0
  9
$DIMTSZ
 40
0.0
  9
$DIMTOL
 70
     0
  9
$DIMLIM
 70
     0
  9
$DIMTIH
 70
     0
  9
$DIMTOH
 70
     0
  9
$DIMSE1
 70
     0
  9
$DIMSE2
 70
     0
  9
$DIMTAD
 70
     1
  9
$DIMZIN
 70
     0
  9
$DIMBLK
  1

  9
$DIMASO
 70
     1
  9
$DIMSHO
 70
     1
  9
$DIMPOST
  1

  9
$DIMAPOST
  1

  9
$DIMALT
 70
     0
  9
$DIMALTD
 70
     2
  9
$DIMALTF
 40
25.4
  9
$DIMLFAC
 40
1.0
  9
$DIMTOFL
 70
     1
  9
$DIMTVP
 40
0.0
  9
$DIMTIX
 70
     0
  9
$DIMSOXD
 70
     0
  9
$DIMSAH
 70
     0
  9
$DIMBLK1
  1

  9
$DIMBLK2
  1

  9
$DIMSTYLE
  2
1-1
  9
$DIMCLRD
 70
   256
  9
$DIMCLRE
 70
   256
  9
$DIMCLRT
 70
   256
  9
$DIMTFAC
 40
0.2
  9
$DIMGAP
 40
1.0
  9
$DIMJUST
 70
     0
  9
$DIMSD1
 70
     0
  9
$DIMSD2
 70
     0
  9
$DIMTOLJ
 70
     1
  9
$DIMTZIN
 70
     0
  9
$DIMALTZ
 70
     0
  9
$DIMALTTZ
 70
     0
  9
$DIMUPT
 70
     0
  9
$DIMDEC
 70
     2
  9
$DIMTDEC
 70
     2
  9
$DIMALTU
 70
     2
  9
$DIMALTTD
 70
     2
  9
$DIMTXSTY
  7
ROMANS
  9
$DIMAUNIT
 70
     0
  9
$DIMADEC
 70
     0
  9
$DIMALTRND
 40
0.0
  9
$DIMAZIN
 70
     0
  9
$DIMDSEP
 70
    46
  9
$DIMATFIT
 70
     0
  9
$DIMFRAC
 70
     0
  9
$DIMLDRBLK
  1

  9
$DIMLUNIT
 70
     2
  9
$DIMLWD
 70
    -2
  9
$DIMLWE
 70
    -2
  9
$DIMTMOVE
 70
     0
  9
$LUNITS
 70
     2
  9
$LUPREC
 70
     4
  9
$SKETCHINC
 40
1.0
  9
$FILLETRAD
 40
0.0
  9
$AUNITS
 70
     0
  9
$AUPREC
 70
     0
  9
$MENU
  1
.
  9
$ELEVATION
 40
0.0
  9
$PELEVATION
 40
0.0
  9
$THICKNESS
 40
0.0
  9
$LIMCHECK
 70
     0
  9
$CHAMFERA
 40
0.0
  9
$CHAMFERB
 40
0.0
  9
$CHAMFERC
 40
0.0
  9
$CHAMFERD
 40
0.0
  9
$SKPOLY
 70
     0
  9
$TDCREATE
 40
2455708.765833333
  9
$TDUCREATE
 40
2455708.682502755
  9
$TDUPDATE
 40
2460959.604074074
  9
$TDUUPDATE
 40
2460959.520740741
  9
$TDINDWG
 40
0.2116225694
  9
$TDUSRTIMER
 40
0.2116220255
  9
$USRTIMER
 70
     1
  9
$ANGBASE
 50
0.0
  9
$ANGDIR
 70
     0
  9
$PDMODE
 70
     0
  9
$PDSIZE
 40
0.0
  9
$PLINEWID
 40
0.0
  9
$SPLFRAME
 70
     0
  9
$SPLINETYPE
 70
     6
  9
$SPLINESEGS
 70
     8
  9
$HANDSEED
  5
2FC0
  9
$SURFTAB1
 70
     6
  9
$SURFTAB2
 70
     6
  9
$SURFTYPE
 70
     6
  9
$SURFU
 70
     6
  9
$SURFV
 70
     6
  9
$UCSBASE
  2

  9
$UCSNAME
  2

  9
$UCSORG
 10
0.0
 20
0.0
 30
0.0
  9
$UCSXDIR
 10
1.0
 20
0.0
 30
0.0
  9
$UCSYDIR
 10
0.0
 20
1.0
 30
0.0
  9
$UCSORTHOREF
  2

  9
$UCSORTHOVIEW
 70
     0
  9
$UCSORGTOP
 10
0.0
 20
0.0
 30
0.0
  9
$UCSORGBOTTOM
 10
0.0
 20
0.0
 30
0.0
  9
$UCSORGLEFT
 10
0.0
 20
0.0
 30
0.0
  9
$UCSORGRIGHT
 10
0.0
 20
0.0
 30
0.0
  9
$UCSORGFRONT
 10
0.0
 20
0.0
 30
0.0
  9
$UCSORGBACK
 10
0.0
 20
0.0
 30
0.0
  9
$PUCSBASE
  2

  9
$PUCSNAME
  2

  9
$PUCSORG
 10
0.0
 20
0.0
 30
0.0
  9
$PUCSXDIR
 10
1.0
 20
0.0
 30
0.0
  9
$PUCSYDIR
 10
0.0
 20
1.0
 30
0.0
  9
$PUCSORTHOREF
  2

  9
$PUCSORTHOVIEW
 70
     0
  9
$PUCSORGTOP
 10
0.0
 20
0.0
 30
0.0
  9
$PUCSORGBOTTOM
 10
0.0
 20
0.0
 30
0.0
  9
$PUCSORGLEFT
 10
0.0
 20
0.0
 30
0.0
  9
$PUCSORGRIGHT
 10
0.0
 20
0.0
 30
0.0
  9
$PUCSORGFRONT
 10
0.0
 20
0.0
 30
0.0
  9
$PUCSORGBACK
 10
0.0
 20
0.0
 30
0.0
  9
$USERI1
 70
     0
  9
$USERI2
 70
     0
  9
$USERI3
 70
     0
  9
$USERI4
 70
     0
  9
$USERI5
 70
     0
  9
$USERR1
 40
0.0
  9
$USERR2
 40
0.0
  9
$USERR3
 40
0.0
  9
$USERR4
 40
0.0
  9
$USERR5
 40
0.0
  9
$WORLDVIEW
 70
     1
  9
$SHADEDGE
 70
     3
  9
$SHADEDIF
 70
    70
  9
$TILEMODE
 70
     1
  9
$MAXACTVP
 70
    64
  9
$PINSBASE
 10
0.0
 20
0.0
 30
0.0
  9
$PLIMCHECK
 70
     0
  9
$PEXTMIN
 10
0.0
 20
0.0
 30
0.0
  9
$PEXTMAX
 10
0.0
 20
0.0
 30
0.0
  9
$PLIMMIN
 10
0.0
 20
0.0
  9
$PLIMMAX
 10
12.0
 20
9.0
  9
$UNITMODE
 70
     0
  9
$VISRETAIN
 70
     1
  9
$PLINEGEN
 70
     0
  9
$PSLTSCALE
 70
     1
  9
$TREEDEPTH
 70
  3020
  9
$CMLSTYLE
  2
Standard
  9
$CMLJUST
 70
     0
  9
$CMLSCALE
 40
20.0
  9
$PROXYGRAPHICS
 70
     1
  9
$MEASUREMENT
 70
     1
  9
$CELWEIGHT
370
   100
  9
$ENDCAPS
280
     0
  9
$JOINSTYLE
280
     0
  9
$LWDISPLAY
290
     0
  9
$INSUNITS
 70
     4
  9
$HYPERLINKBASE
  1

  9
$STYLESHEET
  1

  9
$XEDIT
290
     1
  9
$CEPSNTYPE
380
     0
  9
$PSTYLEMODE
290
     1
  9
$FINGERPRINTGUID
  2
{3567DA1E-0DD3-4DF6-AFCE-7EB681551C87}
  9
$VERSIONGUID
  2
{792202BF-C38D-914B-8EE7-A572BFEADF6B}
  9
$EXTNAMES
290
     1
  9
$PSVPSCALE
 40
0.0
  9
$OLESTARTUP
290
     0
  9
$SORTENTS
280
   127
  9
$INDEXCTL
280
     0
  9
$HIDETEXT
280
     1
  9
$XCLIPFRAME
290
     0
  9
$HALOGAP
280
     0
  9
$OBSCOLOR
 70
   257
  9
$OBSLTYPE
280
     0
  9
$INTERSECTIONDISPLAY
280
     0
  9
$INTERSECTIONCOLOR
 70
   257
  9
$DIMASSOC
280
     2
  9
$PROJECTNAME
  1

  0
ENDSEC
  0
SECTION
  2
CLASSES
  0
CLASS
  1
ACDBDICTIONARYWDFLT
  2
AcDbDictionaryWithDefault
  3
ObjectDBX Classes
 90
        0
 91
        1
280
     0
281
     0
  0
CLASS
  1
DICTIONARYVAR
  2
AcDbDictionaryVar
  3
ObjectDBX Classes
 90
        0
 91
       52
280
     0
281
     0
  0
CLASS
  1
TABLESTYLE
  2
AcDbTableStyle
  3
ObjectDBX Classes
 90
     4095
 91
        1
280
     0
281
     0
  0
CLASS
  1
MATERIAL
  2
AcDbMaterial
  3
ObjectDBX Classes
 90
     1153
 91
        3
280
     0
281
     0
  0
CLASS
  1
VISUALSTYLE
  2
AcDbVisualStyle
  3
ObjectDBX Classes
 90
     4095
 91
       26
280
     0
281
     0
  0
CLASS
  1
SCALE
  2
AcDbScale
  3
ObjectDBX Classes
 90
     1153
 91
       17
280
     0
281
     0
  0
CLASS
  1
MLEADERSTYLE
  2
AcDbMLeaderStyle
  3
ACDB_MLEADERSTYLE_CLASS
 90
     4095
 91
        1
280
     0
281
     0
  0
CLASS
  1
CELLSTYLEMAP
  2
AcDbCellStyleMap
  3
ObjectDBX Classes
 90
     1152
 91
        2
280
     0
281
     0
  0
CLASS
  1
EXACXREFPANELOBJECT
  2
ExAcXREFPanelObject
  3
EXAC_ESW
 90
     1025
 91
        0
280
     0
281
     0
  0
CLASS
  1
NPOCOLLECTION
  2
AcDbImpNonPersistentObjectsCollection
  3
ObjectDBX Classes
 90
     1153
 91
        0
280
     0
281
     0
  0
CLASS
  1
LAYER_INDEX
  2
AcDbLayerIndex
  3
ObjectDBX Classes
 90
        0
 91
        0
280
     0
281
     0
  0
CLASS
  1
SPATIAL_INDEX
  2
AcDbSpatialIndex
  3
ObjectDBX Classes
 90
        0
 91
        0
280
     0
281
     0
  0
CLASS
  1
IDBUFFER
  2
AcDbIdBuffer
  3
ObjectDBX Classes
 90
        0
 91
        0
280
     0
281
     0
  0
CLASS
  1
SORTENTSTABLE
  2
AcDbSortentsTable
  3
ObjectDBX Classes
 90
        0
 91
        2
280
     0
281
     0
  0
CLASS
  1
AEC_REFEDIT_STATUS_TRACKER
  2
AecDbRefEditStatusTracker
  3
AecArchBase80|Product Desc: Autodesk Architectural Desktop 2007 |Company: Autodesk,Inc. |WEB Address: www.autodesk.com
 90
      129
 91
        0
280
     0
281
     0
  0
CLASS
  1
DIMASSOC
  2
AcDbDimAssoc
  3
"AcDbDimAssoc|Product Desc:     AcDim ARX App For Dimension|Company:          Autodesk, Inc.|WEB Address:      www.autodesk.com"
 90
        0
 91
        0
280
     0
281
     0
  0
CLASS
  1
ACDBSECTIONVIEWSTYLE
  2
AcDbSectionViewStyle
  3
ObjectDBX Classes
 90
     1025
 91
        1
280
     0
281
     0
  0
CLASS
  1
ACDBDETAILVIEWSTYLE
  2
AcDbDetailViewStyle
  3
ObjectDBX Classes
 90
     1025
 91
        1
280
     0
281
     0
  0
CLASS
  1
ACDBASSOCPERSSUBENTMANAGER
  2
AcDbAssocPersSubentManager
  3
ObjectDBX Classes
 90
     1024
 91
        1
280
     0
281
     0
  0
ENDSEC
  0
SECTION
  2
TABLES
  0
TABLE
  2
VPORT
  5
8
330
0
100
AcDbSymbolTable
 70
     1
  0
VPORT
  5
EA
330
8
100
AcDbSymbolTableRecord
100
AcDbViewportTableRecord
  2
*Active
 70
     0
 10
0.0
 20
0.0
 11
1.0
 21
1.0
 12
57.90573200199959
 22
32.1320378145349
 13
0.0
 23
0.0
 14
10.0
 24
10.0
 15
10.0
 25
10.0
 16
0.0
 26
0.0
 36
1.0
 17
0.0
 27
0.0
 37
0.0
 40
70.13486258902876
 41
2.009925558312655
 42
50.0
 43
0.0
 44
0.0
 50
0.0
 51
0.0
 71
     0
 72
  1000
 73
     1
 74
     3
 75
     0
 76
     0
 77
     0
 78
     0
281
     0
 65
     1
110
0.0
120
0.0
130
0.0
111
1.0
121
0.0
131
0.0
112
0.0
122
1.0
132
0.0
 79
     0
146
0.0
1001
ACAD_NAV_VCDISPLAY
1070
     3
  0
ENDTAB
  0
TABLE
  2
LTYPE
  5
5
330
0
100
AcDbSymbolTable
 70
     1
  0
LTYPE
  5
14
330
5
100
AcDbSymbolTableRecord
100
AcDbLinetypeTableRecord
  2
ByBlock
 70
     0
  3

 72
    65
 73
     0
 40
0.0
  0
LTYPE
  5
15
330
5
100
AcDbSymbolTableRecord
100
AcDbLinetypeTableRecord
  2
ByLayer
 70
     0
  3

 72
    65
 73
     0
 40
0.0
  0
LTYPE
  5
16
330
5
100
AcDbSymbolTableRecord
100
AcDbLinetypeTableRecord
  2
Continuous
 70
     0
  3
Solid line
 72
    65
 73
     0
 40
0.0
  0
ENDTAB
  0
TABLE
  2
LAYER
  5
2
102
{ACAD_XDICTIONARY
360
1F8
102
}
330
0
100
AcDbSymbolTable
 70
     1
  0
LAYER
  5
10
102
{ACAD_XDICTIONARY
360
13C
102
}
330
2
100
AcDbSymbolTableRecord
100
AcDbLayerTableRecord
  2
0
 70
     0
 62
     7
  6
Continuous
370
    -3
390
F
  0
ENDTAB
  0
TABLE
  2
STYLE
  5
3
330
0
100
AcDbSymbolTable
 70
     2
  0
STYLE
  5
11
330
3
100
AcDbSymbolTableRecord
100
AcDbTextStyleTableRecord
  2
Standard
 70
     0
 40
0.0
 41
1.0
 50
0.0
 71
     0
 42
2.5
  3
ARIAL.TTF
  4

1001
ACAD
1000
Arial
1071
       34
  0
STYLE
  5
215
330
3
100
AcDbSymbolTableRecord
100
AcDbTextStyleTableRecord
  2
ROMANS
 70
     0
 40
2.5
 41
0.85
 50
10.0
 71
     0
 42
2.5
  3
ROMANS.SHX
  4

  0
ENDTAB
  0
TABLE
  2
VIEW
  5
6
330
0
100
AcDbSymbolTable
 70
     0
  0
ENDTAB
  0
TABLE
  2
UCS
  5
7
330
0
100
AcDbSymbolTable
 70
     0
  0
ENDTAB
  0
TABLE
  2
APPID
  5
9
330
0
100
AcDbSymbolTable
 70
    17
  0
APPID
  5
12
330
9
100
AcDbSymbolTableRecord
100
AcDbRegAppTableRecord
  2
ACAD
 70
     0
  0
APPID
  5
9E
330
9
100
AcDbSymbolTableRecord
100
AcDbRegAppTableRecord
  2
ACAD_PSEXT
 70
     0
  0
APPID
  5
133
330
9
100
AcDbSymbolTableRecord
100
AcDbRegAppTableRecord
  2
AcadAnnoPO
 70
     0
  0
APPID
  5
134
330
9
100
AcDbSymbolTableRecord
100
AcDbRegAppTableRecord
  2
AcadAnnotative
 70
     0
  0
APPID
  5
135
330
9
100
AcDbSymbolTableRecord
100
AcDbRegAppTableRecord
  2
ACAD_DSTYLE_DIMJAG
 70
     0
  0
APPID
  5
136
330
9
100
AcDbSymbolTableRecord
100
AcDbRegAppTableRecord
  2
ACAD_DSTYLE_DIMTALN
 70
     0
  0
APPID
  5
165
330
9
100
AcDbSymbolTableRecord
100
AcDbRegAppTableRecord
  2
ACAD_MLEADERVER
 70
     0
  0
APPID
  5
1F7
330
9
100
AcDbSymbolTableRecord
100
AcDbRegAppTableRecord
  2
AcAecLayerStandard
 70
     0
  0
APPID
  5
ACC
330
9
100
AcDbSymbolTableRecord
100
AcDbRegAppTableRecord
  2
ACAD_DSTYLE_DIMBREAK
 70
     0
  0
APPID
  5
1514
330
9
100
AcDbSymbolTableRecord
100
AcDbRegAppTableRecord
  2
ACAD_DSTYLE_DIMJOGGED_JOGANGLE_SYMBOL
 70
     0
  0
APPID
  5
1515
330
9
100
AcDbSymbolTableRecord
100
AcDbRegAppTableRecord
  2
AcDbBlockRepETag
 70
     0
  0
APPID
  5
19A6
330
9
100
AcDbSymbolTableRecord
100
AcDbRegAppTableRecord
  2
ACAD_EXEMPT_FROM_CAD_STANDARDS
 70
     0
  0
APPID
  5
20AF
330
9
100
AcDbSymbolTableRecord
100
AcDbRegAppTableRecord
  2
ACAD_NAV_VCDISPLAY
 70
     0
  0
APPID
  5
2135
330
9
100
AcDbSymbolTableRecord
100
AcDbRegAppTableRecord
  2
GradientColor1ACI
 70
     0
  0
APPID
  5
2136
330
9
100
AcDbSymbolTableRecord
100
AcDbRegAppTableRecord
  2
GradientColor2ACI
 70
     0
  0
APPID
  5
2286
330
9
100
AcDbSymbolTableRecord
100
AcDbRegAppTableRecord
  2
ACAD_STEPID
 70
     0
  0
APPID
  5
24AC
330
9
100
AcDbSymbolTableRecord
100
AcDbRegAppTableRecord
  2
ACAD_OBJECT_CHANGE_GUID
 70
     0
  0
ENDTAB
  0
TABLE
  2
DIMSTYLE
  5
A
330
0
100
AcDbSymbolTable
 70
     1
100
AcDbDimStyleTable
 71
     1
340
216
  0
DIMSTYLE
105
216
330
A
100
AcDbSymbolTableRecord
100
AcDbDimStyleTableRecord
  2
1-1
 70
     0
 41
2.5
 42
2.5
 43
0.4
 44
0.5
 47
0.2
 48
0.2
 73
     0
 74
     0
 77
     1
140
2.5
141
0.0
146
0.2
147
1.0
172
     1
176
   256
177
   256
178
   256
271
     2
272
     2
289
     0
340
215
1001
ACAD_DSTYLE_DIMJAG
1070
   388
1040
1.5
1001
ACAD_DSTYLE_DIMTALN
1070
   392
1070
     0
  0
ENDTAB
  0
TABLE
  2
BLOCK_RECORD
  5
1
330
0
100
AcDbSymbolTable
 70
     2
  0
BLOCK_RECORD
  5
1F
102
{ACAD_XDICTIONARY
360
1CE
102
}
330
1
100
AcDbSymbolTableRecord
100
AcDbBlockTableRecord
  2
*Model_Space
340
22
  0
BLOCK_RECORD
  5
D2
330
1
100
AcDbSymbolTableRecord
100
AcDbBlockTableRecord
  2
*Paper_Space
340
D3
  0
BLOCK_RECORD
  5
D6
330
1
100
AcDbSymbolTableRecord
100
AcDbBlockTableRecord
  2
*Paper_Space0
340
D7
  0
ENDTAB
  0
ENDSEC
  0
SECTION
  2
BLOCKS
  0
BLOCK
  5
20
330
1F
100
AcDbEntity
  8
0
100
AcDbBlockBegin
  2
*Model_Space
 70
     0
 10
0.0
 20
0.0
 30
0.0
  3
*Model_Space
  1

  0
ENDBLK
  5
21
330
1F
100
AcDbEntity
  8
0
100
AcDbBlockEnd
  0
BLOCK
  5
D4
330
D2
100
AcDbEntity
 67
     1
  8
0
100
AcDbBlockBegin
  2
*Paper_Space
 70
     0
 10
0.0
 20
0.0
 30
0.0
  3
*Paper_Space
  1

  0
ENDBLK
  5
D5
330
D2
100
AcDbEntity
 67
     1
  8
0
100
AcDbBlockEnd
  0
BLOCK
  5
D8
330
D6
100
AcDbEntity
 67
     1
  8
0
100
AcDbBlockBegin
  2
*Paper_Space0
 70
     0
 10
0.0
 20
0.0
 30
0.0
  3
*Paper_Space0
  1

  0
ENDBLK
  5
D9
330
D6
100
AcDbEntity
 67
     1
  8
0
100
AcDbBlockEnd
  0
ENDSEC
  0
SECTION
  2
ENTITIES
  0
LINE
  5
2B67
330
1F
100
AcDbEntity
  8
0
370
   100
100
AcDbLine
 10
39.09984277612682
 20
37.23253311158922
 30
0.0
 11
38.9998427761269
 21
37.23253311158922
 31
0.0
  0
LINE
  5
2B68
330
1F
100
AcDbEntity
  8
0
370
   100
100
AcDbLine
 10
38.9998427761269
 20
37.23253311158922
 30
0.0
 11
38.9998427761269
 21
39.23253311158922
 31
0.0
  0
LINE
  5
2B69
330
1F
100
AcDbEntity
  8
0
370
   100
100
AcDbLine
 10
38.9998427761269
 20
39.23253311158922
 30
0.0
 11
19.39984277612291
 21
39.23253311158922
 31
0.0
  0
LINE
  5
2B6A
330
1F
100
AcDbEntity
  8
0
370
   100
100
AcDbLine
 10
19.39984277612291
 20
39.23253311158922
 30
0.0
 11
19.39984277612291
 21
25.0325331115894
 31
0.0
  0
LINE
  5
2B6B
330
1F
100
AcDbEntity
  8
0
370
   100
100
AcDbLine
 10
19.39984277612291
 20
25.0325331115894
 30
0.0
 11
38.9998427761269
 21
25.0325331115894
 31
0.0
  0
LINE
  5
2B6C
330
1F
100
AcDbEntity
  8
0
370
   100
100
AcDbLine
 10
38.9998427761269
 20
25.0325331115894
 30
0.0
 11
38.9998427761269
 21
27.0325331115894
 31
0.0
  0
LINE
  5
2B6D
330
1F
100
AcDbEntity
  8
0
370
   100
100
AcDbLine
 10
38.9998427761269
 20
27.0325331115894
 30
0.0
 11
39.09984277612682
 21
27.0325331115894
 31
0.0
  0
LINE
  5
2B6E
330
1F
100
AcDbEntity
  8
0
370
   100
100
AcDbLine
 10
39.09984277612682
 20
27.0325331115894
 30
0.0
 11
39.09984277612682
 21
37.23253311158922
 31
0.0
  0
LINE
  5
2B6F
330
1F
100
AcDbEntity
  8
0
370
   100
100
AcDbLine
 10
42.98411456746485
 20
37.33875147269558
 30
0.0
 11
42.98411456746485
 21
37.33875147269558
 31
0.0
  0
ARC
  5
2B70
330
1F
100
AcDbEntity
  8
0
370
   100
100
AcDbCircle
 10
42.86550484922154
 20
37.43057595057584
 30
0.0
 40
0.1499999999991385
100
AcDbArc
 50
164.3072287559888
 51
322.2539197242856
  0
ARC
  5
2B71
330
1F
100
AcDbEntity
  8
0
370
   100
100
AcDbCircle
 10
42.43227820356873
 20
37.55229149393696
 30
0.0
 40
0.3000000000000841
100
AcDbArc
 50
344.3072287560074
 51
48.46149298424101
  0
LINE
  5
2B72
330
1F
100
AcDbEntity
  8
0
370
   100
100
AcDbLine
 10
42.63121517927527
 20
37.77684456048647
 30
0.0
 11
41.08522966923408
 21
39.14647039806713
 31
0.0
  0
ARC
  5
2B73
330
1F
100
AcDbEntity
  8
0
370
   100
100
AcDbCircle
 10
40.88629269352749
 20
38.92191733151737
 30
0.0
 40
0.3000000000002974
100
AcDbArc
 50
48.46149298426934
 51
74.93643961362713
  0
LINE
  5
2B74
330
1F
100
AcDbEntity
  8
0
370
   100
100
AcDbLine
 10
40.96425982068774
 20
39.21160876577554
 30
0.0
 11
40.59984277612453
 21
39.30968743394786
 31
0.0
  0
ARC
  5
2B75
330
1F
100
AcDbEntity
  8
0
370
   100
100
AcDbCircle
 10
40.59984277612453
 20
39.00968743394813
 30
0.0
 40
0.2999999999997271
100
AcDbArc
 50
90.0
 51
270.0
  0
LINE
  5
2B76
330
1F
100
AcDbEntity
  8
0
370
   100
100
AcDbLine
 10
40.59984277612453
 20
38.7096874339484
 30
0.0
 11
40.59984277612271
 21
34.20968743394795
 31
0.0
  0
ARC
  5
2B77
330
1F
100
AcDbEntity
  8
0
370
   100
100
AcDbCircle
 10
40.79984277612346
 20
34.20968743394795
 30
0.0
 40
0.2000000000007276
100
AcDbArc
 50
180.0
 51
270.0
  0
LINE
  5
2B78
330
1F
100
AcDbEntity
  8
0
370
   100
100
AcDbLine
 10
40.79984277612346
 20
34.00968743394722
 30
0.0
 11
40.8677315192966
 21
34.00968743394722
 31
0.0
  0
ARC
  5
2B79
330
1F
100
AcDbEntity
  8
0
370
   100
100
AcDbCircle
 10
40.86773151929699
 20
34.30968743394797
 30
0.0
 40
0.3000000000007503
100
AcDbArc
 50
269.9999999999254
 51
301.3801319349815
  0
LINE
  5
2B7A
330
1F
100
AcDbEntity
  8
0
370
   100
100
AcDbLine
 10
41.02394560546495
 20
34.05356801007864
 30
0.0
 11
42.69993859364592
 21
35.0758009556246
 31
0.0
  0
ARC
  5
2B7B
330
1F
100
AcDbEntity
  8
0
370
   100
100
AcDbCircle
 10
42.89984277612936
 20
35.081991094811
 30
0.0
 40
0.1999999999938094
100
AcDbArc
 50
0.0
 51
181.7736274999513
  0
LINE
  5
2B7C
330
1F
100
AcDbEntity
  8
0
370
   100
100
AcDbLine
 10
43.09984277612318
 20
35.081991094811
 30
0.0
 11
43.09984277612318
 21
34.78733478756638
 31
0.0
  0
ARC
  5
2B7D
330
1F
100
AcDbEntity
  8
0
370
   100
100
AcDbCircle
 10
43.59180625162696
 20
32.13253311158931
 30
0.0
 40
2.700000000000075
100
AcDbArc
 50
43.13655878695445
 51
100.498436528306
  0
ARC
  5
2B7E
330
1F
100
AcDbEntity
  8
0
370
   100
100
AcDbCircle
 10
45.19720378315411
 20
33.63676007776315
 30
0.0
 40
0.5000000000005268
100
AcDbArc
 50
299.9999999999681
 51
43.13655878691792
  0
LINE
  5
2B7F
330
1F
100
AcDbEntity
  8
0
370
   100
100
AcDbLine
 10
45.4472037831541
 20
33.20374737587034
 30
0.0
 11
45.17925703826574
 21
33.04904825058045
 31
0.0
  0
ARC
  5
2B80
330
1F
100
AcDbEntity
  8
0
370
   100
100
AcDbCircle
 10
44.92925703826593
 20
33.48206095247253
 30
0.0
 40
0.4999999999997825
100
AcDbArc
 50
225.2575232904006
 51
299.99999999999
  0
ARC
  5
2B81
330
1F
100
AcDbEntity
  8
0
370
   100
100
AcDbCircle
 10
43.59180625162773
 20
32.13253311158866
 30
0.0
 40
1.400000000000172
100
AcDbArc
 50
45.25752329050636
 51
69.42687877711063
  0
LINE
  5
2B82
330
1F
100
AcDbEntity
  8
0
370
   100
100
AcDbLine
 10
44.08376972712482
 20
33.44324739730363
 30
0.0
 11
44.08376972712482
 21
33.65502184349342
 31
0.0
  0
ARC
  5
2B83
330
1F
100
AcDbEntity
  8
0
370
   100
100
AcDbCircle
 10
43.59180625162649
 20
32.13253311158931
 30
0.0
 40
1.599999999999799
100
AcDbArc
 50
72.09274123631573
 51
107.9072587636842
  0
LINE
  5
2B84
330
1F
100
AcDbEntity
  8
0
370
   100
100
AcDbLine
 10
43.09984277612818
 20
33.65502184349342
 30
0.0
 11
43.09984277612818
 21
33.44324739730363
 31
0.0
  0
ARC
  5
2B85
330
1F
100
AcDbEntity
  8
0
370
   100
100
AcDbCircle
 10
43.59180625162731
 20
32.13253311158922
 30
0.0
 40
1.400000000000362
100
AcDbArc
 50
110.5731212229756
 51
159.426878777056
  0
LINE
  5
2B86
330
1F
100
AcDbEntity
  8
0
370
   100
100
AcDbLine
 10
42.28109196591264
 20
32.62449658708764
 30
0.0
 11
42.0693175197224
 21
32.62449658708764
 31
0.0
  0
ARC
  5
2B87
330
1F
100
AcDbEntity
  8
0
370
   100
100
AcDbCircle
 10
43.59180625162604
 20
32.13253311158931
 30
0.0
 40
1.599999999999366
100
AcDbArc
 50
162.0927412363107
 51
197.9072587636892
  0
LINE
  5
2B88
330
1F
100
AcDbEntity
  8
0
370
   100
100
AcDbLine
 10
42.0693175197224
 20
31.64056963609099
 30
0.0
 11
42.28109196591218
 21
31.64056963609099
 31
0.0
  0
ARC
  5
2B89
330
1F
100
AcDbEntity
  8
0
370
   100
100
AcDbCircle
 10
43.59180625162696
 20
32.13253311158978
 30
0.0
 40
1.400000000000573
100
AcDbArc
 50
200.5731212229565
 51
249.4268787770435
  0
LINE
  5
2B8A
330
1F
100
AcDbEntity
  8
0
370
   100
100
AcDbLine
 10
43.09984277612818
 20
30.821818825875
 30
0.0
 11
43.09984277612818
 21
30.61004437968521
 31
0.0
  0
ARC
  5
2B8B
330
1F
100
AcDbEntity
  8
0
370
   100
100
AcDbCircle
 10
43.59180625162649
 20
32.13253311158931
 30
0.0
 40
1.599999999999799
100
AcDbArc
 50
252.0927412363157
 51
287.9072587636843
  0
LINE
  5
2B8C
330
1F
100
AcDbEntity
  8
0
370
   100
100
AcDbLine
 10
44.08376972712482
 20
30.61004437968521
 30
0.0
 11
44.08376972712482
 21
30.821818825875
 31
0.0
  0
ARC
  5
2B8D
330
1F
100
AcDbEntity
  8
0
370
   100
100
AcDbCircle
 10
43.59180625162625
 20
32.13253311158943
 30
0.0
 40
1.400000000000192
100
AcDbArc
 50
290.573121222954
 51
314.7424767095783
  0
ARC
  5
2B8E
330
1F
100
AcDbEntity
  8
0
370
   100
100
AcDbCircle
 10
44.92925703826545
 20
30.78300527070569
 30
0.0
 40
0.5000000000003712
100
AcDbArc
 50
59.9999999999849
 51
134.7424767094545
  0
LINE
  5
2B8F
330
1F
100
AcDbEntity
  8
0
370
   100
100
AcDbLine
 10
45.17925703826574
 20
31.21601797259817
 30
0.0
 11
45.4472037831541
 21
31.06131884730829
 31
0.0
  0
ARC
  5
2B90
330
1F
100
AcDbEntity
  8
0
370
   100
100
AcDbCircle
 10
45.19720378315418
 20
30.62830614541527
 30
0.0
 40
0.5000000000006583
100
AcDbArc
 50
316.863441213128
 51
60.00000000005202
  0
ARC
  5
2B91
330
1F
100
AcDbEntity
  8
0
370
   100
100
AcDbCircle
 10
43.59180625162692
 20
32.13253311158928
 30
0.0
 40
2.700000000000401
100
AcDbArc
 50
259.5015634717057
 51
316.8634412130531
  0
LINE
  5
2B92
330
1F
100
AcDbEntity
  8
0
370
   100
100
AcDbLine
 10
43.09984277612364
 20
29.47773143561179
 30
0.0
 11
43.09984277612318
 21
29.18307512836762
 31
0.0
  0
ARC
  5
2B93
330
1F
100
AcDbEntity
  8
0
370
   100
100
AcDbCircle
 10
42.89984277612936
 20
29.18307512836762
 30
0.0
 40
0.1999999999938069
100
AcDbArc
 50
178.2263725000487
 51
0.0
  0
LINE
  5
2B94
330
1F
100
AcDbEntity
  8
0
370
   100
100
AcDbLine
 10
42.69993859364592
 20
29.18926526755402
 30
0.0
 11
41.02394560546495
 21
30.21149821309999
 31
0.0
  0
ARC
  5
2B95
330
1F
100
AcDbEntity
  8
0
370
   100
100
AcDbCircle
 10
40.86773151929699
 20
29.95537878923066
 30
0.0
 40
0.3000000000007476
100
AcDbArc
 50
58.61986806501811
 51
90.00000000007464
  0
LINE
  5
2B96
330
1F
100
AcDbEntity
  8
0
370
   100
100
AcDbLine
 10
40.8677315192966
 20
30.2553787892314
 30
0.0
 11
40.79984277612346
 21
30.2553787892314
 31
0.0
  0
ARC
  5
2B97
330
1F
100
AcDbEntity
  8
0
370
   100
100
AcDbCircle
 10
40.79984277612346
 20
30.05537878923068
 30
0.0
 40
0.2000000000007276
100
AcDbArc
 50
90.0
 51
180.0
  0
LINE
  5
2B98
330
1F
100
AcDbEntity
  8
0
370
   100
100
AcDbLine
 10
40.59984277612271
 20
30.05537878923068
 30
0.0
 11
40.59984277612453
 21
25.55537878923022
 31
0.0
  0
ARC
  5
2B99
330
1F
100
AcDbEntity
  8
0
370
   100
100
AcDbCircle
 10
40.59984277612453
 20
25.25537878923049
 30
0.0
 40
0.2999999999997271
100
AcDbArc
 50
90.0
 51
270.0
  0
LINE
  5
2B9A
330
1F
100
AcDbEntity
  8
0
370
   100
100
AcDbLine
 10
40.59984277612453
 20
24.95537878923077
 30
0.0
 11
40.96425982068774
 21
25.05345745740354
 31
0.0
  0
ARC
  5
2B9B
330
1F
100
AcDbEntity
  8
0
370
   100
100
AcDbCircle
 10
40.88629269352689
 20
25.34314889166144
 30
0.0
 40
0.3000000000001931
100
AcDbArc
 50
285.0635603864977
 51
311.5385070157862
  0
LINE
  5
2B9C
330
1F
100
AcDbEntity
  8
0
370
   100
100
AcDbLine
 10
41.08522966923362
 20
25.11859582511196
 30
0.0
 11
42.63121517927527
 21
26.48822166269284
 31
0.0
  0
ARC
  5
2B9D
330
1F
100
AcDbEntity
  8
0
370
   100
100
AcDbCircle
 10
42.43227820356873
 20
26.71277472924234
 30
0.0
 40
0.3000000000000845
100
AcDbArc
 50
311.5385070157595
 51
15.69277124399325
  0
ARC
  5
2B9E
330
1F
100
AcDbEntity
  8
0
370
   100
100
AcDbCircle
 10
42.86550484922154
 20
26.83449027260346
 30
0.0
 40
0.1499999999991341
100
AcDbArc
 50
37.74608027571333
 51
195.6927712440124
  0
LINE
  5
2B9F
330
1F
100
AcDbEntity
  8
0
370
   100
100
AcDbLine
 10
42.98411456746485
 20
26.92631475048373
 30
0.0
 11
42.98411456747373
 21
26.92631475049055
 31
0.0
  0
LINE
  5
2BA0
330
1F
100
AcDbEntity
  8
0
370
   100
100
AcDbLine
 10
42.98411456747373
 20
26.92631475049055
 30
0.0
 11
45.11201164954115
 21
24.17770915880854
 31
0.0
  0
ARC
  5
2BA1
330
1F
100
AcDbEntity
  8
0
370
   100
100
AcDbCircle
 10
44.82710423234709
 20
24.08375297951093
 30
0.0
 40
0.3000000000006506
100
AcDbArc
 50
271.1339788337781
 51
18.25141522796106
  0
LINE
  5
2BA2
330
1F
100
AcDbEntity
  8
0
370
   100
100
AcDbLine
 10
44.8330413440143
 20
23.7838117340887
 30
0.0
 11
44.83048935488056
 21
23.78372842712477
 31
0.0
  0
LINE
  5
2BA3
330
1F
100
AcDbEntity
  8
0
370
   100
100
AcDbLine
 10
44.83048935488056
 20
23.78372842712477
 30
0.0
 11
44.17386791038587
 21
23.7651149483502
 31
0.0
  0
ARC
  5
2BA4
330
1F
100
AcDbEntity
  8
0
370
   100
100
AcDbCircle
 10
44.15969992608075
 20
24.26491417626159
 30
0.0
 40
0.5000000000000902
100
AcDbArc
 50
231.8057730257374
 51
271.623748751218
  0
ARC
  5
2BA5
330
1F
100
AcDbEntity
  8
0
370
   100
100
AcDbCircle
 10
42.61387689955902
 20
22.30011617883864
 30
0.0
 40
2.000000000000313
100
AcDbArc
 50
51.80577302573234
 51
123.9970547904992
  0
LINE
  5
2BA6
330
1F
100
AcDbEntity
  8
0
370
   100
100
AcDbLine
 10
41.49557632513131
 20
23.95824881081833
 30
0.0
 11
40.46673611187896
 21
23.45362315438322
 31
0.0
  0
ARC
  5
2BA7
330
1F
100
AcDbEntity
  8
0
370
   100
100
AcDbCircle
 10
40.24655470866599
 20
23.9025331115897
 30
0.0
 40
0.4999999999999572
100
AcDbArc
 50
269.9999999999682
 51
296.1270319024243
  0
LINE
  5
2BA8
330
1F
100
AcDbEntity
  8
0
370
   100
100
AcDbLine
 10
40.24655470866571
 20
23.40253311158975
 30
0.0
 11
39.699842776124
 21
23.4025331115902
 31
0.0
  0
ARC
  5
2BA9
330
1F
100
AcDbEntity
  8
0
370
   100
100
AcDbCircle
 10
39.699842776124
 20
22.9025331115902
 30
0.0
 40
0.5
100
AcDbArc
 50
90.0
 51
180.0
  0
LINE
  5
2BAA
330
1F
100
AcDbEntity
  8
0
370
   100
100
AcDbLine
 10
39.199842776124
 20
22.9025331115902
 30
0.0
 11
39.199842776124
 21
19.03253311158985
 31
0.0
  0
ARC
  5
2BAB
330
1F
100
AcDbEntity
  8
0
370
   100
100
AcDbCircle
 10
38.699842776124
 20
19.03253311158985
 30
0.0
 40
0.5
100
AcDbArc
 50
270.0
 51
0.0
  0
LINE
  5
2BAC
330
1F
100
AcDbEntity
  8
0
370
   100
100
AcDbLine
 10
38.699842776124
 20
18.53253311158985
 30
0.0
 11
36.60694955730868
 21
18.5325331115894
 31
0.0
  0
ARC
  5
2BAD
330
1F
100
AcDbEntity
  8
0
370
   100
100
AcDbCircle
 10
36.60694955730831
 20
19.03253311158773
 30
0.0
 40
0.4999999999983304
100
AcDbArc
 50
225.000000000004
 51
270.0000000000407
  0
LINE
  5
2BAE
330
1F
100
AcDbEntity
  8
0
370
   100
100
AcDbLine
 10
36.25339616671624
 20
18.67897972099561
 30
0.0
 11
35.5462893855296
 21
19.38608650218273
 31
0.0
  0
ARC
  5
2BAF
330
1F
100
AcDbEntity
  8
0
370
   100
100
AcDbCircle
 10
35.89984277612256
 20
19.7396398927758
 30
0.0
 40
0.4999999999996524
100
AcDbArc
 50
180.0000000000219
 51
225.0000000000069
  0
LINE
  5
2BB0
330
1F
100
AcDbEntity
  8
0
370
   100
100
AcDbLine
 10
35.39984277612291
 20
19.73963989277561
 30
0.0
 11
35.39984277612246
 21
20.53253311159031
 31
0.0
  0
LINE
  5
2BB1
330
1F
100
AcDbEntity
  8
0
370
   100
100
AcDbLine
 10
35.39984277612246
 20
20.53253311159031
 30
0.0
 11
37.09984277612365
 21
20.53253311159031
 31
0.0
  0
ARC
  5
2BB2
330
1F
100
AcDbEntity
  8
0
370
   100
100
AcDbCircle
 10
37.09984277612365
 20
20.83253311159049
 30
0.0
 40
0.3000000000001819
100
AcDbArc
 50
270.0
 51
0.0
  0
LINE
  5
2BB3
330
1F
100
AcDbEntity
  8
0
370
   100
100
AcDbLine
 10
37.39984277612382
 20
20.83253311159049
 30
0.0
 11
37.39984277612427
 21
23.23253311158968
 31
0.0
  0
ARC
  5
2BB4
330
1F
100
AcDbEntity
  8
0
370
   100
100
AcDbCircle
 10
37.09984277612365
 20
23.23253311158968
 30
0.0
 40
0.3000000000006366
100
AcDbArc
 50
0.0
 51
90.00000000008686
  0
LINE
  5
2BB5
330
1F
100
AcDbEntity
  8
0
370
   100
100
AcDbLine
 10
37.09984277612318
 20
23.53253311159031
 30
0.0
 11
19.699842776124
 21
23.53253311158986
 31
0.0
  0
ARC
  5
2BB6
330
1F
100
AcDbEntity
  8
0
370
   100
100
AcDbCircle
 10
19.699842776124
 20
23.23253311158968
 30
0.0
 40
0.3000000000001819
100
AcDbArc
 50
90.0
 51
180.0
  0
LINE
  5
2BB7
330
1F
100
AcDbEntity
  8
0
370
   100
100
AcDbLine
 10
19.39984277612382
 20
23.23253311158968
 30
0.0
 11
19.39984277612291
 21
20.8325331115914
 31
0.0
  0
ARC
  5
2BB8
330
1F
100
AcDbEntity
  8
0
370
   100
100
AcDbCircle
 10
19.69984277612309
 20
20.8325331115914
 30
0.0
 40
0.3000000000001819
100
AcDbArc
 50
180.0
 51
270.0
  0
LINE
  5
2BB9
330
1F
100
AcDbEntity
  8
0
370
   100
100
AcDbLine
 10
19.69984277612309
 20
20.53253311159122
 30
0.0
 11
21.39984277612382
 21
20.53253311159076
 31
0.0
  0
LINE
  5
2BBA
330
1F
100
AcDbEntity
  8
0
370
   100
100
AcDbLine
 10
21.39984277612382
 20
20.53253311159076
 30
0.0
 11
21.39984277612382
 21
19.73963989277561
 31
0.0
  0
ARC
  5
2BBB
330
1F
100
AcDbEntity
  8
0
370
   100
100
AcDbCircle
 10
20.8998427761251
 20
19.73963989277587
 30
0.0
 40
0.4999999999987176
100
AcDbArc
 50
314.9999999999487
 51
359.9999999999703
  0
LINE
  5
2BBC
330
1F
100
AcDbEntity
  8
0
370
   100
100
AcDbLine
 10
21.25339616671715
 20
19.38608650218319
 30
0.0
 11
20.54628938552958
 21
18.67897972099697
 31
0.0
  0
ARC
  5
2BBD
330
1F
100
AcDbEntity
  8
0
370
   100
100
AcDbCircle
 10
20.19273599493719
 20
19.03253311158832
 30
0.0
 40
0.4999999999980071
100
AcDbArc
 50
270.0000000001002
 51
315.0000000000849
  0
LINE
  5
2BBE
330
1F
100
AcDbEntity
  8
0
370
   100
100
AcDbLine
 10
20.19273599493806
 20
18.53253311159031
 30
0.0
 11
18.19984277612263
 21
18.5325331115894
 31
0.0
  0
ARC
  5
2BBF
330
1F
100
AcDbEntity
  8
0
370
   100
100
AcDbCircle
 10
18.19984277612263
 20
18.83253311158913
 30
0.0
 40
0.2999999999997271
100
AcDbArc
 50
179.9999999999131
 51
270.0
  0
LINE
  5
2BC0
330
1F
100
AcDbEntity
  8
0
370
   100
100
AcDbLine
 10
17.89984277612291
 20
18.83253311158957
 30
0.0
 11
17.89984277612291
 21
45.43253311158903
 31
0.0
  0
ARC
  5
2BC1
330
1F
100
AcDbEntity
  8
0
370
   100
100
AcDbCircle
 10
18.19984277612263
 20
45.43253311158948
 30
0.0
 40
0.2999999999997271
100
AcDbArc
 50
90.0
 51
180.0000000000868
  0
LINE
  5
2BC2
330
1F
100
AcDbEntity
  8
0
370
   100
100
AcDbLine
 10
18.19984277612263
 20
45.73253311158921
 30
0.0
 11
20.19273599493806
 21
45.73253311158832
 31
0.0
  0
ARC
  5
2BC3
330
1F
100
AcDbEntity
  8
0
370
   100
100
AcDbCircle
 10
20.19273599493719
 20
45.2325331115903
 30
0.0
 40
0.4999999999980105
100
AcDbArc
 50
44.99999999991536
 51
89.99999999989986
  0
LINE
  5
2BC4
330
1F
100
AcDbEntity
  8
0
370
   100
100
AcDbLine
 10
20.54628938552958
 20
45.58608650218164
 30
0.0
 11
21.25339616671715
 21
44.87897972099542
 31
0.0
  0
ARC
  5
2BC5
330
1F
100
AcDbEntity
  8
0
370
   100
100
AcDbCircle
 10
20.8998427761251
 20
44.52542633040274
 30
0.0
 40
0.4999999999987156
100
AcDbArc
 50
0.000000000029312
 51
45.00000000005092
  0
LINE
  5
2BC6
330
1F
100
AcDbEntity
  8
0
370
   100
100
AcDbLine
 10
21.39984277612382
 20
44.525426330403
 30
0.0
 11
21.39984277612382
 21
43.73253311158785
 31
0.0
  0
LINE
  5
2BC7
330
1F
100
AcDbEntity
  8
0
370
   100
100
AcDbLine
 10
21.39984277612382
 20
43.73253311158785
 30
0.0
 11
19.69984277612309
 21
43.7325331115874
 31
0.0
  0
ARC
  5
2BC8
330
1F
100
AcDbEntity
  8
0
370
   100
100
AcDbCircle
 10
19.69984277612309
 20
43.43253311158721
 30
0.0
 40
0.3000000000001819
100
AcDbArc
 50
90.0
 51
180.0
  0
LINE
  5
2BC9
330
1F
100
AcDbEntity
  8
0
370
   100
100
AcDbLine
 10
19.39984277612291
 20
43.43253311158721
 30
0.0
 11
19.39984277612382
 21
41.03253311158893
 31
0.0
  0
ARC
  5
2BCA
330
1F
100
AcDbEntity
  8
0
370
   100
100
AcDbCircle
 10
19.699842776124
 20
41.03253311158893
 30
0.0
 40
0.3000000000001819
100
AcDbArc
 50
180.0
 51
270.0
  0
LINE
  5
2BCB
330
1F
100
AcDbEntity
  8
0
370
   100
100
AcDbLine
 10
19.699842776124
 20
40.73253311158874
 30
0.0
 11
37.09984277612318
 21
40.73253311158831
 31
0.0
  0
ARC
  5
2BCC
330
1F
100
AcDbEntity
  8
0
370
   100
100
AcDbCircle
 10
37.09984277612365
 20
41.03253311158893
 30
0.0
 40
0.3000000000006366
100
AcDbArc
 50
269.9999999999131
 51
0.0
  0
LINE
  5
2BCD
330
1F
100
AcDbEntity
  8
0
370
   100
100
AcDbLine
 10
37.39984277612427
 20
41.03253311158893
 30
0.0
 11
37.39984277612382
 21
43.43253311158814
 31
0.0
  0
ARC
  5
2BCE
330
1F
100
AcDbEntity
  8
0
370
   100
100
AcDbCircle
 10
37.09984277612365
 20
43.43253311158814
 30
0.0
 40
0.3000000000001819
100
AcDbArc
 50
0.0
 51
90.0
  0
LINE
  5
2BCF
330
1F
100
AcDbEntity
  8
0
370
   100
100
AcDbLine
 10
37.09984277612365
 20
43.73253311158832
 30
0.0
 11
35.39984277612246
 21
43.73253311158832
 31
0.0
  0
LINE
  5
2BD0
330
1F
100
AcDbEntity
  8
0
370
   100
100
AcDbLine
 10
35.39984277612246
 20
43.73253311158832
 30
0.0
 11
35.39984277612291
 21
44.525426330403
 31
0.0
  0
ARC
  5
2BD1
330
1F
100
AcDbEntity
  8
0
370
   100
100
AcDbCircle
 10
35.89984277612256
 20
44.52542633040281
 30
0.0
 40
0.4999999999996521
100
AcDbArc
 50
134.9999999999931
 51
179.999999999978
  0
LINE
  5
2BD2
330
1F
100
AcDbEntity
  8
0
370
   100
100
AcDbLine
 10
35.5462893855296
 20
44.87897972099588
 30
0.0
 11
36.25339616671624
 21
45.58608650218255
 31
0.0
  0
ARC
  5
2BD3
330
1F
100
AcDbEntity
  8
0
370
   100
100
AcDbCircle
 10
36.6069495573087
 20
45.23253311159105
 30
0.0
 40
0.4999999999981652
100
AcDbArc
 50
90.00000000000325
 51
135.0000000000771
  0
LINE
  5
2BD4
330
1F
100
AcDbEntity
  8
0
370
   100
100
AcDbLine
 10
36.60694955730868
 20
45.73253311158921
 30
0.0
 11
38.699842776124
 21
45.73253311158875
 31
0.0
  0
ARC
  5
2BD5
330
1F
100
AcDbEntity
  8
0
370
   100
100
AcDbCircle
 10
38.699842776124
 20
45.23253311158875
 30
0.0
 40
0.5
100
AcDbArc
 50
0.0
 51
90.0
  0
LINE
  5
2BD6
330
1F
100
AcDbEntity
  8
0
370
   100
100
AcDbLine
 10
39.199842776124
 20
45.23253311158875
 30
0.0
 11
39.199842776124
 21
41.36253311158839
 31
0.0
  0
ARC
  5
2BD7
330
1F
100
AcDbEntity
  8
0
370
   100
100
AcDbCircle
 10
39.699842776124
 20
41.36253311158839
 30
0.0
 40
0.5
100
AcDbArc
 50
180.0
 51
270.0
  0
LINE
  5
2BD8
330
1F
100
AcDbEntity
  8
0
370
   100
100
AcDbLine
 10
39.699842776124
 20
40.86253311158841
 30
0.0
 11
40.24655470866753
 21
40.86253311158887
 31
0.0
  0
ARC
  5
2BD9
330
1F
100
AcDbEntity
  8
0
370
   100
100
AcDbCircle
 10
40.24655470866824
 20
40.36253311158882
 30
0.0
 40
0.500000000000057
100
AcDbArc
 50
63.87296809757856
 51
90.00000000008141
  0
LINE
  5
2BDA
330
1F
100
AcDbEntity
  8
0
370
   100
100
AcDbLine
 10
40.46673611188121
 20
40.81144306879539
 30
0.0
 11
41.49557632513131
 21
40.30681741236029
 31
0.0
  0
ARC
  5
2BDB
330
1F
100
AcDbEntity
  8
0
370
   100
100
AcDbCircle
 10
42.61387689955902
 20
41.96495004433996
 30
0.0
 40
2.000000000000311
100
AcDbArc
 50
236.0029452095008
 51
308.1942269742676
  0
ARC
  5
2BDC
330
1F
100
AcDbEntity
  8
0
370
   100
100
AcDbCircle
 10
44.15969992608075
 20
40.00015204691703
 30
0.0
 40
0.5000000000000916
100
AcDbArc
 50
88.37625124878199
 51
128.1942269742626
  0
LINE
  5
2BDD
330
1F
100
AcDbEntity
  8
0
370
   100
100
AcDbLine
 10
44.17386791038587
 20
40.49995127482842
 30
0.0
 11
44.83048935488056
 21
40.48133779605385
 31
0.0
  0
LINE
  5
2BDE
330
1F
100
AcDbEntity
  8
0
370
   100
100
AcDbLine
 10
44.83048935488056
 20
40.48133779605385
 30
0.0
 11
44.8330413440143
 21
40.48125448908993
 31
0.0
  0
ARC
  5
2BDF
330
1F
100
AcDbEntity
  8
0
370
   100
100
AcDbCircle
 10
44.82710423234704
 20
40.18131324366765
 30
0.0
 40
0.3000000000006987
100
AcDbArc
 50
341.7485847720523
 51
88.86602116620846
  0
LINE
  5
2BE0
330
1F
100
AcDbEntity
  8
0
370
   100
100
AcDbLine
 10
45.11201164954115
 20
40.08735706437008
 30
0.0
 11
42.98411456746485
 21
37.33875147269558
 31
0.0
  0
LINE
  5
2BE1
330
1F
100
AcDbEntity
  8
0
  6
Continuous
 62
     8
370
   100
100
AcDbLine
 10
85.59984277612239
 20
34.86457596970775
 30
0.0
 11
84.98151612177309
 21
34.24624931535914
 31
0.0
1001
ACAD
1010
0.0
1020
0.0
1030
0.0
  0
LINE
  5
2BE2
330
1F
100
AcDbEntity
  8
0
  6
Continuous
 62
     8
370
   100
100
AcDbLine
 10
85.59984277611944
 20
37.10963999997091
 30
0.0
 11
83.54273514658837
 21
35.05253237044202
 31
0.0
1001
ACAD
1010
0.0
1020
0.0
1030
0.0
  0
LINE
  5
2BE3
330
1F
100
AcDbEntity
  8
0
  6
Continuous
 62
     8
370
   100
100
AcDbLine
 10
84.35350782152102
 20
38.10836907563999
 30
0.0
 11
81.37125534451604
 21
35.12611659863831
 31
0.0
1001
ACAD
1010
0.0
1020
0.0
1030
0.0
  0
LINE
  5
2BE4
330
1F
100
AcDbEntity
  8
0
  6
Continuous
 62
     8
370
   100
100
AcDbLine
 10
82.12284098507973
 20
38.12276626946709
 30
0.0
 11
81.1806838410264
 21
37.18060912541478
 31
0.0
1001
ACAD
1010
0.0
1020
0.0
1030
0.0
  0
LINE
  5
2BE5
330
1F
100
AcDbEntity
  8
0
  6
Continuous
 62
     8
370
   100
100
AcDbLine
 10
80.00166482646752
 20
36.00159011085714
 30
0.0
 11
78.64558146946284
 21
34.64550675385408
 31
0.0
1001
ACAD
1010
0.0
1020
0.0
1030
0.0
  0
LINE
  5
2BE6
330
1F
100
AcDbEntity
  8
0
  6
Continuous
 62
     8
370
   100
100
AcDbLine
 10
81.09851779571579
 20
39.34350711037041
 30
0.0
 11
80.31772920007757
 21
38.56271851473298
 31
0.0
1001
ACAD
1010
0.0
1020
0.0
1030
0.0
  0
LINE
  5
2BE7
330
1F
100
AcDbEntity
  8
0
  6
Continuous
 62
     8
370
   100
100
AcDbLine
 10
77.27599095141498
 20
35.52098026607371
 30
0.0
 11
76.00103676876313
 21
34.24602608342321
 31
0.0
1001
ACAD
1010
0.0
1020
0.0
1030
0.0
  0
LINE
  5
2BE8
330
1F
100
AcDbEntity
  8
0
  6
Continuous
 62
     8
370
   100
100
AcDbLine
 10
79.7559727384978
 20
40.24602608342013
 30
0.0
 11
78.65597273849516
 21
39.14602608341863
 31
0.0
1001
ACAD
1010
0.0
1020
0.0
1030
0.0
  0
LINE
  5
2BE9
330
1F
100
AcDbEntity
  8
0
  6
Continuous
 62
     8
370
   100
100
AcDbLine
 10
74.85597273849612
 20
35.34602608342368
 30
0.0
 11
73.7559727384945
 21
34.24602608342332
 31
0.0
1001
ACAD
1010
0.0
1020
0.0
1030
0.0
  0
LINE
  5
2BEA
330
1F
100
AcDbEntity
  8
0
  6
Continuous
 62
     8
370
   100
100
AcDbLine
 10
77.51090870822884
 20
40.24602608341933
 30
0.0
 11
76.41090870822711
 21
39.14602608341875
 31
0.0
1001
ACAD
1010
0.0
1020
0.0
1030
0.0
  0
LINE
  5
2BEB
330
1F
100
AcDbEntity
  8
0
  6
Continuous
 62
     8
370
   100
100
AcDbLine
 10
72.61144172724096
 20
35.34655910243679
 30
0.0
 11
71.51090870822598
 21
34.24602608342298
 31
0.0
1001
ACAD
1010
0.0
1020
0.0
1030
0.0
  0
LINE
  5
2BEC
330
1F
100
AcDbEntity
  8
0
  6
Continuous
 62
     8
370
   100
100
AcDbLine
 10
76.59984277612295
 20
41.58002418158047
 30
0.0
 11
74.16584467795883
 21
39.1460260834191
 31
0.0
1001
ACAD
1010
0.0
1020
0.0
1030
0.0
  0
LINE
  5
2BED
330
1F
100
AcDbEntity
  8
0
  6
Continuous
 62
     8
370
   100
100
AcDbLine
 10
70.3658446779591
 20
35.34602608342345
 30
0.0
 11
69.26584467795738
 21
34.24602608342298
 31
0.0
1001
ACAD
1010
0.0
1020
0.0
1030
0.0
  0
LINE
  5
2BEE
330
1F
100
AcDbEntity
  8
0
  6
Continuous
 62
     8
370
   100
100
AcDbLine
 10
72.13452277799433
 20
37.11470418345675
 30
0.0
 11
71.33452277799347
 21
36.3147041834568
 31
0.0
1001
ACAD
1010
0.0
1020
0.0
1030
0.0
  0
LINE
  5
2BEF
330
1F
100
AcDbEntity
  8
0
  6
Continuous
 62
     8
370
   100
100
AcDbLine
 10
76.59984277612261
 20
43.82508821184638
 30
0.0
 11
75.09984277612194
 21
42.32508821184729
 31
0.0
1001
ACAD
1010
0.0
1020
0.0
1030
0.0
  0
LINE
  5
2BF0
330
1F
100
AcDbEntity
  8
0
  6
Continuous
 62
     8
370
   100
100
AcDbLine
 10
68.12078064769048
 20
35.34602608342357
 30
0.0
 11
67.02078064768875
 21
34.24602608342298
 31
0.0
1001
ACAD
1010
0.0
1020
0.0
1030
0.0
  0
LINE
  5
2BF1
330
1F
100
AcDbEntity
  8
0
  6
Continuous
 62
     8
370
   100
100
AcDbLine
 10
73.02078064769204
 20
40.24602608341979
 30
0.0
 11
71.33452277799334
 21
38.55976821372292
 31
0.0
1001
ACAD
1010
0.0
1020
0.0
1030
0.0
  0
LINE
  5
2BF2
330
1F
100
AcDbEntity
  8
0
  6
Continuous
 62
     8
370
   100
100
AcDbLine
 10
75.52571661742979
 20
44.99602608342081
 30
0.0
 11
73.71933714660952
 21
43.18964661260247
 31
0.0
1001
ACAD
1010
0.0
1020
0.0
1030
0.0
  0
LINE
  5
2BF3
330
1F
100
AcDbEntity
  8
0
  6
Continuous
 62
     8
370
   100
100
AcDbLine
 10
65.87571661742209
 20
35.34602608342368
 30
0.0
 11
64.77571661742024
 21
34.24602608342298
 31
0.0
1001
ACAD
1010
0.0
1020
0.0
1030
0.0
  0
LINE
  5
2BF4
330
1F
100
AcDbEntity
  8
0
  6
Continuous
 62
     8
370
   100
100
AcDbLine
 10
70.77571661742344
 20
40.24602608341957
 30
0.0
 11
69.67571661742124
 21
39.14602608341852
 31
0.0
1001
ACAD
1010
0.0
1020
0.0
1030
0.0
  0
LINE
  5
2BF5
330
1F
100
AcDbEntity
  8
0
  6
Continuous
 62
     8
370
   100
100
AcDbLine
 10
69.09984277612273
 20
40.81521627238656
 30
0.0
 11
67.43065258715308
 21
39.14602608341875
 31
0.0
1001
ACAD
1010
0.0
1020
0.0
1030
0.0
  0
LINE
  5
2BF6
330
1F
100
AcDbEntity
  8
0
  6
Continuous
 62
     8
370
   100
100
AcDbLine
 10
63.71779668029319
 20
35.43317017656296
 30
0.0
 11
62.53065258715185
 21
34.24602608342286
 31
0.0
1001
ACAD
1010
0.0
1020
0.0
1030
0.0
  0
LINE
  5
2BF7
330
1F
100
AcDbEntity
  8
0
  6
Continuous
 62
     8
370
   100
100
AcDbLine
 10
70.26771566650769
 20
44.22815319303639
 30
0.0
 11
67.59984277612057
 21
41.56028030265225
 31
0.0
1001
ACAD
1010
0.0
1020
0.0
1030
0.0
  0
LINE
  5
2BF8
330
1F
100
AcDbEntity
  8
0
  6
Continuous
 62
     8
370
   100
100
AcDbLine
 10
61.38558855688414
 20
35.34602608342266
 30
0.0
 11
60.28558855688324
 21
34.24602608342286
 31
0.0
1001
ACAD
1010
0.0
1020
0.0
1030
0.0
  0
LINE
  5
2BF9
330
1F
100
AcDbEntity
  8
0
  6
Continuous
 62
     8
370
   100
100
AcDbLine
 10
66.28558855688675
 20
40.24602608341979
 30
0.0
 11
65.18558855688468
 21
39.14602608341898
 31
0.0
1001
ACAD
1010
0.0
1020
0.0
1030
0.0
  0
LINE
  5
2BFA
330
1F
100
AcDbEntity
  8
0
  6
Continuous
 62
     8
370
   100
100
AcDbLine
 10
63.49984277611816
 20
37.46028030265438
 30
0.0
 11
62.69984277612263
 21
36.66028030265977
 31
0.0
1001
ACAD
1010
0.0
1020
0.0
1030
0.0
  0
LINE
  5
2BFB
330
1F
100
AcDbEntity
  8
0
  6
Continuous
 62
     8
370
   100
100
AcDbLine
 10
68.79052452662381
 20
44.99602608342025
 30
0.0
 11
66.79052452662118
 21
42.99602608341991
 31
0.0
1001
ACAD
1010
0.0
1020
0.0
1030
0.0
  0
LINE
  5
2BFC
330
1F
100
AcDbEntity
  8
0
  6
Continuous
 62
     8
370
   100
100
AcDbLine
 10
59.14052452661575
 20
35.34602608342266
 30
0.0
 11
58.04052452661473
 21
34.24602608342286
 31
0.0
1001
ACAD
1010
0.0
1020
0.0
1030
0.0
  0
LINE
  5
2BFD
330
1F
100
AcDbEntity
  8
0
  6
Continuous
 62
     8
370
   100
100
AcDbLine
 10
64.04052452661779
 20
40.24602608341945
 30
0.0
 11
62.65262623850968
 21
38.85812779531285
 31
0.0
1001
ACAD
1010
0.0
1020
0.0
1030
0.0
  0
LINE
  5
2BFE
330
1F
100
AcDbEntity
  8
0
  6
Continuous
 62
     8
370
   100
100
AcDbLine
 10
61.79546049634893
 20
40.24602608341921
 30
0.0
 11
60.69546049634698
 21
39.14602608341852
 31
0.0
1001
ACAD
1010
0.0
1020
0.0
1030
0.0
  0
LINE
  5
2BFF
330
1F
100
AcDbEntity
  8
0
  6
Continuous
 62
     8
370
   100
100
AcDbLine
 10
56.89546049634714
 20
35.34602608342278
 30
0.0
 11
55.79546049634609
 21
34.24602608342298
 31
0.0
1001
ACAD
1010
0.0
1020
0.0
1030
0.0
  0
LINE
  5
2C00
330
1F
100
AcDbEntity
  8
0
  6
Continuous
 62
     8
370
   100
100
AcDbLine
 10
59.55039646607986
 20
40.24602608341864
 30
0.0
 11
58.45039646607893
 21
39.14602608341898
 31
0.0
1001
ACAD
1010
0.0
1020
0.0
1030
0.0
  0
LINE
  5
2C01
330
1F
100
AcDbEntity
  8
0
  6
Continuous
 62
     8
370
   100
100
AcDbLine
 10
54.92092823123936
 20
35.61655784858318
 30
0.0
 11
53.5503964660777
 21
34.24602608342298
 31
0.0
1001
ACAD
1010
0.0
1020
0.0
1030
0.0
  0
LINE
  5
2C02
330
1F
100
AcDbEntity
  8
0
  6
Continuous
 62
     8
370
   100
100
AcDbLine
 10
58.5998427761233
 20
41.54053642372889
 30
0.0
 11
56.20533243581087
 21
39.1460260834191
 31
0.0
1001
ACAD
1010
0.0
1020
0.0
1030
0.0
  0
LINE
  5
2C03
330
1F
100
AcDbEntity
  8
0
  6
Continuous
 62
     8
370
   100
100
AcDbLine
 10
52.40533243581012
 20
35.34602608342254
 30
0.0
 11
51.30533243580908
 21
34.24602608342275
 31
0.0
1001
ACAD
1010
0.0
1020
0.0
1030
0.0
  0
LINE
  5
2C04
330
1F
100
AcDbEntity
  8
0
  6
Continuous
 62
     8
370
   100
100
AcDbLine
 10
54.86516277424562
 20
37.80585642185531
 30
0.0
 11
54.06516277424578
 21
37.00585642185639
 31
0.0
1001
ACAD
1010
0.0
1020
0.0
1030
0.0
  0
LINE
  5
2C05
330
1F
100
AcDbEntity
  8
0
  6
Continuous
 62
     8
370
   100
100
AcDbLine
 10
59.40505559083739
 20
44.5908132687084
 30
0.0
 11
57.09984277612328
 21
42.28560045399695
 31
0.0
1001
ACAD
1010
0.0
1020
0.0
1030
0.0
  0
LINE
  5
2C06
330
1F
100
AcDbEntity
  8
0
  6
Continuous
 62
     8
370
   100
100
AcDbLine
 10
50.1602684055414
 20
35.34602608342254
 30
0.0
 11
49.17410007406818
 21
34.35985775195036
 31
0.0
1001
ACAD
1010
0.0
1020
0.0
1030
0.0
  0
LINE
  5
2C07
330
1F
100
AcDbEntity
  8
0
  6
Continuous
 62
     8
370
   100
100
AcDbLine
 10
55.06026840554409
 20
40.24602608341989
 30
0.0
 11
53.86235725339123
 21
39.04811493126829
 31
0.0
1001
ACAD
1010
0.0
1020
0.0
1030
0.0
  0
LINE
  5
2C08
330
1F
100
AcDbEntity
  8
0
  6
Continuous
 62
     8
370
   100
100
AcDbLine
 10
57.56391165898651
 20
44.99473336712561
 30
0.0
 11
57.10113549241691
 21
44.53195720055657
 31
0.0
1001
ACAD
1010
0.0
1020
0.0
1030
0.0
  0
LINE
  5
2C09
330
1F
100
AcDbEntity
  8
0
  6
Continuous
 62
     8
370
   100
100
AcDbLine
 10
48.21510246907156
 20
35.64592417722089
 30
0.0
 11
47.26556268005583
 21
34.69638438820619
 31
0.0
1001
ACAD
1010
0.0
1020
0.0
1030
0.0
  0
LINE
  5
2C0A
330
1F
100
AcDbEntity
  8
0
  6
Continuous
 62
     8
370
   100
100
AcDbLine
 10
52.81520437527536
 20
40.24602608341967
 30
0.0
 11
51.71520437527316
 21
39.14602608341863
 31
0.0
1001
ACAD
1010
0.0
1020
0.0
1030
0.0
  0
LINE
  5
2C0B
330
1F
100
AcDbEntity
  8
0
  6
Continuous
 62
     8
370
   100
100
AcDbLine
 10
50.57014034500685
 20
40.24602608341957
 30
0.0
 11
49.47014034500512
 21
39.1460260834191
 31
0.0
1001
ACAD
1010
0.0
1020
0.0
1030
0.0
  0
LINE
  5
2C0C
330
1F
100
AcDbEntity
  8
0
  6
Continuous
 62
     8
370
   100
100
AcDbLine
 10
46.3065650750591
 20
35.98245081347648
 30
0.0
 11
45.35702528604327
 21
35.03291102446167
 31
0.0
1001
ACAD
1010
0.0
1020
0.0
1030
0.0
  0
LINE
  5
2C0D
330
1F
100
AcDbEntity
  8
0
  6
Continuous
 62
     8
370
   100
100
AcDbLine
 10
48.37732156896255
 20
40.29827133764377
 30
0.0
 11
47.22507631473695
 21
39.14602608341943
 31
0.0
1001
ACAD
1010
0.0
1020
0.0
1030
0.0
  0
LINE
  5
2C0E
330
1F
100
AcDbEntity
  8
0
  6
Continuous
 62
     8
370
   100
100
AcDbLine
 10
45.03263403778283
 20
36.95358380646758
 30
0.0
 11
43.32507631473435
 21
35.24602608342104
 31
0.0
1001
ACAD
1010
0.0
1020
0.0
1030
0.0
  0
LINE
  5
2C0F
330
1F
100
AcDbEntity
  8
0
  6
Continuous
 62
     8
370
   100
100
AcDbLine
 10
49.49984277612224
 20
43.66585657506822
 30
0.0
 11
48.83001228447369
 21
42.99602608342047
 31
0.0
1001
ACAD
1010
0.0
1020
0.0
1030
0.0
  0
LINE
  5
2C10
330
1F
100
AcDbEntity
  8
0
  6
Continuous
 62
     8
370
   100
100
AcDbLine
 10
43.2800122844686
 20
37.44602608342133
 30
0.0
 11
40.59984277612193
 21
34.76585657507769
 31
0.0
1001
ACAD
1010
0.0
1020
0.0
1030
0.0
  0
LINE
  5
2C11
330
1F
100
AcDbEntity
  8
0
  6
Continuous
 62
     8
370
   100
100
AcDbLine
 10
48.09984277612262
 20
42.26585657507018
 30
0.0
 11
46.59984277612283
 21
40.76585657507201
 31
0.0
1001
ACAD
1010
0.0
1020
0.0
1030
0.0
  0
LINE
  5
2C12
330
1F
100
AcDbEntity
  8
0
  6
Continuous
 62
     8
370
   100
100
AcDbLine
 10
46.03801302418367
 20
40.20402682313338
 30
0.0
 11
44.70312799176064
 21
38.86914179071187
 31
0.0
1001
ACAD
1010
0.0
1020
0.0
1030
0.0
  0
LINE
  5
2C13
330
1F
100
AcDbEntity
  8
0
  6
Continuous
 62
     8
370
   100
100
AcDbLine
 10
48.52678600112563
 20
44.93786383033887
 30
0.0
 11
46.59984277612272
 21
43.01092060533814
 31
0.0
1001
ACAD
1010
0.0
1020
0.0
1030
0.0
  0
LINE
  5
2C14
330
1F
100
AcDbEntity
  8
0
  6
Continuous
 62
     8
370
   100
100
AcDbLine
 10
41.75184276503626
 20
38.162920594257
 30
0.0
 11
40.59984277612421
 21
37.0109206053462
 31
0.0
1001
ACAD
1010
0.0
1020
0.0
1030
0.0
  0
LINE
  5
2C15
330
1F
100
AcDbEntity
  8
0
  6
Continuous
 62
     8
370
   100
100
AcDbLine
 10
84.64581301733323
 20
38.2774017584278
 30
0.0
 11
85.59984277611944
 21
37.32337199964059
 31
0.0
1001
ACAD
1010
0.0
1020
0.0
1030
0.0
  0
LINE
  5
2C16
330
1F
100
AcDbEntity
  8
0
  6
Continuous
 62
     8
370
   100
100
AcDbLine
 10
75.68212466208183
 20
44.99602608342047
 30
0.0
 11
76.59984277612284
 21
44.07830796937832
 31
0.0
1001
ACAD
1010
0.0
1020
0.0
1030
0.0
  0
LINE
  5
2C17
330
1F
100
AcDbEntity
  8
0
  6
Continuous
 62
     8
370
   100
100
AcDbLine
 10
83.20394250073139
 20
37.47420824476274
 30
0.0
 11
85.59984277612228
 21
35.07830796936924
 31
0.0
1001
ACAD
1010
0.0
1020
0.0
1030
0.0
  0
LINE
  5
2C18
330
1F
100
AcDbEntity
  8
0
  6
Continuous
 62
     8
370
   100
100
AcDbLine
 10
74.06845170396855
 20
44.36463501126683
 30
0.0
 11
76.59984277612284
 21
41.83324393910981
 31
0.0
1001
ACAD
1010
0.0
1020
0.0
1030
0.0
  0
LINE
  5
2C19
330
1F
100
AcDbEntity
  8
0
  6
Continuous
 62
     8
370
   100
100
AcDbLine
 10
81.1744987015262
 20
37.25858801370146
 30
0.0
 11
83.21971921401269
 21
35.21336750121282
 31
0.0
1001
ACAD
1010
0.0
1020
0.0
1030
0.0
  0
LINE
  5
2C1A
330
1F
100
AcDbEntity
  8
0
  6
Continuous
 62
     8
370
   100
100
AcDbLine
 10
78.18706063181164
 20
40.24602608341945
 30
0.0
 11
79.28706063181151
 21
39.14602608341818
 31
0.0
1001
ACAD
1010
0.0
1020
0.0
1030
0.0
  0
LINE
  5
2C1B
330
1F
100
AcDbEntity
  8
0
  6
Continuous
 62
     8
370
   100
100
AcDbLine
 10
75.09984277612261
 20
41.08817990884313
 30
0.0
 11
77.04199660154519
 21
39.14602608341852
 31
0.0
1001
ACAD
1010
0.0
1020
0.0
1030
0.0
  0
LINE
  5
2C1C
330
1F
100
AcDbEntity
  8
0
  6
Continuous
 62
     8
370
   100
100
AcDbLine
 10
80.15873658514157
 20
36.02928609981872
 30
0.0
 11
81.1082763741548
 21
35.07974631080435
 31
0.0
1001
ACAD
1010
0.0
1020
0.0
1030
0.0
  0
LINE
  5
2C1D
330
1F
100
AcDbEntity
  8
0
  6
Continuous
 62
     8
370
   100
100
AcDbLine
 10
68.94693257128392
 20
44.99602608341989
 30
0.0
 11
70.49984277612384
 21
43.44311587857839
 31
0.0
1001
ACAD
1010
0.0
1020
0.0
1030
0.0
  0
LINE
  5
2C1E
330
1F
100
AcDbEntity
  8
0
  6
Continuous
 62
     8
370
   100
100
AcDbLine
 10
78.25019919113002
 20
35.69275946356369
 30
0.0
 11
79.19973898014347
 21
34.74321967454921
 31
0.0
1001
ACAD
1010
0.0
1020
0.0
1030
0.0
  0
LINE
  5
2C1F
330
1F
100
AcDbEntity
  8
0
  6
Continuous
 62
     8
370
   100
100
AcDbLine
 10
73.69693257127892
 20
40.24602608341967
 30
0.0
 11
74.79693257127859
 21
39.14602608341886
 31
0.0
1001
ACAD
1010
0.0
1020
0.0
1030
0.0
  0
LINE
  5
2C20
330
1F
100
AcDbEntity
  8
0
  6
Continuous
 62
     8
370
   100
100
AcDbLine
 10
66.95085565856743
 20
44.74703896587004
 30
0.0
 11
69.09984277612172
 21
42.59805184831349
 31
0.0
1001
ACAD
1010
0.0
1020
0.0
1030
0.0
  0
LINE
  5
2C21
330
1F
100
AcDbEntity
  8
0
  6
Continuous
 62
     8
370
   100
100
AcDbLine
 10
76.34166179711837
 20
35.35623282730887
 30
0.0
 11
77.29120158613227
 21
34.40669303829408
 31
0.0
1001
ACAD
1010
0.0
1020
0.0
1030
0.0
  0
LINE
  5
2C22
330
1F
100
AcDbEntity
  8
0
  6
Continuous
 62
     8
370
   100
100
AcDbLine
 10
71.45186854101325
 20
40.24602608341921
 30
0.0
 11
72.55779133486431
 21
39.14010328956726
 31
0.0
1001
ACAD
1010
0.0
1020
0.0
1030
0.0
  0
LINE
  5
2C23
330
1F
100
AcDbEntity
  8
0
  6
Continuous
 62
     8
370
   100
100
AcDbLine
 10
66.20349901796612
 20
43.24933157620376
 30
0.0
 11
66.45314826890056
 21
42.99968232526885
 31
0.0
1001
ACAD
1010
0.0
1020
0.0
1030
0.0
  0
LINE
  5
2C24
330
1F
100
AcDbEntity
  8
0
  6
Continuous
 62
     8
370
   100
100
AcDbLine
 10
74.10680451073767
 20
35.34602608342357
 30
0.0
 11
75.20680451073667
 21
34.24602608342321
 31
0.0
1001
ACAD
1010
0.0
1020
0.0
1030
0.0
  0
LINE
  5
2C25
330
1F
100
AcDbEntity
  8
0
  6
Continuous
 62
     8
370
   100
100
AcDbLine
 10
67.59984277612035
 20
41.85298781804795
 30
0.0
 11
70.30680451074704
 21
39.14602608341829
 31
0.0
1001
ACAD
1010
0.0
1020
0.0
1030
0.0
  0
LINE
  5
2C26
330
1F
100
AcDbEntity
  8
0
  6
Continuous
 62
     8
370
   100
100
AcDbLine
 10
71.33452277799325
 20
38.11830781617095
 30
0.0
 11
72.13452277799411
 21
37.31830781616941
 31
0.0
1001
ACAD
1010
0.0
1020
0.0
1030
0.0
  0
LINE
  5
2C27
330
1F
100
AcDbEntity
  8
0
  6
Continuous
 62
     8
370
   100
100
AcDbLine
 10
66.96174048048078
 20
40.24602608341967
 30
0.0
 11
68.06174048048069
 21
39.14602608341863
 31
0.0
1001
ACAD
1010
0.0
1020
0.0
1030
0.0
  0
LINE
  5
2C28
330
1F
100
AcDbEntity
  8
0
  6
Continuous
 62
     8
370
   100
100
AcDbLine
 10
71.33452277799347
 20
35.87324378590222
 30
0.0
 11
72.96174048047078
 21
34.24602608342309
 31
0.0
1001
ACAD
1010
0.0
1020
0.0
1030
0.0
  0
LINE
  5
2C29
330
1F
100
AcDbEntity
  8
0
  6
Continuous
 62
     8
370
   100
100
AcDbLine
 10
64.7166764502151
 20
40.24602608341933
 30
0.0
 11
65.81667645021434
 21
39.14602608341875
 31
0.0
1001
ACAD
1010
0.0
1020
0.0
1030
0.0
  0
LINE
  5
2C2A
330
1F
100
AcDbEntity
  8
0
  6
Continuous
 62
     8
370
   100
100
AcDbLine
 10
69.61667645020566
 20
35.34602608342334
 30
0.0
 11
70.71667645020489
 21
34.24602608342298
 31
0.0
1001
ACAD
1010
0.0
1020
0.0
1030
0.0
  0
LINE
  5
2C2B
330
1F
100
AcDbEntity
  8
0
  6
Continuous
 62
     8
370
   100
100
AcDbLine
 10
57.72161241995423
 20
44.99602608341954
 30
0.0
 11
59.72087430336159
 21
42.99676420000992
 31
0.0
1001
ACAD
1010
0.0
1020
0.0
1030
0.0
  0
LINE
  5
2C2C
330
1F
100
AcDbEntity
  8
0
  6
Continuous
 62
     8
370
   100
100
AcDbLine
 10
67.37161241993978
 20
35.34602608342357
 30
0.0
 11
68.47161241993899
 21
34.24602608342298
 31
0.0
1001
ACAD
1010
0.0
1020
0.0
1030
0.0
  0
LINE
  5
2C2D
330
1F
100
AcDbEntity
  8
0
  6
Continuous
 62
     8
370
   100
100
AcDbLine
 10
62.47161241994946
 20
40.2460260834191
 30
0.0
 11
63.68400003363695
 21
39.03363846973048
 31
0.0
1001
ACAD
1010
0.0
1020
0.0
1030
0.0
  0
LINE
  5
2C2E
330
1F
100
AcDbEntity
  8
0
  6
Continuous
 62
     8
370
   100
100
AcDbLine
 10
57.09984277612306
 20
43.37273169698288
 30
0.0
 11
58.5998427761233
 21
41.87273169698108
 31
0.0
1001
ACAD
1010
0.0
1020
0.0
1030
0.0
  0
LINE
  5
2C2F
330
1F
100
AcDbEntity
  8
0
  6
Continuous
 62
     8
370
   100
100
AcDbLine
 10
65.12654838967364
 20
35.34602608342345
 30
0.0
 11
66.22654838967287
 21
34.24602608342309
 31
0.0
1001
ACAD
1010
0.0
1020
0.0
1030
0.0
  0
LINE
  5
2C30
330
1F
100
AcDbEntity
  8
0
  6
Continuous
 62
     8
370
   100
100
AcDbLine
 10
60.22654838968378
 20
40.24602608341877
 30
0.0
 11
61.32654838968299
 21
39.14602608341818
 31
0.0
1001
ACAD
1010
0.0
1020
0.0
1030
0.0
  0
LINE
  5
2C31
330
1F
100
AcDbEntity
  8
0
  6
Continuous
 62
     8
370
   100
100
AcDbLine
 10
62.69984277612275
 20
37.77273169697707
 30
0.0
 11
63.49984277611838
 21
36.97273169698053
 31
0.0
1001
ACAD
1010
0.0
1020
0.0
1030
0.0
  0
LINE
  5
2C32
330
1F
100
AcDbEntity
  8
0
  6
Continuous
 62
     8
370
   100
100
AcDbLine
 10
57.0998427761242
 20
41.12766766671325
 30
0.0
 11
59.08148435941644
 21
39.14602608341875
 31
0.0
1001
ACAD
1010
0.0
1020
0.0
1030
0.0
  0
LINE
  5
2C33
330
1F
100
AcDbEntity
  8
0
  6
Continuous
 62
     8
370
   100
100
AcDbLine
 10
62.63235287664929
 20
35.59515756618202
 30
0.0
 11
63.98148435940675
 21
34.24602608342298
 31
0.0
1001
ACAD
1010
0.0
1020
0.0
1030
0.0
  0
LINE
  5
2C34
330
1F
100
AcDbEntity
  8
0
  6
Continuous
 62
     8
370
   100
100
AcDbLine
 10
55.7364203291504
 20
40.24602608341967
 30
0.0
 11
56.8364203291501
 21
39.14602608341886
 31
0.0
1001
ACAD
1010
0.0
1020
0.0
1030
0.0
  0
LINE
  5
2C35
330
1F
100
AcDbEntity
  8
0
  6
Continuous
 62
     8
370
   100
100
AcDbLine
 10
60.63642032914231
 20
35.34602608342254
 30
0.0
 11
61.73642032914063
 21
34.24602608342309
 31
0.0
1001
ACAD
1010
0.0
1020
0.0
1030
0.0
  0
LINE
  5
2C36
330
1F
100
AcDbEntity
  8
0
  6
Continuous
 62
     8
370
   100
100
AcDbLine
 10
53.49135629888476
 20
40.24602608341945
 30
0.0
 11
54.90228790664513
 21
38.83509447565769
 31
0.0
1001
ACAD
1010
0.0
1020
0.0
1030
0.0
  0
LINE
  5
2C37
330
1F
100
AcDbEntity
  8
0
  6
Continuous
 62
     8
370
   100
100
AcDbLine
 10
58.39135629887619
 20
35.34602608342254
 30
0.0
 11
59.4913562988745
 21
34.24602608342309
 31
0.0
1001
ACAD
1010
0.0
1020
0.0
1030
0.0
  0
LINE
  5
2C38
330
1F
100
AcDbEntity
  8
0
  6
Continuous
 62
     8
370
   100
100
AcDbLine
 10
46.69832572747373
 20
44.7939926245692
 30
0.0
 11
48.4962922686202
 21
42.99602608342071
 31
0.0
1001
ACAD
1010
0.0
1020
0.0
1030
0.0
  0
LINE
  5
2C39
330
1F
100
AcDbEntity
  8
0
  6
Continuous
 62
     8
370
   100
100
AcDbLine
 10
56.14629226861007
 20
35.34602608342243
 30
0.0
 11
57.2462922686086
 21
34.24602608342298
 31
0.0
1001
ACAD
1010
0.0
1020
0.0
1030
0.0
  0
LINE
  5
2C3A
330
1F
100
AcDbEntity
  8
0
  6
Continuous
 62
     8
370
   100
100
AcDbLine
 10
51.24629226861884
 20
40.2460260834191
 30
0.0
 11
52.3462922686183
 21
39.14602608341852
 31
0.0
1001
ACAD
1010
0.0
1020
0.0
1030
0.0
  0
LINE
  5
2C3B
330
1F
100
AcDbEntity
  8
0
  6
Continuous
 62
     8
370
   100
100
AcDbLine
 10
54.06516277424564
 20
37.42715557778935
 30
0.0
 11
54.86516277424538
 21
36.6271555777887
 31
0.0
1001
ACAD
1010
0.0
1020
0.0
1030
0.0
  0
LINE
  5
2C3C
330
1F
100
AcDbEntity
  8
0
  6
Continuous
 62
     8
370
   100
100
AcDbLine
 10
46.59984277612283
 20
42.64741154565181
 30
0.0
 11
48.09984277612215
 21
41.1474115456509
 31
0.0
1001
ACAD
1010
0.0
1020
0.0
1030
0.0
  0
LINE
  5
2C3D
330
1F
100
AcDbEntity
  8
0
  6
Continuous
 62
     8
370
   100
100
AcDbLine
 10
53.82711608867521
 20
35.42013823309174
 30
0.0
 11
55.00122823834296
 21
34.24602608342264
 31
0.0
1001
ACAD
1010
0.0
1020
0.0
1030
0.0
  0
LINE
  5
2C3E
330
1F
100
AcDbEntity
  8
0
  6
Continuous
 62
     8
370
   100
100
AcDbLine
 10
49.00122823835296
 20
40.24602608341921
 30
0.0
 11
50.10122823835196
 21
39.14602608341886
 31
0.0
1001
ACAD
1010
0.0
1020
0.0
1030
0.0
  0
LINE
  5
2C3F
330
1F
100
AcDbEntity
  8
0
  6
Continuous
 62
     8
370
   100
100
AcDbLine
 10
46.52925705802156
 20
40.47293323348458
 30
0.0
 11
47.8561642080856
 21
39.1460260834192
 31
0.0
1001
ACAD
1010
0.0
1020
0.0
1030
0.0
  0
LINE
  5
2C40
330
1F
100
AcDbEntity
  8
0
  6
Continuous
 62
     8
370
   100
100
AcDbLine
 10
51.65616420807805
 20
35.34602608342243
 30
0.0
 11
52.75616420807683
 21
34.24602608342275
 31
0.0
1001
ACAD
1010
0.0
1020
0.0
1030
0.0
  0
LINE
  5
2C41
330
1F
100
AcDbEntity
  8
0
  6
Continuous
 62
     8
370
   100
100
AcDbLine
 10
45.24372547624534
 20
39.51340078499402
 30
0.0
 11
46.02451407188254
 21
38.73261218935591
 31
0.0
1001
ACAD
1010
0.0
1020
0.0
1030
0.0
  0
LINE
  5
2C42
330
1F
100
AcDbEntity
  8
0
  6
Continuous
 62
     8
370
   100
100
AcDbLine
 10
49.30303371600415
 20
35.45409254523089
 30
0.0
 11
50.51110017781092
 21
34.24602608342275
 31
0.0
1001
ACAD
1010
0.0
1020
0.0
1030
0.0
  0
LINE
  5
2C43
330
1F
100
AcDbEntity
  8
0
  6
Continuous
 62
     8
370
   100
100
AcDbLine
 10
44.21940228688117
 20
38.29265994409082
 30
0.0
 11
45.06410703206029
 21
37.44795519891079
 31
0.0
1001
ACAD
1010
0.0
1020
0.0
1030
0.0
  0
LINE
  5
2C44
330
1F
100
AcDbEntity
  8
0
  6
Continuous
 62
     8
370
   100
100
AcDbLine
 10
46.57735984095507
 20
35.93470239001419
 30
0.0
 11
47.93344319795756
 21
34.57861903301012
 31
0.0
1001
ACAD
1010
0.0
1020
0.0
1030
0.0
  0
LINE
  5
2C45
330
1F
100
AcDbEntity
  8
0
  6
Continuous
 62
     8
370
   100
100
AcDbLine
 10
42.58706605825113
 20
37.67993214245394
 30
0.0
 11
45.20776932290845
 21
35.05922887779389
 31
0.0
1001
ACAD
1010
0.0
1020
0.0
1030
0.0
  0
LINE
  5
2C46
330
1F
100
AcDbEntity
  8
0
  6
Continuous
 62
     8
370
   100
100
AcDbLine
 10
40.59984277612488
 20
37.42209139431373
 30
0.0
 11
42.85642824228715
 21
35.16550592814918
 31
0.0
1001
ACAD
1010
0.0
1020
0.0
1030
0.0
  0
LINE
  5
2C47
330
1F
100
AcDbEntity
  8
0
  6
Continuous
 62
     8
370
   100
100
AcDbLine
 10
40.59984277612239
 20
35.17702736404783
 30
0.0
 11
41.43244068907324
 21
34.34442945109605
 31
0.0
1001
ACAD
1010
0.0
1020
0.0
1030
0.0
  0
LINE
  5
2C48
330
1F
100
AcDbEntity
  8
0
 62
     8
370
   100
100
AcDbLine
 10
43.36910890154864
 20
37.44602608342166
 30
0.0
 11
43.20621210845035
 21
37.4460260834212
 31
0.0
1001
AcDbBlockRepETag
1070
     1
1071
        1
1005
0
  0
ARC
  5
2C49
330
1F
100
AcDbEntity
  8
0
 62
     8
370
   100
100
AcDbCircle
 10
43.20621210845168
 20
38.24602608342635
 30
0.0
 40
0.8000000000051342
100
AcDbArc
 50
239.9602938561313
 51
269.9999999999054
1001
AcDbBlockRepETag
1070
     1
1071
        1
1005
0
  0
LINE
  5
2C4A
330
1F
100
AcDbEntity
  8
0
 62
     8
370
   100
100
AcDbLine
 10
42.80573207801477
 20
37.55348312791421
 30
0.0
 11
41.30469304185533
 21
38.42149594084731
 31
0.0
1001
AcDbBlockRepETag
1070
     1
1071
        1
1005
0
  0
ARC
  5
2C4B
330
1F
100
AcDbEntity
  8
0
 62
     8
370
   100
100
AcDbCircle
 10
41.20872258215931
 20
38.24602608342225
 30
0.0
 40
0.1999999999975939
100
AcDbArc
 50
61.3242441589535
 51
90.00000000057809
1001
AcDbBlockRepETag
1070
     1
1071
        1
1005
0
  0
LINE
  5
2C4C
330
1F
100
AcDbEntity
  8
0
 62
     8
370
   100
100
AcDbLine
 10
41.20872258215729
 20
38.44602608341985
 30
0.0
 11
40.99984277612327
 21
38.44602608341848
 31
0.0
1001
AcDbBlockRepETag
1070
     1
1071
        1
1005
0
  0
ARC
  5
2C4D
330
1F
100
AcDbEntity
  8
0
 62
     8
370
   100
100
AcDbCircle
 10
40.99984277612398
 20
38.04602608341993
 30
0.0
 40
0.3999999999985421
100
AcDbArc
 50
90.00000000010381
 51
180.0000000000916
1001
AcDbBlockRepETag
1070
     1
1071
        1
1005
0
  0
LINE
  5
2C4E
330
1F
100
AcDbEntity
  8
0
 62
     8
370
   100
100
AcDbLine
 10
40.59984277612545
 20
38.04602608341929
 30
0.0
 11
40.59984277612182
 21
34.64602608341966
 31
0.0
1001
AcDbBlockRepETag
1070
     1
1071
        1
1005
0
  0
ARC
  5
2C4F
330
1F
100
AcDbEntity
  8
0
 62
     8
370
   100
100
AcDbCircle
 10
40.99984277612278
 20
34.64602608342099
 30
0.0
 40
0.4000000000009579
100
AcDbArc
 50
180.0000000001893
 51
270.0000000002015
1001
AcDbBlockRepETag
1070
     1
1071
        1
1005
0
  0
LINE
  5
2C50
330
1F
100
AcDbEntity
  8
0
 62
     8
370
   100
100
AcDbLine
 10
40.99984277612418
 20
34.24602608342002
 30
0.0
 11
41.20872258215682
 21
34.24602608342047
 31
0.0
1001
AcDbBlockRepETag
1070
     1
1071
        1
1005
0
  0
ARC
  5
2C51
330
1F
100
AcDbEntity
  8
0
 62
     8
370
   100
100
AcDbCircle
 10
41.20872258215989
 20
34.44602608342112
 30
0.0
 40
0.2000000000006494
100
AcDbArc
 50
269.9999999991247
 51
298.6757558408229
1001
AcDbBlockRepETag
1070
     1
1071
        1
1005
0
  0
LINE
  5
2C52
330
1F
100
AcDbEntity
  8
0
 62
     8
370
   100
100
AcDbLine
 10
41.30469304185669
 20
34.27055622599301
 30
0.0
 11
42.80573207801888
 21
35.13856903892884
 31
0.0
1001
AcDbBlockRepETag
1070
     1
1071
        1
1005
0
  0
ARC
  5
2C53
330
1F
100
AcDbEntity
  8
0
 62
     8
370
   100
100
AcDbCircle
 10
43.2062121084532
 20
34.44602608341947
 30
0.0
 40
0.8000000000014606
100
AcDbArc
 50
89.99999999981373
 51
120.0397061438092
1001
AcDbBlockRepETag
1070
     1
1071
        1
1005
0
  0
LINE
  5
2C54
330
1F
100
AcDbEntity
  8
0
 62
     8
370
   100
100
AcDbLine
 10
43.20621210845581
 20
35.24602608342093
 30
0.0
 11
44.12214312762023
 21
35.24602608342139
 31
0.0
1001
AcDbBlockRepETag
1070
     1
1071
        1
1005
0
  0
ARC
  5
2C55
330
1F
100
AcDbEntity
  8
0
 62
     8
370
   100
100
AcDbCircle
 10
44.12214312762062
 20
34.94602608341931
 30
0.0
 40
0.300000000002079
100
AcDbArc
 50
80.00000000007146
 51
90.00000000007601
1001
AcDbBlockRepETag
1070
     1
1071
        1
1005
0
  0
LINE
  5
2C56
330
1F
100
AcDbEntity
  8
0
 62
     8
370
   100
100
AcDbLine
 10
44.1742375809207
 20
35.24146840932508
 30
0.0
 11
49.79382369204074
 21
34.25058375751952
 31
0.0
1001
AcDbBlockRepETag
1070
     1
1071
        1
1005
0
  0
ARC
  5
2C57
330
1F
100
AcDbEntity
  8
0
 62
     8
370
   100
100
AcDbCircle
 10
49.84591814534367
 20
34.54602608342805
 30
0.0
 40
0.3000000000052982
100
AcDbArc
 50
259.9999999996246
 51
269.999999999616
1001
AcDbBlockRepETag
1070
     1
1071
        1
1005
0
  0
LINE
  5
2C58
330
1F
100
AcDbEntity
  8
0
 62
     8
370
   100
100
AcDbLine
 10
49.84591814534167
 20
34.24602608342275
 30
0.0
 11
76.3537674069038
 21
34.24602608342321
 31
0.0
1001
AcDbBlockRepETag
1070
     1
1071
        1
1005
0
  0
ARC
  5
2C59
330
1F
100
AcDbEntity
  8
0
 62
     8
370
   100
100
AcDbCircle
 10
76.35376740690327
 20
34.54602608341492
 30
0.0
 40
0.2999999999917051
100
AcDbArc
 50
270.0000000000977
 51
280.0000000001015
1001
AcDbBlockRepETag
1070
     1
1071
        1
1005
0
  0
LINE
  5
2C5A
330
1F
100
AcDbEntity
  8
0
 62
     8
370
   100
100
AcDbLine
 10
76.40586186020243
 20
34.25058375751952
 30
0.0
 11
82.02544797132475
 21
35.24146840932508
 31
0.0
1001
AcDbBlockRepETag
1070
     1
1071
        1
1005
0
  0
ARC
  5
2C5B
330
1F
100
AcDbEntity
  8
0
 62
     8
370
   100
100
AcDbCircle
 10
82.07754242462181
 20
34.94602608342388
 30
0.0
 40
0.2999999999970495
100
AcDbArc
 50
89.99999999952233
 51
99.99999999951366
1001
AcDbBlockRepETag
1070
     1
1071
        1
1005
0
  0
LINE
  5
2C5C
330
1F
100
AcDbEntity
  8
0
 62
     8
370
   100
100
AcDbLine
 10
82.07754242462431
 20
35.24602608342093
 30
0.0
 11
82.99347344378919
 21
35.24602608342275
 31
0.0
1001
AcDbBlockRepETag
1070
     1
1071
        1
1005
0
  0
ARC
  5
2C5D
330
1F
100
AcDbEntity
  8
0
 62
     8
370
   100
100
AcDbCircle
 10
82.99347344378906
 20
34.4460260834216
 30
0.0
 40
0.8000000000011482
100
AcDbArc
 50
59.96029385598973
 51
89.99999999999081
1001
AcDbBlockRepETag
1070
     1
1071
        1
1005
0
  0
LINE
  5
2C5E
330
1F
100
AcDbEntity
  8
0
 62
     8
370
   100
100
AcDbLine
 10
83.39395347422565
 20
35.13856903892929
 30
0.0
 11
84.89499251038784
 21
34.27055622599392
 31
0.0
1001
AcDbBlockRepETag
1070
     1
1071
        1
1005
0
  0
ARC
  5
2C5F
330
1F
100
AcDbEntity
  8
0
 62
     8
370
   100
100
AcDbCircle
 10
84.99096297008781
 20
34.44602608342324
 30
0.0
 40
0.2000000000032169
100
AcDbArc
 50
241.3242441585492
 51
270.000000000232
1001
AcDbBlockRepETag
1070
     1
1071
        1
1005
0
  0
LINE
  5
2C60
330
1F
100
AcDbEntity
  8
0
 62
     8
370
   100
100
AcDbLine
 10
84.99096297008859
 20
34.24602608342002
 30
0.0
 11
85.19984277612037
 21
34.24602608341956
 31
0.0
1001
AcDbBlockRepETag
1070
     1
1071
        1
1005
0
  0
ARC
  5
2C61
330
1F
100
AcDbEntity
  8
0
 62
     8
370
   100
100
AcDbCircle
 10
85.19984277612104
 20
34.64602608342125
 30
0.0
 40
0.4000000000016827
100
AcDbArc
 50
269.9999999999023
 51
359.9999999999023
1001
AcDbBlockRepETag
1070
     1
1071
        1
1005
0
  0
LINE
  5
2C62
330
1F
100
AcDbEntity
  8
0
 62
     8
370
   100
100
AcDbLine
 10
85.59984277612272
 20
34.64602608342057
 30
0.0
 11
85.59984277611818
 21
38.04602608341975
 31
0.0
1001
AcDbBlockRepETag
1070
     1
1071
        1
1005
0
  0
ARC
  5
2C63
330
1F
100
AcDbEntity
  8
0
 62
     8
370
   100
100
AcDbCircle
 10
85.19984277611994
 20
38.04602608342161
 30
0.0
 40
0.3999999999982293
100
AcDbArc
 50
359.9999999997333
 51
89.99999999974553
1001
AcDbBlockRepETag
1070
     1
1071
        1
1005
0
  0
LINE
  5
2C64
330
1F
100
AcDbEntity
  8
0
 62
     8
370
   100
100
AcDbLine
 10
85.19984277612172
 20
38.44602608341985
 30
0.0
 11
84.99096297008817
 21
38.44602608341939
 31
0.0
1001
AcDbBlockRepETag
1070
     1
1071
        1
1005
0
  0
ARC
  5
2C65
330
1F
100
AcDbEntity
  8
0
 62
     8
370
   100
100
AcDbCircle
 10
84.99096297008767
 20
38.24602608342051
 30
0.0
 40
0.1999999999988802
100
AcDbArc
 50
89.99999999986158
 51
118.6757558414948
1001
AcDbBlockRepETag
1070
     1
1071
        1
1005
0
  0
LINE
  5
2C66
330
1F
100
AcDbEntity
  8
0
 62
     8
370
   100
100
AcDbLine
 10
84.89499251038967
 20
38.42149594084594
 30
0.0
 11
83.39395347422977
 21
37.55348312791375
 31
0.0
1001
AcDbBlockRepETag
1070
     1
1071
        1
1005
0
  0
ARC
  5
2C67
330
1F
100
AcDbEntity
  8
0
 62
     8
370
   100
100
AcDbCircle
 10
82.9934734437927
 20
38.24602608343318
 30
0.0
 40
0.8000000000115223
100
AcDbArc
 50
269.9999999998443
 51
300.0397061436158
1001
AcDbBlockRepETag
1070
     1
1071
        1
1005
0
  0
LINE
  5
2C68
330
1F
100
AcDbEntity
  8
0
 62
     8
370
   100
100
AcDbLine
 10
82.99347344379055
 20
37.44602608342166
 30
0.0
 11
82.8305766506968
 21
37.4460260834212
 31
0.0
1001
AcDbBlockRepETag
1070
     1
1071
        1
1005
0
  0
ARC
  5
2C69
330
1F
100
AcDbEntity
  8
0
 62
     8
370
   100
100
AcDbCircle
 10
82.8305766508069
 20
37.74602608366022
 30
0.0
 40
0.3000000002390166
100
AcDbArc
 50
219.6100000226536
 51
269.9999999789714
1001
AcDbBlockRepETag
1070
     1
1071
        1
1005
0
  0
LINE
  5
2C6A
330
1F
100
AcDbEntity
  8
0
 62
     8
370
   100
100
AcDbLine
 10
82.59945605682821
 20
37.55475854542556
 30
0.0
 11
80.64095124326502
 21
39.88881369310547
 31
0.0
1001
AcDbBlockRepETag
1070
     1
1071
        1
1005
0
  0
ARC
  5
2C6B
330
1F
100
AcDbEntity
  8
0
 62
     8
370
   100
100
AcDbCircle
 10
79.8749068001447
 20
39.2460260834191
 30
0.0
 40
1.000000000000925
100
AcDbArc
 50
39.99999999994351
 51
89.99999999994869
1001
AcDbBlockRepETag
1070
     1
1071
        1
1005
0
  0
LINE
  5
2C6C
330
1F
100
AcDbEntity
  8
0
 62
     8
370
   100
100
AcDbLine
 10
79.87490680014559
 20
40.24602608342003
 30
0.0
 11
77.09984277612273
 21
40.2460260834191
 31
0.0
1001
AcDbBlockRepETag
1070
     1
1071
        1
1005
0
  0
ARC
  5
2C6D
330
1F
100
AcDbEntity
  8
0
 62
     8
370
   100
100
AcDbCircle
 10
77.09984277612273
 20
40.74602608341911
 30
0.0
 40
0.5
100
AcDbArc
 50
180.0
 51
270.0
1001
AcDbBlockRepETag
1070
     1
1071
        1
1005
0
  0
LINE
  5
2C6E
330
1F
100
AcDbEntity
  8
0
 62
     8
370
   100
100
AcDbLine
 10
76.59984277612273
 20
40.74602608341911
 30
0.0
 11
76.59984277612273
 21
44.49602608342002
 31
0.0
1001
AcDbBlockRepETag
1070
     1
1071
        1
1005
0
  0
ARC
  5
2C6F
330
1F
100
AcDbEntity
  8
0
 62
     8
370
   100
100
AcDbCircle
 10
76.09984277612273
 20
44.49602608342002
 30
0.0
 40
0.5
100
AcDbArc
 50
0.0
 51
90.0
1001
AcDbBlockRepETag
1070
     1
1071
        1
1005
0
  0
LINE
  5
2C70
330
1F
100
AcDbEntity
  8
0
 62
     8
370
   100
100
AcDbLine
 10
76.09984277612273
 20
44.99602608342001
 30
0.0
 11
74.90694955730976
 21
44.99602608342138
 31
0.0
1001
AcDbBlockRepETag
1070
     1
1071
        1
1005
0
  0
ARC
  5
2C71
330
1F
100
AcDbEntity
  8
0
 62
     8
370
   100
100
AcDbCircle
 10
74.90694955730976
 20
44.49602608341777
 30
0.0
 40
0.5000000000036096
100
AcDbArc
 50
90.00000000000161
 51
134.9999999998929
1001
AcDbBlockRepETag
1070
     1
1071
        1
1005
0
  0
LINE
  5
2C72
330
1F
100
AcDbEntity
  8
0
 62
     8
370
   100
100
AcDbLine
 10
74.55339616671459
 20
44.84957947401425
 30
0.0
 11
73.84628938553067
 21
44.14247269282896
 31
0.0
1001
AcDbBlockRepETag
1070
     1
1071
        1
1005
0
  0
ARC
  5
2C73
330
1F
100
AcDbEntity
  8
0
 62
     8
370
   100
100
AcDbCircle
 10
74.19984277612319
 20
43.78891930223414
 30
0.0
 40
0.5000000000005417
100
AcDbArc
 50
134.999999999814
 51
179.9999999999878
1001
AcDbBlockRepETag
1070
     1
1071
        1
1005
0
  0
LINE
  5
2C74
330
1F
100
AcDbEntity
  8
0
 62
     8
370
   100
100
AcDbLine
 10
73.69984277612264
 20
43.78891930223424
 30
0.0
 11
73.69984277612218
 21
43.29602608342109
 31
0.0
1001
AcDbBlockRepETag
1070
     1
1071
        1
1005
0
  0
ARC
  5
2C75
330
1F
100
AcDbEntity
  8
0
 62
     8
370
   100
100
AcDbCircle
 10
73.9998427761228
 20
43.29602608342156
 30
0.0
 40
0.3000000000006366
100
AcDbArc
 50
180.0000000000868
 51
270.0000000000868
1001
AcDbBlockRepETag
1070
     1
1071
        1
1005
0
  0
LINE
  5
2C76
330
1F
100
AcDbEntity
  8
0
 62
     8
370
   100
100
AcDbLine
 10
73.99984277612327
 20
42.99602608342092
 30
0.0
 11
74.79984277612165
 21
42.99602608341954
 31
0.0
1001
AcDbBlockRepETag
1070
     1
1071
        1
1005
0
  0
ARC
  5
2C77
330
1F
100
AcDbEntity
  8
0
 62
     8
370
   100
100
AcDbCircle
 10
74.79984277612115
 20
42.69602608341888
 30
0.0
 40
0.3000000000006722
100
AcDbArc
 50
0.0000000001804859
 51
89.99999999990775
1001
AcDbBlockRepETag
1070
     1
1071
        1
1005
0
  0
LINE
  5
2C78
330
1F
100
AcDbEntity
  8
0
 62
     8
370
   100
100
AcDbLine
 10
75.09984277612182
 20
42.69602608341982
 30
0.0
 11
75.09984277612272
 21
40.74602608341911
 31
0.0
1001
AcDbBlockRepETag
1070
     1
1071
        1
1005
0
  0
ARC
  5
2C79
330
1F
100
AcDbEntity
  8
0
 62
     8
370
   100
100
AcDbCircle
 10
74.5998427761232
 20
40.74602608341954
 30
0.0
 40
0.4999999999995455
100
AcDbArc
 50
269.9999999999479
 51
359.9999999999479
1001
AcDbBlockRepETag
1070
     1
1071
        1
1005
0
  0
LINE
  5
2C7A
330
1F
100
AcDbEntity
  8
0
 62
     8
370
   100
100
AcDbLine
 10
74.59984277612273
 20
40.24602608342003
 30
0.0
 11
69.59984277612273
 21
40.2460260834191
 31
0.0
1001
AcDbBlockRepETag
1070
     1
1071
        1
1005
0
  0
ARC
  5
2C7B
330
1F
100
AcDbEntity
  8
0
 62
     8
370
   100
100
AcDbCircle
 10
69.59984277612273
 20
40.74602608341911
 30
0.0
 40
0.5
100
AcDbArc
 50
180.0
 51
270.0
1001
AcDbBlockRepETag
1070
     1
1071
        1
1005
0
  0
LINE
  5
2C7C
330
1F
100
AcDbEntity
  8
0
 62
     8
370
   100
100
AcDbLine
 10
69.09984277612273
 20
40.74602608341911
 30
0.0
 11
69.09984277612181
 21
42.69602608341847
 31
0.0
1001
AcDbBlockRepETag
1070
     1
1071
        1
1005
0
  0
ARC
  5
2C7D
330
1F
100
AcDbEntity
  8
0
 62
     8
370
   100
100
AcDbCircle
 10
69.39984277612317
 20
42.69602608341775
 30
0.0
 40
0.3000000000013472
100
AcDbArc
 50
89.99999999987515
 51
179.9999999998629
1001
AcDbBlockRepETag
1070
     1
1071
        1
1005
0
  0
LINE
  5
2C7E
330
1F
100
AcDbEntity
  8
0
 62
     8
370
   100
100
AcDbLine
 10
69.39984277612381
 20
42.99602608341911
 30
0.0
 11
70.19984277612355
 21
42.99602608342001
 31
0.0
1001
AcDbBlockRepETag
1070
     1
1071
        1
1005
0
  0
ARC
  5
2C7F
330
1F
100
AcDbEntity
  8
0
 62
     8
370
   100
100
AcDbCircle
 10
70.19984277612377
 20
43.29602608342042
 30
0.0
 40
0.3000000000004093
100
AcDbArc
 50
269.9999999999566
 51
359.9999999999566
1001
AcDbBlockRepETag
1070
     1
1071
        1
1005
0
  0
LINE
  5
2C80
330
1F
100
AcDbEntity
  8
0
 62
     8
370
   100
100
AcDbLine
 10
70.4998427761242
 20
43.2960260834202
 30
0.0
 11
70.49984277612328
 21
43.78891930223517
 31
0.0
1001
AcDbBlockRepETag
1070
     1
1071
        1
1005
0
  0
ARC
  5
2C81
330
1F
100
AcDbEntity
  8
0
 62
     8
370
   100
100
AcDbCircle
 10
69.99984277612409
 20
43.78891930223471
 30
0.0
 40
0.4999999999991759
100
AcDbArc
 50
0.000000000051296
 51
45.00000000002937
1001
AcDbBlockRepETag
1070
     1
1071
        1
1005
0
  0
LINE
  5
2C82
330
1F
100
AcDbEntity
  8
0
 62
     8
370
   100
100
AcDbLine
 10
70.3533961667166
 20
44.1424726928276
 30
0.0
 11
69.6462893855313
 21
44.84957947401379
 31
0.0
1001
AcDbBlockRepETag
1070
     1
1071
        1
1005
0
  0
ARC
  5
2C83
330
1F
100
AcDbEntity
  8
0
 62
     8
370
   100
100
AcDbCircle
 10
69.29273599493825
 20
44.49602608341932
 30
0.0
 40
0.5000000000006925
100
AcDbArc
 50
45.00000000011572
 51
90.00000000018891
1001
AcDbBlockRepETag
1070
     1
1071
        1
1005
0
  0
LINE
  5
2C84
330
1F
100
AcDbEntity
  8
0
 62
     8
370
   100
100
AcDbLine
 10
69.29273599493661
 20
44.99602608342001
 30
0.0
 11
67.4069495573043
 21
44.99602608342047
 31
0.0
1001
AcDbBlockRepETag
1070
     1
1071
        1
1005
0
  0
ARC
  5
2C85
330
1F
100
AcDbEntity
  8
0
 62
     8
370
   100
100
AcDbCircle
 10
67.40694955730472
 20
44.49602608342032
 30
0.0
 40
0.5000000000001421
100
AcDbArc
 50
90.00000000004559
 51
135.0000000000576
1001
AcDbBlockRepETag
1070
     1
1071
        1
1005
0
  0
LINE
  5
2C86
330
1F
100
AcDbEntity
  8
0
 62
     8
370
   100
100
AcDbLine
 10
67.05339616671095
 20
44.84957947401334
 30
0.0
 11
66.34628938552565
 21
44.1424726928276
 31
0.0
1001
AcDbBlockRepETag
1070
     1
1071
        1
1005
0
  0
ARC
  5
2C87
330
1F
100
AcDbEntity
  8
0
 62
     8
370
   100
100
AcDbCircle
 10
66.69984277611916
 20
43.78891930223494
 30
0.0
 40
0.4999999999997178
100
AcDbArc
 50
135.0000000000696
 51
180.000000000079
1001
AcDbBlockRepETag
1070
     1
1071
        1
1005
0
  0
LINE
  5
2C88
330
1F
100
AcDbEntity
  8
0
 62
     8
370
   100
100
AcDbLine
 10
66.19984277611945
 20
43.78891930223424
 30
0.0
 11
66.1998427761181
 21
43.29602608341974
 31
0.0
1001
AcDbBlockRepETag
1070
     1
1071
        1
1005
0
  0
ARC
  5
2C89
330
1F
100
AcDbEntity
  8
0
 62
     8
370
   100
100
AcDbCircle
 10
66.4998427761183
 20
43.29602608342114
 30
0.0
 40
0.3000000000002103
100
AcDbArc
 50
180.0000000002673
 51
270.0000000002551
1001
AcDbBlockRepETag
1070
     1
1071
        1
1005
0
  0
LINE
  5
2C8A
330
1F
100
AcDbEntity
  8
0
 62
     8
370
   100
100
AcDbLine
 10
66.49984277611963
 20
42.99602608342092
 30
0.0
 11
67.29984277612165
 21
42.99602608341774
 31
0.0
1001
AcDbBlockRepETag
1070
     1
1071
        1
1005
0
  0
ARC
  5
2C8B
330
1F
100
AcDbEntity
  8
0
 62
     8
370
   100
100
AcDbCircle
 10
67.29984277612118
 20
42.69602608341847
 30
0.0
 40
0.2999999999992724
100
AcDbArc
 50
359.9999999999131
 51
89.99999999991315
1001
AcDbBlockRepETag
1070
     1
1071
        1
1005
0
  0
LINE
  5
2C8C
330
1F
100
AcDbEntity
  8
0
 62
     8
370
   100
100
AcDbLine
 10
67.59984277612045
 20
42.696026083418
 30
0.0
 11
67.59984277612089
 21
40.74602608341911
 31
0.0
1001
AcDbBlockRepETag
1070
     1
1071
        1
1005
0
  0
ARC
  5
2C8D
330
1F
100
AcDbEntity
  8
0
 62
     8
370
   100
100
AcDbCircle
 10
67.09984277612239
 20
40.74602608341854
 30
0.0
 40
0.4999999999985222
100
AcDbArc
 50
270.0000000000391
 51
0.0000000000651378
1001
AcDbBlockRepETag
1070
     1
1071
        1
1005
0
  0
LINE
  5
2C8E
330
1F
100
AcDbEntity
  8
0
 62
     8
370
   100
100
AcDbLine
 10
67.09984277612273
 20
40.24602608342003
 30
0.0
 11
59.0998427761241
 21
40.24602608341864
 31
0.0
1001
AcDbBlockRepETag
1070
     1
1071
        1
1005
0
  0
ARC
  5
2C8F
330
1F
100
AcDbEntity
  8
0
 62
     8
370
   100
100
AcDbCircle
 10
59.0998427761241
 20
40.74602608341911
 30
0.0
 40
0.5000000000004548
100
AcDbArc
 50
180.0
 51
270.0
1001
AcDbBlockRepETag
1070
     1
1071
        1
1005
0
  0
LINE
  5
2C90
330
1F
100
AcDbEntity
  8
0
 62
     8
370
   100
100
AcDbLine
 10
58.59984277612364
 20
40.74602608341911
 30
0.0
 11
58.59984277612272
 21
42.69602608341847
 31
0.0
1001
AcDbBlockRepETag
1070
     1
1071
        1
1005
0
  0
ARC
  5
2C91
330
1F
100
AcDbEntity
  8
0
 62
     8
370
   100
100
AcDbCircle
 10
58.89984277612406
 20
42.69602608341775
 30
0.0
 40
0.3000000000013543
100
AcDbArc
 50
89.99999999987652
 51
179.9999999998629
1001
AcDbBlockRepETag
1070
     1
1071
        1
1005
0
  0
LINE
  5
2C92
330
1F
100
AcDbEntity
  8
0
 62
     8
370
   100
100
AcDbLine
 10
58.89984277612473
 20
42.99602608341911
 30
0.0
 11
59.69984277612673
 21
42.99602608342001
 31
0.0
1001
AcDbBlockRepETag
1070
     1
1071
        1
1005
0
  0
ARC
  5
2C93
330
1F
100
AcDbEntity
  8
0
 62
     8
370
   100
100
AcDbCircle
 10
59.69984277612673
 20
43.2960260834202
 30
0.0
 40
0.3000000000001819
100
AcDbArc
 50
270.0
 51
0.0
1001
AcDbBlockRepETag
1070
     1
1071
        1
1005
0
  0
LINE
  5
2C94
330
1F
100
AcDbEntity
  8
0
 62
     8
370
   100
100
AcDbLine
 10
59.99984277612691
 20
43.2960260834202
 30
0.0
 11
59.99984277612553
 21
43.78891930223471
 31
0.0
1001
AcDbBlockRepETag
1070
     1
1071
        1
1005
0
  0
ARC
  5
2C95
330
1F
100
AcDbEntity
  8
0
 62
     8
370
   100
100
AcDbCircle
 10
59.49984277612538
 20
43.78891930223383
 30
0.0
 40
0.5000000000001707
100
AcDbArc
 50
0.0000000000985209
 51
45.00000000005584
1001
AcDbBlockRepETag
1070
     1
1071
        1
1005
0
  0
LINE
  5
2C96
330
1F
100
AcDbEntity
  8
0
 62
     8
370
   100
100
AcDbLine
 10
59.85339616671843
 20
44.1424726928276
 30
0.0
 11
59.14628938553311
 21
44.8495794740129
 31
0.0
1001
AcDbBlockRepETag
1070
     1
1071
        1
1005
0
  0
ARC
  5
2C97
330
1F
100
AcDbEntity
  8
0
 62
     8
370
   100
100
AcDbCircle
 10
58.79273599493917
 20
44.49602608341932
 30
0.0
 40
0.5000000000006875
100
AcDbArc
 50
44.99999999996891
 51
90.00000000008549
1001
AcDbBlockRepETag
1070
     1
1071
        1
1005
0
  0
LINE
  5
2C98
330
1F
100
AcDbEntity
  8
0
 62
     8
370
   100
100
AcDbLine
 10
58.79273599493842
 20
44.99602608342001
 30
0.0
 11
57.59984277612318
 21
44.99602608341954
 31
0.0
1001
AcDbBlockRepETag
1070
     1
1071
        1
1005
0
  0
ARC
  5
2C99
330
1F
100
AcDbEntity
  8
0
 62
     8
370
   100
100
AcDbCircle
 10
57.59984277612272
 20
44.49602608341954
 30
0.0
 40
0.5
100
AcDbArc
 50
89.99999999994789
 51
179.9999999999479
1001
AcDbBlockRepETag
1070
     1
1071
        1
1005
0
  0
LINE
  5
2C9A
330
1F
100
AcDbEntity
  8
0
 62
     8
370
   100
100
AcDbLine
 10
57.09984277612272
 20
44.49602608342002
 30
0.0
 11
57.09984277612409
 21
40.74602608341865
 31
0.0
1001
AcDbBlockRepETag
1070
     1
1071
        1
1005
0
  0
ARC
  5
2C9B
330
1F
100
AcDbEntity
  8
0
 62
     8
370
   100
100
AcDbCircle
 10
56.59984277612455
 20
40.74602608341954
 30
0.0
 40
0.4999999999995455
100
AcDbArc
 50
269.9999999998958
 51
359.9999999998958
1001
AcDbBlockRepETag
1070
     1
1071
        1
1005
0
  0
LINE
  5
2C9C
330
1F
100
AcDbEntity
  8
0
 62
     8
370
   100
100
AcDbLine
 10
56.59984277612363
 20
40.24602608342003
 30
0.0
 11
48.59984277612272
 21
40.2460260834191
 31
0.0
1001
AcDbBlockRepETag
1070
     1
1071
        1
1005
0
  0
ARC
  5
2C9D
330
1F
100
AcDbEntity
  8
0
 62
     8
370
   100
100
AcDbCircle
 10
48.59984277612227
 20
40.74602608341954
 30
0.0
 40
0.5000000000004548
100
AcDbArc
 50
180.0000000000521
 51
270.0000000000521
1001
AcDbBlockRepETag
1070
     1
1071
        1
1005
0
  0
LINE
  5
2C9E
330
1F
100
AcDbEntity
  8
0
 62
     8
370
   100
100
AcDbLine
 10
48.09984277612182
 20
40.74602608341911
 30
0.0
 11
48.09984277612272
 21
42.69602608342029
 31
0.0
1001
AcDbBlockRepETag
1070
     1
1071
        1
1005
0
  0
ARC
  5
2C9F
330
1F
100
AcDbEntity
  8
0
 62
     8
370
   100
100
AcDbCircle
 10
48.39984277612384
 20
42.69602608341979
 30
0.0
 40
0.3000000000011269
100
AcDbArc
 50
90.00000000018049
 51
179.9999999999063
1001
AcDbBlockRepETag
1070
     1
1071
        1
1005
0
  0
LINE
  5
2CA0
330
1F
100
AcDbEntity
  8
0
 62
     8
370
   100
100
AcDbLine
 10
48.39984277612289
 20
42.99602608342092
 30
0.0
 11
49.19984277612172
 21
42.99602608342001
 31
0.0
1001
AcDbBlockRepETag
1070
     1
1071
        1
1005
0
  0
ARC
  5
2CA1
330
1F
100
AcDbEntity
  8
0
 62
     8
370
   100
100
AcDbCircle
 10
49.1998427761215
 20
43.29602608342088
 30
0.0
 40
0.300000000000864
100
AcDbArc
 50
270.0000000000434
 51
0.0000000000434252
1001
AcDbBlockRepETag
1070
     1
1071
        1
1005
0
  0
LINE
  5
2CA2
330
1F
100
AcDbEntity
  8
0
 62
     8
370
   100
100
AcDbLine
 10
49.49984277612236
 20
43.29602608342109
 30
0.0
 11
49.49984277612236
 21
43.78891930223517
 31
0.0
1001
AcDbBlockRepETag
1070
     1
1071
        1
1005
0
  0
ARC
  5
2CA3
330
1F
100
AcDbEntity
  8
0
 62
     8
370
   100
100
AcDbCircle
 10
48.99984277612168
 20
43.7889193022341
 30
0.0
 40
0.5000000000006751
100
AcDbArc
 50
0.0000000001221333
 51
45.00000000025274
1001
AcDbBlockRepETag
1070
     1
1071
        1
1005
0
  0
LINE
  5
2CA4
330
1F
100
AcDbEntity
  8
0
 62
     8
370
   100
100
AcDbLine
 10
49.35339616671388
 20
44.14247269282941
 30
0.0
 11
48.64628938552812
 21
44.84957947401334
 31
0.0
1001
AcDbBlockRepETag
1070
     1
1071
        1
1005
0
  0
ARC
  5
2CA5
330
1F
100
AcDbEntity
  8
0
 62
     8
370
   100
100
AcDbCircle
 10
48.29273599493375
 20
44.49602608342035
 30
0.0
 40
0.5000000000005919
100
AcDbArc
 50
44.99999999989003
 51
89.9999999997769
1001
AcDbBlockRepETag
1070
     1
1071
        1
1005
0
  0
LINE
  5
2CA6
330
1F
100
AcDbEntity
  8
0
 62
     8
370
   100
100
AcDbLine
 10
48.2927359949357
 20
44.99602608342092
 30
0.0
 11
47.09984277612272
 21
44.99602608342001
 31
0.0
1001
AcDbBlockRepETag
1070
     1
1071
        1
1005
0
  0
ARC
  5
2CA7
330
1F
100
AcDbEntity
  8
0
 62
     8
370
   100
100
AcDbCircle
 10
47.09984277612272
 20
44.49602608342002
 30
0.0
 40
0.5
100
AcDbArc
 50
90.0
 51
180.0
1001
AcDbBlockRepETag
1070
     1
1071
        1
1005
0
  0
LINE
  5
2CA8
330
1F
100
AcDbEntity
  8
0
 62
     8
370
   100
100
AcDbLine
 10
46.59984277612272
 20
44.49602608342002
 30
0.0
 11
46.59984277612272
 21
40.72906479050425
 31
0.0
1001
AcDbBlockRepETag
1070
     1
1071
        1
1005
0
  0
ARC
  5
2CA9
330
1F
100
AcDbEntity
  8
0
 62
     8
370
   100
100
AcDbCircle
 10
46.0998427761219
 20
40.72906479050447
 30
0.0
 40
0.5000000000008173
100
AcDbArc
 50
278.6244530437568
 51
359.9999999999732
1001
AcDbBlockRepETag
1070
     1
1071
        1
1005
0
  0
ARC
  5
2CAA
330
1F
100
AcDbEntity
  8
0
 62
     8
370
   100
100
AcDbCircle
 10
46.32477875209846
 20
39.24602608341993
 30
0.0
 40
0.9999999999990375
100
AcDbArc
 50
98.624453043788
 51
140.0000000000619
1001
AcDbBlockRepETag
1070
     1
1071
        1
1005
0
  0
LINE
  5
2CAB
330
1F
100
AcDbEntity
  8
0
 62
     8
370
   100
100
AcDbLine
 10
45.55873430897952
 20
39.88881369310503
 30
0.0
 11
43.60022949541087
 21
37.55475854541874
 31
0.0
1001
AcDbBlockRepETag
1070
     1
1071
        1
1005
0
  0
ARC
  5
2CAC
330
1F
100
AcDbEntity
  8
0
 62
     8
370
   100
100
AcDbCircle
 10
43.36910890155109
 20
37.74602608342071
 30
0.0
 40
0.2999999999990548
100
AcDbArc
 50
269.9999999995345
 51
320.3899999971042
1001
AcDbBlockRepETag
1070
     1
1071
        1
1005
0
  0
ARC
  5
2CAD
330
1F
100
AcDbEntity
  8
0
 62
     8
370
   100
100
AcDbCircle
 10
62.19984277612264
 20
38.64602608341829
 30
0.0
 40
0.5
100
AcDbArc
 50
0.0
 51
90.0
1001
AcDbBlockRepETag
1070
     1
1071
       10
1005
0
  0
LINE
  5
2CAE
330
1F
100
AcDbEntity
  8
0
 62
     8
370
   100
100
AcDbLine
 10
62.69984277612263
 20
38.64602608341829
 30
0.0
 11
62.69984277612263
 21
35.84602608342266
 31
0.0
1001
AcDbBlockRepETag
1070
     1
1071
       10
1005
0
  0
ARC
  5
2CAF
330
1F
100
AcDbEntity
  8
0
 62
     8
370
   100
100
AcDbCircle
 10
62.19984277612264
 20
35.84602608342266
 30
0.0
 40
0.5
100
AcDbArc
 50
270.0
 51
0.0
1001
AcDbBlockRepETag
1070
     1
1071
       10
1005
0
  0
LINE
  5
2CB0
330
1F
100
AcDbEntity
  8
0
 62
     8
370
   100
100
AcDbLine
 10
62.19984277612264
 20
35.34602608342266
 30
0.0
 11
55.36516277424549
 21
35.34602608342266
 31
0.0
1001
AcDbBlockRepETag
1070
     1
1071
       10
1005
0
  0
ARC
  5
2CB1
330
1F
100
AcDbEntity
  8
0
 62
     8
370
   100
100
AcDbCircle
 10
55.36516277424549
 20
35.84602608342266
 30
0.0
 40
0.5
100
AcDbArc
 50
180.0
 51
270.0
1001
AcDbBlockRepETag
1070
     1
1071
       10
1005
0
  0
LINE
  5
2CB2
330
1F
100
AcDbEntity
  8
0
 62
     8
370
   100
100
AcDbLine
 10
54.86516277424549
 20
35.84602608342266
 30
0.0
 11
54.86516277424549
 21
38.64602608341829
 31
0.0
1001
AcDbBlockRepETag
1070
     1
1071
       10
1005
0
  0
ARC
  5
2CB3
330
1F
100
AcDbEntity
  8
0
 62
     8
370
   100
100
AcDbCircle
 10
55.36516277424595
 20
38.64602608341876
 30
0.0
 40
0.5000000000004548
100
AcDbArc
 50
90.00000000005213
 51
180.0000000000521
1001
AcDbBlockRepETag
1070
     1
1071
       10
1005
0
  0
LINE
  5
2CB4
330
1F
100
AcDbEntity
  8
0
 62
     8
370
   100
100
AcDbLine
 10
55.36516277424549
 20
39.1460260834192
 30
0.0
 11
62.19984277612264
 21
39.14602608341829
 31
0.0
1001
AcDbBlockRepETag
1070
     1
1071
       10
1005
0
  0
ARC
  5
2CB5
330
1F
100
AcDbEntity
  8
0
 62
     8
370
   100
100
AcDbCircle
 10
46.65119411280776
 20
38.54602608341899
 30
0.0
 40
0.6000000000004349
100
AcDbArc
 50
90.00000000011196
 51
140.0000000001579
  0
LINE
  5
2CB6
330
1F
100
AcDbEntity
  8
0
 62
     8
370
   100
100
AcDbLine
 10
46.19156744693497
 20
38.93169864922993
 30
0.0
 11
45.27530800575277
 21
37.83974316845206
 31
0.0
  0
ARC
  5
2CB7
330
1F
100
AcDbEntity
  8
0
 62
     8
370
   100
100
AcDbCircle
 10
46.11795689318426
 20
37.13267679779761
 30
0.0
 40
1.09999999999999
100
AcDbArc
 50
140.00000000005
 51
260.0000000000258
  0
LINE
  5
2CB8
330
1F
100
AcDbEntity
  8
0
 62
     8
370
   100
100
AcDbLine
 10
45.92694389775113
 20
36.0493882694841
 30
0.0
 11
49.87282931909646
 21
35.3536222069165
 31
0.0
  0
ARC
  5
2CB9
330
1F
100
AcDbEntity
  8
0
 62
     8
370
   100
100
AcDbCircle
 10
49.9596534079296
 20
35.84602608342263
 30
0.0
 40
0.4999999999999715
100
AcDbArc
 50
260.0000000000364
 51
270.0000000000415
  0
LINE
  5
2CBA
330
1F
100
AcDbEntity
  8
0
 62
     8
370
   100
100
AcDbLine
 10
49.95965340792996
 20
35.34602608342266
 30
0.0
 11
53.56516277424578
 21
35.34602608342266
 31
0.0
  0
ARC
  5
2CBB
330
1F
100
AcDbEntity
  8
0
 62
     8
370
   100
100
AcDbCircle
 10
53.56516277424578
 20
35.84602608342266
 30
0.0
 40
0.5
100
AcDbArc
 50
270.0
 51
0.0
  0
LINE
  5
2CBC
330
1F
100
AcDbEntity
  8
0
 62
     8
370
   100
100
AcDbLine
 10
54.06516277424578
 20
35.84602608342266
 30
0.0
 11
54.06516277424578
 21
38.64602608341829
 31
0.0
  0
ARC
  5
2CBD
330
1F
100
AcDbEntity
  8
0
 62
     8
370
   100
100
AcDbCircle
 10
53.56516277424578
 20
38.64602608341829
 30
0.0
 40
0.5
100
AcDbArc
 50
0.0
 51
90.0
  0
LINE
  5
2CBE
330
1F
100
AcDbEntity
  8
0
 62
     8
370
   100
100
AcDbLine
 10
53.56516277424578
 20
39.14602608341829
 30
0.0
 11
46.65119411280659
 21
39.14602608341943
 31
0.0
  0
ARC
  5
2CBF
330
1F
100
AcDbEntity
  8
0
 62
     8
370
   100
100
AcDbCircle
 10
70.83452277799357
 20
38.64602608341829
 30
0.0
 40
0.5
100
AcDbArc
 50
0.0
 51
90.0
  0
LINE
  5
2CC0
330
1F
100
AcDbEntity
  8
0
 62
     8
370
   100
100
AcDbLine
 10
71.33452277799356
 20
38.64602608341829
 30
0.0
 11
71.33452277799356
 21
35.84602608342358
 31
0.0
  0
ARC
  5
2CC1
330
1F
100
AcDbEntity
  8
0
 62
     8
370
   100
100
AcDbCircle
 10
70.83452277799357
 20
35.84602608342358
 30
0.0
 40
0.5
100
AcDbArc
 50
270.0
 51
0.0
  0
LINE
  5
2CC2
330
1F
100
AcDbEntity
  8
0
 62
     8
370
   100
100
AcDbLine
 10
70.83452277799357
 20
35.34602608342357
 30
0.0
 11
63.99984277611872
 21
35.34602608342357
 31
0.0
  0
ARC
  5
2CC3
330
1F
100
AcDbEntity
  8
0
 62
     8
370
   100
100
AcDbCircle
 10
63.99984277611872
 20
35.84602608342358
 30
0.0
 40
0.5
100
AcDbArc
 50
180.0
 51
270.0
  0
LINE
  5
2CC4
330
1F
100
AcDbEntity
  8
0
 62
     8
370
   100
100
AcDbLine
 10
63.49984277611873
 20
35.84602608342358
 30
0.0
 11
63.49984277611781
 21
38.64602608341829
 31
0.0
  0
ARC
  5
2CC5
330
1F
100
AcDbEntity
  8
0
 62
     8
370
   100
100
AcDbCircle
 10
63.99984277611827
 20
38.64602608341876
 30
0.0
 40
0.5000000000004548
100
AcDbArc
 50
90.00000000005213
 51
180.0000000000521
  0
LINE
  5
2CC6
330
1F
100
AcDbEntity
  8
0
 62
     8
370
   100
100
AcDbLine
 10
63.99984277611782
 20
39.1460260834192
 30
0.0
 11
70.83452277799357
 21
39.14602608341829
 31
0.0
  0
LINE
  5
2CC7
330
1F
100
AcDbEntity
  8
0
 62
     8
370
   100
100
AcDbLine
 10
80.00811810530866
 20
38.93169864923084
 30
0.0
 11
80.92437754649187
 21
37.83974316845206
 31
0.0
  0
ARC
  5
2CC8
330
1F
100
AcDbEntity
  8
0
 62
     8
370
   100
100
AcDbCircle
 10
80.08172865906022
 20
37.13267679779703
 30
0.0
 40
1.100000000000497
100
AcDbArc
 50
280.000000000021
 51
39.99999999996699
  0
LINE
  5
2CC9
330
1F
100
AcDbEntity
  8
0
 62
     8
370
   100
100
AcDbLine
 10
80.27274165449432
 20
36.04938826948319
 30
0.0
 11
76.33547218456886
 21
35.35514143161618
 31
0.0
  0
ARC
  5
2CCA
330
1F
100
AcDbEntity
  8
0
 62
     8
370
   100
100
AcDbCircle
 10
76.23128327796897
 20
35.94602608342487
 30
0.0
 40
0.6000000000013009
100
AcDbArc
 50
269.999999999943
 51
279.9999999999518
  0
LINE
  5
2CCB
330
1F
100
AcDbEntity
  8
0
 62
     8
370
   100
100
AcDbLine
 10
76.23128327796838
 20
35.34602608342357
 30
0.0
 11
72.63452277799377
 21
35.34602608342357
 31
0.0
  0
ARC
  5
2CCC
330
1F
100
AcDbEntity
  8
0
 62
     8
370
   100
100
AcDbCircle
 10
72.63452277799371
 20
35.84602608342347
 30
0.0
 40
0.499999999999915
100
AcDbArc
 50
179.9999999999902
 51
270.0000000000098
  0
LINE
  5
2CCD
330
1F
100
AcDbEntity
  8
0
 62
     8
370
   100
100
AcDbLine
 10
72.13452277799376
 20
35.84602608342358
 30
0.0
 11
72.13452277799468
 21
38.6460260834192
 31
0.0
  0
ARC
  5
2CCE
330
1F
100
AcDbEntity
  8
0
 62
     8
370
   100
100
AcDbCircle
 10
72.63452277799472
 20
38.64602608341915
 30
0.0
 40
0.5000000000000428
100
AcDbArc
 50
90.00000000000488
 51
179.9999999999943
  0
LINE
  5
2CCF
330
1F
100
AcDbEntity
  8
0
 62
     8
370
   100
100
AcDbLine
 10
72.63452277799467
 20
39.1460260834192
 30
0.0
 11
79.54849143943772
 21
39.14602608341829
 31
0.0
  0
ARC
  5
2CD0
330
1F
100
AcDbEntity
  8
0
 62
     8
370
   100
100
AcDbCircle
 10
79.54849143943836
 20
38.54602608341954
 30
0.0
 40
0.5999999999987579
100
AcDbArc
 50
40.00000000002214
 51
90.00000000006105
  0
LINE
  5
2CD1
330
1F
100
AcDbEntity
  8
0
  6
Continuous
 62
     8
370
   100
100
AcDbLine
 10
85.59984277612
 20
27.53172116903375
 30
0.0
 11
84.27197000586863
 21
26.20384839878386
 31
0.0
1001
ACAD
1010
0.0
1020
0.0
1030
0.0
  0
LINE
  5
2CD2
330
1F
100
AcDbEntity
  8
0
  6
Continuous
 62
     8
370
   100
100
AcDbLine
 10
85.57656393945739
 20
29.75350636263738
 30
0.0
 11
79.84209771657095
 21
24.01904013975718
 31
0.0
1001
ACAD
1010
0.0
1020
0.0
1030
0.0
  0
LINE
  5
2CD3
330
1F
100
AcDbEntity
  8
0
  6
Continuous
 62
     8
370
   100
100
AcDbLine
 10
76.59984277612261
 20
20.77678519931248
 30
0.0
 11
75.09209771656458
 21
19.26904013975593
 31
0.0
1001
ACAD
1010
0.0
1020
0.0
1030
0.0
  0
LINE
  5
2CD4
330
1F
100
AcDbEntity
  8
0
  6
Continuous
 62
     8
370
   100
100
AcDbLine
 10
82.59703368630594
 20
29.01904013975525
 30
0.0
 11
81.10753205454171
 21
27.52953850799258
 31
0.0
1001
ACAD
1010
0.0
1020
0.0
1030
0.0
  0
LINE
  5
2CD5
330
1F
100
AcDbEntity
  8
0
  6
Continuous
 62
     8
370
   100
100
AcDbLine
 10
74.85151769162745
 20
21.27352414508516
 30
0.0
 11
73.78102528050078
 21
20.20303173395962
 31
0.0
1001
ACAD
1010
0.0
1020
0.0
1030
0.0
  0
LINE
  5
2CD6
330
1F
100
AcDbEntity
  8
0
  6
Continuous
 62
     8
370
   100
100
AcDbLine
 10
78.69703368630542
 20
25.11904013975903
 30
0.0
 11
77.59703368630323
 21
24.01904013975798
 31
0.0
1001
ACAD
1010
0.0
1020
0.0
1030
0.0
  0
LINE
  5
2CD7
330
1F
100
AcDbEntity
  8
0
  6
Continuous
 62
     8
370
   100
100
AcDbLine
 10
76.59984277612273
 20
23.02184922957861
 30
0.0
 11
75.09535877079452
 21
21.51736522425199
 31
0.0
1001
ACAD
1010
0.0
1020
0.0
1030
0.0
  0
LINE
  5
2CD8
330
1F
100
AcDbEntity
  8
0
  6
Continuous
 62
     8
370
   100
100
AcDbLine
 10
80.60669224391196
 20
29.27376272762968
 30
0.0
 11
79.65715245489706
 21
28.32422293861578
 31
0.0
1001
ACAD
1010
0.0
1020
0.0
1030
0.0
  0
LINE
  5
2CD9
330
1F
100
AcDbEntity
  8
0
  6
Continuous
 62
     8
370
   100
100
AcDbLine
 10
76.45196965603645
 20
25.11904013975868
 30
0.0
 11
75.05622123103603
 21
23.72329171475973
 31
0.0
1001
ACAD
1010
0.0
1020
0.0
1030
0.0
  0
LINE
  5
2CDA
330
1F
100
AcDbEntity
  8
0
  6
Continuous
 62
     8
370
   100
100
AcDbLine
 10
78.69815484989953
 20
29.61028936388539
 30
0.0
 11
77.74861506088416
 21
28.66074957487104
 31
0.0
1001
ACAD
1010
0.0
1020
0.0
1030
0.0
  0
LINE
  5
2CDB
330
1F
100
AcDbEntity
  8
0
  6
Continuous
 62
     8
370
   100
100
AcDbLine
 10
70.32810462617078
 20
21.24023914016573
 30
0.0
 11
68.35690562575996
 21
19.26904013975707
 31
0.0
1001
ACAD
1010
0.0
1020
0.0
1030
0.0
  0
LINE
  5
2CDC
330
1F
100
AcDbEntity
  8
0
  6
Continuous
 62
     8
370
   100
100
AcDbLine
 10
74.20690562576772
 20
25.11904013975847
 30
0.0
 11
73.10690562576576
 21
24.01904013975765
 31
0.0
1001
ACAD
1010
0.0
1020
0.0
1030
0.0
  0
LINE
  5
2CDD
330
1F
100
AcDbEntity
  8
0
  6
Continuous
 62
     8
370
   100
100
AcDbLine
 10
76.78961745588708
 20
29.94681600014077
 30
0.0
 11
75.76184159549881
 21
28.91904013975363
 31
0.0
1001
ACAD
1010
0.0
1020
0.0
1030
0.0
  0
LINE
  5
2CDE
330
1F
100
AcDbEntity
  8
0
  6
Continuous
 62
     8
370
   100
100
AcDbLine
 10
69.09984277612227
 20
22.25704132038436
 30
0.0
 11
66.65584218580523
 21
19.81304073007004
 31
0.0
1001
ACAD
1010
0.0
1020
0.0
1030
0.0
  0
LINE
  5
2CDF
330
1F
100
AcDbEntity
  8
0
  6
Continuous
 62
     8
370
   100
100
AcDbLine
 10
72.20533338289467
 20
25.36253192715333
 30
0.0
 11
70.86184159549748
 21
24.01904013975765
 31
0.0
1001
ACAD
1010
0.0
1020
0.0
1030
0.0
  0
LINE
  5
2CE0
330
1F
100
AcDbEntity
  8
0
  6
Continuous
 62
     8
370
   100
100
AcDbLine
 10
74.61677756523193
 20
30.01904013975423
 30
0.0
 11
73.51677756523021
 21
28.91904013975375
 31
0.0
1001
ACAD
1010
0.0
1020
0.0
1030
0.0
  0
LINE
  5
2CE1
330
1F
100
AcDbEntity
  8
0
  6
Continuous
 62
     8
370
   100
100
AcDbLine
 10
69.71677756523127
 20
25.11904013975891
 30
0.0
 11
67.59984277612089
 21
23.00210535065082
 31
0.0
1001
ACAD
1010
0.0
1020
0.0
1030
0.0
  0
LINE
  5
2CE2
330
1F
100
AcDbEntity
  8
0
  6
Continuous
 62
     8
370
   100
100
AcDbLine
 10
72.13452277799397
 20
27.53678535251902
 30
0.0
 11
71.33452277799371
 21
26.73678535251962
 31
0.0
1001
ACAD
1010
0.0
1020
0.0
1030
0.0
  0
LINE
  5
2CE3
330
1F
100
AcDbEntity
  8
0
  6
Continuous
 62
     8
370
   100
100
AcDbLine
 10
72.37171353496353
 20
30.01904013975434
 30
0.0
 11
71.15527401649898
 21
28.80260062129116
 31
0.0
1001
ACAD
1010
0.0
1020
0.0
1030
0.0
  0
LINE
  5
2CE4
330
1F
100
AcDbEntity
  8
0
  6
Continuous
 62
     8
370
   100
100
AcDbLine
 10
67.47171353496253
 20
25.11904013975868
 30
0.0
 11
66.37171353495999
 21
24.01904013975741
 31
0.0
1001
ACAD
1010
0.0
1020
0.0
1030
0.0
  0
LINE
  5
2CE5
330
1F
100
AcDbEntity
  8
0
  6
Continuous
 62
     8
370
   100
100
AcDbLine
 10
70.12664950469512
 20
30.01904013975445
 30
0.0
 11
69.02664950469341
 21
28.91904013975386
 31
0.0
1001
ACAD
1010
0.0
1020
0.0
1030
0.0
  0
LINE
  5
2CE6
330
1F
100
AcDbEntity
  8
0
  6
Continuous
 62
     8
370
   100
100
AcDbLine
 10
65.2266495046938
 20
25.11904013975847
 30
0.0
 11
64.12664950469197
 21
24.01904013975775
 31
0.0
1001
ACAD
1010
0.0
1020
0.0
1030
0.0
  0
LINE
  5
2CE7
330
1F
100
AcDbEntity
  8
0
  6
Continuous
 62
     8
370
   100
100
AcDbLine
 10
67.88158547442629
 20
30.01904013975411
 30
0.0
 11
66.78158547442456
 21
28.91904013975363
 31
0.0
1001
ACAD
1010
0.0
1020
0.0
1030
0.0
  0
LINE
  5
2CE8
330
1F
100
AcDbEntity
  8
0
  6
Continuous
 62
     8
370
   100
100
AcDbLine
 10
59.13158547442037
 20
21.26904013975775
 30
0.0
 11
57.2625171543375
 21
19.39997181967681
 31
0.0
1001
ACAD
1010
0.0
1020
0.0
1030
0.0
  0
LINE
  5
2CE9
330
1F
100
AcDbEntity
  8
0
  6
Continuous
 62
     8
370
   100
100
AcDbLine
 10
63.49984277611781
 20
25.63729744145041
 30
0.0
 11
61.88158547442367
 21
24.01904013975798
 31
0.0
1001
ACAD
1010
0.0
1020
0.0
1030
0.0
  0
LINE
  5
2CEA
330
1F
100
AcDbEntity
  8
0
  6
Continuous
 62
     8
370
   100
100
AcDbLine
 10
65.63652144415789
 20
30.01904013975423
 30
0.0
 11
64.53652144415617
 21
28.91904013975363
 31
0.0
1001
ACAD
1010
0.0
1020
0.0
1030
0.0
  0
LINE
  5
2CEB
330
1F
100
AcDbEntity
  8
0
  6
Continuous
 62
     8
370
   100
100
AcDbLine
 10
58.5998427761234
 20
22.98236147172736
 30
0.0
 11
57.09984277612341
 21
21.48236147172907
 31
0.0
1001
ACAD
1010
0.0
1020
0.0
1030
0.0
  0
LINE
  5
2CEC
330
1F
100
AcDbEntity
  8
0
  6
Continuous
 62
     8
370
   100
100
AcDbLine
 10
63.49984277611861
 20
27.88236147171722
 30
0.0
 11
62.69984277612263
 21
27.08236147172204
 31
0.0
1001
ACAD
1010
0.0
1020
0.0
1030
0.0
  0
LINE
  5
2CED
330
1F
100
AcDbEntity
  8
0
  6
Continuous
 62
     8
370
   100
100
AcDbLine
 10
60.73652144415722
 20
25.11904013975891
 30
0.0
 11
59.63652144415551
 21
24.01904013975843
 31
0.0
1001
ACAD
1010
0.0
1020
0.0
1030
0.0
  0
LINE
  5
2CEE
330
1F
100
AcDbEntity
  8
0
  6
Continuous
 62
     8
370
   100
100
AcDbLine
 10
63.39145741388929
 20
30.01904013975434
 30
0.0
 11
62.2842767552057
 21
28.91185948107193
 31
0.0
1001
ACAD
1010
0.0
1020
0.0
1030
0.0
  0
LINE
  5
2CEF
330
1F
100
AcDbEntity
  8
0
  6
Continuous
 62
     8
370
   100
100
AcDbLine
 10
58.49145741388816
 20
25.11904013975857
 30
0.0
 11
57.06773739025379
 21
23.69532011612569
 31
0.0
1001
ACAD
1010
0.0
1020
0.0
1030
0.0
  0
LINE
  5
2CF0
330
1F
100
AcDbEntity
  8
0
  6
Continuous
 62
     8
370
   100
100
AcDbLine
 10
61.14639338362088
 20
30.01904013975434
 30
0.0
 11
60.04639338361993
 21
28.91904013975466
 31
0.0
1001
ACAD
1010
0.0
1020
0.0
1030
0.0
  0
LINE
  5
2CF1
330
1F
100
AcDbEntity
  8
0
  6
Continuous
 62
     8
370
   100
100
AcDbLine
 10
56.24639338361942
 20
25.11904013975834
 30
0.0
 11
55.14639338361746
 21
24.01904013975741
 31
0.0
1001
ACAD
1010
0.0
1020
0.0
1030
0.0
  0
LINE
  5
2CF2
330
1F
100
AcDbEntity
  8
0
  6
Continuous
 62
     8
370
   100
100
AcDbLine
 10
58.90132935335248
 20
30.01904013975423
 30
0.0
 11
57.80132935335155
 21
28.91904013975454
 31
0.0
1001
ACAD
1010
0.0
1020
0.0
1030
0.0
  0
LINE
  5
2CF3
330
1F
100
AcDbEntity
  8
0
  6
Continuous
 62
     8
370
   100
100
AcDbLine
 10
49.49984277612259
 20
20.61755356253457
 30
0.0
 11
48.15132935334304
 21
19.2690401397565
 31
0.0
1001
ACAD
1010
0.0
1020
0.0
1030
0.0
  0
LINE
  5
2CF4
330
1F
100
AcDbEntity
  8
0
  6
Continuous
 62
     8
370
   100
100
AcDbLine
 10
54.86516277424562
 20
25.9828735606518
 30
0.0
 11
52.9013293533493
 21
24.01904013975765
 31
0.0
1001
ACAD
1010
0.0
1020
0.0
1030
0.0
  0
LINE
  5
2CF5
330
1F
100
AcDbEntity
  8
0
  6
Continuous
 62
     8
370
   100
100
AcDbLine
 10
56.65626532308386
 20
30.01904013975434
 30
0.0
 11
55.55626532308292
 21
28.91904013975466
 31
0.0
1001
ACAD
1010
0.0
1020
0.0
1030
0.0
  0
LINE
  5
2CF6
330
1F
100
AcDbEntity
  8
0
  6
Continuous
 62
     8
370
   100
100
AcDbLine
 10
48.11428979869936
 20
21.47706461537916
 30
0.0
 11
46.59984277612272
 21
19.96261759280412
 31
0.0
1001
ACAD
1010
0.0
1020
0.0
1030
0.0
  0
LINE
  5
2CF7
330
1F
100
AcDbEntity
  8
0
  6
Continuous
 62
     8
370
   100
100
AcDbLine
 10
54.86516277424549
 20
28.22793759091792
 30
0.0
 11
54.06516277424564
 21
27.42793759091887
 31
0.0
1001
ACAD
1010
0.0
1020
0.0
1030
0.0
  0
LINE
  5
2CF8
330
1F
100
AcDbEntity
  8
0
  6
Continuous
 62
     8
370
   100
100
AcDbLine
 10
51.75626532308297
 20
25.11904013975868
 30
0.0
 11
50.6562653230809
 21
24.01904013975786
 31
0.0
1001
ACAD
1010
0.0
1020
0.0
1030
0.0
  0
LINE
  5
2CF9
330
1F
100
AcDbEntity
  8
0
  6
Continuous
 62
     8
370
   100
100
AcDbLine
 10
54.41120129281546
 20
30.01904013975445
 30
0.0
 11
53.31120129281453
 21
28.91904013975466
 31
0.0
1001
ACAD
1010
0.0
1020
0.0
1030
0.0
  0
LINE
  5
2CFA
330
1F
100
AcDbEntity
  8
0
  6
Continuous
 62
     8
370
   100
100
AcDbLine
 10
48.17525232121102
 20
23.78309116815672
 30
0.0
 11
46.59984277612272
 21
22.20768162307013
 31
0.0
1001
ACAD
1010
0.0
1020
0.0
1030
0.0
  0
LINE
  5
2CFB
330
1F
100
AcDbEntity
  8
0
  6
Continuous
 62
     8
370
   100
100
AcDbLine
 10
49.51120129281401
 20
25.11904013975834
 30
0.0
 11
48.33579174772376
 21
23.94363059466934
 31
0.0
1001
ACAD
1010
0.0
1020
0.0
1030
0.0
  0
LINE
  5
2CFC
330
1F
100
AcDbEntity
  8
0
  6
Continuous
 62
     8
370
   100
100
AcDbLine
 10
52.16613726254706
 20
30.01904013975457
 30
0.0
 11
51.06613726254614
 21
28.91904013975477
 31
0.0
1001
ACAD
1010
0.0
1020
0.0
1030
0.0
  0
LINE
  5
2CFD
330
1F
100
AcDbEntity
  8
0
  6
Continuous
 62
     8
370
   100
100
AcDbLine
 10
47.26613726254538
 20
25.11904013975811
 30
0.0
 11
46.17709465574307
 21
24.02999753295695
 31
0.0
1001
ACAD
1010
0.0
1020
0.0
1030
0.0
  0
LINE
  5
2CFE
330
1F
100
AcDbEntity
  8
0
  6
Continuous
 62
     8
370
   100
100
AcDbLine
 10
49.92107323227845
 20
30.01904013975434
 30
0.0
 11
48.58669734014164
 21
28.68466424761903
 31
0.0
1001
ACAD
1010
0.0
1020
0.0
1030
0.0
  0
LINE
  5
2CFF
330
1F
100
AcDbEntity
  8
0
  6
Continuous
 62
     8
370
   100
100
AcDbLine
 10
45.75531093356665
 20
25.85327784104709
 30
0.0
 11
44.97452233792841
 21
25.07248924540966
 31
0.0
1001
ACAD
1010
0.0
1020
0.0
1030
0.0
  0
LINE
  5
2D00
330
1F
100
AcDbEntity
  8
0
  6
Continuous
 62
     8
370
   100
100
AcDbLine
 10
47.21710682209447
 20
29.56013775983933
 30
0.0
 11
45.85826437497019
 21
28.20129531271664
 31
0.0
1001
ACAD
1010
0.0
1020
0.0
1030
0.0
  0
LINE
  5
2D01
330
1F
100
AcDbEntity
  8
0
  6
Continuous
 62
     8
370
   100
100
AcDbLine
 10
45.04905100584767
 20
27.39208194359493
 30
0.0
 11
43.95019914856482
 21
26.2932300863132
 31
0.0
1001
ACAD
1010
0.0
1020
0.0
1030
0.0
  0
LINE
  5
2D02
330
1F
100
AcDbEntity
  8
0
  6
Continuous
 62
     8
370
   100
100
AcDbLine
 10
44.49143294704095
 20
29.07952791505511
 30
0.0
 11
41.232345133845
 21
25.82044010186269
 31
0.0
1001
ACAD
1010
0.0
1020
0.0
1030
0.0
  0
LINE
  5
2D03
330
1F
100
AcDbEntity
  8
0
  6
Continuous
 62
     8
370
   100
100
AcDbLine
 10
42.48107762431629
 20
29.31423662259863
 30
0.0
 11
40.59984277612396
 21
27.43300177440835
 31
0.0
1001
ACAD
1010
0.0
1020
0.0
1030
0.0
  0
LINE
  5
2D04
330
1F
100
AcDbEntity
  8
0
  6
Continuous
 62
     8
370
   100
100
AcDbLine
 10
40.93562924716446
 20
30.01385227571427
 30
0.0
 11
40.60503064016495
 21
29.68325366871523
 31
0.0
1001
ACAD
1010
0.0
1020
0.0
1030
0.0
  0
LINE
  5
2D05
330
1F
100
AcDbEntity
  8
0
  6
Continuous
 62
     8
370
   100
100
AcDbLine
 10
85.07493703977752
 20
30.01904013975752
 30
0.0
 11
85.59984277612263
 21
29.49413440341198
 31
0.0
1001
ACAD
1010
0.0
1020
0.0
1030
0.0
  0
LINE
  5
2D06
330
1F
100
AcDbEntity
  8
0
  6
Continuous
 62
     8
370
   100
100
AcDbLine
 10
83.60206838770272
 20
29.2468447615654
 30
0.0
 11
85.59984277611965
 21
27.2490703731462
 31
0.0
1001
ACAD
1010
0.0
1020
0.0
1030
0.0
  0
LINE
  5
2D07
330
1F
100
AcDbEntity
  8
0
  6
Continuous
 62
     8
370
   100
100
AcDbLine
 10
81.48494627253398
 20
29.11890284646768
 30
0.0
 11
84.57555790319295
 21
26.02829121580555
 31
0.0
1001
ACAD
1010
0.0
1020
0.0
1030
0.0
  0
LINE
  5
2D08
330
1F
100
AcDbEntity
  8
0
  6
Continuous
 62
     8
370
   100
100
AcDbLine
 10
78.75927239748512
 20
29.59951269125099
 30
0.0
 11
80.11535575448602
 21
28.24342933424873
 31
0.0
1001
ACAD
1010
0.0
1020
0.0
1030
0.0
  0
LINE
  5
2D09
330
1F
100
AcDbEntity
  8
0
  6
Continuous
 62
     8
370
   100
100
AcDbLine
 10
81.18078254463716
 20
27.17800254409622
 30
0.0
 11
82.1655666592883
 21
26.19321842944419
 31
0.0
1001
ACAD
1010
0.0
1020
0.0
1030
0.0
  0
LINE
  5
2D0A
330
1F
100
AcDbEntity
  8
0
  6
Continuous
 62
     8
370
   100
100
AcDbLine
 10
76.09468091871669
 20
30.01904013975423
 30
0.0
 11
77.38968187943783
 21
28.72403917903148
 31
0.0
1001
ACAD
1010
0.0
1020
0.0
1030
0.0
  0
LINE
  5
2D0B
330
1F
100
AcDbEntity
  8
0
  6
Continuous
 62
     8
370
   100
100
AcDbLine
 10
80.36045487428692
 20
25.75326618417921
 30
0.0
 11
81.14124346992458
 21
24.97247758854087
 31
0.0
1001
ACAD
1010
0.0
1020
0.0
1030
0.0
  0
LINE
  5
2D0C
330
1F
100
AcDbEntity
  8
0
  6
Continuous
 62
     8
370
   100
100
AcDbLine
 10
73.84961688845057
 20
30.01904013975411
 30
0.0
 11
74.94961688844978
 21
28.91904013975352
 31
0.0
1001
ACAD
1010
0.0
1020
0.0
1030
0.0
  0
LINE
  5
2D0D
330
1F
100
AcDbEntity
  8
0
  6
Continuous
 62
     8
370
   100
100
AcDbLine
 10
78.74961688844042
 20
25.11904013975879
 30
0.0
 11
79.84961688844077
 21
24.01904013975729
 31
0.0
1001
ACAD
1010
0.0
1020
0.0
1030
0.0
  0
LINE
  5
2D0E
330
1F
100
AcDbEntity
  8
0
  6
Continuous
 62
     8
370
   100
100
AcDbLine
 10
71.60455285818464
 20
30.01904013975423
 30
0.0
 11
72.70455285818389
 21
28.91904013975363
 31
0.0
1001
ACAD
1010
0.0
1020
0.0
1030
0.0
  0
LINE
  5
2D0F
330
1F
100
AcDbEntity
  8
0
  6
Continuous
 62
     8
370
   100
100
AcDbLine
 10
76.50455285817475
 20
25.11904013975868
 30
0.0
 11
77.6045528581742
 21
24.01904013975809
 31
0.0
1001
ACAD
1010
0.0
1020
0.0
1030
0.0
  0
LINE
  5
2D10
330
1F
100
AcDbEntity
  8
0
  6
Continuous
 62
     8
370
   100
100
AcDbLine
 10
69.35948882791854
 20
30.01904013975411
 30
0.0
 11
70.45948882791776
 21
28.91904013975375
 31
0.0
1001
ACAD
1010
0.0
1020
0.0
1030
0.0
  0
LINE
  5
2D11
330
1F
100
AcDbEntity
  8
0
  6
Continuous
 62
     8
370
   100
100
AcDbLine
 10
74.25948882790908
 20
25.11904013975811
 30
0.0
 11
76.59984277612284
 21
22.77868619154185
 31
0.0
1001
ACAD
1010
0.0
1020
0.0
1030
0.0
  0
LINE
  5
2D12
330
1F
100
AcDbEntity
  8
0
  6
Continuous
 62
     8
370
   100
100
AcDbLine
 10
71.33452277799371
 20
28.04400618967668
 30
0.0
 11
72.13452277799433
 21
27.24400618967513
 31
0.0
1001
ACAD
1010
0.0
1020
0.0
1030
0.0
  0
LINE
  5
2D13
330
1F
100
AcDbEntity
  8
0
  6
Continuous
 62
     8
370
   100
100
AcDbLine
 10
67.11442479765243
 20
30.01904013975411
 30
0.0
 11
68.21442479765164
 21
28.91904013975352
 31
0.0
1001
ACAD
1010
0.0
1020
0.0
1030
0.0
  0
LINE
  5
2D14
330
1F
100
AcDbEntity
  8
0
  6
Continuous
 62
     8
370
   100
100
AcDbLine
 10
75.09984277612216
 20
22.0336221612755
 30
0.0
 11
76.59984277612284
 21
20.53362216127346
 31
0.0
1001
ACAD
1010
0.0
1020
0.0
1030
0.0
  0
LINE
  5
2D15
330
1F
100
AcDbEntity
  8
0
  6
Continuous
 62
     8
370
   100
100
AcDbLine
 10
71.33452277799371
 20
25.79894215940829
 30
0.0
 11
73.11442479764242
 21
24.01904013975752
 31
0.0
1001
ACAD
1010
0.0
1020
0.0
1030
0.0
  0
LINE
  5
2D16
330
1F
100
AcDbEntity
  8
0
  6
Continuous
 62
     8
370
   100
100
AcDbLine
 10
64.86936076738629
 20
30.01904013975423
 30
0.0
 11
65.96936076738552
 21
28.91904013975363
 31
0.0
1001
ACAD
1010
0.0
1020
0.0
1030
0.0
  0
LINE
  5
2D17
330
1F
100
AcDbEntity
  8
0
  6
Continuous
 62
     8
370
   100
100
AcDbLine
 10
73.75132152408446
 20
21.13707938304628
 30
0.0
 11
75.61936076737197
 21
19.26904013975672
 31
0.0
1001
ACAD
1010
0.0
1020
0.0
1030
0.0
  0
LINE
  5
2D18
330
1F
100
AcDbEntity
  8
0
  6
Continuous
 62
     8
370
   100
100
AcDbLine
 10
69.76936076737614
 20
25.11904013975891
 30
0.0
 11
70.86936076737607
 21
24.01904013975786
 31
0.0
1001
ACAD
1010
0.0
1020
0.0
1030
0.0
  0
LINE
  5
2D19
330
1F
100
AcDbEntity
  8
0
  6
Continuous
 62
     8
370
   100
100
AcDbLine
 10
62.62429673711995
 20
30.01904013975434
 30
0.0
 11
63.7768010511786
 21
28.86653582569454
 31
0.0
1001
ACAD
1010
0.0
1020
0.0
1030
0.0
  0
LINE
  5
2D1A
330
1F
100
AcDbEntity
  8
0
  6
Continuous
 62
     8
370
   100
100
AcDbLine
 10
67.52429673711026
 20
25.11904013975857
 30
0.0
 11
69.10041351037944
 21
23.5429233664878
 31
0.0
1001
ACAD
1010
0.0
1020
0.0
1030
0.0
  0
LINE
  5
2D1B
330
1F
100
AcDbEntity
  8
0
  6
Continuous
 62
     8
370
   100
100
AcDbLine
 10
60.37923270685382
 20
30.01904013975423
 30
0.0
 11
61.47923270685237
 21
28.91904013975454
 31
0.0
1001
ACAD
1010
0.0
1020
0.0
1030
0.0
  0
LINE
  5
2D1C
330
1F
100
AcDbEntity
  8
0
  6
Continuous
 62
     8
370
   100
100
AcDbLine
 10
67.5998427761208
 20
22.79843007047952
 30
0.0
 11
70.31453774148213
 21
20.08373510511524
 31
0.0
1001
ACAD
1010
0.0
1020
0.0
1030
0.0
  0
LINE
  5
2D1D
330
1F
100
AcDbEntity
  8
0
  6
Continuous
 62
     8
370
   100
100
AcDbLine
 10
62.69984277612252
 20
27.69843007048303
 30
0.0
 11
63.49984277611816
 21
26.89843007048648
 31
0.0
1001
ACAD
1010
0.0
1020
0.0
1030
0.0
  0
LINE
  5
2D1E
330
1F
100
AcDbEntity
  8
0
  6
Continuous
 62
     8
370
   100
100
AcDbLine
 10
65.27923270684482
 20
25.119040139758
 30
0.0
 11
66.37923270684428
 21
24.01904013975741
 31
0.0
1001
ACAD
1010
0.0
1020
0.0
1030
0.0
  0
LINE
  5
2D1F
330
1F
100
AcDbEntity
  8
0
  6
Continuous
 62
     8
370
   100
100
AcDbLine
 10
58.1341686765877
 20
30.01904013975445
 30
0.0
 11
59.23416867658648
 21
28.91904013975454
 31
0.0
1001
ACAD
1010
0.0
1020
0.0
1030
0.0
  0
LINE
  5
2D20
330
1F
100
AcDbEntity
  8
0
  6
Continuous
 62
     8
370
   100
100
AcDbLine
 10
66.88416867657474
 20
21.26904013975786
 30
0.0
 11
68.88416867657338
 21
19.26904013975718
 31
0.0
1001
ACAD
1010
0.0
1020
0.0
1030
0.0
  0
LINE
  5
2D21
330
1F
100
AcDbEntity
  8
0
  6
Continuous
 62
     8
370
   100
100
AcDbLine
 10
62.67854472562863
 20
25.47466409070876
 30
0.0
 11
64.13416867657793
 21
24.01904013975786
 31
0.0
1001
ACAD
1010
0.0
1020
0.0
1030
0.0
  0
LINE
  5
2D22
330
1F
100
AcDbEntity
  8
0
  6
Continuous
 62
     8
370
   100
100
AcDbLine
 10
55.88910464632158
 20
30.01904013975457
 30
0.0
 11
56.98910464632035
 21
28.91904013975466
 31
0.0
1001
ACAD
1010
0.0
1020
0.0
1030
0.0
  0
LINE
  5
2D23
330
1F
100
AcDbEntity
  8
0
  6
Continuous
 62
     8
370
   100
100
AcDbLine
 10
60.78910464631213
 20
25.11904013975879
 30
0.0
 11
61.88910464631158
 21
24.0190401397582
 31
0.0
1001
ACAD
1010
0.0
1020
0.0
1030
0.0
  0
LINE
  5
2D24
330
1F
100
AcDbEntity
  8
0
  6
Continuous
 62
     8
370
   100
100
AcDbLine
 10
53.64404061605546
 20
30.01904013975445
 30
0.0
 11
54.95627375240201
 21
28.70680700340654
 31
0.0
1001
ACAD
1010
0.0
1020
0.0
1030
0.0
  0
LINE
  5
2D25
330
1F
100
AcDbEntity
  8
0
  6
Continuous
 62
     8
370
   100
100
AcDbLine
 10
58.54404061604623
 20
25.11904013975847
 30
0.0
 11
59.64404061604501
 21
24.01904013975832
 31
0.0
1001
ACAD
1010
0.0
1020
0.0
1030
0.0
  0
LINE
  5
2D26
330
1F
100
AcDbEntity
  8
0
  6
Continuous
 62
     8
370
   100
100
AcDbLine
 10
51.39897658578957
 20
30.01904013975445
 30
0.0
 11
52.49897658578834
 21
28.91904013975454
 31
0.0
1001
ACAD
1010
0.0
1020
0.0
1030
0.0
  0
LINE
  5
2D27
330
1F
100
AcDbEntity
  8
0
  6
Continuous
 62
     8
370
   100
100
AcDbLine
 10
56.29897658578079
 20
25.119040139758
 30
0.0
 11
58.5998427761233
 21
22.81817394941299
 31
0.0
1001
ACAD
1010
0.0
1020
0.0
1030
0.0
  0
LINE
  5
2D28
330
1F
100
AcDbEntity
  8
0
  6
Continuous
 62
     8
370
   100
100
AcDbLine
 10
54.06516277424589
 20
27.3528539512954
 30
0.0
 11
54.86516277424562
 21
26.55285395129477
 31
0.0
1001
ACAD
1010
0.0
1020
0.0
1030
0.0
  0
LINE
  5
2D29
330
1F
100
AcDbEntity
  8
0
  6
Continuous
 62
     8
370
   100
100
AcDbLine
 10
49.25370731892325
 20
29.91924537635453
 30
0.0
 11
50.25391255552221
 21
28.91904013975466
 31
0.0
1001
ACAD
1010
0.0
1020
0.0
1030
0.0
  0
LINE
  5
2D2A
330
1F
100
AcDbEntity
  8
0
  6
Continuous
 62
     8
370
   100
100
AcDbLine
 10
57.09984277612375
 20
22.07310991914562
 30
0.0
 11
59.45187766581785
 21
19.72107502944902
 31
0.0
1001
ACAD
1010
0.0
1020
0.0
1030
0.0
  0
LINE
  5
2D2B
330
1F
100
AcDbEntity
  8
0
  6
Continuous
 62
     8
370
   100
100
AcDbLine
 10
53.91304630429999
 20
25.25990639097279
 30
0.0
 11
55.15391255551413
 21
24.01904013975752
 31
0.0
1001
ACAD
1010
0.0
1020
0.0
1030
0.0
  0
LINE
  5
2D2C
330
1F
100
AcDbEntity
  8
0
  6
Continuous
 62
     8
370
   100
100
AcDbLine
 10
47.34516992491193
 20
29.58271874009938
 30
0.0
 11
48.2947097139263
 21
28.63317895108412
 31
0.0
1001
ACAD
1010
0.0
1020
0.0
1030
0.0
  0
LINE
  5
2D2D
330
1F
100
AcDbEntity
  8
0
  6
Continuous
 62
     8
370
   100
100
AcDbLine
 10
57.09984277612285
 20
19.82804588887802
 30
0.0
 11
57.65884852524255
 21
19.26904013975763
 31
0.0
1001
ACAD
1010
0.0
1020
0.0
1030
0.0
  0
LINE
  5
2D2E
330
1F
100
AcDbEntity
  8
0
  6
Continuous
 62
     8
370
   100
100
AcDbLine
 10
51.80884852524787
 20
25.11904013975868
 30
0.0
 11
52.90884852524778
 21
24.01904013975765
 31
0.0
1001
ACAD
1010
0.0
1020
0.0
1030
0.0
  0
LINE
  5
2D2F
330
1F
100
AcDbEntity
  8
0
  6
Continuous
 62
     8
370
   100
100
AcDbLine
 10
45.43663253090108
 20
29.24619210384378
 30
0.0
 11
46.3861723199152
 21
28.29665231482875
 31
0.0
1001
ACAD
1010
0.0
1020
0.0
1030
0.0
  0
LINE
  5
2D30
330
1F
100
AcDbEntity
  8
0
  6
Continuous
 62
     8
370
   100
100
AcDbLine
 10
49.56378449498195
 20
25.11904013975834
 30
0.0
 11
50.66378449498142
 21
24.01904013975775
 31
0.0
1001
ACAD
1010
0.0
1020
0.0
1030
0.0
  0
LINE
  5
2D31
330
1F
100
AcDbEntity
  8
0
  6
Continuous
 62
     8
370
   100
100
AcDbLine
 10
43.41872046472235
 20
29.01904013975638
 30
0.0
 11
45.04839477383825
 21
27.38936583063867
 31
0.0
1001
ACAD
1010
0.0
1020
0.0
1030
0.0
  0
LINE
  5
2D32
330
1F
100
AcDbEntity
  8
0
  6
Continuous
 62
     8
370
   100
100
AcDbLine
 10
47.31872046471631
 20
25.11904013975811
 30
0.0
 11
48.44371981200493
 21
23.99404079246835
 31
0.0
1001
ACAD
1010
0.0
1020
0.0
1030
0.0
  0
LINE
  5
2D33
330
1F
100
AcDbEntity
  8
0
  6
Continuous
 62
     8
370
   100
100
AcDbLine
 10
40.5998427761217
 20
29.59285379809126
 30
0.0
 11
43.3736914358642
 21
26.8190051383458
 31
0.0
1001
ACAD
1010
0.0
1020
0.0
1030
0.0
  0
LINE
  5
2D34
330
1F
100
AcDbEntity
  8
0
  6
Continuous
 62
     8
370
   100
100
AcDbLine
 10
48.92365643444714
 20
21.26904013975673
 30
0.0
 11
49.49984277612224
 21
20.69285379808116
 31
0.0
1001
ACAD
1010
0.0
1020
0.0
1030
0.0
  0
LINE
  5
2D35
330
1F
100
AcDbEntity
  8
0
  6
Continuous
 62
     8
370
   100
100
AcDbLine
 10
44.21477130067842
 20
25.97792527353067
 30
0.0
 11
46.15998437923849
 21
24.03271219496855
 31
0.0
1001
ACAD
1010
0.0
1020
0.0
1030
0.0
  0
LINE
  5
2D36
330
1F
100
AcDbEntity
  8
0
  6
Continuous
 62
     8
370
   100
100
AcDbLine
 10
46.59616540392106
 20
23.59653117028551
 30
0.0
 11
48.09984277612239
 21
22.09285379808262
 31
0.0
1001
ACAD
1010
0.0
1020
0.0
1030
0.0
  0
LINE
  5
2D37
330
1F
100
AcDbEntity
  8
0
  6
Continuous
 62
     8
370
   100
100
AcDbLine
 10
40.59984277612421
 20
27.3477897678206
 30
0.0
 11
41.81117600617745
 21
26.13645653776598
 31
0.0
1001
ACAD
1010
0.0
1020
0.0
1030
0.0
  0
LINE
  5
2D38
330
1F
100
AcDbEntity
  8
0
  6
Continuous
 62
     8
370
   100
100
AcDbLine
 10
46.59984277612259
 20
21.34778976781559
 30
0.0
 11
48.58458082308242
 21
19.36305172085372
 31
0.0
1001
ACAD
1010
0.0
1020
0.0
1030
0.0
  0
LINE
  5
2D39
330
1F
100
AcDbEntity
  8
0
 62
     8
370
   100
100
AcDbLine
 10
43.36910890154864
 20
26.81904013975566
 30
0.0
 11
43.20621210845035
 21
26.81904013975611
 31
0.0
1001
AcDbBlockRepETag
1070
     1
1071
        1
1005
0
  0
ARC
  5
2D3A
330
1F
100
AcDbEntity
  8
0
 62
     8
370
   100
100
AcDbCircle
 10
43.20621210845168
 20
26.01904013975098
 30
0.0
 40
0.8000000000051342
100
AcDbArc
 50
90.00000000009464
 51
120.0397061438686
1001
AcDbBlockRepETag
1070
     1
1071
        1
1005
0
  0
LINE
  5
2D3B
330
1F
100
AcDbEntity
  8
0
 62
     8
370
   100
100
AcDbLine
 10
42.80573207801477
 20
26.71158309526311
 30
0.0
 11
41.30469304185533
 21
25.84357028233001
 31
0.0
1001
AcDbBlockRepETag
1070
     1
1071
        1
1005
0
  0
ARC
  5
2D3C
330
1F
100
AcDbEntity
  8
0
 62
     8
370
   100
100
AcDbCircle
 10
41.20872258215931
 20
26.01904013975508
 30
0.0
 40
0.1999999999975939
100
AcDbArc
 50
269.9999999994219
 51
298.6757558410464
1001
AcDbBlockRepETag
1070
     1
1071
        1
1005
0
  0
LINE
  5
2D3D
330
1F
100
AcDbEntity
  8
0
 62
     8
370
   100
100
AcDbLine
 10
41.20872258215729
 20
25.81904013975748
 30
0.0
 11
40.99984277612327
 21
25.81904013975884
 31
0.0
1001
AcDbBlockRepETag
1070
     1
1071
        1
1005
0
  0
ARC
  5
2D3E
330
1F
100
AcDbEntity
  8
0
 62
     8
370
   100
100
AcDbCircle
 10
40.99984277612398
 20
26.21904013975739
 30
0.0
 40
0.3999999999985455
100
AcDbArc
 50
179.9999999999089
 51
269.9999999998962
1001
AcDbBlockRepETag
1070
     1
1071
        1
1005
0
  0
LINE
  5
2D3F
330
1F
100
AcDbEntity
  8
0
 62
     8
370
   100
100
AcDbLine
 10
40.59984277612545
 20
26.21904013975802
 30
0.0
 11
40.59984277612182
 21
29.61904013975766
 31
0.0
1001
AcDbBlockRepETag
1070
     1
1071
        1
1005
0
  0
ARC
  5
2D40
330
1F
100
AcDbEntity
  8
0
 62
     8
370
   100
100
AcDbCircle
 10
40.99984277612278
 20
29.61904013975634
 30
0.0
 40
0.4000000000009579
100
AcDbArc
 50
89.99999999979847
 51
179.9999999998111
1001
AcDbBlockRepETag
1070
     1
1071
        1
1005
0
  0
LINE
  5
2D41
330
1F
100
AcDbEntity
  8
0
 62
     8
370
   100
100
AcDbLine
 10
40.99984277612418
 20
30.0190401397573
 30
0.0
 11
41.20872258215682
 21
30.01904013975684
 31
0.0
1001
AcDbBlockRepETag
1070
     1
1071
        1
1005
0
  0
ARC
  5
2D42
330
1F
100
AcDbEntity
  8
0
 62
     8
370
   100
100
AcDbCircle
 10
41.20872258215989
 20
29.81904013975619
 30
0.0
 40
0.200000000000653
100
AcDbArc
 50
61.32424415917757
 51
90.00000000087529
1001
AcDbBlockRepETag
1070
     1
1071
        1
1005
0
  0
LINE
  5
2D43
330
1F
100
AcDbEntity
  8
0
 62
     8
370
   100
100
AcDbLine
 10
41.30469304185669
 20
29.99450999718431
 30
0.0
 11
42.80573207801888
 21
29.12649718424848
 31
0.0
1001
AcDbBlockRepETag
1070
     1
1071
        1
1005
0
  0
ARC
  5
2D44
330
1F
100
AcDbEntity
  8
0
 62
     8
370
   100
100
AcDbCircle
 10
43.2062121084532
 20
29.81904013975785
 30
0.0
 40
0.8000000000014606
100
AcDbArc
 50
239.9602938561907
 51
270.0000000001864
1001
AcDbBlockRepETag
1070
     1
1071
        1
1005
0
  0
LINE
  5
2D45
330
1F
100
AcDbEntity
  8
0
 62
     8
370
   100
100
AcDbLine
 10
43.20621210845581
 20
29.01904013975638
 30
0.0
 11
44.12214312762023
 21
29.01904013975593
 31
0.0
1001
AcDbBlockRepETag
1070
     1
1071
        1
1005
0
  0
ARC
  5
2D46
330
1F
100
AcDbEntity
  8
0
 62
     8
370
   100
100
AcDbCircle
 10
44.12214312762062
 20
29.31904013975801
 30
0.0
 40
0.300000000002079
100
AcDbArc
 50
269.9999999999239
 51
279.9999999999286
1001
AcDbBlockRepETag
1070
     1
1071
        1
1005
0
  0
LINE
  5
2D47
330
1F
100
AcDbEntity
  8
0
 62
     8
370
   100
100
AcDbLine
 10
44.1742375809207
 20
29.02359781385224
 30
0.0
 11
49.79382369204074
 21
30.01448246565781
 31
0.0
1001
AcDbBlockRepETag
1070
     1
1071
        1
1005
0
  0
ARC
  5
2D48
330
1F
100
AcDbEntity
  8
0
 62
     8
370
   100
100
AcDbCircle
 10
49.84591814534367
 20
29.71904013974927
 30
0.0
 40
0.3000000000052947
100
AcDbArc
 50
90.00000000038406
 51
100.0000000003755
1001
AcDbBlockRepETag
1070
     1
1071
        1
1005
0
  0
LINE
  5
2D49
330
1F
100
AcDbEntity
  8
0
 62
     8
370
   100
100
AcDbLine
 10
49.84591814534167
 20
30.01904013975457
 30
0.0
 11
76.3537674069038
 21
30.01904013975411
 31
0.0
1001
AcDbBlockRepETag
1070
     1
1071
        1
1005
0
  0
ARC
  5
2D4A
330
1F
100
AcDbEntity
  8
0
 62
     8
370
   100
100
AcDbCircle
 10
76.35376740690327
 20
29.7190401397624
 30
0.0
 40
0.2999999999917087
100
AcDbArc
 50
79.99999999989862
 51
89.99999999990228
1001
AcDbBlockRepETag
1070
     1
1071
        1
1005
0
  0
LINE
  5
2D4B
330
1F
100
AcDbEntity
  8
0
 62
     8
370
   100
100
AcDbLine
 10
76.40586186020243
 20
30.01448246565781
 30
0.0
 11
82.02544797132475
 21
29.02359781385223
 31
0.0
1001
AcDbBlockRepETag
1070
     1
1071
        1
1005
0
  0
ARC
  5
2D4C
330
1F
100
AcDbEntity
  8
0
 62
     8
370
   100
100
AcDbCircle
 10
82.07754242462181
 20
29.31904013975342
 30
0.0
 40
0.299999999997046
100
AcDbArc
 50
260.0000000004862
 51
270.0000000004777
1001
AcDbBlockRepETag
1070
     1
1071
        1
1005
0
  0
LINE
  5
2D4D
330
1F
100
AcDbEntity
  8
0
 62
     8
370
   100
100
AcDbLine
 10
82.07754242462431
 20
29.01904013975638
 30
0.0
 11
82.99347344378919
 21
29.01904013975456
 31
0.0
1001
AcDbBlockRepETag
1070
     1
1071
        1
1005
0
  0
ARC
  5
2D4E
330
1F
100
AcDbEntity
  8
0
 62
     8
370
   100
100
AcDbCircle
 10
82.99347344378906
 20
29.81904013975571
 30
0.0
 40
0.8000000000011516
100
AcDbArc
 50
270.0000000000092
 51
300.0397061440101
1001
AcDbBlockRepETag
1070
     1
1071
        1
1005
0
  0
LINE
  5
2D4F
330
1F
100
AcDbEntity
  8
0
 62
     8
370
   100
100
AcDbLine
 10
83.39395347422565
 20
29.12649718424802
 30
0.0
 11
84.89499251038784
 21
29.99450999718339
 31
0.0
1001
AcDbBlockRepETag
1070
     1
1071
        1
1005
0
  0
ARC
  5
2D50
330
1F
100
AcDbEntity
  8
0
 62
     8
370
   100
100
AcDbCircle
 10
84.99096297008781
 20
29.81904013975407
 30
0.0
 40
0.2000000000032169
100
AcDbArc
 50
89.99999999976795
 51
118.6757558414508
1001
AcDbBlockRepETag
1070
     1
1071
        1
1005
0
  0
LINE
  5
2D51
330
1F
100
AcDbEntity
  8
0
 62
     8
370
   100
100
AcDbLine
 10
84.99096297008859
 20
30.01904013975729
 30
0.0
 11
85.19984277612037
 21
30.01904013975774
 31
0.0
1001
AcDbBlockRepETag
1070
     1
1071
        1
1005
0
  0
ARC
  5
2D52
330
1F
100
AcDbEntity
  8
0
 62
     8
370
   100
100
AcDbCircle
 10
85.19984277612104
 20
29.61904013975606
 30
0.0
 40
0.4000000000016827
100
AcDbArc
 50
0.0000000000977066
 51
90.00000000009769
1001
AcDbBlockRepETag
1070
     1
1071
        1
1005
0
  0
LINE
  5
2D53
330
1F
100
AcDbEntity
  8
0
 62
     8
370
   100
100
AcDbLine
 10
85.59984277612272
 20
29.61904013975674
 30
0.0
 11
85.59984277611818
 21
26.21904013975756
 31
0.0
1001
AcDbBlockRepETag
1070
     1
1071
        1
1005
0
  0
ARC
  5
2D54
330
1F
100
AcDbEntity
  8
0
 62
     8
370
   100
100
AcDbCircle
 10
85.19984277611994
 20
26.2190401397557
 30
0.0
 40
0.3999999999982293
100
AcDbArc
 50
270.0000000002544
 51
0.0000000002671666
1001
AcDbBlockRepETag
1070
     1
1071
        1
1005
0
  0
LINE
  5
2D55
330
1F
100
AcDbEntity
  8
0
 62
     8
370
   100
100
AcDbLine
 10
85.19984277612172
 20
25.81904013975747
 30
0.0
 11
84.99096297008817
 21
25.81904013975793
 31
0.0
1001
AcDbBlockRepETag
1070
     1
1071
        1
1005
0
  0
ARC
  5
2D56
330
1F
100
AcDbEntity
  8
0
 62
     8
370
   100
100
AcDbCircle
 10
84.99096297008767
 20
26.01904013975681
 30
0.0
 40
0.1999999999988837
100
AcDbArc
 50
241.3242441585056
 51
270.0000000001384
1001
AcDbBlockRepETag
1070
     1
1071
        1
1005
0
  0
LINE
  5
2D57
330
1F
100
AcDbEntity
  8
0
 62
     8
370
   100
100
AcDbLine
 10
84.89499251038967
 20
25.84357028233136
 30
0.0
 11
83.39395347422977
 21
26.71158309526356
 31
0.0
1001
AcDbBlockRepETag
1070
     1
1071
        1
1005
0
  0
ARC
  5
2D58
330
1F
100
AcDbEntity
  8
0
 62
     8
370
   100
100
AcDbCircle
 10
82.9934734437927
 20
26.01904013974412
 30
0.0
 40
0.8000000000115255
100
AcDbArc
 50
59.96029385638427
 51
90.00000000015573
1001
AcDbBlockRepETag
1070
     1
1071
        1
1005
0
  0
LINE
  5
2D59
330
1F
100
AcDbEntity
  8
0
 62
     8
370
   100
100
AcDbLine
 10
82.99347344379055
 20
26.81904013975565
 30
0.0
 11
82.8305766506968
 21
26.81904013975611
 31
0.0
1001
AcDbBlockRepETag
1070
     1
1071
        1
1005
0
  0
ARC
  5
2D5A
330
1F
100
AcDbEntity
  8
0
 62
     8
370
   100
100
AcDbCircle
 10
82.8305766508069
 20
26.51904013951709
 30
0.0
 40
0.3000000002390202
100
AcDbArc
 50
90.00000002102863
 51
140.3899999773457
1001
AcDbBlockRepETag
1070
     1
1071
        1
1005
0
  0
LINE
  5
2D5B
330
1F
100
AcDbEntity
  8
0
 62
     8
370
   100
100
AcDbLine
 10
82.59945605682821
 20
26.71030767775175
 30
0.0
 11
80.64095124326502
 21
24.37625253007183
 31
0.0
1001
AcDbBlockRepETag
1070
     1
1071
        1
1005
0
  0
ARC
  5
2D5C
330
1F
100
AcDbEntity
  8
0
 62
     8
370
   100
100
AcDbCircle
 10
79.8749068001447
 20
25.01904013975821
 30
0.0
 40
1.000000000000929
100
AcDbArc
 50
270.0000000000513
 51
320.0000000000563
1001
AcDbBlockRepETag
1070
     1
1071
        1
1005
0
  0
LINE
  5
2D5D
330
1F
100
AcDbEntity
  8
0
 62
     8
370
   100
100
AcDbLine
 10
79.87490680014559
 20
24.01904013975729
 30
0.0
 11
77.09984277612273
 21
24.0190401397582
 31
0.0
1001
AcDbBlockRepETag
1070
     1
1071
        1
1005
0
  0
ARC
  5
2D5E
330
1F
100
AcDbEntity
  8
0
 62
     8
370
   100
100
AcDbCircle
 10
77.09984277612273
 20
23.5190401397582
 30
0.0
 40
0.5
100
AcDbArc
 50
90.0
 51
180.0
1001
AcDbBlockRepETag
1070
     1
1071
        1
1005
0
  0
LINE
  5
2D5F
330
1F
100
AcDbEntity
  8
0
 62
     8
370
   100
100
AcDbLine
 10
76.59984277612273
 20
23.5190401397582
 30
0.0
 11
76.59984277612273
 21
19.76904013975729
 31
0.0
1001
AcDbBlockRepETag
1070
     1
1071
        1
1005
0
  0
ARC
  5
2D60
330
1F
100
AcDbEntity
  8
0
 62
     8
370
   100
100
AcDbCircle
 10
76.09984277612273
 20
19.76904013975729
 30
0.0
 40
0.5
100
AcDbArc
 50
270.0
 51
0.0
1001
AcDbBlockRepETag
1070
     1
1071
        1
1005
0
  0
LINE
  5
2D61
330
1F
100
AcDbEntity
  8
0
 62
     8
370
   100
100
AcDbLine
 10
76.09984277612273
 20
19.26904013975729
 30
0.0
 11
74.90694955730976
 21
19.26904013975592
 31
0.0
1001
AcDbBlockRepETag
1070
     1
1071
        1
1005
0
  0
ARC
  5
2D62
330
1F
100
AcDbEntity
  8
0
 62
     8
370
   100
100
AcDbCircle
 10
74.90694955730976
 20
19.76904013975954
 30
0.0
 40
0.5000000000036131
100
AcDbArc
 50
225.0000000001074
 51
269.9999999999984
1001
AcDbBlockRepETag
1070
     1
1071
        1
1005
0
  0
LINE
  5
2D63
330
1F
100
AcDbEntity
  8
0
 62
     8
370
   100
100
AcDbLine
 10
74.55339616671459
 20
19.41548674916305
 30
0.0
 11
73.84628938553067
 21
20.12259353034835
 31
0.0
1001
AcDbBlockRepETag
1070
     1
1071
        1
1005
0
  0
ARC
  5
2D64
330
1F
100
AcDbEntity
  8
0
 62
     8
370
   100
100
AcDbCircle
 10
74.19984277612319
 20
20.47614692094315
 30
0.0
 40
0.5000000000005417
100
AcDbArc
 50
180.0000000000121
 51
225.0000000001859
1001
AcDbBlockRepETag
1070
     1
1071
        1
1005
0
  0
LINE
  5
2D65
330
1F
100
AcDbEntity
  8
0
 62
     8
370
   100
100
AcDbLine
 10
73.69984277612264
 20
20.47614692094305
 30
0.0
 11
73.69984277612218
 21
20.9690401397562
 31
0.0
1001
AcDbBlockRepETag
1070
     1
1071
        1
1005
0
  0
ARC
  5
2D66
330
1F
100
AcDbEntity
  8
0
 62
     8
370
   100
100
AcDbCircle
 10
73.9998427761228
 20
20.96904013975574
 30
0.0
 40
0.3000000000006366
100
AcDbArc
 50
89.99999999991315
 51
179.9999999999131
1001
AcDbBlockRepETag
1070
     1
1071
        1
1005
0
  0
LINE
  5
2D67
330
1F
100
AcDbEntity
  8
0
 62
     8
370
   100
100
AcDbLine
 10
73.99984277612327
 20
21.26904013975638
 30
0.0
 11
74.79984277612165
 21
21.26904013975774
 31
0.0
1001
AcDbBlockRepETag
1070
     1
1071
        1
1005
0
  0
ARC
  5
2D68
330
1F
100
AcDbEntity
  8
0
 62
     8
370
   100
100
AcDbCircle
 10
74.79984277612115
 20
21.56904013975842
 30
0.0
 40
0.3000000000006722
100
AcDbArc
 50
270.0000000000922
 51
359.9999999998195
1001
AcDbBlockRepETag
1070
     1
1071
        1
1005
0
  0
LINE
  5
2D69
330
1F
100
AcDbEntity
  8
0
 62
     8
370
   100
100
AcDbLine
 10
75.09984277612182
 20
21.56904013975747
 30
0.0
 11
75.09984277612272
 21
23.5190401397582
 31
0.0
1001
AcDbBlockRepETag
1070
     1
1071
        1
1005
0
  0
ARC
  5
2D6A
330
1F
100
AcDbEntity
  8
0
 62
     8
370
   100
100
AcDbCircle
 10
74.5998427761232
 20
23.51904013975774
 30
0.0
 40
0.4999999999995455
100
AcDbArc
 50
0.0000000000521102
 51
90.00000000005213
1001
AcDbBlockRepETag
1070
     1
1071
        1
1005
0
  0
LINE
  5
2D6B
330
1F
100
AcDbEntity
  8
0
 62
     8
370
   100
100
AcDbLine
 10
74.59984277612273
 20
24.01904013975729
 30
0.0
 11
69.59984277612273
 21
24.0190401397582
 31
0.0
1001
AcDbBlockRepETag
1070
     1
1071
        1
1005
0
  0
ARC
  5
2D6C
330
1F
100
AcDbEntity
  8
0
 62
     8
370
   100
100
AcDbCircle
 10
69.59984277612273
 20
23.5190401397582
 30
0.0
 40
0.5
100
AcDbArc
 50
90.0
 51
180.0
1001
AcDbBlockRepETag
1070
     1
1071
        1
1005
0
  0
LINE
  5
2D6D
330
1F
100
AcDbEntity
  8
0
 62
     8
370
   100
100
AcDbLine
 10
69.09984277612273
 20
23.5190401397582
 30
0.0
 11
69.09984277612181
 21
21.56904013975884
 31
0.0
1001
AcDbBlockRepETag
1070
     1
1071
        1
1005
0
  0
ARC
  5
2D6E
330
1F
100
AcDbEntity
  8
0
 62
     8
370
   100
100
AcDbCircle
 10
69.39984277612317
 20
21.56904013975955
 30
0.0
 40
0.3000000000013472
100
AcDbArc
 50
180.000000000137
 51
270.0000000001248
1001
AcDbBlockRepETag
1070
     1
1071
        1
1005
0
  0
LINE
  5
2D6F
330
1F
100
AcDbEntity
  8
0
 62
     8
370
   100
100
AcDbLine
 10
69.39984277612381
 20
21.2690401397582
 30
0.0
 11
70.19984277612355
 21
21.26904013975729
 31
0.0
1001
AcDbBlockRepETag
1070
     1
1071
        1
1005
0
  0
ARC
  5
2D70
330
1F
100
AcDbEntity
  8
0
 62
     8
370
   100
100
AcDbCircle
 10
70.19984277612377
 20
20.96904013975688
 30
0.0
 40
0.3000000000004093
100
AcDbArc
 50
0.0000000000434252
 51
90.00000000004341
1001
AcDbBlockRepETag
1070
     1
1071
        1
1005
0
  0
LINE
  5
2D71
330
1F
100
AcDbEntity
  8
0
 62
     8
370
   100
100
AcDbLine
 10
70.4998427761242
 20
20.96904013975711
 30
0.0
 11
70.49984277612328
 21
20.47614692094214
 31
0.0
1001
AcDbBlockRepETag
1070
     1
1071
        1
1005
0
  0
ARC
  5
2D72
330
1F
100
AcDbEntity
  8
0
 62
     8
370
   100
100
AcDbCircle
 10
69.99984277612409
 20
20.47614692094258
 30
0.0
 40
0.4999999999991759
100
AcDbArc
 50
314.9999999999709
 51
359.9999999999491
1001
AcDbBlockRepETag
1070
     1
1071
        1
1005
0
  0
LINE
  5
2D73
330
1F
100
AcDbEntity
  8
0
 62
     8
370
   100
100
AcDbLine
 10
70.3533961667166
 20
20.12259353034972
 30
0.0
 11
69.6462893855313
 21
19.4154867491635
 31
0.0
1001
AcDbBlockRepETag
1070
     1
1071
        1
1005
0
  0
ARC
  5
2D74
330
1F
100
AcDbEntity
  8
0
 62
     8
370
   100
100
AcDbCircle
 10
69.29273599493825
 20
19.76904013975798
 30
0.0
 40
0.5000000000006925
100
AcDbArc
 50
269.9999999998111
 51
314.9999999998843
1001
AcDbBlockRepETag
1070
     1
1071
        1
1005
0
  0
LINE
  5
2D75
330
1F
100
AcDbEntity
  8
0
 62
     8
370
   100
100
AcDbLine
 10
69.29273599493661
 20
19.26904013975729
 30
0.0
 11
67.4069495573043
 21
19.26904013975683
 31
0.0
1001
AcDbBlockRepETag
1070
     1
1071
        1
1005
0
  0
ARC
  5
2D76
330
1F
100
AcDbEntity
  8
0
 62
     8
370
   100
100
AcDbCircle
 10
67.40694955730472
 20
19.76904013975697
 30
0.0
 40
0.5000000000001386
100
AcDbArc
 50
224.9999999999421
 51
269.9999999999544
1001
AcDbBlockRepETag
1070
     1
1071
        1
1005
0
  0
LINE
  5
2D77
330
1F
100
AcDbEntity
  8
0
 62
     8
370
   100
100
AcDbLine
 10
67.05339616671095
 20
19.41548674916395
 30
0.0
 11
66.34628938552565
 21
20.12259353034972
 31
0.0
1001
AcDbBlockRepETag
1070
     1
1071
        1
1005
0
  0
ARC
  5
2D78
330
1F
100
AcDbEntity
  8
0
 62
     8
370
   100
100
AcDbCircle
 10
66.69984277611916
 20
20.47614692094235
 30
0.0
 40
0.4999999999997151
100
AcDbArc
 50
179.9999999999206
 51
224.9999999999301
1001
AcDbBlockRepETag
1070
     1
1071
        1
1005
0
  0
LINE
  5
2D79
330
1F
100
AcDbEntity
  8
0
 62
     8
370
   100
100
AcDbLine
 10
66.19984277611945
 20
20.47614692094305
 30
0.0
 11
66.1998427761181
 21
20.96904013975756
 31
0.0
1001
AcDbBlockRepETag
1070
     1
1071
        1
1005
0
  0
ARC
  5
2D7A
330
1F
100
AcDbEntity
  8
0
 62
     8
370
   100
100
AcDbCircle
 10
66.4998427761183
 20
20.96904013975616
 30
0.0
 40
0.3000000000002103
100
AcDbArc
 50
89.99999999974489
 51
179.9999999997327
1001
AcDbBlockRepETag
1070
     1
1071
        1
1005
0
  0
LINE
  5
2D7B
330
1F
100
AcDbEntity
  8
0
 62
     8
370
   100
100
AcDbLine
 10
66.49984277611963
 20
21.26904013975638
 30
0.0
 11
67.29984277612165
 21
21.26904013975956
 31
0.0
1001
AcDbBlockRepETag
1070
     1
1071
        1
1005
0
  0
ARC
  5
2D7C
330
1F
100
AcDbEntity
  8
0
 62
     8
370
   100
100
AcDbCircle
 10
67.29984277612118
 20
21.56904013975884
 30
0.0
 40
0.2999999999992724
100
AcDbArc
 50
270.0000000000868
 51
0.0000000000868503
1001
AcDbBlockRepETag
1070
     1
1071
        1
1005
0
  0
LINE
  5
2D7D
330
1F
100
AcDbEntity
  8
0
 62
     8
370
   100
100
AcDbLine
 10
67.59984277612045
 20
21.56904013975929
 30
0.0
 11
67.59984277612089
 21
23.5190401397582
 31
0.0
1001
AcDbBlockRepETag
1070
     1
1071
        1
1005
0
  0
ARC
  5
2D7E
330
1F
100
AcDbEntity
  8
0
 62
     8
370
   100
100
AcDbCircle
 10
67.09984277612239
 20
23.51904013975877
 30
0.0
 40
0.4999999999985222
100
AcDbArc
 50
359.9999999999349
 51
89.99999999996092
1001
AcDbBlockRepETag
1070
     1
1071
        1
1005
0
  0
LINE
  5
2D7F
330
1F
100
AcDbEntity
  8
0
 62
     8
370
   100
100
AcDbLine
 10
67.09984277612273
 20
24.01904013975729
 30
0.0
 11
59.0998427761241
 21
24.01904013975866
 31
0.0
1001
AcDbBlockRepETag
1070
     1
1071
        1
1005
0
  0
ARC
  5
2D80
330
1F
100
AcDbEntity
  8
0
 62
     8
370
   100
100
AcDbCircle
 10
59.0998427761241
 20
23.5190401397582
 30
0.0
 40
0.5000000000004548
100
AcDbArc
 50
90.0
 51
180.0
1001
AcDbBlockRepETag
1070
     1
1071
        1
1005
0
  0
LINE
  5
2D81
330
1F
100
AcDbEntity
  8
0
 62
     8
370
   100
100
AcDbLine
 10
58.59984277612364
 20
23.5190401397582
 30
0.0
 11
58.59984277612272
 21
21.56904013975884
 31
0.0
1001
AcDbBlockRepETag
1070
     1
1071
        1
1005
0
  0
ARC
  5
2D82
330
1F
100
AcDbEntity
  8
0
 62
     8
370
   100
100
AcDbCircle
 10
58.89984277612406
 20
21.56904013975956
 30
0.0
 40
0.3000000000013543
100
AcDbArc
 50
180.000000000137
 51
270.0000000001235
1001
AcDbBlockRepETag
1070
     1
1071
        1
1005
0
  0
LINE
  5
2D83
330
1F
100
AcDbEntity
  8
0
 62
     8
370
   100
100
AcDbLine
 10
58.89984277612473
 20
21.2690401397582
 30
0.0
 11
59.69984277612673
 21
21.26904013975729
 31
0.0
1001
AcDbBlockRepETag
1070
     1
1071
        1
1005
0
  0
ARC
  5
2D84
330
1F
100
AcDbEntity
  8
0
 62
     8
370
   100
100
AcDbCircle
 10
59.69984277612673
 20
20.96904013975711
 30
0.0
 40
0.3000000000001819
100
AcDbArc
 50
0.0
 51
90.0
1001
AcDbBlockRepETag
1070
     1
1071
        1
1005
0
  0
LINE
  5
2D85
330
1F
100
AcDbEntity
  8
0
 62
     8
370
   100
100
AcDbLine
 10
59.99984277612691
 20
20.96904013975711
 30
0.0
 11
59.99984277612553
 21
20.47614692094259
 31
0.0
1001
AcDbBlockRepETag
1070
     1
1071
        1
1005
0
  0
ARC
  5
2D86
330
1F
100
AcDbEntity
  8
0
 62
     8
370
   100
100
AcDbCircle
 10
59.49984277612538
 20
20.47614692094346
 30
0.0
 40
0.5000000000001707
100
AcDbArc
 50
314.9999999999439
 51
359.9999999999011
1001
AcDbBlockRepETag
1070
     1
1071
        1
1005
0
  0
LINE
  5
2D87
330
1F
100
AcDbEntity
  8
0
 62
     8
370
   100
100
AcDbLine
 10
59.85339616671843
 20
20.12259353034972
 30
0.0
 11
59.14628938553311
 21
19.41548674916441
 31
0.0
1001
AcDbBlockRepETag
1070
     1
1071
        1
1005
0
  0
ARC
  5
2D88
330
1F
100
AcDbEntity
  8
0
 62
     8
370
   100
100
AcDbCircle
 10
58.79273599493917
 20
19.76904013975798
 30
0.0
 40
0.5000000000006875
100
AcDbArc
 50
269.9999999999145
 51
315.0000000000312
1001
AcDbBlockRepETag
1070
     1
1071
        1
1005
0
  0
LINE
  5
2D89
330
1F
100
AcDbEntity
  8
0
 62
     8
370
   100
100
AcDbLine
 10
58.79273599493842
 20
19.26904013975729
 30
0.0
 11
57.59984277612318
 21
19.26904013975775
 31
0.0
1001
AcDbBlockRepETag
1070
     1
1071
        1
1005
0
  0
ARC
  5
2D8A
330
1F
100
AcDbEntity
  8
0
 62
     8
370
   100
100
AcDbCircle
 10
57.59984277612272
 20
19.76904013975775
 30
0.0
 40
0.5
100
AcDbArc
 50
180.0000000000521
 51
270.0000000000521
1001
AcDbBlockRepETag
1070
     1
1071
        1
1005
0
  0
LINE
  5
2D8B
330
1F
100
AcDbEntity
  8
0
 62
     8
370
   100
100
AcDbLine
 10
57.09984277612272
 20
19.76904013975729
 30
0.0
 11
57.09984277612409
 21
23.51904013975866
 31
0.0
1001
AcDbBlockRepETag
1070
     1
1071
        1
1005
0
  0
ARC
  5
2D8C
330
1F
100
AcDbEntity
  8
0
 62
     8
370
   100
100
AcDbCircle
 10
56.59984277612455
 20
23.51904013975775
 30
0.0
 40
0.4999999999995455
100
AcDbArc
 50
0.0000000001042204
 51
90.0000000001042
1001
AcDbBlockRepETag
1070
     1
1071
        1
1005
0
  0
LINE
  5
2D8D
330
1F
100
AcDbEntity
  8
0
 62
     8
370
   100
100
AcDbLine
 10
56.59984277612363
 20
24.01904013975729
 30
0.0
 11
48.59984277612272
 21
24.0190401397582
 31
0.0
1001
AcDbBlockRepETag
1070
     1
1071
        1
1005
0
  0
ARC
  5
2D8E
330
1F
100
AcDbEntity
  8
0
 62
     8
370
   100
100
AcDbCircle
 10
48.59984277612227
 20
23.51904013975775
 30
0.0
 40
0.5000000000004548
100
AcDbArc
 50
89.99999999994789
 51
179.9999999999479
1001
AcDbBlockRepETag
1070
     1
1071
        1
1005
0
  0
LINE
  5
2D8F
330
1F
100
AcDbEntity
  8
0
 62
     8
370
   100
100
AcDbLine
 10
48.09984277612182
 20
23.5190401397582
 30
0.0
 11
48.09984277612272
 21
21.56904013975702
 31
0.0
1001
AcDbBlockRepETag
1070
     1
1071
        1
1005
0
  0
ARC
  5
2D90
330
1F
100
AcDbEntity
  8
0
 62
     8
370
   100
100
AcDbCircle
 10
48.39984277612384
 20
21.56904013975752
 30
0.0
 40
0.3000000000011269
100
AcDbArc
 50
180.0000000000936
 51
269.9999999998194
1001
AcDbBlockRepETag
1070
     1
1071
        1
1005
0
  0
LINE
  5
2D91
330
1F
100
AcDbEntity
  8
0
 62
     8
370
   100
100
AcDbLine
 10
48.39984277612289
 20
21.26904013975638
 30
0.0
 11
49.19984277612172
 21
21.2690401397573
 31
0.0
1001
AcDbBlockRepETag
1070
     1
1071
        1
1005
0
  0
ARC
  5
2D92
330
1F
100
AcDbEntity
  8
0
 62
     8
370
   100
100
AcDbCircle
 10
49.1998427761215
 20
20.96904013975643
 30
0.0
 40
0.300000000000864
100
AcDbArc
 50
359.9999999999566
 51
89.99999999995656
1001
AcDbBlockRepETag
1070
     1
1071
        1
1005
0
  0
LINE
  5
2D93
330
1F
100
AcDbEntity
  8
0
 62
     8
370
   100
100
AcDbLine
 10
49.49984277612236
 20
20.9690401397562
 30
0.0
 11
49.49984277612236
 21
20.47614692094214
 31
0.0
1001
AcDbBlockRepETag
1070
     1
1071
        1
1005
0
  0
ARC
  5
2D94
330
1F
100
AcDbEntity
  8
0
 62
     8
370
   100
100
AcDbCircle
 10
48.99984277612168
 20
20.47614692094321
 30
0.0
 40
0.5000000000006751
100
AcDbArc
 50
314.999999999747
 51
359.9999999998774
1001
AcDbBlockRepETag
1070
     1
1071
        1
1005
0
  0
LINE
  5
2D95
330
1F
100
AcDbEntity
  8
0
 62
     8
370
   100
100
AcDbLine
 10
49.35339616671388
 20
20.1225935303479
 30
0.0
 11
48.64628938552812
 21
19.41548674916396
 31
0.0
1001
AcDbBlockRepETag
1070
     1
1071
        1
1005
0
  0
ARC
  5
2D96
330
1F
100
AcDbEntity
  8
0
 62
     8
370
   100
100
AcDbCircle
 10
48.29273599493375
 20
19.76904013975698
 30
0.0
 40
0.5000000000005944
100
AcDbArc
 50
270.0000000002231
 51
315.0000000001096
1001
AcDbBlockRepETag
1070
     1
1071
        1
1005
0
  0
LINE
  5
2D97
330
1F
100
AcDbEntity
  8
0
 62
     8
370
   100
100
AcDbLine
 10
48.2927359949357
 20
19.26904013975638
 30
0.0
 11
47.09984277612272
 21
19.26904013975729
 31
0.0
1001
AcDbBlockRepETag
1070
     1
1071
        1
1005
0
  0
ARC
  5
2D98
330
1F
100
AcDbEntity
  8
0
 62
     8
370
   100
100
AcDbCircle
 10
47.09984277612272
 20
19.76904013975729
 30
0.0
 40
0.5
100
AcDbArc
 50
180.0
 51
270.0
1001
AcDbBlockRepETag
1070
     1
1071
        1
1005
0
  0
LINE
  5
2D99
330
1F
100
AcDbEntity
  8
0
 62
     8
370
   100
100
AcDbLine
 10
46.59984277612272
 20
19.76904013975729
 30
0.0
 11
46.59984277612272
 21
23.53600143267306
 31
0.0
1001
AcDbBlockRepETag
1070
     1
1071
        1
1005
0
  0
ARC
  5
2D9A
330
1F
100
AcDbEntity
  8
0
 62
     8
370
   100
100
AcDbCircle
 10
46.0998427761219
 20
23.53600143267283
 30
0.0
 40
0.5000000000008173
100
AcDbArc
 50
0.0000000000264622
 51
81.37554695624318
1001
AcDbBlockRepETag
1070
     1
1071
        1
1005
0
  0
ARC
  5
2D9B
330
1F
100
AcDbEntity
  8
0
 62
     8
370
   100
100
AcDbCircle
 10
46.32477875209846
 20
25.01904013975739
 30
0.0
 40
0.9999999999990375
100
AcDbArc
 50
219.9999999999381
 51
261.375546956212
1001
AcDbBlockRepETag
1070
     1
1071
        1
1005
0
  0
LINE
  5
2D9C
330
1F
100
AcDbEntity
  8
0
 62
     8
370
   100
100
AcDbLine
 10
45.55873430897952
 20
24.37625253007229
 30
0.0
 11
43.60022949541087
 21
26.71030767775858
 31
0.0
1001
AcDbBlockRepETag
1070
     1
1071
        1
1005
0
  0
ARC
  5
2D9D
330
1F
100
AcDbEntity
  8
0
 62
     8
370
   100
100
AcDbCircle
 10
43.36910890155109
 20
26.51904013975661
 30
0.0
 40
0.2999999999990548
100
AcDbArc
 50
39.61000000289574
 51
90.00000000046545
1001
AcDbBlockRepETag
1070
     1
1071
        1
1005
0
  0
ARC
  5
2D9E
330
1F
100
AcDbEntity
  8
0
 62
     8
370
   100
100
AcDbCircle
 10
62.19984277612264
 20
25.61904013975902
 30
0.0
 40
0.5
100
AcDbArc
 50
270.0
 51
0.0
1001
AcDbBlockRepETag
1070
     1
1071
       10
1005
0
  0
LINE
  5
2D9F
330
1F
100
AcDbEntity
  8
0
 62
     8
370
   100
100
AcDbLine
 10
62.69984277612263
 20
25.61904013975902
 30
0.0
 11
62.69984277612263
 21
28.41904013975467
 31
0.0
1001
AcDbBlockRepETag
1070
     1
1071
       10
1005
0
  0
ARC
  5
2DA0
330
1F
100
AcDbEntity
  8
0
 62
     8
370
   100
100
AcDbCircle
 10
62.19984277612264
 20
28.41904013975467
 30
0.0
 40
0.5
100
AcDbArc
 50
0.0
 51
90.0
1001
AcDbBlockRepETag
1070
     1
1071
       10
1005
0
  0
LINE
  5
2DA1
330
1F
100
AcDbEntity
  8
0
 62
     8
370
   100
100
AcDbLine
 10
62.19984277612264
 20
28.91904013975466
 30
0.0
 11
55.36516277424549
 21
28.91904013975466
 31
0.0
1001
AcDbBlockRepETag
1070
     1
1071
       10
1005
0
  0
ARC
  5
2DA2
330
1F
100
AcDbEntity
  8
0
 62
     8
370
   100
100
AcDbCircle
 10
55.36516277424549
 20
28.41904013975467
 30
0.0
 40
0.5
100
AcDbArc
 50
90.0
 51
180.0
1001
AcDbBlockRepETag
1070
     1
1071
       10
1005
0
  0
LINE
  5
2DA3
330
1F
100
AcDbEntity
  8
0
 62
     8
370
   100
100
AcDbLine
 10
54.86516277424549
 20
28.41904013975467
 30
0.0
 11
54.86516277424549
 21
25.61904013975902
 31
0.0
1001
AcDbBlockRepETag
1070
     1
1071
       10
1005
0
  0
ARC
  5
2DA4
330
1F
100
AcDbEntity
  8
0
 62
     8
370
   100
100
AcDbCircle
 10
55.36516277424595
 20
25.61904013975857
 30
0.0
 40
0.5000000000004548
100
AcDbArc
 50
179.9999999999479
 51
269.9999999999479
1001
AcDbBlockRepETag
1070
     1
1071
       10
1005
0
  0
LINE
  5
2DA5
330
1F
100
AcDbEntity
  8
0
 62
     8
370
   100
100
AcDbLine
 10
55.36516277424549
 20
25.11904013975811
 30
0.0
 11
62.19984277612264
 21
25.11904013975903
 31
0.0
1001
AcDbBlockRepETag
1070
     1
1071
       10
1005
0
  0
ARC
  5
2DA6
330
1F
100
AcDbEntity
  8
0
 62
     8
370
   100
100
AcDbCircle
 10
46.65119411280776
 20
25.71904013975832
 30
0.0
 40
0.6000000000004384
100
AcDbArc
 50
219.9999999998423
 51
269.999999999888
  0
LINE
  5
2DA7
330
1F
100
AcDbEntity
  8
0
 62
     8
370
   100
100
AcDbLine
 10
46.19156744693497
 20
25.33336757394739
 30
0.0
 11
45.27530800575277
 21
26.42532305472526
 31
0.0
  0
ARC
  5
2DA8
330
1F
100
AcDbEntity
  8
0
 62
     8
370
   100
100
AcDbCircle
 10
46.11795689318426
 20
27.13238942537971
 30
0.0
 40
1.09999999999999
100
AcDbArc
 50
99.99999999997415
 51
219.9999999999499
  0
LINE
  5
2DA9
330
1F
100
AcDbEntity
  8
0
 62
     8
370
   100
100
AcDbLine
 10
45.92694389775113
 20
28.21567795369322
 30
0.0
 11
49.87282931909646
 21
28.91144401626082
 31
0.0
  0
ARC
  5
2DAA
330
1F
100
AcDbEntity
  8
0
 62
     8
370
   100
100
AcDbCircle
 10
49.9596534079296
 20
28.41904013975469
 30
0.0
 40
0.499999999999968
100
AcDbArc
 50
89.99999999995848
 51
99.99999999996365
  0
LINE
  5
2DAB
330
1F
100
AcDbEntity
  8
0
 62
     8
370
   100
100
AcDbLine
 10
49.95965340792996
 20
28.91904013975466
 30
0.0
 11
53.56516277424578
 21
28.91904013975466
 31
0.0
  0
ARC
  5
2DAC
330
1F
100
AcDbEntity
  8
0
 62
     8
370
   100
100
AcDbCircle
 10
53.56516277424578
 20
28.41904013975467
 30
0.0
 40
0.5
100
AcDbArc
 50
0.0
 51
90.0
  0
LINE
  5
2DAD
330
1F
100
AcDbEntity
  8
0
 62
     8
370
   100
100
AcDbLine
 10
54.06516277424578
 20
28.41904013975467
 30
0.0
 11
54.06516277424578
 21
25.61904013975902
 31
0.0
  0
ARC
  5
2DAE
330
1F
100
AcDbEntity
  8
0
 62
     8
370
   100
100
AcDbCircle
 10
53.56516277424578
 20
25.61904013975902
 30
0.0
 40
0.5
100
AcDbArc
 50
270.0
 51
0.0
  0
LINE
  5
2DAF
330
1F
100
AcDbEntity
  8
0
 62
     8
370
   100
100
AcDbLine
 10
53.56516277424578
 20
25.11904013975903
 30
0.0
 11
46.65119411280659
 21
25.11904013975789
 31
0.0
  0
ARC
  5
2DB0
330
1F
100
AcDbEntity
  8
0
 62
     8
370
   100
100
AcDbCircle
 10
70.83452277799357
 20
25.61904013975902
 30
0.0
 40
0.5
100
AcDbArc
 50
270.0
 51
0.0
  0
LINE
  5
2DB1
330
1F
100
AcDbEntity
  8
0
 62
     8
370
   100
100
AcDbLine
 10
71.33452277799356
 20
25.61904013975902
 30
0.0
 11
71.33452277799356
 21
28.41904013975375
 31
0.0
  0
ARC
  5
2DB2
330
1F
100
AcDbEntity
  8
0
 62
     8
370
   100
100
AcDbCircle
 10
70.83452277799357
 20
28.41904013975375
 30
0.0
 40
0.5
100
AcDbArc
 50
0.0
 51
90.0
  0
LINE
  5
2DB3
330
1F
100
AcDbEntity
  8
0
 62
     8
370
   100
100
AcDbLine
 10
70.83452277799357
 20
28.91904013975374
 30
0.0
 11
63.99984277611872
 21
28.91904013975374
 31
0.0
  0
ARC
  5
2DB4
330
1F
100
AcDbEntity
  8
0
 62
     8
370
   100
100
AcDbCircle
 10
63.99984277611872
 20
28.41904013975375
 30
0.0
 40
0.5
100
AcDbArc
 50
90.0
 51
180.0
  0
LINE
  5
2DB5
330
1F
100
AcDbEntity
  8
0
 62
     8
370
   100
100
AcDbLine
 10
63.49984277611873
 20
28.41904013975375
 30
0.0
 11
63.49984277611781
 21
25.61904013975902
 31
0.0
  0
ARC
  5
2DB6
330
1F
100
AcDbEntity
  8
0
 62
     8
370
   100
100
AcDbCircle
 10
63.99984277611827
 20
25.61904013975857
 30
0.0
 40
0.5000000000004548
100
AcDbArc
 50
179.9999999999479
 51
269.9999999999479
  0
LINE
  5
2DB7
330
1F
100
AcDbEntity
  8
0
 62
     8
370
   100
100
AcDbLine
 10
63.99984277611782
 20
25.11904013975811
 30
0.0
 11
70.83452277799357
 21
25.11904013975903
 31
0.0
  0
LINE
  5
2DB8
330
1F
100
AcDbEntity
  8
0
 62
     8
370
   100
100
AcDbLine
 10
80.00811810530866
 20
25.33336757394647
 30
0.0
 11
80.92437754649187
 21
26.42532305472525
 31
0.0
  0
ARC
  5
2DB9
330
1F
100
AcDbEntity
  8
0
 62
     8
370
   100
100
AcDbCircle
 10
80.08172865906022
 20
27.13238942538028
 30
0.0
 40
1.100000000000497
100
AcDbArc
 50
320.000000000033
 51
79.99999999997895
  0
LINE
  5
2DBA
330
1F
100
AcDbEntity
  8
0
 62
     8
370
   100
100
AcDbLine
 10
80.27274165449432
 20
28.21567795369412
 30
0.0
 11
76.33547218456886
 21
28.90992479156114
 31
0.0
  0
ARC
  5
2DBB
330
1F
100
AcDbEntity
  8
0
 62
     8
370
   100
100
AcDbCircle
 10
76.23128327796897
 20
28.31904013975244
 30
0.0
 40
0.6000000000013009
100
AcDbArc
 50
80.00000000004815
 51
90.00000000005698
  0
LINE
  5
2DBC
330
1F
100
AcDbEntity
  8
0
 62
     8
370
   100
100
AcDbLine
 10
76.23128327796838
 20
28.91904013975374
 30
0.0
 11
72.63452277799377
 21
28.91904013975374
 31
0.0
  0
ARC
  5
2DBD
330
1F
100
AcDbEntity
  8
0
 62
     8
370
   100
100
AcDbCircle
 10
72.63452277799371
 20
28.41904013975383
 30
0.0
 40
0.4999999999999112
100
AcDbArc
 50
89.99999999999024
 51
180.0000000000101
  0
LINE
  5
2DBE
330
1F
100
AcDbEntity
  8
0
 62
     8
370
   100
100
AcDbLine
 10
72.13452277799376
 20
28.41904013975375
 30
0.0
 11
72.13452277799468
 21
25.61904013975811
 31
0.0
  0
ARC
  5
2DBF
330
1F
100
AcDbEntity
  8
0
 62
     8
370
   100
100
AcDbCircle
 10
72.63452277799472
 20
25.61904013975816
 30
0.0
 40
0.5000000000000428
100
AcDbArc
 50
180.0000000000057
 51
269.999999999995
  0
LINE
  5
2DC0
330
1F
100
AcDbEntity
  8
0
 62
     8
370
   100
100
AcDbLine
 10
72.63452277799467
 20
25.11904013975811
 30
0.0
 11
79.54849143943772
 21
25.11904013975903
 31
0.0
  0
ARC
  5
2DC1
330
1F
100
AcDbEntity
  8
0
 62
     8
370
   100
100
AcDbCircle
 10
79.54849143943836
 20
25.71904013975777
 30
0.0
 40
0.5999999999987579
100
AcDbArc
 50
269.9999999999389
 51
319.9999999999779
  0
LINE
  5
2DC2
330
1F
100
AcDbEntity
  8
0
370
   100
100
AcDbLine
 10
96.39984277612292
 20
25.33253311157688
 30
0.0
 11
96.39984277612292
 21
38.9325331115864
 31
0.0
  0
ARC
  5
2DC3
330
1F
100
AcDbEntity
  8
0
370
   100
100
AcDbCircle
 10
96.09984277612284
 20
38.93253311158628
 30
0.0
 40
0.3000000000000682
100
AcDbArc
 50
0.0000000000217126
 51
90.00000000002172
  0
LINE
  5
2DC4
330
1F
100
AcDbEntity
  8
0
370
   100
100
AcDbLine
 10
96.09984277612273
 20
39.23253311158635
 30
0.0
 11
87.39984277612292
 21
39.23253311158635
 31
0.0
  0
ARC
  5
2DC5
330
1F
100
AcDbEntity
  8
0
370
   100
100
AcDbCircle
 10
87.39984277612325
 20
38.93253311158673
 30
0.0
 40
0.2999999999996135
100
AcDbArc
 50
90.00000000006512
 51
180.0000000000868
  0
LINE
  5
2DC6
330
1F
100
AcDbEntity
  8
0
370
   100
100
AcDbLine
 10
87.0998427761236
 20
38.93253311158628
 30
0.0
 11
87.09984277612546
 21
34.36860108908397
 31
0.0
  0
ARC
  5
2DC7
330
1F
100
AcDbEntity
  8
0
370
   100
100
AcDbCircle
 10
87.39984277612562
 20
34.36860108908418
 30
0.0
 40
0.3000000000001535
100
AcDbArc
 50
180.0000000000393
 51
311.8103148957141
  0
ARC
  5
2DC8
330
1F
100
AcDbEntity
  8
0
370
   100
100
AcDbCircle
 10
89.39984277612277
 20
32.13253311158165
 30
0.0
 40
2.699999999999993
100
AcDbArc
 50
43.13655878694833
 51
131.8103148957021
  0
ARC
  5
2DC9
330
1F
100
AcDbEntity
  8
0
370
   100
100
AcDbCircle
 10
91.00524030765013
 20
33.63676007775533
 30
0.0
 40
0.500000000000382
100
AcDbArc
 50
299.9999999999655
 51
43.13655878691563
  0
LINE
  5
2DCA
330
1F
100
AcDbEntity
  8
0
370
   100
100
AcDbLine
 10
91.25524030765006
 20
33.20374737586263
 30
0.0
 11
90.98729356276122
 21
33.04904825057287
 31
0.0
  0
ARC
  5
2DCB
330
1F
100
AcDbEntity
  8
0
370
   100
100
AcDbCircle
 10
90.73729356276144
 20
33.48206095246477
 30
0.0
 40
0.4999999999996084
100
AcDbArc
 50
225.2575232904503
 51
299.9999999999977
  0
ARC
  5
2DCC
330
1F
100
AcDbEntity
  8
0
370
   100
100
AcDbCircle
 10
89.39984277612287
 20
32.1325331115804
 30
0.0
 40
1.400000000000944
100
AcDbArc
 50
45.25752329049183
 51
69.4268787770877
  0
LINE
  5
2DCD
330
1F
100
AcDbEntity
  8
0
370
   100
100
AcDbLine
 10
89.89180625162076
 20
33.44324739729589
 30
0.0
 11
89.89180625162076
 21
33.65502184348589
 31
0.0
  0
ARC
  5
2DCE
330
1F
100
AcDbEntity
  8
0
370
   100
100
AcDbCircle
 10
89.39984277612245
 20
32.13253311158192
 30
0.0
 40
1.599999999999668
100
AcDbArc
 50
72.09274123631425
 51
107.9072587636857
  0
LINE
  5
2DCF
330
1F
100
AcDbEntity
  8
0
370
   100
100
AcDbLine
 10
88.90787930062414
 20
33.65502184348589
 30
0.0
 11
88.90787930062414
 21
33.44324739729589
 31
0.0
  0
ARC
  5
2DD0
330
1F
100
AcDbEntity
  8
0
370
   100
100
AcDbCircle
 10
89.39984277612268
 20
32.13253311158197
 30
0.0
 40
1.399999999999707
100
AcDbArc
 50
110.5731212229605
 51
159.4268787770609
  0
LINE
  5
2DD1
330
1F
100
AcDbEntity
  8
0
370
   100
100
AcDbLine
 10
88.0891284904086
 20
32.62449658708006
 30
0.0
 11
87.87735404421836
 21
32.62449658708006
 31
0.0
  0
ARC
  5
2DD2
330
1F
100
AcDbEntity
  8
0
370
   100
100
AcDbCircle
 10
89.39984277612266
 20
32.13253311158161
 30
0.0
 40
1.600000000000035
100
AcDbArc
 50
162.0927412363141
 51
197.9072587636858
  0
LINE
  5
2DD3
330
1F
100
AcDbEntity
  8
0
370
   100
100
AcDbLine
 10
87.87735404421836
 20
31.64056963608318
 30
0.0
 11
88.0891284904086
 21
31.6405696360832
 31
0.0
  0
ARC
  5
2DD4
330
1F
100
AcDbEntity
  8
0
370
   100
100
AcDbCircle
 10
89.39984277612273
 20
32.13253311158125
 30
0.0
 40
1.399999999999733
100
AcDbArc
 50
200.5731212229377
 51
249.426878777038
  0
LINE
  5
2DD5
330
1F
100
AcDbEntity
  8
0
370
   100
100
AcDbLine
 10
88.90787930062414
 20
30.82181882586733
 30
0.0
 11
88.90787930062414
 21
30.61004437967734
 31
0.0
  0
ARC
  5
2DD6
330
1F
100
AcDbEntity
  8
0
370
   100
100
AcDbCircle
 10
89.39984277612245
 20
32.1325331115813
 30
0.0
 40
1.599999999999668
100
AcDbArc
 50
252.0927412363143
 51
287.9072587636857
  0
LINE
  5
2DD7
330
1F
100
AcDbEntity
  8
0
370
   100
100
AcDbLine
 10
89.89180625162076
 20
30.61004437967734
 30
0.0
 11
89.89180625162076
 21
30.82181882586733
 31
0.0
  0
ARC
  5
2DD8
330
1F
100
AcDbEntity
  8
0
370
   100
100
AcDbCircle
 10
89.39984277612291
 20
32.13253311158286
 30
0.0
 40
1.40000000000097
100
AcDbArc
 50
290.5731212229106
 51
314.7424767095053
  0
ARC
  5
2DD9
330
1F
100
AcDbEntity
  8
0
370
   100
100
AcDbCircle
 10
90.73729356276148
 20
30.78300527069845
 30
0.0
 40
0.4999999999996236
100
AcDbArc
 50
60.00000000000754
 51
134.7424767095532
  0
LINE
  5
2DDA
330
1F
100
AcDbEntity
  8
0
370
   100
100
AcDbLine
 10
90.98729356276122
 20
31.21601797259038
 30
0.0
 11
91.25524030765006
 21
31.06131884730058
 31
0.0
  0
ARC
  5
2DDB
330
1F
100
AcDbEntity
  8
0
370
   100
100
AcDbCircle
 10
91.00524030765013
 20
30.62830614540788
 30
0.0
 40
0.500000000000391
100
AcDbArc
 50
316.8634412130858
 51
60.00000000003339
  0
ARC
  5
2DDC
330
1F
100
AcDbEntity
  8
0
370
   100
100
AcDbCircle
 10
89.39984277612255
 20
32.13253311158182
 30
0.0
 40
2.700000000000326
100
AcDbArc
 50
228.1896851043367
 51
316.8634412130511
  0
ARC
  5
2DDD
330
1F
100
AcDbEntity
  8
0
370
   100
100
AcDbCircle
 10
87.39984277612705
 20
29.89646513407785
 30
0.0
 40
0.2999999999997756
100
AcDbArc
 50
48.18968510435714
 51
180.000000000042
  0
LINE
  5
2DDE
330
1F
100
AcDbEntity
  8
0
370
   100
100
AcDbLine
 10
87.09984277612726
 20
29.89646513407763
 30
0.0
 11
87.09984277612909
 21
25.33253311157678
 31
0.0
  0
ARC
  5
2DDF
330
1F
100
AcDbEntity
  8
0
370
   100
100
AcDbCircle
 10
87.39984277612871
 20
25.33253311157654
 30
0.0
 40
0.2999999999996277
100
AcDbArc
 50
179.9999999999539
 51
269.9999999999321
  0
LINE
  5
2DE0
330
1F
100
AcDbEntity
  8
0
370
   100
100
AcDbLine
 10
87.39984277612837
 20
25.0325331115769
 30
0.0
 11
96.09984277612273
 21
25.0325331115769
 31
0.0
  0
ARC
  5
2DE1
330
1F
100
AcDbEntity
  8
0
370
   100
100
AcDbCircle
 10
96.09984277612284
 20
25.33253311157698
 30
0.0
 40
0.3000000000000824
100
AcDbArc
 50
269.999999999981
 51
359.999999999981
  0
ARC
  5
2DE2
330
1F
100
AcDbEntity
  8
0
370
   100
100
AcDbCircle
 10
97.39984277612288
 20
-2.167448821949244
 30
0.0
 40
0.5000000000000285
100
AcDbArc
 50
270.0000000000033
 51
359.9999999999964
  0
LINE
  5
2DE3
330
1F
100
AcDbEntity
  8
0
370
   100
100
AcDbLine
 10
97.39984277612292
 20
-2.667448821949278
 30
0.0
 11
93.89982470969824
 21
-2.667448821949732
 31
0.0
  0
ARC
  5
2DE4
330
1F
100
AcDbEntity
  8
0
370
   100
100
AcDbCircle
 10
93.89982470969931
 20
-2.167466888375145
 30
0.0
 40
0.4999819335745883
100
AcDbArc
 50
179.9999999992379
 51
269.9999999998762
  0
LINE
  5
2DE5
330
1F
100
AcDbEntity
  8
0
370
   100
100
AcDbLine
 10
93.39984277612472
 20
-2.167466888368493
 30
0.0
 11
93.39984277612472
 21
-1.167503021218748
 31
0.0
  0
LINE
  5
2DE6
330
1F
100
AcDbEntity
  8
0
370
   100
100
AcDbLine
 10
93.39984277612472
 20
-1.167503021218748
 30
0.0
 11
93.89982470970005
 21
0.5824337462930771
 31
0.0
  0
LINE
  5
2DE7
330
1F
100
AcDbEntity
  8
0
370
   100
100
AcDbLine
 10
93.89982470970005
 20
0.5824337462930771
 30
0.0
 11
94.39980664327356
 21
0.5824337462930771
 31
0.0
  0
LINE
  5
2DE8
330
1F
100
AcDbEntity
  8
0
370
   100
100
AcDbLine
 10
94.39980664327356
 20
0.5824337462930771
 30
0.0
 11
94.39980664327356
 21
-1.167503021220567
 31
0.0
  0
LINE
  5
2DE9
330
1F
100
AcDbEntity
  8
0
370
   100
100
AcDbLine
 10
94.39980664327356
 20
-1.167503021220567
 30
0.0
 11
96.39984277613018
 21
-1.167503021226024
 31
0.0
  0
LINE
  5
2DEA
330
1F
100
AcDbEntity
  8
0
370
   100
100
AcDbLine
 10
96.39984277613018
 20
-1.167503021226024
 30
0.0
 11
96.39984277612837
 21
7.332225982402062
 31
0.0
  0
ARC
  5
2DEB
330
1F
100
AcDbEntity
  8
0
370
   100
100
AcDbCircle
 10
95.89984277612837
 20
7.332225982402049
 30
0.0
 40
0.5000000000000142
100
AcDbArc
 50
0.0000000000016284
 51
89.99999999999836
  0
LINE
  5
2DEC
330
1F
100
AcDbEntity
  8
0
370
   100
100
AcDbLine
 10
95.89984277612837
 20
7.832225982402062
 30
0.0
 11
94.89980664327356
 21
7.83222598240161
 31
0.0
  0
ARC
  5
2DED
330
1F
100
AcDbEntity
  8
0
370
   100
100
AcDbCircle
 10
94.89980664327356
 20
7.33222598240161
 30
0.0
 40
0.5
100
AcDbArc
 50
90.0
 51
180.0
  0
LINE
  5
2DEE
330
1F
100
AcDbEntity
  8
0
370
   100
100
AcDbLine
 10
94.39980664327356
 20
7.33222598240161
 30
0.0
 11
94.39980664327356
 21
4.582289214890238
 31
0.0
  0
LINE
  5
2DEF
330
1F
100
AcDbEntity
  8
0
370
   100
100
AcDbLine
 10
94.39980664327356
 20
4.582289214890238
 30
0.0
 11
93.89982470970005
 21
4.582289214890238
 31
0.0
  0
LINE
  5
2DF0
330
1F
100
AcDbEntity
  8
0
370
   100
100
AcDbLine
 10
93.89982470970005
 20
4.582289214890238
 30
0.0
 11
93.39984277612472
 21
6.332225982402062
 31
0.0
  0
LINE
  5
2DF1
330
1F
100
AcDbEntity
  8
0
370
   100
100
AcDbLine
 10
93.39984277612472
 20
6.332225982402062
 30
0.0
 11
93.39984277612472
 21
8.332189849552717
 31
0.0
  0
ARC
  5
2DF2
330
1F
100
AcDbEntity
  8
0
370
   100
100
AcDbCircle
 10
93.89982470969982
 20
8.33218984975695
 30
0.0
 40
0.4999819335750999
100
AcDbArc
 50
113.5775008162186
 51
180.000000023404
  0
ARC
  5
2DF3
330
1F
100
AcDbEntity
  8
0
370
   100
100
AcDbCircle
 10
93.49984277619856
 20
9.248693161452873
 30
0.0
 40
0.500000000000212
100
AcDbArc
 50
293.5775008067827
 51
0.0000000195484524
  0
LINE
  5
2DF4
330
1F
100
AcDbEntity
  8
0
370
   100
100
AcDbLine
 10
93.99984277619877
 20
9.248693161623462
 30
0.0
 11
93.99984277612507
 21
10.53253311157599
 31
0.0
  0
ARC
  5
2DF5
330
1F
100
AcDbEntity
  8
0
370
   100
100
AcDbCircle
 10
94.49984277612506
 20
10.53253311157604
 30
0.0
 40
0.4999999999999434
100
AcDbArc
 50
89.99999999999348
 51
180.0000000000065
  0
LINE
  5
2DF6
330
1F
100
AcDbEntity
  8
0
370
   100
100
AcDbLine
 10
94.49984277612506
 20
11.03253311157598
 30
0.0
 11
95.09984277612543
 21
11.03253311157598
 31
0.0
  0
LINE
  5
2DF7
330
1F
100
AcDbEntity
  8
0
370
   100
100
AcDbLine
 10
95.09984277612543
 20
11.03253311157598
 30
0.0
 11
95.09984277612543
 21
10.03253311157689
 31
0.0
  0
LINE
  5
2DF8
330
1F
100
AcDbEntity
  8
0
370
   100
100
AcDbLine
 10
95.09984277612543
 20
10.03253311157689
 30
0.0
 11
96.299842776128
 21
10.03253311157689
 31
0.0
  0
LINE
  5
2DF9
330
1F
100
AcDbEntity
  8
0
370
   100
100
AcDbLine
 10
96.299842776128
 20
10.03253311157689
 30
0.0
 11
96.29984277612258
 21
23.5325331115769
 31
0.0
  0
LINE
  5
2DFA
330
1F
100
AcDbEntity
  8
0
370
   100
100
AcDbLine
 10
96.29984277612258
 20
23.5325331115769
 30
0.0
 11
94.09984277612542
 21
23.5325331115769
 31
0.0
  0
LINE
  5
2DFB
330
1F
100
AcDbEntity
  8
0
370
   100
100
AcDbLine
 10
94.09984277612542
 20
23.5325331115769
 30
0.0
 11
94.09984277612542
 21
22.43253311157653
 31
0.0
  0
LINE
  5
2DFC
330
1F
100
AcDbEntity
  8
0
370
   100
100
AcDbLine
 10
94.09984277612542
 20
22.43253311157653
 30
0.0
 11
93.2998427761262
 21
22.43253311157835
 31
0.0
  0
ARC
  5
2DFD
330
1F
100
AcDbEntity
  8
0
370
   100
100
AcDbCircle
 10
93.2998427761262
 20
22.93253311157835
 30
0.0
 40
0.5
100
AcDbArc
 50
180.0
 51
270.0
  0
LINE
  5
2DFE
330
1F
100
AcDbEntity
  8
0
370
   100
100
AcDbLine
 10
92.79984277612619
 20
22.93253311157835
 30
0.0
 11
92.79984277612619
 21
23.5325331115769
 31
0.0
  0
LINE
  5
2DFF
330
1F
100
AcDbEntity
  8
0
370
   100
100
AcDbLine
 10
92.79984277612619
 20
23.5325331115769
 30
0.0
 11
87.04984277613165
 21
23.5325331115769
 31
0.0
  0
LINE
  5
2E00
330
1F
100
AcDbEntity
  8
0
370
   100
100
AcDbLine
 10
87.04984277613165
 20
23.5325331115769
 30
0.0
 11
87.04984277613165
 21
18.53253311164897
 31
0.0
  0
LINE
  5
2E01
330
1F
100
AcDbEntity
  8
0
370
   100
100
AcDbLine
 10
87.04984277613165
 20
18.53253311164897
 30
0.0
 11
84.39984277612291
 21
18.53253311164897
 31
0.0
  0
ARC
  5
2E02
330
1F
100
AcDbEntity
  8
0
370
   100
100
AcDbCircle
 10
84.39984277612291
 20
18.83253311164824
 30
0.0
 40
0.2999999999992724
100
AcDbArc
 50
180.0
 51
270.0
  0
LINE
  5
2E03
330
1F
100
AcDbEntity
  8
0
370
   100
100
AcDbLine
 10
84.09984277612364
 20
18.83253311164824
 30
0.0
 11
84.09984277612364
 21
19.7325331116497
 31
0.0
  0
ARC
  5
2E04
330
1F
100
AcDbEntity
  8
0
370
   100
100
AcDbCircle
 10
84.39984277612291
 20
19.7325331116497
 30
0.0
 40
0.2999999999992724
100
AcDbArc
 50
90.0
 51
180.0
  0
LINE
  5
2E05
330
1F
100
AcDbEntity
  8
0
370
   100
100
AcDbLine
 10
84.39984277612291
 20
20.03253311164897
 30
0.0
 11
85.59984277612363
 21
20.03253311164897
 31
0.0
  0
LINE
  5
2E06
330
1F
100
AcDbEntity
  8
0
370
   100
100
AcDbLine
 10
85.59984277612363
 20
20.03253311164897
 30
0.0
 11
85.59984277613088
 21
23.20724482283529
 31
0.0
  0
ARC
  5
2E07
330
1F
100
AcDbEntity
  8
0
370
   100
100
AcDbCircle
 10
85.0998427761309
 20
23.20724482283632
 30
0.0
 40
0.5000000000000142
100
AcDbArc
 50
359.9999999998819
 51
63.87296809754182
  0
LINE
  5
2E08
330
1F
100
AcDbEntity
  8
0
370
   100
100
AcDbLine
 10
85.32002417934416
 20
23.65615478004273
 30
0.0
 11
84.70410922711687
 21
23.95824881084744
 31
0.0
  0
ARC
  5
2E09
330
1F
100
AcDbEntity
  8
0
370
   100
100
AcDbCircle
 10
83.58580865268997
 20
22.30011617886809
 30
0.0
 40
1.999999999999565
100
AcDbArc
 50
56.00294520951511
 51
128.1942269742982
  0
ARC
  5
2E0A
330
1F
100
AcDbEntity
  8
0
370
   100
100
AcDbCircle
 10
82.03998562616829
 20
24.26491417629063
 30
0.0
 40
0.5000000000005059
100
AcDbArc
 50
268.3762512486847
 51
308.1942269741662
  0
LINE
  5
2E0B
330
1F
100
AcDbEntity
  8
0
370
   100
100
AcDbLine
 10
82.02581764186232
 20
23.76511494837886
 30
0.0
 11
81.36919619736671
 21
23.78372842715433
 31
0.0
  0
LINE
  5
2E0C
330
1F
100
AcDbEntity
  8
0
370
   100
100
AcDbLine
 10
81.36919619736671
 20
23.78372842715433
 30
0.0
 11
81.36664420823342
 21
23.78381173411779
 31
0.0
  0
ARC
  5
2E0D
330
1F
100
AcDbEntity
  8
0
370
   100
100
AcDbCircle
 10
81.37258131990089
 20
24.08375297953989
 30
0.0
 40
0.300000000000518
100
AcDbArc
 50
161.7485847717287
 51
268.8660211661698
  0
LINE
  5
2E0E
330
1F
100
AcDbEntity
  8
0
370
   100
100
AcDbLine
 10
81.08767390270747
 20
24.17770915883901
 30
0.0
 11
83.21557098479241
 21
26.92631475054603
 31
0.0
  0
ARC
  5
2E0F
330
1F
100
AcDbEntity
  8
0
370
   100
100
AcDbCircle
 10
83.3341807030357
 20
26.83449027266571
 30
0.0
 40
0.1499999999991655
100
AcDbArc
 50
344.3072287559673
 51
142.2539197242678
  0
ARC
  5
2E10
330
1F
100
AcDbEntity
  8
0
370
   100
100
AcDbCircle
 10
83.76740734868837
 20
26.71277472930418
 30
0.0
 40
0.300000000000014
100
AcDbArc
 50
164.3072287559346
 51
228.4614929841563
  0
LINE
  5
2E11
330
1F
100
AcDbEntity
  8
0
370
   100
100
AcDbLine
 10
83.56847037298155
 20
26.48822166275503
 30
0.0
 11
85.11445588308047
 21
25.11859582512379
 31
0.0
  0
ARC
  5
2E12
330
1F
100
AcDbEntity
  8
0
370
   100
100
AcDbCircle
 10
85.31339285878781
 20
25.34314889167393
 30
0.0
 40
0.3000000000010894
100
AcDbArc
 50
228.4614929842112
 51
254.9364396135189
  0
LINE
  5
2E13
330
1F
100
AcDbEntity
  8
0
370
   100
100
AcDbLine
 10
85.23542573162684
 20
25.05345745741514
 30
0.0
 11
85.59984277612363
 21
24.95537878926032
 31
0.0
  0
ARC
  5
2E14
330
1F
100
AcDbEntity
  8
0
370
   100
100
AcDbCircle
 10
85.59984277612363
 20
25.25537878926029
 30
0.0
 40
0.2999999999999545
100
AcDbArc
 50
270.0
 51
90.0
  0
LINE
  5
2E15
330
1F
100
AcDbEntity
  8
0
370
   100
100
AcDbLine
 10
85.59984277612363
 20
25.55537878926023
 30
0.0
 11
85.59984277612546
 21
30.05537878926114
 31
0.0
  0
ARC
  5
2E16
330
1F
100
AcDbEntity
  8
0
370
   100
100
AcDbCircle
 10
85.39984277612539
 20
30.05537878926091
 30
0.0
 40
0.2000000000000455
100
AcDbArc
 50
0.0000000000651378
 51
90.00000000019538
  0
LINE
  5
2E17
330
1F
100
AcDbEntity
  8
0
370
   100
100
AcDbLine
 10
85.39984277612473
 20
30.25537878926096
 30
0.0
 11
85.33195403295158
 21
30.25537878926187
 31
0.0
  0
ARC
  5
2E18
330
1F
100
AcDbEntity
  8
0
370
   100
100
AcDbCircle
 10
85.33195403295172
 20
29.95537878926079
 30
0.0
 40
0.3000000000010807
100
AcDbArc
 50
90.00000000002986
 51
121.3801319349637
  0
LINE
  5
2E19
330
1F
100
AcDbEntity
  8
0
370
   100
100
AcDbLine
 10
85.17573994678365
 20
30.21149821313045
 30
0.0
 11
83.49974695860181
 21
29.18926526758312
 31
0.0
  0
ARC
  5
2E1A
330
1F
100
AcDbEntity
  8
0
370
   100
100
AcDbCircle
 10
83.29984277611883
 20
29.18307512839581
 30
0.0
 40
0.1999999999933688
100
AcDbArc
 50
180.0
 51
1.773627500215918
  0
LINE
  5
2E1B
330
1F
100
AcDbEntity
  8
0
370
   100
100
AcDbLine
 10
83.09984277612546
 20
29.18307512839581
 30
0.0
 11
83.09984277612455
 21
29.81398212774938
 31
0.0
  0
ARC
  5
2E1C
330
1F
100
AcDbEntity
  8
0
370
   100
100
AcDbCircle
 10
84.59984277612448
 20
29.81398212775125
 30
0.0
 40
1.499999999999943
100
AcDbArc
 50
119.8468800268608
 51
180.0000000000716
  0
LINE
  5
2E1D
330
1F
100
AcDbEntity
  8
0
370
   100
100
AcDbLine
 10
83.85331706160593
 20
31.1150199279563
 30
0.0
 11
84.87081716931005
 21
31.698853844855
 31
0.0
  0
ARC
  5
2E1E
330
1F
100
AcDbEntity
  8
0
370
   100
100
AcDbCircle
 10
84.62197526447052
 20
32.13253311158999
 30
0.0
 40
0.4999999999999751
100
AcDbArc
 50
299.8468800268638
 51
60.15311997313623
  0
LINE
  5
2E1F
330
1F
100
AcDbEntity
  8
0
370
   100
100
AcDbLine
 10
84.87081716931005
 20
32.56621237832499
 30
0.0
 11
83.85331706160593
 21
33.1500462952238
 31
0.0
  0
ARC
  5
2E20
330
1F
100
AcDbEntity
  8
0
370
   100
100
AcDbCircle
 10
84.59984277612448
 20
34.45108409542886
 30
0.0
 40
1.499999999999945
100
AcDbArc
 50
179.9999999999283
 51
240.1531199731392
  0
LINE
  5
2E21
330
1F
100
AcDbEntity
  8
0
370
   100
100
AcDbLine
 10
83.09984277612455
 20
34.45108409543073
 30
0.0
 11
83.09984277612546
 21
35.08199109478417
 31
0.0
  0
ARC
  5
2E22
330
1F
100
AcDbEntity
  8
0
370
   100
100
AcDbCircle
 10
83.29984277611883
 20
35.08199109478417
 30
0.0
 40
0.1999999999933664
100
AcDbArc
 50
358.2263724997841
 51
180.0
  0
LINE
  5
2E23
330
1F
100
AcDbEntity
  8
0
370
   100
100
AcDbLine
 10
83.49974695860181
 20
35.07580095559685
 30
0.0
 11
85.17573994678365
 21
34.05356801004953
 31
0.0
  0
ARC
  5
2E24
330
1F
100
AcDbEntity
  8
0
370
   100
100
AcDbCircle
 10
85.33195403295172
 20
34.3096874339192
 30
0.0
 40
0.3000000000010839
100
AcDbArc
 50
238.6198680650366
 51
269.9999999999701
  0
LINE
  5
2E25
330
1F
100
AcDbEntity
  8
0
370
   100
100
AcDbLine
 10
85.33195403295158
 20
34.00968743391813
 30
0.0
 11
85.39984277612473
 21
34.00968743391903
 31
0.0
  0
ARC
  5
2E26
330
1F
100
AcDbEntity
  8
0
370
   100
100
AcDbCircle
 10
85.39984277612539
 20
34.20968743391907
 30
0.0
 40
0.2000000000000455
100
AcDbArc
 50
269.9999999998046
 51
359.9999999999349
  0
LINE
  5
2E27
330
1F
100
AcDbEntity
  8
0
370
   100
100
AcDbLine
 10
85.59984277612546
 20
34.20968743391885
 30
0.0
 11
85.59984277612363
 21
38.70968743391975
 31
0.0
  0
ARC
  5
2E28
330
1F
100
AcDbEntity
  8
0
370
   100
100
AcDbCircle
 10
85.59984277612363
 20
39.00968743391971
 30
0.0
 40
0.2999999999999545
100
AcDbArc
 50
270.0
 51
90.0
  0
LINE
  5
2E29
330
1F
100
AcDbEntity
  8
0
370
   100
100
AcDbLine
 10
85.59984277612363
 20
39.30968743391967
 30
0.0
 11
85.23542573162684
 21
39.21160876576485
 31
0.0
  0
ARC
  5
2E2A
330
1F
100
AcDbEntity
  8
0
370
   100
100
AcDbCircle
 10
85.31339285878781
 20
38.92191733150605
 30
0.0
 40
0.3000000000010965
100
AcDbArc
 50
105.0635603864807
 51
131.5385070157879
  0
LINE
  5
2E2B
330
1F
100
AcDbEntity
  8
0
370
   100
100
AcDbLine
 10
85.11445588308047
 20
39.14647039805621
 30
0.0
 11
83.56847037298155
 21
37.77684456042496
 31
0.0
  0
ARC
  5
2E2C
330
1F
100
AcDbEntity
  8
0
370
   100
100
AcDbCircle
 10
83.76740734868837
 20
37.55229149387581
 30
0.0
 40
0.3000000000000056
100
AcDbArc
 50
131.5385070158417
 51
195.6927712440661
  0
ARC
  5
2E2D
330
1F
100
AcDbEntity
  8
0
370
   100
100
AcDbCircle
 10
83.3341807030357
 20
37.43057595051428
 30
0.0
 40
0.1499999999991554
100
AcDbArc
 50
217.7460802757332
 51
15.69277124403137
  0
LINE
  5
2E2E
330
1F
100
AcDbEntity
  8
0
370
   100
100
AcDbLine
 10
83.21557098479241
 20
37.33875147263397
 30
0.0
 11
81.08767390270747
 21
40.08735706434097
 31
0.0
  0
ARC
  5
2E2F
330
1F
100
AcDbEntity
  8
0
370
   100
100
AcDbCircle
 10
81.37258131990089
 20
40.1813132436401
 30
0.0
 40
0.300000000000515
100
AcDbArc
 50
91.13397883383028
 51
198.2514152282725
  0
LINE
  5
2E30
330
1F
100
AcDbEntity
  8
0
370
   100
100
AcDbLine
 10
81.36664420823342
 20
40.48125448906218
 30
0.0
 11
81.36919619736671
 21
40.48133779602564
 31
0.0
  0
LINE
  5
2E31
330
1F
100
AcDbEntity
  8
0
370
   100
100
AcDbLine
 10
81.36919619736671
 20
40.48133779602564
 30
0.0
 11
82.02581764186232
 21
40.49995127480113
 31
0.0
  0
ARC
  5
2E32
330
1F
100
AcDbEntity
  8
0
370
   100
100
AcDbCircle
 10
82.03998562616829
 20
40.00015204688935
 30
0.0
 40
0.5000000000004981
100
AcDbArc
 50
51.80577302583325
 51
91.62374875131524
  0
ARC
  5
2E33
330
1F
100
AcDbEntity
  8
0
370
   100
100
AcDbCircle
 10
83.58580865268997
 20
41.96495004431191
 30
0.0
 40
1.999999999999575
100
AcDbArc
 50
231.805773025702
 51
303.9970547904847
  0
LINE
  5
2E34
330
1F
100
AcDbEntity
  8
0
370
   100
100
AcDbLine
 10
84.70410922711687
 20
40.30681741233254
 30
0.0
 11
85.32002417934416
 21
40.60891144313726
 31
0.0
  0
ARC
  5
2E35
330
1F
100
AcDbEntity
  8
0
370
   100
100
AcDbCircle
 10
85.0998427761309
 20
41.05782140034365
 30
0.0
 40
0.5000000000000153
100
AcDbArc
 50
296.1270319024582
 51
0.0000000001180622
  0
LINE
  5
2E36
330
1F
100
AcDbEntity
  8
0
370
   100
100
AcDbLine
 10
85.59984277613088
 20
41.05782140034468
 30
0.0
 11
85.59984277612363
 21
44.23253311153101
 31
0.0
  0
LINE
  5
2E37
330
1F
100
AcDbEntity
  8
0
370
   100
100
AcDbLine
 10
85.59984277612363
 20
44.23253311153101
 30
0.0
 11
84.39984277612291
 21
44.23253311153101
 31
0.0
  0
ARC
  5
2E38
330
1F
100
AcDbEntity
  8
0
370
   100
100
AcDbCircle
 10
84.39984277612291
 20
44.53253311153028
 30
0.0
 40
0.2999999999992724
100
AcDbArc
 50
180.0
 51
270.0
  0
LINE
  5
2E39
330
1F
100
AcDbEntity
  8
0
370
   100
100
AcDbLine
 10
84.09984277612364
 20
44.53253311153028
 30
0.0
 11
84.09984277612364
 21
45.43253311153175
 31
0.0
  0
ARC
  5
2E3A
330
1F
100
AcDbEntity
  8
0
370
   100
100
AcDbCircle
 10
84.39984277612291
 20
45.43253311153175
 30
0.0
 40
0.2999999999992724
100
AcDbArc
 50
90.0
 51
180.0
  0
LINE
  5
2E3B
330
1F
100
AcDbEntity
  8
0
370
   100
100
AcDbLine
 10
84.39984277612291
 20
45.73253311153101
 30
0.0
 11
87.04984277613165
 21
45.73253311153101
 31
0.0
  0
LINE
  5
2E3C
330
1F
100
AcDbEntity
  8
0
370
   100
100
AcDbLine
 10
87.04984277613165
 20
45.73253311153101
 30
0.0
 11
87.04984277613165
 21
40.73253311158635
 31
0.0
  0
LINE
  5
2E3D
330
1F
100
AcDbEntity
  8
0
370
   100
100
AcDbLine
 10
87.04984277613165
 20
40.73253311158635
 30
0.0
 11
92.79984277612619
 21
40.73253311158635
 31
0.0
  0
LINE
  5
2E3E
330
1F
100
AcDbEntity
  8
0
370
   100
100
AcDbLine
 10
92.79984277612619
 20
40.73253311158635
 30
0.0
 11
92.79984277612619
 21
41.33253311158489
 31
0.0
  0
ARC
  5
2E3F
330
1F
100
AcDbEntity
  8
0
370
   100
100
AcDbCircle
 10
93.2998427761262
 20
41.33253311158489
 30
0.0
 40
0.5
100
AcDbArc
 50
90.0
 51
180.0
  0
LINE
  5
2E40
330
1F
100
AcDbEntity
  8
0
370
   100
100
AcDbLine
 10
93.2998427761262
 20
41.83253311158489
 30
0.0
 11
94.09984277612542
 21
41.8325331115867
 31
0.0
  0
LINE
  5
2E41
330
1F
100
AcDbEntity
  8
0
370
   100
100
AcDbLine
 10
94.09984277612542
 20
41.8325331115867
 30
0.0
 11
94.09984277612542
 21
40.73253311158635
 31
0.0
  0
LINE
  5
2E42
330
1F
100
AcDbEntity
  8
0
370
   100
100
AcDbLine
 10
94.09984277612542
 20
40.73253311158635
 30
0.0
 11
96.29984277612258
 21
40.73253311158635
 31
0.0
  0
LINE
  5
2E43
330
1F
100
AcDbEntity
  8
0
370
   100
100
AcDbLine
 10
96.29984277612258
 20
40.73253311158635
 30
0.0
 11
96.299842776128
 21
54.23253311158635
 31
0.0
  0
LINE
  5
2E44
330
1F
100
AcDbEntity
  8
0
370
   100
100
AcDbLine
 10
96.299842776128
 20
54.23253311158635
 30
0.0
 11
95.09984277612543
 21
54.23253311158635
 31
0.0
  0
LINE
  5
2E45
330
1F
100
AcDbEntity
  8
0
370
   100
100
AcDbLine
 10
95.09984277612543
 20
54.23253311158635
 30
0.0
 11
95.09984277612543
 21
53.23253311158726
 31
0.0
  0
LINE
  5
2E46
330
1F
100
AcDbEntity
  8
0
370
   100
100
AcDbLine
 10
95.09984277612543
 20
53.23253311158726
 30
0.0
 11
94.49984277612506
 21
53.23253311158726
 31
0.0
  0
ARC
  5
2E47
330
1F
100
AcDbEntity
  8
0
370
   100
100
AcDbCircle
 10
94.49984277612506
 20
53.7325331115872
 30
0.0
 40
0.4999999999999434
100
AcDbArc
 50
179.9999999999935
 51
270.0000000000065
  0
LINE
  5
2E48
330
1F
100
AcDbEntity
  8
0
370
   100
100
AcDbLine
 10
93.99984277612507
 20
53.73253311158726
 30
0.0
 11
93.99984277619877
 21
55.01637306153978
 31
0.0
  0
ARC
  5
2E49
330
1F
100
AcDbEntity
  8
0
370
   100
100
AcDbCircle
 10
93.49984277619856
 20
55.01637306171037
 30
0.0
 40
0.5000000000002132
100
AcDbArc
 50
359.9999999804513
 51
66.42249919321724
  0
ARC
  5
2E4A
330
1F
100
AcDbEntity
  8
0
370
   100
100
AcDbCircle
 10
93.89982470969982
 20
55.9328763734063
 30
0.0
 40
0.4999819335750972
100
AcDbArc
 50
179.9999999765959
 51
246.4224991837813
  0
LINE
  5
2E4B
330
1F
100
AcDbEntity
  8
0
370
   100
100
AcDbLine
 10
93.39984277612472
 20
55.93287637361052
 30
0.0
 11
93.39984277612472
 21
57.93284024076117
 31
0.0
  0
LINE
  5
2E4C
330
1F
100
AcDbEntity
  8
0
370
   100
100
AcDbLine
 10
93.39984277612472
 20
57.93284024076117
 30
0.0
 11
93.89982470970005
 21
59.682777008273
 31
0.0
  0
LINE
  5
2E4D
330
1F
100
AcDbEntity
  8
0
370
   100
100
AcDbLine
 10
93.89982470970005
 20
59.682777008273
 30
0.0
 11
94.39980664327356
 21
59.682777008273
 31
0.0
  0
LINE
  5
2E4E
330
1F
100
AcDbEntity
  8
0
370
   100
100
AcDbLine
 10
94.39980664327356
 20
59.682777008273
 30
0.0
 11
94.39980664327356
 21
56.93284024076163
 31
0.0
  0
ARC
  5
2E4F
330
1F
100
AcDbEntity
  8
0
370
   100
100
AcDbCircle
 10
94.89980664327356
 20
56.93284024076163
 30
0.0
 40
0.5
100
AcDbArc
 50
180.0
 51
270.0
  0
LINE
  5
2E50
330
1F
100
AcDbEntity
  8
0
370
   100
100
AcDbLine
 10
94.89980664327356
 20
56.43284024076163
 30
0.0
 11
95.89984277612837
 21
56.43284024076117
 31
0.0
  0
ARC
  5
2E51
330
1F
100
AcDbEntity
  8
0
370
   100
100
AcDbCircle
 10
95.89984277612837
 20
56.93284024076119
 30
0.0
 40
0.5000000000000142
100
AcDbArc
 50
270.0000000000017
 51
359.9999999999984
  0
LINE
  5
2E52
330
1F
100
AcDbEntity
  8
0
370
   100
100
AcDbLine
 10
96.39984277612837
 20
56.93284024076117
 30
0.0
 11
96.39984277613018
 21
65.43256924438927
 31
0.0
  0
LINE
  5
2E53
330
1F
100
AcDbEntity
  8
0
370
   100
100
AcDbLine
 10
96.39984277613018
 20
65.43256924438927
 30
0.0
 11
94.39980664327356
 21
65.43256924438381
 31
0.0
  0
LINE
  5
2E54
330
1F
100
AcDbEntity
  8
0
370
   100
100
AcDbLine
 10
94.39980664327356
 20
65.43256924438381
 30
0.0
 11
94.39980664327356
 21
63.68263247687018
 31
0.0
  0
LINE
  5
2E55
330
1F
100
AcDbEntity
  8
0
370
   100
100
AcDbLine
 10
94.39980664327356
 20
63.68263247687018
 30
0.0
 11
93.89982470970005
 21
63.68263247687018
 31
0.0
  0
LINE
  5
2E56
330
1F
100
AcDbEntity
  8
0
370
   100
100
AcDbLine
 10
93.89982470970005
 20
63.68263247687018
 30
0.0
 11
93.39984277612472
 21
65.432569244382
 31
0.0
  0
LINE
  5
2E57
330
1F
100
AcDbEntity
  8
0
370
   100
100
AcDbLine
 10
93.39984277612472
 20
65.432569244382
 30
0.0
 11
93.39984277612472
 21
66.43253311153173
 31
0.0
  0
ARC
  5
2E58
330
1F
100
AcDbEntity
  8
0
370
   100
100
AcDbCircle
 10
93.89982470969931
 20
66.43253311153839
 30
0.0
 40
0.4999819335745883
100
AcDbArc
 50
90.00000000012381
 51
180.0000000007621
  0
LINE
  5
2E59
330
1F
100
AcDbEntity
  8
0
370
   100
100
AcDbLine
 10
93.89982470969824
 20
66.93251504511298
 30
0.0
 11
97.39984277612292
 21
66.93251504511252
 31
0.0
  0
ARC
  5
2E5A
330
1F
100
AcDbEntity
  8
0
370
   100
100
AcDbCircle
 10
97.39984277612292
 20
66.43251504511252
 30
0.0
 40
0.5
100
AcDbArc
 50
359.9999999991662
 51
90.0
  0
LINE
  5
2E5B
330
1F
100
AcDbEntity
  8
0
370
   100
100
AcDbLine
 10
97.8998427761229
 20
66.43251504510525
 30
0.0
 11
97.8998427761229
 21
-2.167448821949278
 31
0.0
  0
HATCH
  5
2ECA
330
1F
100
AcDbEntity
  8
0
 62
     8
370
   100
100
AcDbHatch
 10
0.0
 20
0.0
 30
0.0
210
0.0
220
0.0
230
1.0
  2
AR-CONC
 70
     0
 71
     0
 91
        1
 92
        1
 93
        8
 72
     1
 10
46.79984277612208
 20
30.01904013975431
 11
81.39984277612155
 21
30.01904013975431
 72
     2
 10
81.39984277612191
 20
30.21904013975467
 40
0.2000000000003581
 50
269.9999999998941
 51
359.9999999998942
 73
     1
 72
     1
 10
81.59984277612226
 20
30.2190401397543
 11
81.59984277612226
 21
33.81904013975467
 72
     2
 10
81.39984277612191
 20
33.81904013975429
 40
0.2000000000003581
 50
0.0000000001058489
 51
90.00000000010585
 73
     1
 72
     1
 10
81.39984277612155
 20
34.01904013975465
 11
46.79984277612208
 21
34.01904013975465
 72
     2
 10
46.79984277612216
 20
33.81904013975475
 40
0.1999999999999034
 50
90.00000000002442
 51
180.0000000000244
 73
     1
 72
     1
 10
46.59984277612227
 20
33.81904013975467
 11
46.59984277612227
 21
30.2190401397543
 72
     2
 10
46.79984277612216
 20
30.21904013975421
 40
0.1999999999999034
 50
179.9999999999756
 51
269.9999999999755
 73
     1
 97
        0
 75
     0
 76
     1
 52
-90.00000000000001
 41
0.02
 77
     0
 78
    13
 53
320.0
 43
0.0
 44
0.0
 45
-0.3187817107780623
 46
-3.64369337992008
 79
     2
 49
0.381
 49
-4.191
 53
265.0
 43
0.0
 44
0.0
 45
3.821136904780702
 46
0.7048684284993862
 79
     2
 49
0.3048
 49
-3.3528116834
 53
10.45144469999999
 43
-0.0265650700000001
 44
-0.30364014
 45
3.502355038243901
 46
-2.938824941807066
 79
     2
 49
0.323800176
 49
-3.561804892
 53
316.1842
 43
1.016
 44
-0.0000000000000002
 45
-0.8408465586545437
 46
-5.421580817842598
 79
     2
 49
0.5715
 49
-6.2865
 53
6.63555760999999
 43
0.9459299999999998
 44
-0.4517980000000003
 45
4.948522491954429
 46
-4.74808268103006
 79
     2
 49
0.4857004628000001
 49
-5.342712163199999
 53
261.18415117
 43
1.016
 44
-0.0000000000000002
 45
4.948522491710652
 46
-4.748082681299541
 79
     2
 49
0.4571993414000001
 49
-5.029194638399999
 53
291.0
 43
0.762
 44
-0.5080000000000001
 45
-2.045303963741752
 46
-3.032287825382649
 79
     2
 49
0.381
 49
-4.191
 53
236.0
 43
0.762
 44
-0.5080000000000001
 45
3.683759322446385
 46
-1.236040566952942
 79
     2
 49
0.3048
 49
-3.352799999999999
 53
341.451445
 43
0.5915580019999999
 44
-0.7606906520000001
 45
1.638455377718104
 46
-4.268328385574323
 79
     2
 49
0.323800176
 49
-3.561798751999999
 53
307.5
 43
0.0
 44
0.0
 45
1.691100777463062
 46
-0.0617720650118366
 79
     6
 49
0.0
 49
-3.312159999999999
 49
0.0
 49
-3.403599999999999
 49
0.0
 49
-3.365499999999999
 53
277.5
 43
0.0
 44
0.0
 45
2.00361149636239
 46
-1.336393250206115
 79
     6
 49
0.0
 49
-1.940559999999999
 49
0.0
 49
-3.235959999999999
 49
0.0
 49
-1.2827
 53
237.5
 43
0.0000000000000002
 44
1.132839999999999
 45
-0.1145748798534693
 46
-2.711811903337427
 79
     6
 49
0.0
 49
-1.27
 49
0.0
 49
-3.9624
 49
0.0
 49
-5.257799999999999
 53
227.5
 43
0.0000000000000003
 44
1.64084
 45
0.5085298206666602
 46
-2.962583627720361
 79
     6
 49
0.0
 49
-1.650999999999999
 49
0.0
 49
-2.631439999999999
 49
0.0
 49
-3.733799999999999
 98
        1
 10
-3184.543612513994
 20
-271.2291600283346
1001
ACAD
1010
0.0
1020
0.0
1030
0.0
  0
LINE
  5
2ECC
330
1F
100
AcDbEntity
  8
0
 62
     8
370
   100
100
AcDbLine
 10
46.79984277612208
 20
30.01904013975431
 30
0.0
 11
81.39984277612155
 21
30.01904013975431
 31
0.0
  0
ARC
  5
2ECD
330
1F
100
AcDbEntity
  8
0
 62
     8
370
   100
100
AcDbCircle
 10
81.39984277612191
 20
30.21904013975467
 30
0.0
 40
0.2000000000003581
100
AcDbArc
 50
269.9999999998941
 51
359.9999999998942
  0
LINE
  5
2ECE
330
1F
100
AcDbEntity
  8
0
 62
     8
370
   100
100
AcDbLine
 10
81.59984277612226
 20
30.2190401397543
 30
0.0
 11
81.59984277612226
 21
33.81904013975467
 31
0.0
  0
ARC
  5
2ECF
330
1F
100
AcDbEntity
  8
0
 62
     8
370
   100
100
AcDbCircle
 10
81.39984277612191
 20
33.81904013975429
 30
0.0
 40
0.2000000000003581
100
AcDbArc
 50
0.0000000001058489
 51
90.00000000010585
  0
LINE
  5
2ED0
330
1F
100
AcDbEntity
  8
0
 62
     8
370
   100
100
AcDbLine
 10
81.39984277612155
 20
34.01904013975465
 30
0.0
 11
46.79984277612208
 21
34.01904013975465
 31
0.0
  0
ARC
  5
2ED1
330
1F
100
AcDbEntity
  8
0
 62
     8
370
   100
100
AcDbCircle
 10
46.79984277612216
 20
33.81904013975475
 30
0.0
 40
0.1999999999999034
100
AcDbArc
 50
90.00000000002442
 51
180.0000000000244
  0
LINE
  5
2ED2
330
1F
100
AcDbEntity
  8
0
 62
     8
370
   100
100
AcDbLine
 10
46.59984277612227
 20
33.81904013975467
 30
0.0
 11
46.59984277612227
 21
30.2190401397543
 31
0.0
  0
ARC
  5
2ED3
330
1F
100
AcDbEntity
  8
0
 62
     8
370
   100
100
AcDbCircle
 10
46.79984277612216
 20
30.21904013975421
 30
0.0
 40
0.1999999999999034
100
AcDbArc
 50
179.9999999999756
 51
269.9999999999755
  0
ENDSEC
  0
SECTION
  2
OBJECTS
  0
DICTIONARY
  5
C
330
0
100
AcDbDictionary
281
     1
  3
ACAD_ASSOCPERSSUBENTMANAGER
350
2298
  3
ACAD_CIP_PREVIOUS_PRODUCT_INFO
350
20A9
  3
ACAD_COLOR
350
6B
  3
ACAD_DETAILVIEWSTYLE
350
20A4
  3
ACAD_GROUP
350
D
  3
ACAD_LAST_SAVED_VERSION_INFO
350
2A50
  3
ACAD_LAYOUT
350
1A
  3
ACAD_MATERIAL
350
6A
  3
ACAD_MLEADERSTYLE
350
12D
  3
ACAD_MLINESTYLE
350
17
  3
ACAD_PLOTSETTINGS
350
19
  3
ACAD_PLOTSTYLENAME
350
E
  3
ACAD_RENDER_RAPIDRT_SETTINGS
350
2F59
  3
ACAD_SCALELIST
350
10C
  3
ACAD_SECTIONVIEWSTYLE
350
20A2
  3
ACAD_TABLESTYLE
350
7E
  3
ACAD_VISUALSTYLE
350
EF
  3
ACDB_RECOMPOSE_DATA
350
2F86
  3
ACDBVARIABLEDICTIONARY
350
2F5A
  3
AEC_PROPERTY_SET_DEFS
350
200
  0
DICTIONARY
  5
1F8
330
2
100
AcDbDictionary
280
     1
281
     1
  3
ACAD_LAYERSTATES
360
1F9
  0
DICTIONARY
  5
13C
330
10
100
AcDbDictionary
280
     1
281
     1
  0
DICTIONARY
  5
1CE
330
1F
100
AcDbDictionary
280
     1
281
     1
  3
ACAD_SORTENTS
360
207
  0
ACDBASSOCPERSSUBENTMANAGER
  5
2298
102
{ACAD_REACTORS
330
C
102
}
330
C
100
AcDbAssocPersSubentManager
 90
        1
 90
        3
 90
        0
 90
        2
 90
        4
 90
        0
 90
        4
 90
        1
 90
        2
 90
        3
 90
        4
 90
        0
290
     0
  0
XRECORD
  5
20A9
102
{ACAD_REACTORS
330
C
102
}
330
C
100
AcDbXrecord
280
     1
300
ACD
300
2024
300

  0
DICTIONARY
  5
6B
102
{ACAD_REACTORS
330
C
102
}
330
C
100
AcDbDictionary
281
     1
  0
DICTIONARY
  5
20A4
102
{ACAD_REACTORS
330
C
102
}
330
C
100
AcDbDictionary
281
     1
  3
Metric50
350
20A5
  0
DICTIONARY
  5
D
102
{ACAD_REACTORS
330
C
102
}
330
C
100
AcDbDictionary
281
     1
  0
XRECORD
  5
2A50
102
{ACAD_REACTORS
330
C
102
}
330
C
100
AcDbXrecord
280
     1
300
{792202BF-C38D-914B-8EE7-A572BFEADF6B}
301
{5483A2D0-230F-3A47-87E9-C6B1CF57DED2}
302
{792202BF-C38D-914B-8EE7-A572BFEADF6B}
303
\\ficpa01\grupocortizo\z_prog\catalogos\Perfiles\COR-7561\COR-7561_SinCotas.dxf
301
{AA3BD760-600D-DC4B-B574-B54729E42048}
302
{A9BB9BE0-181B-4642-95D9-81320D425CCC}
303
\\ficpa01\grupocortizo\z_prog\catalogos\Perfiles\COR-7561\COR-7561_SinCotas.dxf
  0
DICTIONARY
  5
1A
102
{ACAD_REACTORS
330
C
102
}
330
C
100
AcDbDictionary
281
     1
  3
Model
350
22
  3
Presentación1
350
D3
  3
Presentación2
350
D7
  0
DICTIONARY
  5
6A
102
{ACAD_REACTORS
330
C
102
}
330
C
100
AcDbDictionary
281
     1
  3
ByBlock
350
ED
  3
ByLayer
350
EC
  3
Global
350
EE
  0
DICTIONARY
  5
12D
102
{ACAD_REACTORS
330
C
102
}
330
C
100
AcDbDictionary
281
     1
  3
Standard
350
12E
  0
DICTIONARY
  5
17
102
{ACAD_REACTORS
330
C
102
}
330
C
100
AcDbDictionary
281
     1
  3
Standard
350
18
  0
DICTIONARY
  5
19
102
{ACAD_REACTORS
330
C
102
}
330
C
100
AcDbDictionary
281
     1
  0
ACDBDICTIONARYWDFLT
  5
E
102
{ACAD_REACTORS
330
C
102
}
330
C
100
AcDbDictionary
281
     1
  3
Normal
350
F
100
AcDbDictionaryWithDefault
340
F
  0
DICTIONARY
  5
2F59
102
{ACAD_REACTORS
330
C
102
}
330
C
100
AcDbDictionary
281
     1
  0
DICTIONARY
  5
10C
102
{ACAD_REACTORS
330
C
102
}
330
C
100
AcDbDictionary
281
     1
  3
A0
350
10D
  3
A1
350
1BE
  3
A2
350
1BF
  3
A3
350
1C0
  3
A4
350
1C1
  3
A5
350
1C2
  3
A6
350
1C3
  3
A7
350
1C4
  3
A8
350
1C5
  3
A9
350
1C6
  3
B0
350
1C7
  3
B1
350
1C8
  3
B2
350
1C9
  3
B3
350
1CA
  3
B4
350
1CB
  3
B5
350
1CC
  3
B6
350
1CD
  0
DICTIONARY
  5
20A2
102
{ACAD_REACTORS
330
C
102
}
330
C
100
AcDbDictionary
281
     1
  3
Metric50
350
20A3
  0
DICTIONARY
  5
7E
102
{ACAD_REACTORS
330
C
102
}
330
C
100
AcDbDictionary
281
     1
  3
Standard
350
7F
  0
DICTIONARY
  5
EF
102
{ACAD_REACTORS
330
C
102
}
330
C
100
AcDbDictionary
281
     1
  3
2dWireframe
350
F5
  3
3D Hidden
350
F7
  3
3dWireframe
350
F6
  3
Basic
350
F4
  3
Brighten
350
FB
  3
ColorChange
350
FF
  3
Conceptual
350
F8
  3
Dim
350
FA
  3
EdgeColorOff
350
1E6
  3
Facepattern
350
FE
  3
Flat
350
F0
  3
FlatWithEdges
350
F1
  3
Gouraud
350
F2
  3
GouraudWithEdges
350
F3
  3
Hidden
350
209C
  3
JitterOff
350
1E4
  3
Linepattern
350
FD
  3
OverhangOff
350
1E5
  3
Realistic
350
F9
  3
Shaded
350
20A1
  3
Shaded with edges
350
20A0
  3
Shades of Gray
350
209D
  3
Sketchy
350
209E
  3
Thicken
350
FC
  3
Wireframe
350
209B
  3
X-Ray
350
209F
  0
XRECORD
  5
2F86
102
{ACAD_REACTORS
330
C
102
}
330
C
100
AcDbXrecord
280
     1
 90
        1
330
7F
  0
DICTIONARY
  5
2F5A
102
{ACAD_REACTORS
330
C
102
}
330
C
100
AcDbDictionary
281
     2
  3
#REVCLOUDAPPROXARCLEN
350
2F5B
  3
ANNOALLVISIBLE
350
2F5C
  3
CANNOSCALE
350
2F5D
  3
CENTERLAYER
350
2F5E
  3
CMLEADERSTYLE
350
2F5F
  3
CTABLESTYLE
350
2F60
  3
CVIEWDETAILSTYLE
350
2F61
  3
CVIEWSECTIONSTYLE
350
2F62
  3
DIMADEC
350
2F63
  3
DIMASSOC
350
2F64
  3
EXPORTPAPERSPACE
350
2F65
  3
HIDETEXT
350
2F66
  3
HPCOLOR
350
2F67
  3
HPINHERIT
350
2F68
  3
HPTRANSPARENCY
350
2F69
  3
INDEXCTL
350
2F6A
  3
LAYEREVAL
350
2F6B
  3
LAYERNOTIFY
350
2F6C
  3
LIGHTINGUNITS
350
2F6D
  3
LOFTANG1
350
2F82
  3
LOFTANG2
350
2F83
  3
MARKUPASSISTMODE
350
2F6E
  3
MLEADERSCALE
350
2F6F
  3
MSLTSCALE
350
2F70
  3
OLEFRAME
350
2F71
  3
PSOLHEIGHT
350
2F81
  3
PSOLWIDTH
350
2F80
  3
SORTENTS
350
2F72
  3
STEPSIZE
350
2F73
  3
STEPSPERSEC
350
2F74
  3
TEXTJUSTIFY
350
2F75
  3
TEXTLAYER
350
2F76
  3
XCLIPFRAME
350
2F84
  3
XREFLAYER
350
2F77
  0
DICTIONARY
  5
200
102
{ACAD_REACTORS
330
C
102
}
330
C
100
AcDbDictionary
281
     1
  0
DICTIONARY
  5
1F9
102
{ACAD_REACTORS
330
1F8
102
}
330
1F8
100
AcDbDictionary
281
     1
  0
SORTENTSTABLE
  5
207
102
{ACAD_REACTORS
330
1CE
102
}
330
1CE
100
AcDbSortentsTable
330
1F
  0
ACDBDETAILVIEWSTYLE
  5
20A5
102
{ACAD_XDICTIONARY
360
2FBE
102
}
102
{ACAD_REACTORS
330
20A4
102
}
330
20A4
100
AcDbModelDocViewStyle
 70
     0
  3
Metric50
290
     0
100
AcDbDetailViewStyle
 70
     0
 71
     0
 90
        3
 71
     1
340
11
 62
   256
 40
5.0
340
0
 62
   256
 40
5.0
300

 40
0.0
280
     1
 71
     2
340
16
 90
       25
 62
   256
 71
     3
340
11
 62
   256
 40
5.0
 90
        0
 40
15.0
 90
        1
300
%<\AcVar ViewDetailId>% (%<\AcVar ViewScale \f "%sn">%)
 71
     4
340
16
 90
       25
 62
   256
340
16
 90
       25
 62
   256
280
     0
  0
LAYOUT
  5
22
102
{ACAD_XDICTIONARY
360
16D0
102
}
102
{ACAD_REACTORS
330
1A
102
}
330
1A
100
AcDbPlotSettings
  1

  2
none_device
  4
ISO_A4_(210.00_x_297.00_MM)
  6

 40
7.5
 41
20.0
 42
7.5
 43
20.0
 44
210.0
 45
297.0
 46
11.54999923706054
 47
-13.65000009536743
 48
0.0
 49
0.0
140
0.0
141
0.0
142
1.0
143
8.704084754739808
 70
 11952
 72
     1
 73
     0
 74
     0
  7

 75
     0
147
0.1148885871608098
 76
     0
 77
     2
 78
   300
148
0.0
149
0.0
100
AcDbLayout
  1
Model
 70
     1
 71
     0
 10
0.0
 20
0.0
 11
12.0
 21
9.0
 12
0.0
 22
0.0
 32
0.0
 14
0.0
 24
0.0
 34
0.0
 15
0.0
 25
0.0
 35
0.0
146
0.0
 13
0.0
 23
0.0
 33
0.0
 16
1.0
 26
0.0
 36
0.0
 17
0.0
 27
1.0
 37
0.0
 76
     0
330
1F
331
EA
1001
ACAD_PSEXT
1000
None
1000
None
1000
Not applicable
1000
The layout will not be plotted unless a new plotter configuration name is selected.
1070
     0
  0
LAYOUT
  5
D3
102
{ACAD_REACTORS
330
1A
102
}
330
1A
100
AcDbPlotSettings
  1

  2
C:\Documents and Settings\basas\Application Data\Autodesk\AutoCAD 2005\R16.1\enu\plotters\Default Windows System Printer.pc3
  4

  6

 40
0.0
 41
0.0
 42
0.0
 43
0.0
 44
0.0
 45
0.0
 46
0.0
 47
0.0
 48
0.0
 49
0.0
140
0.0
141
0.0
142
1.0
143
1.0
 70
   688
 72
     0
 73
     0
 74
     5
  7

 75
    16
147
1.0
 76
     0
 77
     2
 78
   300
148
0.0
149
0.0
100
AcDbLayout
  1
Presentación1
 70
     1
 71
     1
 10
0.0
 20
0.0
 11
12.0
 21
9.0
 12
0.0
 22
0.0
 32
0.0
 14
0.0
 24
0.0
 34
0.0
 15
0.0
 25
0.0
 35
0.0
146
0.0
 13
0.0
 23
0.0
 33
0.0
 16
1.0
 26
0.0
 36
0.0
 17
0.0
 27
1.0
 37
0.0
 76
     0
330
D2
  0
LAYOUT
  5
D7
102
{ACAD_REACTORS
330
1A
102
}
330
1A
100
AcDbPlotSettings
  1

  2
C:\Documents and Settings\basas\Application Data\Autodesk\AutoCAD 2005\R16.1\enu\plotters\Default Windows System Printer.pc3
  4

  6

 40
0.0
 41
0.0
 42
0.0
 43
0.0
 44
0.0
 45
0.0
 46
0.0
 47
0.0
 48
0.0
 49
0.0
140
0.0
141
0.0
142
1.0
143
1.0
 70
   688
 72
     0
 73
     0
 74
     5
  7

 75
    16
147
1.0
 76
     0
 77
     2
 78
   300
148
0.0
149
0.0
100
AcDbLayout
  1
Presentación2
 70
     1
 71
     2
 10
0.0
 20
0.0
 11
12.0
 21
9.0
 12
0.0
 22
0.0
 32
0.0
 14
0.0
 24
0.0
 34
0.0
 15
0.0
 25
0.0
 35
0.0
146
0.0
 13
0.0
 23
0.0
 33
0.0
 16
1.0
 26
0.0
 36
0.0
 17
0.0
 27
1.0
 37
0.0
 76
     0
330
D6
  0
MATERIAL
  5
ED
102
{ACAD_XDICTIONARY
360
350
102
}
102
{ACAD_REACTORS
330
6A
102
}
330
6A
100
AcDbMaterial
  1
ByBlock
  0
MATERIAL
  5
EC
102
{ACAD_XDICTIONARY
360
34E
102
}
102
{ACAD_REACTORS
330
6A
102
}
330
6A
100
AcDbMaterial
  1
ByLayer
  0
MATERIAL
  5
EE
102
{ACAD_XDICTIONARY
360
173
102
}
102
{ACAD_REACTORS
330
6A
102
}
330
6A
100
AcDbMaterial
  1
Global
 43
0.0007999999797903
 43
0.0
 43
0.0
 43
0.0
 43
0.0
 43
0.0007999999797903
 43
0.0
 43
0.0
 43
0.0
 43
0.0
 43
1.0
 43
0.0
 43
0.0
 43
0.0
 43
0.0
 43
1.0
 49
0.0007999999797903
 49
0.0
 49
0.0
 49
0.0
 49
0.0
 49
0.0007999999797903
 49
0.0
 49
0.0
 49
0.0
 49
0.0
 49
1.0
 49
0.0
 49
0.0
 49
0.0
 49
0.0
 49
1.0
142
0.0007999999797903
142
0.0
142
0.0
142
0.0
142
0.0
142
0.0007999999797903
142
0.0
142
0.0
142
0.0
142
0.0
142
1.0
142
0.0
142
0.0
142
0.0
142
0.0
142
1.0
144
0.0007999999797903
144
0.0
144
0.0
144
0.0
144
0.0
144
0.0007999999797903
144
0.0
144
0.0
144
0.0
144
0.0
144
1.0
144
0.0
144
0.0
144
0.0
144
0.0
144
1.0
1001
ACAD
1070
    -1
1070
     3
1070
     0
1000

1071
        0
1070
     0
  0
MLEADERSTYLE
  5
12E
102
{ACAD_REACTORS
330
12D
102
}
330
12D
100
AcDbMLeaderStyle
170
     2
171
     1
172
     0
 90
        2
 40
0.0
 41
0.0
173
     1
 91
-1056964608
340
14
 92
       -2
290
     1
 42
2.0
291
     1
 43
8.0
  3
Standard
 44
4.0
300

342
11
174
     1
178
     1
175
     1
176
     0
 93
-1056964608
 45
4.0
292
     0
297
     0
 46
4.0
 94
-1056964608
 47
1.0
 49
1.0
140
1.0
293
     1
141
0.0
294
     1
177
     0
142
1.0
295
     0
296
     0
143
3.75
1001
ACAD_MLEADERVER
1070
     2
  0
MLINESTYLE
  5
18
102
{ACAD_REACTORS
330
17
102
}
330
17
100
AcDbMlineStyle
  2
STANDARD
 70
     0
  3

 62
   256
 51
90.0
 52
90.0
 71
     2
 49
0.5
 62
   256
  6
BYLAYER
 49
-0.5
 62
   256
  6
BYLAYER
  0
ACDBPLACEHOLDER
  5
F
102
{ACAD_REACTORS
330
E
102
}
330
E
  0
SCALE
  5
10D
102
{ACAD_REACTORS
330
10C
102
}
330
10C
100
AcDbScale
 70
     0
300
1:1
140
1.0
141
1.0
290
     1
  0
SCALE
  5
1BE
102
{ACAD_REACTORS
330
10C
102
}
330
10C
100
AcDbScale
 70
     0
300
1:2
140
1.0
141
2.0
290
     0
  0
SCALE
  5
1BF
102
{ACAD_REACTORS
330
10C
102
}
330
10C
100
AcDbScale
 70
     0
300
1:4
140
1.0
141
4.0
290
     0
  0
SCALE
  5
1C0
102
{ACAD_REACTORS
330
10C
102
}
330
10C
100
AcDbScale
 70
     0
300
1:5
140
1.0
141
5.0
290
     0
  0
SCALE
  5
1C1
102
{ACAD_REACTORS
330
10C
102
}
330
10C
100
AcDbScale
 70
     0
300
1:8
140
1.0
141
8.0
290
     0
  0
SCALE
  5
1C2
102
{ACAD_REACTORS
330
10C
102
}
330
10C
100
AcDbScale
 70
     0
300
1:10
140
1.0
141
10.0
290
     0
  0
SCALE
  5
1C3
102
{ACAD_REACTORS
330
10C
102
}
330
10C
100
AcDbScale
 70
     0
300
1:16
140
1.0
141
16.0
290
     0
  0
SCALE
  5
1C4
102
{ACAD_REACTORS
330
10C
102
}
330
10C
100
AcDbScale
 70
     0
300
1:20
140
1.0
141
20.0
290
     0
  0
SCALE
  5
1C5
102
{ACAD_REACTORS
330
10C
102
}
330
10C
100
AcDbScale
 70
     0
300
1:30
140
1.0
141
30.0
290
     0
  0
SCALE
  5
1C6
102
{ACAD_REACTORS
330
10C
102
}
330
10C
100
AcDbScale
 70
     0
300
1:40
140
1.0
141
40.0
290
     0
  0
SCALE
  5
1C7
102
{ACAD_REACTORS
330
10C
102
}
330
10C
100
AcDbScale
 70
     0
300
1:50
140
1.0
141
50.0
290
     0
  0
SCALE
  5
1C8
102
{ACAD_REACTORS
330
10C
102
}
330
10C
100
AcDbScale
 70
     0
300
1:100
140
1.0
141
100.0
290
     0
  0
SCALE
  5
1C9
102
{ACAD_REACTORS
330
10C
102
}
330
10C
100
AcDbScale
 70
     0
300
2:1
140
2.0
141
1.0
290
     0
  0
SCALE
  5
1CA
102
{ACAD_REACTORS
330
10C
102
}
330
10C
100
AcDbScale
 70
     0
300
4:1
140
4.0
141
1.0
290
     0
  0
SCALE
  5
1CB
102
{ACAD_REACTORS
330
10C
102
}
330
10C
100
AcDbScale
 70
     0
300
8:1
140
8.0
141
1.0
290
     0
  0
SCALE
  5
1CC
102
{ACAD_REACTORS
330
10C
102
}
330
10C
100
AcDbScale
 70
     0
300
10:1
140
10.0
141
1.0
290
     0
  0
SCALE
  5
1CD
102
{ACAD_REACTORS
330
10C
102
}
330
10C
100
AcDbScale
 70
     0
300
100:1
140
100.0
141
1.0
290
     0
  0
ACDBSECTIONVIEWSTYLE
  5
20A3
102
{ACAD_XDICTIONARY
360
2FBC
102
}
102
{ACAD_REACTORS
330
20A2
102
}
330
20A2
100
AcDbModelDocViewStyle
 70
     0
  3
Metric50
290
     0
100
AcDbSectionViewStyle
 70
     0
 71
     0
 90
      102
 71
     1
340
11
 62
   256
 40
5.0
340
0
340
0
 62
   256
 40
5.0
300
I, O, Q, S, X, Z
 40
10.0
 90
        0
 40
2.5
 90
        0
 71
     2
340
16
 90
       25
 62
   256
340
16
 90
       50
 62
   256
 40
5.0
 40
2.5
 40
5.0
 71
     3
340
11
 62
   256
 40
5.0
 90
        0
 40
15.0
 90
        1
300
%<\AcVar ViewSectionStartId>%-%<\AcVar ViewSectionEndId>% (%<\AcVar ViewScale \f "%sn">%)
 71
     4
 62
   256
 62
   257
300
ANSI31
 40
1.0
 90
        0
290
     0
290
     0
 90
        6
 40
0.0
 40
1.570796326794896
 40
0.2617993877991494
 40
1.308996938995747
 40
-0.2617993877991494
 40
1.832595714594044
  0
TABLESTYLE
  5
7F
102
{ACAD_XDICTIONARY
360
162
102
}
102
{ACAD_REACTORS
330
7E
102
}
330
7E
100
AcDbTableStyle
  3
Standard
 70
     0
 71
     0
 40
1.5
 41
1.5
280
     0
281
     0
  7
Standard
140
4.5
170
     2
 62
     0
 63
     7
283
     0
274
    -2
284
     1
 64
     0
275
    -2
285
     1
 65
     0
276
    -2
286
     1
 66
     0
277
    -2
287
     1
 67
     0
278
    -2
288
     1
 68
     0
279
    -2
289
     1
 69
     0
  7
Standard
140
6.0
170
     5
 62
     0
 63
     7
283
     0
274
    -2
284
     1
 64
     0
275
    -2
285
     1
 65
     0
276
    -2
286
     1
 66
     0
277
    -2
287
     1
 67
     0
278
    -2
288
     1
 68
     0
279
    -2
289
     1
 69
     0
  7
Standard
140
4.5
170
     5
 62
     0
 63
     7
283
     0
274
    -2
284
     1
 64
     0
275
    -2
285
     1
 65
     0
276
    -2
286
     1
 66
     0
277
    -2
287
     1
 67
     0
278
    -2
288
     1
 68
     0
279
    -2
289
     1
 69
     0
  0
VISUALSTYLE
  5
F5
102
{ACAD_XDICTIONARY
360
2F92
102
}
102
{ACAD_REACTORS
330
EF
102
}
330
EF
100
AcDbVisualStyle
  2

 70
     4
 71
     0
 72
     2
 73
     1
 90
        0
 40
-0.6
 41
-30.0
 62
     5
 63
     7
 74
     1
 91
        4
 64
     7
 65
   257
 75
     1
175
     1
 42
1.0
 92
        0
 66
   257
 43
1.0
 76
     1
 77
     6
 78
     2
 67
     7
 79
     5
170
     0
171
     0
290
     0
174
     0
 93
        1
 44
0.0
173
     0
291
     0
 45
0.0
1001
ACAD
1000
AcDbSavedByObjectVersion
1070
     0
  0
VISUALSTYLE
  5
F7
102
{ACAD_XDICTIONARY
360
2F96
102
}
102
{ACAD_REACTORS
330
EF
102
}
330
EF
100
AcDbVisualStyle
  2

 70
     6
 71
     1
 72
     2
 73
     2
 90
        0
 40
-0.6
 41
-30.0
 62
     5
 63
     7
 74
     2
 91
        2
 64
     7
 65
   257
 75
     2
175
     1
 42
40.0
 92
        0
 66
   257
 43
1.0
 76
     1
 77
     6
 78
     2
 67
     7
 79
     3
170
     0
171
     0
290
     0
174
     0
 93
        1
 44
0.0
173
     0
291
     0
 45
0.0
1001
ACAD
1000
AcDbSavedByObjectVersion
1070
     0
  0
VISUALSTYLE
  5
F6
102
{ACAD_XDICTIONARY
360
2F94
102
}
102
{ACAD_REACTORS
330
EF
102
}
330
EF
100
AcDbVisualStyle
  2

 70
     5
 71
     0
 72
     2
 73
     1
 90
        0
 40
-0.6
 41
-30.0
 62
     5
 63
     7
 74
     1
 91
        4
 64
     7
 65
   257
 75
     1
175
     1
 42
1.0
 92
        0
 66
   257
 43
1.0
 76
     1
 77
     6
 78
     2
 67
     7
 79
     5
170
     0
171
     0
290
     0
174
     0
 93
        1
 44
0.0
173
     0
291
     0
 45
0.0
1001
ACAD
1000
AcDbSavedByObjectVersion
1070
     0
  0
VISUALSTYLE
  5
F4
102
{ACAD_XDICTIONARY
360
2F90
102
}
102
{ACAD_REACTORS
330
EF
102
}
330
EF
100
AcDbVisualStyle
  2

 70
     7
 71
     1
 72
     0
 73
     1
 90
        0
 40
-0.6
 41
-30.0
 62
     5
 63
     7
 74
     0
 91
        4
 64
     7
 65
   257
 75
     1
175
     1
 42
1.0
 92
        8
 66
     7
 43
1.0
 76
     1
 77
     6
 78
     2
 67
     7
 79
     5
170
     0
171
     0
290
     0
174
     0
 93
        1
 44
0.0
173
     0
291
     1
 45
0.0
1001
ACAD
1000
AcDbSavedByObjectVersion
1070
     0
  0
VISUALSTYLE
  5
FB
102
{ACAD_XDICTIONARY
360
2F9E
102
}
102
{ACAD_REACTORS
330
EF
102
}
330
EF
100
AcDbVisualStyle
  2

 70
    12
 71
     2
 72
     2
 73
     1
 90
        0
 40
-0.6
 41
-30.0
 62
     5
 63
     7
 74
     1
 91
        4
 64
     7
 65
   257
 75
     1
175
     1
 42
1.0
 92
        8
 66
     7
 43
1.0
 76
     1
 77
     6
 78
     2
 67
     7
 79
     5
170
     0
171
     0
290
     0
174
     0
 93
        1
 44
50.0
173
     0
291
     1
 45
0.0
1001
ACAD
1000
AcDbSavedByObjectVersion
1070
     0
  0
VISUALSTYLE
  5
FF
102
{ACAD_XDICTIONARY
360
2FA6
102
}
102
{ACAD_REACTORS
330
EF
102
}
330
EF
100
AcDbVisualStyle
  2

 70
    16
 71
     2
 72
     2
 73
     3
 90
        0
 40
-0.6
 41
-30.0
 62
     5
 63
     8
 74
     1
 91
        4
 64
     7
 65
   257
 75
     1
175
     1
 42
1.0
 92
        8
 66
     8
 43
1.0
 76
     1
 77
     6
 78
     2
 67
     7
 79
     5
170
     0
171
     0
290
     0
174
     0
 93
        1
 44
0.0
173
     0
291
     1
 45
0.0
1001
ACAD
1000
AcDbSavedByObjectVersion
1070
     0
  0
VISUALSTYLE
  5
F8
102
{ACAD_XDICTIONARY
360
2F98
102
}
102
{ACAD_REACTORS
330
EF
102
}
330
EF
100
AcDbVisualStyle
  2

 70
     9
 71
     3
 72
     2
 73
     1
 90
        0
 40
-0.6
 41
-30.0
 62
     5
 63
     7
 74
     2
 91
        2
 64
     7
 65
   257
 75
     1
175
     1
 42
40.0
 92
        8
 66
     7
 43
1.0
 76
     1
 77
     6
 78
     2
 67
     7
 79
     3
170
     0
171
     0
290
     0
174
     0
 93
        1
 44
0.0
173
     0
291
     0
 45
0.0
1001
ACAD
1000
AcDbSavedByObjectVersion
1070
     0
  0
VISUALSTYLE
  5
FA
102
{ACAD_XDICTIONARY
360
2F9C
102
}
102
{ACAD_REACTORS
330
EF
102
}
330
EF
100
AcDbVisualStyle
  2

 70
    11
 71
     2
 72
     2
 73
     1
 90
        0
 40
-0.6
 41
-30.0
 62
     5
 63
     7
 74
     1
 91
        4
 64
     7
 65
   257
 75
     1
175
     1
 42
1.0
 92
        8
 66
     7
 43
1.0
 76
     1
 77
     6
 78
     2
 67
     7
 79
     5
170
     0
171
     0
290
     0
174
     0
 93
        1
 44
-50.0
173
     0
291
     1
 45
0.0
1001
ACAD
1000
AcDbSavedByObjectVersion
1070
     0
  0
VISUALSTYLE
  5
1E6
102
{ACAD_XDICTIONARY
360
2FAC
102
}
102
{ACAD_REACTORS
330
EF
102
}
330
EF
100
AcDbVisualStyle
  2

 70
    22
 71
     2
 72
     2
 73
     0
 90
        0
 40
-0.6
 41
-30.0
 62
     5
 63
     7
 74
     1
 91
        4
 64
     7
 65
   257
 75
     1
175
     1
 42
1.0
 92
        8
 66
     7
 43
1.0
 76
     1
 77
     6
 78
     2
 67
     7
 79
     5
170
     0
171
     0
290
     0
174
     0
 93
        1
 44
0.0
173
     0
291
     1
 45
0.0
1001
ACAD
1000
AcDbSavedByObjectVersion
1070
     0
  0
VISUALSTYLE
  5
FE
102
{ACAD_XDICTIONARY
360
2FA4
102
}
102
{ACAD_REACTORS
330
EF
102
}
330
EF
100
AcDbVisualStyle
  2

 70
    15
 71
     2
 72
     2
 73
     1
 90
        0
 40
-0.6
 41
-30.0
 62
     5
 63
     7
 74
     1
 91
        4
 64
     7
 65
   257
 75
     1
175
     1
 42
1.0
 92
        8
 66
     7
 43
1.0
 76
     1
 77
     6
 78
     2
 67
     7
 79
     5
170
     0
171
     0
290
     0
174
     0
 93
        1
 44
0.0
173
     0
291
     1
 45
0.0
1001
ACAD
1000
AcDbSavedByObjectVersion
1070
     0
  0
VISUALSTYLE
  5
F0
102
{ACAD_XDICTIONARY
360
2F88
102
}
102
{ACAD_REACTORS
330
EF
102
}
330
EF
100
AcDbVisualStyle
  2

 70
     0
 71
     2
 72
     1
 73
     1
 90
        2
 40
-0.6
 41
30.0
 62
     5
 63
     7
 74
     0
 91
        4
 64
     7
 65
   257
 75
     1
175
     1
 42
1.0
 92
        8
 66
     7
 43
1.0
 76
     1
 77
     6
 78
     2
 67
     7
 79
     5
170
     0
171
     0
290
     0
174
     0
 93
        1
 44
0.0
173
     0
291
     1
 45
0.0
1001
ACAD
1000
AcDbSavedByObjectVersion
1070
     0
  0
VISUALSTYLE
  5
F1
102
{ACAD_XDICTIONARY
360
2F8A
102
}
102
{ACAD_REACTORS
330
EF
102
}
330
EF
100
AcDbVisualStyle
  2

 70
     1
 71
     2
 72
     1
 73
     1
 90
        2
 40
-0.6
 41
30.0
 62
     5
 63
     7
 74
     1
 91
        4
 64
     7
 65
   257
 75
     1
175
     1
 42
1.0
 92
        0
 66
   257
 43
1.0
 76
     1
 77
     6
 78
     2
 67
     7
 79
     5
170
     0
171
     0
290
     0
174
     0
 93
        1
 44
0.0
173
     0
291
     1
 45
0.0
1001
ACAD
1000
AcDbSavedByObjectVersion
1070
     0
  0
VISUALSTYLE
  5
F2
102
{ACAD_XDICTIONARY
360
2F8C
102
}
102
{ACAD_REACTORS
330
EF
102
}
330
EF
100
AcDbVisualStyle
  2

 70
     2
 71
     2
 72
     2
 73
     1
 90
        2
 40
-0.6
 41
30.0
 62
     5
 63
     7
 74
     0
 91
        4
 64
     7
 65
   257
 75
     1
175
     1
 42
1.0
 92
        0
 66
     7
 43
1.0
 76
     1
 77
     6
 78
     2
 67
     7
 79
     5
170
     0
171
     0
290
     0
174
     0
 93
        1
 44
0.0
173
     0
291
     1
 45
0.0
1001
ACAD
1000
AcDbSavedByObjectVersion
1070
     0
  0
VISUALSTYLE
  5
F3
102
{ACAD_XDICTIONARY
360
2F8E
102
}
102
{ACAD_REACTORS
330
EF
102
}
330
EF
100
AcDbVisualStyle
  2

 70
     3
 71
     2
 72
     2
 73
     1
 90
        2
 40
-0.6
 41
30.0
 62
     5
 63
     7
 74
     1
 91
        4
 64
     7
 65
   257
 75
     1
175
     1
 42
1.0
 92
        0
 66
   257
 43
1.0
 76
     1
 77
     6
 78
     2
 67
     7
 79
     5
170
     0
171
     0
290
     0
174
     0
 93
        1
 44
0.0
173
     0
291
     1
 45
0.0
1001
ACAD
1000
AcDbSavedByObjectVersion
1070
     0
  0
VISUALSTYLE
  5
209C
102
{ACAD_XDICTIONARY
360
2FB0
102
}
102
{ACAD_REACTORS
330
EF
102
}
330
EF
100
AcDbVisualStyle
  2

 70
     6
 71
     1
 72
     2
 73
     2
 90
        0
 40
-0.6
 41
-30.0
 62
     5
 63
     7
421
 16777215
 74
     2
 91
        2
 64
     7
 65
   257
 75
     2
175
     1
 42
40.0
 92
        0
 66
   257
 43
1.0
 76
     1
 77
     6
 78
     2
 67
     7
 79
     3
170
     0
171
     0
290
     0
174
     0
 93
        1
 44
0.0
173
     0
291
     0
 45
0.0
1001
ACAD
1000
AcDbSavedByObjectVersion
1070
     0
  0
VISUALSTYLE
  5
1E4
102
{ACAD_XDICTIONARY
360
2FA8
102
}
102
{ACAD_REACTORS
330
EF
102
}
330
EF
100
AcDbVisualStyle
  2

 70
    20
 71
     2
 72
     2
 73
     0
 90
        0
 40
-0.6
 41
-30.0
 62
     5
 63
     7
 74
     1
 91
        4
 64
     7
 65
   257
 75
     1
175
     1
 42
1.0
 92
       10
 66
     7
 43
1.0
 76
     1
 77
     6
 78
     2
 67
     7
 79
     5
170
     0
171
     0
290
     0
174
     0
 93
        1
 44
0.0
173
     0
291
     1
 45
0.0
1001
ACAD
1000
AcDbSavedByObjectVersion
1070
     0
  0
VISUALSTYLE
  5
FD
102
{ACAD_XDICTIONARY
360
2FA2
102
}
102
{ACAD_REACTORS
330
EF
102
}
330
EF
100
AcDbVisualStyle
  2

 70
    14
 71
     2
 72
     2
 73
     1
 90
        0
 40
-0.6
 41
-30.0
 62
     5
 63
     7
 74
     1
 91
        4
 64
     7
 65
   257
 75
     7
175
     7
 42
1.0
 92
        8
 66
     7
 43
1.0
 76
     1
 77
     6
 78
     2
 67
     7
 79
     5
170
     0
171
     0
290
     0
174
     0
 93
        1
 44
0.0
173
     0
291
     1
 45
0.0
1001
ACAD
1000
AcDbSavedByObjectVersion
1070
     0
  0
VISUALSTYLE
  5
1E5
102
{ACAD_XDICTIONARY
360
2FAA
102
}
102
{ACAD_REACTORS
330
EF
102
}
330
EF
100
AcDbVisualStyle
  2

 70
    21
 71
     2
 72
     2
 73
     0
 90
        0
 40
-0.6
 41
-30.0
 62
     5
 63
     7
 74
     1
 91
        4
 64
     7
 65
   257
 75
     1
175
     1
 42
1.0
 92
        9
 66
     7
 43
1.0
 76
     1
 77
     6
 78
     2
 67
     7
 79
     5
170
     0
171
     0
290
     0
174
     0
 93
        1
 44
0.0
173
     0
291
     1
 45
0.0
1001
ACAD
1000
AcDbSavedByObjectVersion
1070
     0
  0
VISUALSTYLE
  5
F9
102
{ACAD_XDICTIONARY
360
2F9A
102
}
102
{ACAD_REACTORS
330
EF
102
}
330
EF
100
AcDbVisualStyle
  2

 70
     8
 71
     2
 72
     2
 73
     1
 90
        0
 40
-0.6
 41
-30.0
 62
     5
 63
     7
 74
     1
 91
        0
 64
     7
 65
   257
 75
     1
175
     1
 42
1.0
 92
        8
 66
     8
 43
1.0
 76
     1
 77
     6
 78
     2
 67
     7
 79
     5
170
     0
171
     0
290
     0
174
     0
 93
       13
 44
0.0
173
     0
291
     0
 45
0.0
1001
ACAD
1000
AcDbSavedByObjectVersion
1070
     0
  0
VISUALSTYLE
  5
20A1
102
{ACAD_XDICTIONARY
360
2FBA
102
}
102
{ACAD_REACTORS
330
EF
102
}
330
EF
100
AcDbVisualStyle
  2

 70
    27
 71
     2
 72
     2
 73
     1
 90
        2
 40
-0.6
 41
30.0
 62
     5
 63
     7
421
 16777215
 74
     0
 91
        4
 64
     7
 65
   257
 75
     1
175
     1
 42
1.0
 92
        8
 66
   257
 43
1.0
 76
     1
 77
     6
 78
     2
 67
     8
425
  7895160
 79
     3
170
     0
171
     0
290
     0
174
     0
 93
        5
 44
0.0
173
     0
291
     0
 45
0.0
1001
ACAD
1000
AcDbSavedByObjectVersion
1070
     0
  0
VISUALSTYLE
  5
20A0
102
{ACAD_XDICTIONARY
360
2FB8
102
}
102
{ACAD_REACTORS
330
EF
102
}
330
EF
100
AcDbVisualStyle
  2

 70
    26
 71
     2
 72
     2
 73
     1
 90
        2
 40
-0.6
 41
30.0
 62
     5
 63
     7
421
 16777215
 74
     1
 91
        2
 64
     7
 65
   257
 75
     2
175
     1
 42
1.0
 92
        8
 66
   257
 43
1.0
 76
     1
 77
     6
 78
     2
 67
     7
 79
     3
170
     0
171
     0
290
     0
174
     0
 93
        5
 44
0.0
173
     0
291
     0
 45
0.0
1001
ACAD
1000
AcDbSavedByObjectVersion
1070
     0
  0
VISUALSTYLE
  5
209D
102
{ACAD_XDICTIONARY
360
2FB2
102
}
102
{ACAD_REACTORS
330
EF
102
}
330
EF
100
AcDbVisualStyle
  2

 70
    23
 71
     2
 72
     2
 73
     3
 90
        0
 40
-0.6
 41
-30.0
 62
     5
 63
     7
421
 16777215
 74
     2
 91
        2
 64
     7
 65
     7
 75
     1
175
     1
 42
40.0
 92
        8
 66
     7
 43
1.0
 76
     1
 77
     6
 78
     2
 67
     7
 79
     3
170
     0
171
     0
290
     0
174
     0
 93
        1
 44
0.0
173
     0
291
     0
 45
0.0
1001
ACAD
1000
AcDbSavedByObjectVersion
1070
     0
  0
VISUALSTYLE
  5
209E
102
{ACAD_XDICTIONARY
360
2FB4
102
}
102
{ACAD_REACTORS
330
EF
102
}
330
EF
100
AcDbVisualStyle
  2

 70
    24
 71
     1
 72
     2
 73
     2
 90
        0
 40
-0.6
 41
-30.0
 62
     5
 63
     7
421
 16777215
 74
     2
 91
        2
 64
     7
 65
     7
 75
     1
175
     1
 42
40.0
 92
       11
 66
     7
 43
1.0
 76
     1
 77
     6
 78
     2
 67
     7
 79
     6
170
     0
171
     0
290
     0
174
     0
 93
        1
 44
0.0
173
     0
291
     0
 45
0.0
1001
ACAD
1000
AcDbSavedByObjectVersion
1070
     0
  0
VISUALSTYLE
  5
FC
102
{ACAD_XDICTIONARY
360
2FA0
102
}
102
{ACAD_REACTORS
330
EF
102
}
330
EF
100
AcDbVisualStyle
  2

 70
    13
 71
     2
 72
     2
 73
     1
 90
        0
 40
-0.6
 41
-30.0
 62
     5
 63
     7
 74
     1
 91
        4
 64
     7
 65
   257
 75
     1
175
     1
 42
1.0
 92
       12
 66
     7
 43
1.0
 76
     1
 77
     6
 78
     2
 67
     7
 79
     5
170
     0
171
     0
290
     0
174
     0
 93
        1
 44
0.0
173
     0
291
     1
 45
0.0
1001
ACAD
1000
AcDbSavedByObjectVersion
1070
     0
  0
VISUALSTYLE
  5
209B
102
{ACAD_XDICTIONARY
360
2FAE
102
}
102
{ACAD_REACTORS
330
EF
102
}
330
EF
100
AcDbVisualStyle
  2

 70
     5
 71
     0
 72
     2
 73
     0
 90
        0
 40
-0.6
 41
-30.0
 62
     5
 63
     7
421
 16777215
 74
     1
 91
        4
 64
     7
 65
   257
 75
     1
175
     1
 42
1.0
 92
        0
 66
   257
 43
1.0
 76
     1
 77
     6
 78
     2
 67
     7
 79
     3
170
     0
171
     0
290
     0
174
     0
 93
        1
 44
0.0
173
     0
291
     0
 45
0.0
1001
ACAD
1000
AcDbSavedByObjectVersion
1070
     0
  0
VISUALSTYLE
  5
209F
102
{ACAD_XDICTIONARY
360
2FB6
102
}
102
{ACAD_REACTORS
330
EF
102
}
330
EF
100
AcDbVisualStyle
  2

 70
    25
 71
     2
 72
     2
 73
     1
 90
        1
 40
0.5
 41
-30.0
 62
     5
 63
     7
421
 16777215
 74
     1
 91
        0
 64
     7
 65
   257
 75
     1
175
     1
 42
1.0
 92
        8
 66
     7
 43
1.0
 76
     1
 77
     6
 78
     2
 67
     7
 79
     3
170
     0
171
     0
290
     0
174
     0
 93
       13
 44
0.0
173
     0
291
     0
 45
0.0
1001
ACAD
1000
AcDbSavedByObjectVersion
1070
     0
  0
DICTIONARYVAR
  5
2F5B
102
{ACAD_REACTORS
330
2F5A
102
}
330
2F5A
100
DictionaryVariables
280
     0
  1
100.000000
  0
DICTIONARYVAR
  5
2F5C
102
{ACAD_REACTORS
330
2F5A
102
}
330
2F5A
100
DictionaryVariables
280
     0
  1
1
  0
DICTIONARYVAR
  5
2F5D
102
{ACAD_REACTORS
330
2F5A
102
}
330
2F5A
100
DictionaryVariables
280
     0
  1
1:1
  0
DICTIONARYVAR
  5
2F5E
102
{ACAD_REACTORS
330
2F5A
102
}
330
2F5A
100
DictionaryVariables
280
     0
  1
AM_7
  0
DICTIONARYVAR
  5
2F5F
102
{ACAD_REACTORS
330
2F5A
102
}
330
2F5A
100
DictionaryVariables
280
     0
  1
STANDARD
  0
DICTIONARYVAR
  5
2F60
102
{ACAD_REACTORS
330
2F5A
102
}
330
2F5A
100
DictionaryVariables
280
     0
  1
STANDARD
  0
DICTIONARYVAR
  5
2F61
102
{ACAD_REACTORS
330
2F5A
102
}
330
2F5A
100
DictionaryVariables
280
     0
  1
Metric50
  0
DICTIONARYVAR
  5
2F62
102
{ACAD_REACTORS
330
2F5A
102
}
330
2F5A
100
DictionaryVariables
280
     0
  1
Metric50
  0
DICTIONARYVAR
  5
2F63
102
{ACAD_REACTORS
330
2F5A
102
}
330
2F5A
100
DictionaryVariables
280
     0
  1
0
  0
DICTIONARYVAR
  5
2F64
102
{ACAD_REACTORS
330
2F5A
102
}
330
2F5A
100
DictionaryVariables
280
     0
  1
2
  0
DICTIONARYVAR
  5
2F65
102
{ACAD_REACTORS
330
2F5A
102
}
330
2F5A
100
DictionaryVariables
280
     0
  1
1
  0
DICTIONARYVAR
  5
2F66
102
{ACAD_REACTORS
330
2F5A
102
}
330
2F5A
100
DictionaryVariables
280
     0
  1
1
  0
DICTIONARYVAR
  5
2F67
102
{ACAD_REACTORS
330
2F5A
102
}
330
2F5A
100
DictionaryVariables
280
     0
  1
BYLAYER
  0
DICTIONARYVAR
  5
2F68
102
{ACAD_REACTORS
330
2F5A
102
}
330
2F5A
100
DictionaryVariables
280
     0
  1
0
  0
DICTIONARYVAR
  5
2F69
102
{ACAD_REACTORS
330
2F5A
102
}
330
2F5A
100
DictionaryVariables
280
     0
  1
ByLayer
  0
DICTIONARYVAR
  5
2F6A
102
{ACAD_REACTORS
330
2F5A
102
}
330
2F5A
100
DictionaryVariables
280
     0
  1
0
  0
DICTIONARYVAR
  5
2F6B
102
{ACAD_REACTORS
330
2F5A
102
}
330
2F5A
100
DictionaryVariables
280
     0
  1
0
  0
DICTIONARYVAR
  5
2F6C
102
{ACAD_REACTORS
330
2F5A
102
}
330
2F5A
100
DictionaryVariables
280
     0
  1
0
  0
DICTIONARYVAR
  5
2F6D
102
{ACAD_REACTORS
330
2F5A
102
}
330
2F5A
100
DictionaryVariables
280
     0
  1
2
  0
DICTIONARYVAR
  5
2F82
102
{ACAD_REACTORS
330
2F5A
102
}
330
2F5A
100
DictionaryVariables
280
     0
  1
1.570796
  0
DICTIONARYVAR
  5
2F83
102
{ACAD_REACTORS
330
2F5A
102
}
330
2F5A
100
DictionaryVariables
280
     0
  1
1.570796
  0
DICTIONARYVAR
  5
2F6E
102
{ACAD_REACTORS
330
2F5A
102
}
330
2F5A
100
DictionaryVariables
280
     0
  1
0
  0
DICTIONARYVAR
  5
2F6F
102
{ACAD_REACTORS
330
2F5A
102
}
330
2F5A
100
DictionaryVariables
280
     0
  1
1.000000
  0
DICTIONARYVAR
  5
2F70
102
{ACAD_REACTORS
330
2F5A
102
}
330
2F5A
100
DictionaryVariables
280
     0
  1
1
  0
DICTIONARYVAR
  5
2F71
102
{ACAD_REACTORS
330
2F5A
102
}
330
2F5A
100
DictionaryVariables
280
     0
  1
2
  0
DICTIONARYVAR
  5
2F81
102
{ACAD_REACTORS
330
2F5A
102
}
330
2F5A
100
DictionaryVariables
280
     0
  1
80.000000
  0
DICTIONARYVAR
  5
2F80
102
{ACAD_REACTORS
330
2F5A
102
}
330
2F5A
100
DictionaryVariables
280
     0
  1
5.000000
  0
DICTIONARYVAR
  5
2F72
102
{ACAD_REACTORS
330
2F5A
102
}
330
2F5A
100
DictionaryVariables
280
     0
  1
127
  0
DICTIONARYVAR
  5
2F73
102
{ACAD_REACTORS
330
2F5A
102
}
330
2F5A
100
DictionaryVariables
280
     0
  1
6.000000
  0
DICTIONARYVAR
  5
2F74
102
{ACAD_REACTORS
330
2F5A
102
}
330
2F5A
100
DictionaryVariables
280
     0
  1
2.000000
  0
DICTIONARYVAR
  5
2F75
102
{ACAD_REACTORS
330
2F5A
102
}
330
2F5A
100
DictionaryVariables
280
     0
  1
BC
  0
DICTIONARYVAR
  5
2F76
102
{ACAD_REACTORS
330
2F5A
102
}
330
2F5A
100
DictionaryVariables
280
     0
  1
AM_6
  0
DICTIONARYVAR
  5
2F84
102
{ACAD_REACTORS
330
2F5A
102
}
330
2F5A
100
DictionaryVariables
280
     0
  1
2
  0
DICTIONARYVAR
  5
2F77
102
{ACAD_REACTORS
330
2F5A
102
}
330
2F5A
100
DictionaryVariables
280
     0
  1
AM_0
  0
DICTIONARY
  5
2FBE
330
20A5
100
AcDbDictionary
280
     1
281
     1
  3
ACAD_XREC_ROUNDTRIP
360
2FBF
  0
DICTIONARY
  5
16D0
330
22
100
AcDbDictionary
280
     1
281
     1
  3
ADSK_XREC_LAYOUTTHUMBNAIL
360
16D1
  0
DICTIONARY
  5
350
330
ED
100
AcDbDictionary
280
     1
281
     1
  3
ACAD_XREC_ROUNDTRIP
360
351
  0
DICTIONARY
  5
34E
330
EC
100
AcDbDictionary
280
     1
281
     1
  3
ACAD_XREC_ROUNDTRIP
360
34F
  0
DICTIONARY
  5
173
330
EE
100
AcDbDictionary
280
     1
281
     1
  3
ACAD_XREC_ROUNDTRIP
360
352
  3
BUMPTILE
360
175
  3
DIFFUSETILE
360
174
  3
OPACITYTILE
360
176
  3
REFLECTIONTILE
360
177
  0
DICTIONARY
  5
2FBC
330
20A3
100
AcDbDictionary
280
     1
281
     1
  3
ACAD_XREC_ROUNDTRIP
360
2FBD
  0
DICTIONARY
  5
162
330
7F
100
AcDbDictionary
280
     1
281
     1
  3
ACAD_ROUNDTRIP_2008_TABLESTYLE_CELLSTYLEMAP
360
2F85
  3
ACAD_XREC_ROUNDTRIP
360
2F87
  0
DICTIONARY
  5
2F92
330
F5
100
AcDbDictionary
280
     1
281
     1
  3
ACAD_XREC_ROUNDTRIP
360
2F93
  0
DICTIONARY
  5
2F96
330
F7
100
AcDbDictionary
280
     1
281
     1
  3
ACAD_XREC_ROUNDTRIP
360
2F97
  0
DICTIONARY
  5
2F94
330
F6
100
AcDbDictionary
280
     1
281
     1
  3
ACAD_XREC_ROUNDTRIP
360
2F95
  0
DICTIONARY
  5
2F90
330
F4
100
AcDbDictionary
280
     1
281
     1
  3
ACAD_XREC_ROUNDTRIP
360
2F91
  0
DICTIONARY
  5
2F9E
330
FB
100
AcDbDictionary
280
     1
281
     1
  3
ACAD_XREC_ROUNDTRIP
360
2F9F
  0
DICTIONARY
  5
2FA6
330
FF
100
AcDbDictionary
280
     1
281
     1
  3
ACAD_XREC_ROUNDTRIP
360
2FA7
  0
DICTIONARY
  5
2F98
330
F8
100
AcDbDictionary
280
     1
281
     1
  3
ACAD_XREC_ROUNDTRIP
360
2F99
  0
DICTIONARY
  5
2F9C
330
FA
100
AcDbDictionary
280
     1
281
     1
  3
ACAD_XREC_ROUNDTRIP
360
2F9D
  0
DICTIONARY
  5
2FAC
330
1E6
100
AcDbDictionary
280
     1
281
     1
  3
ACAD_XREC_ROUNDTRIP
360
2FAD
  0
DICTIONARY
  5
2FA4
330
FE
100
AcDbDictionary
280
     1
281
     1
  3
ACAD_XREC_ROUNDTRIP
360
2FA5
  0
DICTIONARY
  5
2F88
330
F0
100
AcDbDictionary
280
     1
281
     1
  3
ACAD_XREC_ROUNDTRIP
360
2F89
  0
DICTIONARY
  5
2F8A
330
F1
100
AcDbDictionary
280
     1
281
     1
  3
ACAD_XREC_ROUNDTRIP
360
2F8B
  0
DICTIONARY
  5
2F8C
330
F2
100
AcDbDictionary
280
     1
281
     1
  3
ACAD_XREC_ROUNDTRIP
360
2F8D
  0
DICTIONARY
  5
2F8E
330
F3
100
AcDbDictionary
280
     1
281
     1
  3
ACAD_XREC_ROUNDTRIP
360
2F8F
  0
DICTIONARY
  5
2FB0
330
209C
100
AcDbDictionary
280
     1
281
     1
  3
ACAD_XREC_ROUNDTRIP
360
2FB1
  0
DICTIONARY
  5
2FA8
330
1E4
100
AcDbDictionary
280
     1
281
     1
  3
ACAD_XREC_ROUNDTRIP
360
2FA9
  0
DICTIONARY
  5
2FA2
330
FD
100
AcDbDictionary
280
     1
281
     1
  3
ACAD_XREC_ROUNDTRIP
360
2FA3
  0
DICTIONARY
  5
2FAA
330
1E5
100
AcDbDictionary
280
     1
281
     1
  3
ACAD_XREC_ROUNDTRIP
360
2FAB
  0
DICTIONARY
  5
2F9A
330
F9
100
AcDbDictionary
280
     1
281
     1
  3
ACAD_XREC_ROUNDTRIP
360
2F9B
  0
DICTIONARY
  5
2FBA
330
20A1
100
AcDbDictionary
280
     1
281
     1
  3
ACAD_XREC_ROUNDTRIP
360
2FBB
  0
DICTIONARY
  5
2FB8
330
20A0
100
AcDbDictionary
280
     1
281
     1
  3
ACAD_XREC_ROUNDTRIP
360
2FB9
  0
DICTIONARY
  5
2FB2
330
209D
100
AcDbDictionary
280
     1
281
     1
  3
ACAD_XREC_ROUNDTRIP
360
2FB3
  0
DICTIONARY
  5
2FB4
330
209E
100
AcDbDictionary
280
     1
281
     1
  3
ACAD_XREC_ROUNDTRIP
360
2FB5
  0
DICTIONARY
  5
2FA0
330
FC
100
AcDbDictionary
280
     1
281
     1
  3
ACAD_XREC_ROUNDTRIP
360
2FA1
  0
DICTIONARY
  5
2FAE
330
209B
100
AcDbDictionary
280
     1
281
     1
  3
ACAD_XREC_ROUNDTRIP
360
2FAF
  0
DICTIONARY
  5
2FB6
330
209F
100
AcDbDictionary
280
     1
281
     1
  3
ACAD_XREC_ROUNDTRIP
360
2FB7
  0
XRECORD
  5
2FBF
102
{ACAD_REACTORS
330
2FBE
102
}
330
2FBE
100
AcDbXrecord
280
     1
102
DISPLAYNAME
  1
Metric50
102
FLAGS
 90
        0
  0
XRECORD
  5
16D1
102
{ACAD_REACTORS
330
16D0
102
}
330
16D0
100
AcDbXrecord
280
     1
310
280000000001000088000000010008000000000000880000000000000000000000010000000000000000000000000000FFFFFF000000000000000000000000000000000000000000000000000000000000000000330000006600000099000000CC000000FF00000000330000333300006633000099330000CC330000FF3300
310
0000660000336600006666000099660000CC660000FF66000000990000339900006699000099990000CC990000FF99000000CC000033CC000066CC000099CC0000CCCC0000FFCC000000FF000033FF000066FF000099FF0000CCFF0000FFFF000000003300330033006600330099003300CC003300FF003300003333003333
310
33006633330099333300CC333300FF33330000663300336633006666330099663300CC663300FF66330000993300339933006699330099993300CC993300FF99330000CC330033CC330066CC330099CC3300CCCC3300FFCC330000FF330033FF330066FF330099FF3300CCFF3300FFFF330000006600330066006600660099
310
006600CC006600FF00660000336600333366006633660099336600CC336600FF33660000666600336666006666660099666600CC666600FF66660000996600339966006699660099996600CC996600FF99660000CC660033CC660066CC660099CC6600CCCC6600FFCC660000FF660033FF660066FF660099FF6600CCFF6600
310
FFFF660000009900330099006600990099009900CC009900FF00990000339900333399006633990099339900CC339900FF33990000669900336699006666990099669900CC669900FF66990000999900339999006699990099999900CC999900FF99990000CC990033CC990066CC990099CC9900CCCC9900FFCC990000FF99
310
0033FF990066FF990099FF9900CCFF9900FFFF99000000CC003300CC006600CC009900CC00CC00CC00FF00CC000033CC003333CC006633CC009933CC00CC33CC00FF33CC000066CC003366CC006666CC009966CC00CC66CC00FF66CC000099CC003399CC006699CC009999CC00CC99CC00FF99CC0000CCCC0033CCCC0066CC
310
CC0099CCCC00CCCCCC00FFCCCC0000FFCC0033FFCC0066FFCC0099FFCC00CCFFCC00FFFFCC000000FF003300FF006600FF009900FF00CC00FF00FF00FF000033FF003333FF006633FF009933FF00CC33FF00FF33FF000066FF003366FF006666FF009966FF00CC66FF00FF66FF000099FF003399FF006699FF009999FF00CC
310
99FF00FF99FF0000CCFF0033CCFF0066CCFF0099CCFF00CCCCFF00FFCCFF0000FFFF0033FFFF0066FFFF0099FFFF00CCFFFF00FFFFFF00000000000D0D0D001A1A1A00282828003535350043434300505050005D5D5D006B6B6B00787878008686860093939300A1A1A100AEAEAE00BBBBBB00C9C9C900D6D6D600E4E4E400
310
F1F1F100FFFFFF0000000000000000000000000000000000000000000000000000000000000000000000000000000000E2E2E2E2E2E2E2E2E2E2E2E2E2E2E2E2E2E2E2E2E2E2E2E2E2E2E2E2E2E2E2E2E2E2E2E2E2E2E2E2E2E2E2E2E2E2E2E2E2E2E2E2E2E2E2E2E2E2E2E2E2E2E2E2E2E2E2E2E2E2E2E2E2E2E2E2E2E2E2
310
E2E2E2E2E2E2E2E2E2E2E2E2E2E2E2E2E2E2E2E2E2E2E2E2E2E2E2E2E2E2E2E2E2E2E2E2E2E2E2E2E2E2E2E2E2E2E2E2E2E2E2E2E2E2E2E2E2E2E2E2E2E2E2E2E2E2E2E2E2E2E2E2E2E2E2E2E2E2E2E2E2E2E2E2E2E2E2E2E2E2E2E2E2E2E2E2E2E2E2E2E2E2E2E2E2E2E2E2E2E2E2E2E2E2E2E2E2E2E2E2E2E2E2E2E2E2E2
310
E2E2E2E2E2E2E2E2E2E2E2E2E2E2E2E2E2E2E2E2E2E2E2E2E2E2E2E2E2E2E2E2E2E2E2E2E2E2E2E2E2E2E2E2E2E2E2E2E2E2E2E2E2E2E2E2E2E2E2E2E2E2E2E2E2E2E2E2E2E2E2E2E2E2E2E2E2E2E2E2E2E2E2E2E2E2E2E2E2E2E2E2E2E2E2E2E2E2E2E2E2E2E2E2E2E2E2E2E2E2E2E2E2E2E2E2E2E2E2E2E2E2E2E2E2E2E2
310
E2E2E2E2E2E2E2E2E2E2E2E2E2E2E2E2E2E2E2E2E2E2E2E2E2E2E2E2E2E2E2E2E2E2E2E2E2E2E2E2E2E2E2E2E2E2E2E2E2E2E2E2E2E2E2E2E2E2E2E2E2E2E2E2E2E2E2E2E2E2E2E2E2E2E2E2E2E2E2E2E2E2E2E2E2E2E2E2E2E2E2E2E2E2E2E2E2E2E2E2E2E2E2E2E2E2E2E2E2E2E2E2E2E2E2E2E2E2E2E2E2E2E2E2E2E2E2
310
E2E2E2E2E2E2E2E2E2E2E2E2E2E2E2E2E2E2E2E2E2E2E2E2E2E2E2E2E2E2E2E2E2E2E2E2E2E2E2E2E2E2E2E2E2E2E2E2E2E2E2E2E2E2E2E2E2E2E2E2E2E2E2E2E2E2E2E2E2E2E2E2E2E2E2E2E2E2E2E2E2E2E2E2E2E2E2E2E2E2E2E2E2E2E2E2E2E2E2E2E2E2E2E2E2E2E2E2E2E2E2E2E2E2E2E2E2E2E2E2E2E2E2E2E2E2E2
310
E2E2E2E2E2E2E2E2E2E2E2E2E2E2E2E2E2E2E2E2E2E2E2E2E2E2E2E2E2E2E2E2E2E2E2E2E2E2E2E2E2E2E2E2E2E2E2E2E2E2E2E2E2E2E2E2E2E2E2E2E2E2E2E2E2E2E2E2E2E2E2E2E2E2E2E2E2E2E2E2E2E2E2E2E2E2E2E2E2E2E2E2E2E2E2E2E2E2E2E2E2E2E2E2E2E2E2E2E2E2E2E2E2E2E2E2E2E2E2E2E2E2E2E2E2E2E2
310
E2E2E2E2E2E2E2E2E2E2E2E2E2E2E2E2E2E2E2E2E2E2E2E2E2E2E2E2E2E2E2E2E2E2E2E2E2E2E2E2E2E2E2E2E2E2E2E2E2E2E2E2E2E2E2E2E2E2E2E2E2E2E2E2E2E2E2E2E2E2E2E2E2E2E2E2E2E2E2E2E2E2E2E2E2E2E2E2E2E2E2E2E2E2E2E2E2E2E2E2E2E2E2E2E2E2E2E2E2E2E2E2E2E2E2E2E2E2E2E2E2E2E2E2E2E2E2
310
E2E2E2E2E2E2E2E2E2E2E2E2E2E2E2E2E2E2E2E2E2E2E2E2E2E2E2E2E2E2E2E2E2E2E2E2E2E2E2E2E2E2E2E2E2E2E2E2E2E2E2E2E2E2E2E2E2E2E2E2E2E2E2E2E2E2E2E2E2E2E2E2E2E2E2E2E2E2E2E2E2E2E2E2E2E2E2E2E2E2E2E2E2E2E2E2E2E2E2E2E2E2E2E2E2E2E2E2E2E2E2E2E2E2E2E2E2E2E2E2E2E2E2E2E2E2E2
310
E2E2E2E2E2E2E2E2E2E2E2E2E2E2E2E2E2E2E2E2E2E2E2E2E2E2E2E2E2E2E2E2E2E2E2E2E2E2E2E2E2E2E2E2E2E2E2E2E2E2E2E2E2E2E2E2E2E2E2E2E2E2E2E2E2E2E2E2E2E2E2E2E2E2E2E2E2E2E2E2E2E2E2E2E2E2E2E2E2E2E2E2E2E2E2E2E2E2E2E2E2E2E2E2E2E2E2E2E2E2E2E2E2E2E2E2E2E2E2E2E2E2E2E2E2E2E2
310
E2E2E2E2E2E2E2E2E2E2E2E2E2E2E2E2E2E2E2E2E2E2E2E2E2E2E2E2E2E2E2E2E2E2E2E2E2E2E2E2E2E2E2E2E2E2E2E2E2E2E2E2E2E2E2E2E2E2E2E2E2E2E2E2E2E2E2E2E2E2E2E2E2E2E2E2E2E2E2E2E2E2E2E2E2E2E2E2E2E2E2E2E2E2E2E2E2E2E2E2E2E2E2E2E2E2E2E2E2E2E2E2E2E2E2E2E2E2E2E2E2E2E2E2E2E2E2
310
E2E2E2E2E2E2E2E2E2E2E2E2E2E2E2E2E2E2E2E2E2E2E2E2E2E2E2E2E2E2E2E2E2E2E2E2E2E2E2E2E2E2E2E2E2E2E2E2E2E2E2E2E2E2E2E2E2E2E2E2E2E2E2E2E2E2E2E2E2E2E2E2E2E2E2E2E2E2E2E2E2E2E2E2E2E2E2E2E2E2E2E2E2E2E2E2E2E2E2E2E2E2E2E2E2E2E2E2E2E2E2E2E2E2E2E2E2E2E2E2E2E2E2E2E2E2E2
310
E2E2E2E2E2E2E2E2E2E2E2E2E2E2E2E2E2E2E2E2E2E2E2E2E2E2E2E2E2E2E2E2E2E2E2E2E2E2E2E2E2E2E2E2E2E2E2E2E2E2E2E2E2E2E2E2E2E2E2E2E2E2E2E2E2E2E2E2E2E2E2E2E2E2E2E2E2E2E2E2E2E2E2E2E2E2E2E2E2E2E2E2E2E2E2E2E2E2E2E2E2E2E2E2E2E2E2E2E2E2E2E2E2E2E2E2E2E2E2E2E2E2E2E2E2E2E2
310
E2E2E2E2E2E2E2E2E2E2E2E2E2E2E2E2E2E2E2E2E2E2E2E2E2E2E2E2E2E2E2E2E2E2E2E2E2E2E2E2E2E2E2E2E2E2E2E2E2E2E2E2E2E2E2E2E2E2E2E2E2E2E2E2E2E2E2E2E2E2E2E2E2E2E2E2E2E2E2E2E2E2E2E2E2E2E2E2E2E2E2E2E2E2E2E2E2E2E2E2E2E2E2E2E2E2E2E2E2E2E2E2E2E2E2E2E2E2E2E2E2E2E2E2E2E2E2
310
E2E2E2E2E2E2E2E2E2E2E2E2E2E2E2E2E2E2E2E2E2E2E2E2E2E2E2E2E2E2E2E2E2E2E2E2E2E2E2E2E2E2E2E2E2E2E2E2E2E2E2E2E2E2E2E2E2E2E2E2E2E2E2E2E2E2E2E2E2E2E2E2E2E2E2E2E2E2E2E2E2E2E2E2E2E2E2E2E2E2E2E2E2E2E2E2E2E2E2E2E2E2E2E2E2E2E2E2E2E2E2E2E2E2E2E2E2E2E2E2E2E2E2E2E2E2E2
310
E2E2E2E2E2E2E2E2E2E2E2E2E2E2E2E2E2E2E2E2E2E2E2E2E2E2E2E2E2E2E2E2E2E2E2E2E2E2E2E2E2E2E2E2E2E2E2E2E2E2E2E2E2E2E2E2E2E2E2E2E2E2E2E2E2E2E2E2E2E2E2E2E2E2E2E2E2E2E2E2E2E2E2E2E2E2E2E2E2E2E2E2E2E2E2E2E2E2E2E2E2E2E2E2E2E2E2E2E2E2E2E2E2E2E2E2E2E2E2E2E2E2E2E2E2E2E2
310
E2E2E2E2E2E2E2E2E2E2E2E2E2E2E2E2E2E2E2E2E2E2E2E2E2E2E2E2E2E2E2E2E2E2E2E2E2E2E2E2E2E2E2E2E2E2E2E2E2E2E2E2E2E2E2E2E2E2E2E2E2E2E2E2E2E2E2E2E2E2E2E2E2E2E2E2E2E2E2E2E2E2E2E2E2E2E2E2E2E2E2E2E2E2E2E2E2E2E2E2E2E2E2E2E2E2E2E2E2E2E2E2E2E2E2E2E2E2E2E2E2E2E2E2E2E2E2
310
E2E2E2E2E2E2E2E2E2E2E2E2E2E2E2E2E2E2E2E2E2E2E2E2E2E2E2E2E2E2E2E2E2E2E2E2E2E2E2E2E2E2E2E2E2E2E2E2E2E2E2E2E2E2E2E2E2E2E2E2E2E2E2E2E2E2E2E2E2E2E2E2E2E2E2E2E2E2E2E2E2E2E2E2E2E2E2E2E2E2E2E2E2E2E2E2E2E2E2E2E2E2E2E2E2E2E2E2E2E2E2E2E2E2E2E2E2E2E2E2E2E2E2E2E2E2E2
310
E2E2E2E2E2E2E2E2E2E2E2E2E2E2E2E2E2E2E2E2E2E2E2E2E2E2E2E2E2E2E2E6E2E6E6E2E2E2E2E2E2E2E2E2E2E2E2E2E2E2E2E2E2E2E2E2E2E2E2E2E2E2E2E2E2E2E2E2E2E2E2E2E2E2E2E2E2E2E2E2E2E2E2E2E2E2E2E2E2E2E2E2E2E2E2E2E2E2E2E2E2E2E2E2E2E2E2E2E2E2E2E2E2E2E2E2E2E2E6E6E2E6E2E2E2E2E2
310
E2E2E2E2E2E2E2E2E2E2E2E2E2E2E2E2E2E2E2E2E2E2E2E2E2E2E2E2E2E2E2E2E2E2E2E2E2E2E2E2E2E2E2E2E2E2E2E2E2E2E2E2E2E2E2E2E2E2E2E2E2E2E2E2E2E2E2E2E2E2E2E2E2E2E2E2E2E2E2E2E2E2E2E2E2E2E2E2E2E2E2E2E2E2E2E2E2E2E2E2E2E2E2E2E2E2E2E2E2E2E2E2E2E2E2E2E2E2E2E2E2E2E2E2E2E2E2
310
E2E2E2E2E2E2E2E2E2E2E2E2E2E2E2E2E2E2E2E2E2E2E2E2E2E2E2E2E2E2E2E2E2E6E6E6E6E6E6E6E6E6E6E6E6E6E6E6E6E6E6E6E6E6E6E6E6E6E6E6E6E6E6E6E6E6E6E6E6E6E6E6E6E6E6E6E6E6E6E6E6E6E6E6E6E6E6E6E6E6E6E6E6E6E6E6E6E6E6E6E6E6E6E6E6E6E6E6E6E6E6E6E6E6E6E6E6E6E6E6E6E6E6E6E2E2E2
310
E2E2E2E2E2E2E2E2E2E2E2E2E2E2E2E2E2E2E2E2E2E2E2E2E2E2E2E2E2E2E2E2E2E2E2E2E2E2E2E2E2E2E2E2E2E2E2E2E2E2E2E2E2E2E2E2E2E2E2E2E2E2E2E2E2E2E2E2E2E2E2E2E2E2E2E2E2E2E2E2E2E2E2E2E2E2E2E2E2E2E2E2E2E2E2E2E2E2E2E2E2E2E2E2E2E2E2E2E2E2E2E2E2E2E2E2E2E2E2E2E2E2E2E2E2E2E2
310
E2E2E2E2E2E2E2E2E2E2E2E2E2E2E2E2E2E2E2E2E2E2E2E2E2E2E2E2E2E2E2E2E2E2E2E6E2E2E2E2E2E2E2E2E2E2E2E2E2E2E2E2E2E2E2E2E2E2E2E2E2E2E2E2E2E2E2E2E2E2E2E2E2E2E2E2E2E6E6E6E6E6E6E2E2E2E2E2E2E2E2E2E2E2E2E2E2E2E2E2E2E2E2E2E2E2E2E2E2E2E2E2E2E2E2E2E2E2E2E2E2E2E2E2E2E6E2
310
E2E2E2E2E2E2E2E2E2E2E2E2E2E2E2E2E2E2E2E2E2E2E2E2E2E2E2E2E2E2E2E2E2E2E2E2E2E2E2E2E2E2E2E2E2E2E2E2E2E2E2E2E2E2E2E2E2E2E2E2E2E2E2E2E2E2E2E2E2E2E2E2E2E2E2E2E2E2E2E2E2E2E2E2E2E2E2E2E2E2E2E2E2E2E2E2E2E2E2E2E2E2E2E2E2E2E2E2E2E2E2E2E2E2E2E2E2E2E2E2E2E2E2E2E2E2E2
310
E2E2E2E2E2E2E2E2E2E2E2E2E2E2E2E2E2E2E2E2E2E2E2E2E2E2E2E2E2E2E2E2E2E2E2E2E2E6E2E2E2E2E2E2E2E2E2E2E2E2E2E2E2E2E2E2E2E2E2E2E2E2E2E2E2E2E2E2E2E2E2E2E2E2E2E2E2E2E2E6E6E6E6E6E6E2E2E2E2E2E2E2E2E2E2E2E2E2E2E2E2E2E2E2E2E2E2E2E2E2E2E2E2E2E2E2E2E2E2E2E2E2E2E2E2E2E2
310
E6E2E2E2E2E2E2E2E2E2E2E2E2E2E2E2E2E2E2E2E2E2E2E2E2E2E2E2E2E2E2E2E2E2E2E2E2E2E2E2E2E2E2E2E2E2E2E2E2E2E2E2E2E2E2E2E2E2E2E2E2E2E2E2E2E2E2E2E2E2E2E2E2E2E2E2E2E2E2E2E2E2E2E2E2E2E2E2E2E2E2E2E2E2E2E2E2E2E2E2E2E2E2E2E2E2E2E2E2E2E2E2E2E2E2E2E2E2E2E2E2E2E2E2E2E2E2
310
E2E2E2E2E2E2E2E2E2E2E2E2E2E2E2E2E2E2E2E2E2E2E2E2E2E2E2E2E2E2E2E2E2E2E2E2E2E2E2E6E2E2E2E2E2E2E2E2E2E2E2E2E2E2E2E2E2E2E2E2E2E2E2E2E2E2E2E2E2E2E2E2E2E2E2E2E2E2E2E2E2E6E6E6E6E6E6E2E2E2E2E2E2E2E2E2E2E2E2E2E2E2E2E2E2E2E2E2E2E2E2E2E2E2E2E2E2E2E2E2E2E2E2E2E2E2E2
310
E2E2E6E2E2E2E2E2E2E2E2E2E2E2E2E2E2E2E2E2E2E2E2E2E2E2E2E2E2E2E2E2E2E2E2E2E2E2E2E2E2E2E2E2E2E2E2E2E2E2E2E2E2E2E2E2E2E2E2E2E2E2E2E2E2E2E2E2E2E2E2E2E2E2E2E2E2E2E2E2E2E2E2E2E2E2E2E2E2E2E2E2E2E2E2E2E2E2E2E2E2E2E2E2E2E2E2E2E2E2E2E2E2E2E2E2E2E2E2E2E2E2E2E2E2E2E2
310
E2E2E2E2E2E2E2E2E2E2E2E2E2E2E2E2E2E2E2E2E2E2E2E2E2E2E2E2E2E2E2E2E2E2E2E2E2E2E2E2E2E6E2E2E2E2E2E2E2E2E2E2E2E2E2E2E2E2E2E2E2E2E2E2E2E2E2E2E2E2E2E2E2E2E2E2E2E2E2E2E2E2E2E2E2E2E2E2E2E2E2E2E2E2E2E2E2E2E2E2E2E2E2E2E2E2E2E2E2E2E2E2E2E2E2E2E2E2E2E2E2E2E2E2E2E2E2
310
E2E2E2E2E6E2E2E2E2E2E2E2E2E2E2E2E2E2E2E2E2E2E2E2E2E2E2E2E2E2E2E2E2E2E2E2E2E2E2E2E2E2E2E2E2E2E2E2E2E2E2E2E2E2E2E2E2E2E2E2E2E2E2E2E2E2E2E2E2E2E2E2E2E2E2E2E2E2E2E2E2E2E2E2E2E2E2E2E2E2E2E2E2E2E2E2E2E2E2E2E2E2E2E2E2E2E2E2E2E2E2E2E2E2E2E2E2E2E2E2E2E2E2E2E2E2E2
310
E2E2E2E2E2E2E2E2E2E2E2E2E2E2E2E2E2E2E2E2E2E2E2E2E2E2E2E2E2E2E2E2E2E2E2E2E2E2E2E2E2E2E2E6E2E2E2E2E2E2E2E2E2E2E2E2E2E2E2E2E2E2E2E2E2E2E2E2E2E2E2E2E2E2E2E2E2E2E2E2E2E2E2E2E2E2E2E2E2E2E2E2E2E2E2E2E2E2E2E2E2E2E2E2E2E2E2E2E2E2E2E2E2E2E2E2E2E2E2E2E2E2E2E2E2E2E2
310
E2E2E2E2E2E2E6E2E2E2E2E2E2E2E2E2E2E2E2E2E2E2E2E2E2E2E2E2E2E2E2E2E2E2E2E2E2E2E2E2E2E2E2E2E2E2E2E2E2E2E2E2E2E2E2E2E2E2E2E2E2E2E2E2E2E2E2E2E2E2E2E2E2E2E2E2E2E2E2E2E2E2E2E2E2E2E2E2E2E2E2E2E2E2E2E2E2E2E2E2E2E2E2E2E2E2E2E2E2E2E2E2E2E2E2E2E2E2E2E2E2E2E2E2E2E2E2
310
E2E2E2E2E2E2E2E2E2E2E2E2E2E2E2E2E2E2E2E2E2E2E2E2E2E2E2E2E2E2E2E2E2E2E2E2E2E2E2E2E2E2E2E2E2E6E2E2E2E2E2E2E2E2E2E2E2E2E2E2E2E2E2E2E2E2E2E2E2E2E2E2E2E2E2E2E2E2E2E2E2E2E2E2E2E2E2E2E2E2E2E2E2E2E2E2E2E2E2E2E2E2E2E2E2E2E2E2E2E2E2E2E2E2E2E2E2E2E2E2E2E2E2E2E2E2E2
310
E2E2E2E2E2E2E2E2E6E2E2E2E2E2E2E2E2E2E2E2E2E2E2E2E2E2E2E2E2E2E2E2E2E2E2E2E2E2E2E2E2E2E2E2E2E2E2E2E2E2E2E2E2E2E2E2E2E2E2E2E2E2E2E2E2E2E2E2E2E2E2E2E2E2E2E2E2E2E2E2E2E2E2E2E2E2E2E2E2E2E2E2E2E2E2E2E2E2E2E2E2E2E2E2E2E2E2E2E2E2E2E2E2E2E2E2E2E2E2E2E2E2E2E2E2E2E2
310
E2E2E2E2E2E2E2E2E2E2E2E2E2E2E2E2E2E2E2E2E2E2E2E2E2E2E2E2E2E2E2E2E2E2E2E2E2E2E2E2E2E2E2E2E2E2E2E6E2E2E2E2E2E2E2E2E2E2E2E2E2E2E2E2E2E2E2E2E2E2E2E2E2E2E2E2E2E2E2E2E2E2E2E2E2E2E2E2E2E2E2E2E2E2E2E2E2E2E2E2E2E2E2E2E2E2E2E2E2E2E2E2E2E2E2E2E2E2E2E2E2E2E2E2E2E2E2
310
E2E2E2E2E2E2E2E2E2E2E6E2E2E2E2E2E2E2E2E2E2E2E2E2E2E2E2E2E2E2E2E2E2E2E2E2E2E2E2E2E2E2E2E2E2E2E2E2E2E2E2E2E2E2E2E2E2E2E2E2E2E2E2E2E2E2E2E2E2E2E2E2E2E2E2E2E2E2E2E2E2E2E2E2E2E2E2E2E2E2E2E2E2E2E2E2E2E2E2E2E2E2E2E2E2E2E2E2E2E2E2E2E2E2E2E2E2E2E2E2E2E2E2E2E2E2E2
310
E2E2E2E2E2E2E2E2E2E2E2E2E2E2E2E2E2E2E2E2E2E2E2E2E2E2E2E2E2E2E2E2E2E2E2E2E2E2E2E2E2E2E2E2E2E2E2E2E2E6E2E2E2E2E2E2E2E2E2E2E2E2E2E2E2E2E2E2E2E2E2E2E2E2E2E2E2E2E2E2E2E2E2E2E2E2E2E2E2E2E2E2E2E2E2E2E2E2E2E2E2E2E2E2E2E2E2E2E2E2E2E2E2E2E2E2E2E2E2E2E2E2E2E2E2E2E2
310
E2E2E2E2E2E2E2E2E2E2E2E2E6E2E2E2E2E2E2E2E2E2E2E2E2E2E2E2E2E2E2E2E2E2E2E2E2E2E2E2E2E2E2E2E2E2E2E2E2E2E2E2E2E2E2E2E2E2E2E2E2E2E2E2E2E2E2E2E2E2E2E2E2E2E2E2E2E2E2E2E2E2E2E2E2E2E2E2E2E2E2E2E2E2E2E2E2E2E2E2E2E2E2E2E2E2E2E2E2E2E2E2E2E2E2E2E2E2E2E2E2E2E2E2E2E2E2
310
E2E2E2E2E2E2E2E2E2E2E2E2E2E2E2E2E2E2E2E2E2E2E2E2E2E2E2E2E2E2E2E2E2E2E2E2E2E2E2E2E2E6E6E6E6E6E6E6E6E6E6E6E6E6E6E6E6E6E6E6E6E6E6E6E6E6E6E6E6E6E6E6E6E6E6E6E6E6E6E6E6E6E6E6E6E6E6E6E6E6E6E6E6E6E6E6E6E6E6E6E6E6E6E6E6E6E6E6E6E6E6E6E6E6E6E6E6E6E6E6E6E6E6E6E6E6E6
310
E6E6E6E6E6E2F5E6E6E2E2E6E6E6E6E6E6E6E6E6E6E6E6E6E6E2E2E2E2E2E2E2E2E2E2E2E2E2E2E2E2E2E2E2E2E2E2E2E2E2E2E2E2E2E2E2E2E2E2E2E2E2E2E2E2E2E2E2E2E2E2E2E2E2E2E2E2E2E2E2E2E2E2E2E2E2E2E2E2E2E2E2E2E2E2E2E2E2E2E2E2E2E2E2E2E2E2E2E2E2E2E2E2E2E2E2E2E2E2E2E2E2E2E2E2E2E2
310
E2E2E2E2E2E2E2E2E2E2E2E2E2E2E2E2E2E2E2E2E2E2E2E2E2E2E2E2E2E2E2E2E2E2E2E2E2E2E2E2E2E2E2E2E6E2E2E2E2E2E2E2E2E6E2E2E2E2E2E2E2E2E2E2E2E2E2E2E2E2E2E2E2E2E2E2E2E2E2E2E2E2E2E2E2E2E2E2E2E2E2E2E2E2E2E2E2E2E2E2E2E2E2E2E2E2E2E2E2E2E2E2E2E2E2E2E2E2E2E2E2E2E2E2E2E2E2
310
E2E2E2E2E2E2E2F5F5F5F5F5F5E2E2E2E6E2E2E2E2E2E2E2E2E2E6E2E2E2E2E2E2E2E2E2E2E2E2E2E2E2E2E2E2E2E2E2E2E2E2E2E2E2E2E2E2E2E2E2E2E2E2E2E2E2E2E2E2E2E2E2E2E2E2E2E2E2E2E2E2E2E2E2E2E2E2E2E2E2E2E2E2E2E2E2E2E2E2E2E2E2E2E2E2E2E2E2E2E2E2E2E2E2E2E2E2E2E2E2E2E2E2E2E2E2E2
310
E2E2E2E2E2E2E2E2E2E2E2E2E2E2E2E2E2E2E2E2E2E2E2E2E2E2E2E2E2E2E2E2E2E2E2E2E2E2E2E2E2E2E2E2E2E6E6E2E2E2E2E2E2E2E2E6E2E2E2E2E2E2E2E2E2E2E2E2E2E2E2E2E2E2E2E2E2E2E2E2E2E2E2E2E2E2E2E2E2E2E2E2E2E2E2E2E2E2E2E2E2E2E2E2E2E2E2E2E2E2E2E2E2E2E2E2E2E2E2E2E2E2E2E2E2E2E2
310
E2E2E2E2E2E2E2E2E2F5F5F5F5F5F5F5E2E2E2E2E2E2E2E2E2E2E2E6E6E2E2E2E2E2E2E2E2E2E2E2E2E2E2E2E2E2E2E2E2E2E2E2E2E2E2E2E2E2E2E2E2E2E2E2E2E2E2E2E2E2E2E2E2E2E2E2E2E2E2E2E2E2E2E2E2E2E2E2E2E2E2E2E2E2E2E2E2E2E2E2E2E2E2E2E2E2E2E2E2E2E2E2E2E2E2E2E2E2E2E2E2E2E2E2E2E2E2
310
E2E2E2E2E2E2E2E2E2E2E2E2E2E2E2E2E2E2E2E2E2E2E2E2E2E2E2E2E2E2E2E2E2E2E2E2E2E2E2E2E2E2E2E2E2E2E2E6E6E2E2E2E2E2E2E2E2E6E2E2E2E2E2E2E2E2E2E2E2E2E2E2E2E2E2E2E2E2E2E2E2E2E2E2E2E2E2E2E2E2E2E2E2E2E2E2E2E2E2E2E2E2E2E2E2E2E2E2E2E2E2E2E2E2E2E2E2E2E2E2E2E2E2E2E2E2E2
310
E2E2E2E2E2E2E2E2E2E2E2F5F5F5F5F5F5F5F5F5E2E2E2E2E2E2E2E2E2E6E6E2E2E2E2E2E2E2E2E2E2E2E2E2E2E2E2E2E2E2E2E2E2E2E2E2E2E2E2E2E2E2E2E2E2E2E2E2E2E2E2E2E2E2E2E2E2E2E2E2E2E2E2E2E2E2E2E2E2E2E2E2E2E2E2E2E2E2E2E2E2E2E2E2E2E2E2E2E2E2E2E2E2E2E2E2E2E2E2E2E2E2E2E2E2E2E2
310
E2E2E2E2E2E2E2E2E2E2E2E2E2E2E2E2E2E2E2E2E2E2E2E2E2E2E2E2E2E2E2E2E2E2E2E2E2E2E2E2E2E2E2E2E2E2E2E2E2E2E6E2E2E2E2E2E2E2E2E6E2E2E2E2E2E2E2E2E2E2E2E2E2E2E2E2E2E2E2E2E2E2E2E2E2E2E2E2E2E2E2E2E2E2E2E2E2E2E2E2E2E2E2E2E2E2E2E2E2E2E2E2E2E2E2E2E2E2E2E2E2E2E2E2E2E2E2
310
E2E2E2E2E2E2E2E2E2E2E2E2E2F5F5F5E2E2F5F5F5F5E6E2E2E2E2E2E2E2E2E2E6E2E2E2E2E2E2E2E2E2E2E2E2E2E2E2E2E2E2E2E2E2E2E2E2E2E2E2E2E2E2E2E2E2E2E2E2E2E2E2E2E2E2E2E2E2E2E2E2E2E2E2E2E2E2E2E2E2E2E2E2E2E2E2E2E2E2E2E2E2E2E2E2E2E2E2E2E2E2E2E2E2E2E2E2E2E2E2E2E2E2E2E2E2E2
310
E2E2E2E2E2E2E2E2E2E2E2E2E2E2E2E2E2E2E2E2E2E2E2E2E2E2E2E2E2E2E2E2E2E2E2E2E2E2E2E2E2E2E2E2E2E2E2E2E2E2E2E2E6E2E2E2E2E2E2E2E2E6E2E2E2E2E2E2E2E2E2E2E2E2E2E2E2E2E2E2E2E2E2E2E2E2E2E2E2E2E2E2E2E2E2E2E2E2E2E2E2E2E2E2E2E2E2E2E2E2E2E2E2E2E2E2E2E2E2E2E2E2E2E2E2E2E2
310
E2E2E2E2E2E2E2E2E2E2E2E2E2E2E2E2E2E2E2E2E2E2F5F5F5E2E2E2E2E2E2E2E2E2E6E2E2E2E2E2E2E2E2E2E2E2E2E2E2E2E2E2E2E2E2E2E2E2E2E2E2E2E2E2E2E2E2E2E2E2E2E2E2E2E2E2E2E2E2E2E2E2E2E2E2E2E2E2E2E2E2E2E2E2E2E2E2E2E2E2E2E2E2E2E2E2E2E2E2E2E2E2E2E2E2E2E2E2E2E2E2E2E2E2E2E2E2
310
E2E2E2E2E2E2E2E2E2E2E2E2E2E2E2E2E2E2E2E2E2E2E2E2E2E2E2E2E2E2E2E2E2E2E2E2E2E2E2E2E2E2E2E2E2E2E2E2E2E2E2E2E2E2E6E2E2E2E2E2E2E2E2E6E2E2E2E2E2E2E2E2E2E2E2E2E2E2E2E2E2E2E2E2E2E2E2E2E2E2E2E2E2E2E2E2E2E2E2E2E2E2E2E2E2E2E2E2E2E2E2E2E2E2E2E2E2E2E2E2E2E2E2E2E2E2E2
310
E2E2E2E2E2E2E2E2E2E2E2E2E2E2E2E2E2E2E2E2E2E2E2E2F5F5F5E2E2E2E2E2E2E2E2E2E6E2E2E2E2E2E2E2E2E2E2E2E2E2E2E2E2E2E2E2E2E2E2E2E2E2E2E2E2E2E2E2E2E2E2E2E2E2E2E2E2E2E2E2E2E2E2E2E2E2E2E2E2E2E2E2E2E2E2E2E2E2E2E2E2E2E2E2E2E2E2E2E2E2E2E2E2E2E2E2E2E2E2E2E2E2E2E2E2E2E2
310
E2E2E2E2E2E2E2E2E2E2E2E2E2E2E2E2E2E2E2E2E2E2E2E2E2E2E2E2E2E2E2E2E2E2E2E2E2E2E2E2E2E2E2E2E2E2E2E2E2E2E2E2E2E2E2E2E6E2E2E2E2E2E2E2E2E6E2E2E2E2E2E2E2E2E2E2E2E2E2E2E2E2E2E2E2E2E2E2E2E2E2E2E2E2E2E2E2E2E2E2E2E2E2E2E2E2E2E2E2E2E2E2E2E2E2E2E2E2E2E2E2E2E2E2E2E2E2
310
E2E2E2E2E2E2E2E2E2E2E2E2E2E2E2E2E2E2E2E2E2E2E2E2E2E2F5F5F5E2E2E2E2E2E2E2E2E2E6E2E2E2E2E2E2E2E2E2E2E2E2E2E2E2E2E2E2E2E2E2E2E2E2E2E2E2E2E2E2E2E2E2E2E2E2E2E2E2E2E2E2E2E2E2E2E2E2E2E2E2E2E2E2E2E2E2E2E2E2E2E2E2E2E2E2E2E2E2E2E2E2E2E2E2E2E2E2E2E2E2E2E2E2E2E2E2E2
310
E2E2E2E2E2E2E2E2E2E2E2E2E2E2E2E2E2E2E2E2E2E2E2E2E2E2E2E2E2E2E2E2E2E2E2E2E2E2E2E2E2E2E2E2E2E2E2E2E2E2E2E2E2E2E2E2E2E2E6E2E2E2E2E2E2E2E2E6E2E2E2E2E2E2E2E2E2E2E2E2E2E2E2E2E2E2E2E2E2E2E2E2E2E2E2E2E2E2E2E2E2E2E2E2E2E2E2E2E2E2E2E2E2E2E2E2E2E2E2E2E2E2E2E2E2E2E2
310
E2E2E2E2E2E2E2E2E2E2E2E2E2E2E2E2E2E2E2E2E2F5F5F5E2E2F5F5F5F5F5E2E2E2E2E2E2E2E2E2E6E2E2E2E2E2E2E2E2E2E2E2E2E2E2E2E2E2E2E2E2E2E2E2E2E2E2E2E2E2E2E2E2E2E2E2E2E2E2E2E2E2E2E2E2E2E2E2E2E2E2E2E2E2E2E2E2E2E2E2E2E2E2E2E2E2E2E2E2E2E2E2E2E2E2E2E2E2E2E2E2E2E2E2E2E2E2
310
E2E2E2E2E2E2E2E2E2E2E2E2E2E2E2E2E2E2E2E2E2E2E2E2E2E2E2E2E2E2E2E2E2E2E2E2E2E2E2E2E2E2E2E2E2E2E2E2E2E2E2E2E2E2E2E2E2E2E2E2E6E2E2E2E2E2E2E2E2E6E2E2E2E2E2E2E2E2E2E2E2E2E2E2E2E2E2E2E2E2E2E2E2E2E2E2E2E2E2E2E2E2E2E2E2E2E2E2E2E2E2E2E2E2E2E2E2E2E2E2E2E2E2E2E2E2E2
310
E2E2E2E2E2E2E2E2E2E2E2E2E2E2E2E2E2E2E2E2E2E2E2F5F5F5F5F5F5F5F5F5F5E2E2E2E2E2E2E2E2E2E6E2E2E2E2E2E2E2E2E2E2E2E2E2E2E2E2E2E2E2E2E2E2E2E2E2E2E2E2E2E2E2E2E2E2E2E2E2E2E2E2E2E2E2E2E2E2E2E2E2E2E2E2E2E2E2E2E2E2E2E2E2E2E2E2E2E2E2E2E2E2E2E2E2E2E2E2E2E2E2E2E2E2E2E2
310
E2E2E2E2E2E2E2E2E2E2E2E2E2E2E2E2E2E2E2E2E2E2E2E2E2E2E2E2E2E2E2E2E2E2E2E2E2E2E2E2E2E2E2E2E2E2E2E2E2E2E2E2E2E2E2E2E2E2E2E2E2E2E6E2E2E2E2E2E2E2E2E6E2E2E2E2E2E2E2E2E2E2E2E2E2E2E2E2E2E2E2E2E2E2E2E2E2E2E2E2E2E2E2E2E2E2E2E2E2E2E2E2E2E2E2E2E2E2E2E2E2E2E2E2E2E2E2
310
E2E2E2E2E2E2E2E2E2E2E2E2E2E2E2E2E2E2E2E2E2E2E2E2E2F5F5F5F5F5F5F5F5F5F5E2E2E2E2E2E2E2E2E2E6E2E2E2E2E2E2E2E2E2E2E2E2E2E2E2E2E2E2E2E2E2E2E2E2E2E2E2E2E2E2E2E2E2E2E2E2E2E2E2E2E2E2E2E2E2E2E2E2E2E2E2E2E2E2E2E2E2E2E2E2E2E2E2E2E2E2E2E2E2E2E2E2E2E2E2E2E2E2E2E2E2E2
310
E2E2E2E2E2E2E2E2E2E2E2E2E2E2E2E2E2E2E2E2E2E2E2E2E2E2E2E2E2E2E2E2E2E2E2E2E2E2E2E2E2E2E2E2E2E2E2E2E2E2E2E2E2E2E2E2E2E2E2E2E2E2E2E2E6E2E2E2E2E2E2E2E2E6E2E2E2E2E2E2E2E2E2E2E2E2E2E2E2E2E2E2E2E2E2E2E2E2E2E2E2E2E2E2E2E2E2E2E2E2E2E2E2E2E2E2E2E2E2E2E2E2E2E2E2E2E2
310
E2E2E2E2E2E2E2E2E2E2E2E2E2E2E2E2E2E2E2E2E2E2E2E2E2E2E2F5F5F5F5F5F5E2F5F5F5E2E2E2E2E2E2E2E2E2E6E2E2E2E2E2E2E2E2E2E2E2E2E2E2E2E2E2E2E2E2E2E2E2E2E2E2E2E2E2E2E2E2E2E2E2E2E2E2E2E2E2E2E2E2E2E2E2E2E2E2E2E2E2E2E2E2E2E2E2E2E2E2E2E2E2E2E2E2E2E2E2E2E2E2E2E2E2E2E2E2
310
E2E2E2E2E2E2E2E2E2E2E2E2E2E2E2E2E2E2E2E2E2E2E2E2E2E2E2E2E2E2E2E2E2E2E2E2E2E2E2E2E2E2E2E2E2E2E2E2E2E2E2E2E2E2E2E2E2E2E2E2E2E6E6E6E6E2E6E2E2E2E2E2E2E2E2E6E2E2E2E2E2E2E2E2E2E2E2E2E2E2E2E2E2E2E2E2E2E2E2E2E2E2E2E2E2E2E2E2E2E2E2E2E2E2E2E2E2E2E2E2E2E2E2E2E2E2E2
310
E2E2E2E2E2E2E2E2E2E2E2E2E2E2E2E2E2E2E2E2E2E2E2E2E2E2E2E2E2E2E2E2E2E2E2E2F5F5F5E2E2E2E2E2E2E2E2E2E6E2E2E2E2E2E2E2E2E2E2E2E2E2E2E2E2E2E2E2E2E2E2E2E2E2E2E2E2E2E2E2E2E2E2E2E2E2E2E2E2E2E2E2E2E2E2E2E2E2E2E2E2E2E2E2E2E2E2E2E2E2E2E2E2E2E2E2E2E2E2E2E2E2E2E2E2E2E2
310
E2E2E2E2E2E2E2E2E2E2E2E2E2E2E2E2E2E2E2E2E2E2E2E2E2E2E2E2E2E2E2E2E2E2E2E2E2E2E2E2E2E2E2E2E2E2E2E2E2E2E2E2E2E2E2E2E2E2E2E2E2E2E2E6E6E6E6E2E6E2E2E2E2E2E2E2E2E6E2E2E2E2E2E2E2E2E2E2E2E2E2E2E2E2E2E2E2E2E2E2E2E2E2E2E2E2E2E2E2E2E2E2E2E2E2E2E2E2E2E2E2E2E2E2E2E2E2
310
E2E2E2E2E2E2E2E2E2E2E2E2E2E2E2E2E2E2E2E2E2E2E2E2E2E2E2E2E2E2E2E2E2E2E2E2E2E2F5F5F5E2E2E2E2E2E2E2E2E2E6E2E2E2E2E2E2E2E2E2E2E2E2E2E2E2E2E2E2E2E2E2E2E2E2E2E2E2E2E2E2E2E2E2E2E2E2E2E2E2E2E2E2E2E2E2E2E2E2E2E2E2E2E2E2E2E2E2E2E2E2E2E2E2E2E2E2E2E2E2E2E2E2E2E2E2E2
310
E2E2E2E2E2E2E2E2E2E2E2E2E2E2E2E2E2E2E2E2E2E2E2E2E2E2E2E2E2E2E2E2E2E2E2E2E2E2E2E2E2E2E2E2E2E2E2E2E2E2E2E2E2E2E2E2E2E2E2E2E2E2E2E2E2E6E6E6E6E2E6E2E2E2E2E2E2E2E2E6E2E2E2E2E2E2E2E2E2E2E2E2E2E2E2E2E2E2E2E2E2E2E2E2E2E2E2E2E2E2E2E2E2E2E2E2E2E2E2E2E2E2E2E2E2E2E2
310
E2E2E2E2E2E2E2E2E2E2E2E2E2E2E2E2E2E2E2E2E2E2E2E2E2E2E2E2E2E2E2E2E2E2E2E2E2E2E2E2F5F5F5E2E2E2E2E2E2E2E2E2E6E2E2E2E2E2E2E2E2E2E2E2E2E2E2E2E2E2E2E2E2E2E2E2E2E2E2E2E2E2E2E2E2E2E2E2E2E2E2E2E2E2E2E2E2E2E2E2E2E2E2E2E2E2E2E2E2E2E2E2E2E2E2E2E2E2E2E2E2E2E2E2E2E2E2
310
E2E2E2E2E2E2E2E2E2E2E2E2E2E2E2E2E2E2E2E2E2E2E2E2E2E2E2E2E2E2E2E2E2E2E2E2E2E2E2E2E2E2E2E2E2E2E2E2E2E2E2E2E2E2E2E2E2E2E2E2E2E2E2E2E2E2E2E6E6E6E6E2E6E2E2E2E2E2E2E2E2E6E2E2E2E2E2E2E2E2E2E2E2E2E2E2E2E2E2E2E2E2E2E2E2E2E2E2E2E2E2E2E2E2E2E2E2E2E2E2E2E2E2E2E2E2E2
310
E2E2E2E2E2E2E2E2E2E2E2E2E2E2E2E2E2E2E2E2E2E2E2E2E2E2E2E2E2E2E2E2E2E2E2E2E2E2E2E2E2E2F5F5F5E2E2E2E2E2E2E2E2E2E6E2E2E2E2E2E2E2E2E2E2E2E2E2E2E2E2E2E2E2E2E2E2E2E2E2E2E2E2E2E2E2E2E2E2E2E2E2E2E2E2E2E2E2E2E2E2E2E2E2E2E2E2E2E2E2E2E2E2E2E2E2E2E2E2E2E2E2E2E2E2E2E2
310
E2E2E2E2E2E2E2E2E2E2E2E2E2E2E2E2E2E2E2E2E2E2E2E2E2E2E2E2E2E2E2E2E2E2E2E2E2E2E2E2E2E2E2E2E2E2E2E2E2E2E2E2E2E2E2E2E2E2E2E2E2E2E2E2E2E2E2E2E2E6E6E6E6E2E6E2E2E2E2E2E2E2E2E6E2E2E2E2E2E2E2E2E2E2E2E2E2E2E2E2E2E2E2E2E2E2E2E2E2E2E2E2E2E2E2E2E2E2E2E2E2E2E2E2E2E2E2
310
E2E2E2E2E2E2E2E2E2E2E2E2E2E2E2E2E2E2E2E2E2E2E2E2E2E2E2E2E2E2E2E2E2E2E2E2E2E2E2E2E2E2E2E2F5F5F5E2E2E2E2E2E2E2E2E2E6E2E2E2E2E2E2E2E2E2E2E2E2E2E2E2E2E2E2E2E2E2E2E2E2E2E2E2E2E2E2E2E2E2E2E2E2E2E2E2E2E2E2E2E2E2E2E2E2E2E2E2E2E2E2E2E2E2E2E2E2E2E2E2E2E2E2E2E2E2E2
310
E2E2E2E2E2E2E2E2E2E2E2E2E2E2E2E2E2E2E2E2E2E2E2E2E2E2E2E2E2E2E2E2E2E2E2E2E2E2E2E2E2E2E2E2E2E2E2E2E2E2E2E2E2E2E2E2E2E2E2E2E2E2E2E2E2E2E2E2E2E2E2E6E6E6E6E2E6E2E2E2E2E2E2E2E2E6E2E2E2E2E2E2E2E2E2E2E2E2E2E2E2E2E2E2E2E2E2E2E2E2E2E2E2E2E2E2E2E2E2E2E2E2E2E2E2E2E2
310
E2E2E2E2E2E2E2E2E2E2E2E2E2E2E2E2E2E2E2E2E2E2E2E2E2E2E2E2E2E2E2E2E2E2E2E2E2E2E2E2E2E2E2E2E2E2F5F5F5E2E2E2E2E2E2E2E2E2E6E2E2E2E2E2E2E2E2E2E2E2E2E2E2E2E2E2E2E2E2E2E2E2E2E2E2E2E2E2E2E2E2E2E2E2E2E2E2E2E2E2E2E2E2E2E2E2E2E2E2E2E2E2E2E2E2E2E2E2E2E2E2E2E2E2E2E2E2
310
E2E2E2E2E2E2E2E2E2E2E2E2E2E2E2E2E2E2E2E2E2E2E2E2E2E2E2E2E2E2E2E2E2E2E2E2E2E2E2E2E2E2E2E2E2E2E2E2E2E2E2E2E2E2E2E2E2E2E2E2E2E2E2E2E2E2E2E2E2E2E2E2E2E6E6E6E6E2E6E2E2E2E2E2E2E2E2E6E2E2E2E2E2E2E2E2E2E2E2E2E2E2E2E2E2E2E2E2E2E2E2E2E2E2E2E2E2E2E2E2E2E2E2E2E2E2E2
310
E2E2E2E2E2E2E2E2E2E2E2E2E2E2E2E2E2E2E2E2E2E2E2E2E2E2E2E2E2E2E2E2E2E2E2E2E2E2E2E2E2E2E2E2E2E2E2E2F5F5F5E2E2E2E2E2E2E2E2E2E6E2E2E2E2E2E2E2E2E2E2E2E2E2E2E2E2E2E2E2E2E2E2E2E2E2E2E2E2E2E2E2E2E2E2E2E2E2E2E2E2E2E2E2E2E2E2E2E2E2E2E2E2E2E2E2E2E2E2E2E2E2E2E2E2E2E2
310
E2E2E2E2E2E2E2E2E2E2E2E2E2E2E2E2E2E2E2E2E2E2E2E2E2E2E2E2E2E2E2E2E2E2E2E2E2E2E2E2E2E2E2E2E2E2E2E2E2E2E2E2E2E2E2E2E2E2E2E2E2E2E2E2E2E2E2E2E2E2E2E2E2E2E2E2E2E2E2E2E6E2E2E2E2E2E2E2E2E6E2E2E2E2E2E2E2E2E2E2E2E2E2E2E2E2E2E2E2E2E2E2E2E2E2E2E2E2E2E2E2E2E2E2E2E2E2
310
E2E2E2E2E2E2E2E2E2E2E2E2E2E2E2E2E2E2E2E2E2E2E2E2E2E2E2E2E2E2E2E2E2E2E2E2E2E2E2E2E2E2E2E2E2E2E2E2E2E2F5F5F5E2E2E2E2E2E2E2E2E2E6E2E2E2E2E2E2E2E2E2E2E2E2E2E2E2E2E2E2E2E2E2E2E2E2E2E2E2E2E2E2E2E2E2E2E2E2E2E2E2E2E2E2E2E2E2E2E2E2E2E2E2E2E2E2E2E2E2E2E2E2E2E2E2E2
310
E2E2E2E2E2E2E2E2E2E2E2E2E2E2E2E2E2E2E2E2E2E2E2E2E2E2E2E2E2E2E2E2E2E2E2E2E2E2E2E2E2E2E2E2E2E2E2E2E2E2E2E2E2E2E2E2E2E2E2E2E2E2E2E2E2E2E2E2E2E2E2E2E2E2E2E2E2E2E2E2E2E2E6E2E2E2E2E2E2E2E2E6E2E2E2E2E2E2E2E2E2E2E2E2E2E2E2E2E2E2E2E2E2E2E2E2E2E2E2E2E2E2E2E2E2E2E2
310
E2E2E2E2E2E2E2E2E2E2E2E2E2E2E2E2E2E2E2E2E2E2E2E2E2E2E2E2E2E2E2E2E2E2E2E2E2E2E2E2E2E2E2E2E2E2E2E2E2E2E2E2F5F5F5E2E2E2E2E2E2E2E2E2E6E2E2E2E2E2E2E2E2E2E2E2E2E2E2E2E2E2E2E2E2E2E2E2E2E2E2E2E2E2E2E2E2E2E2E2E2E2E2E2E2E2E2E2E2E2E2E2E2E2E2E2E2E2E2E2E2E2E2E2E2E2E2
310
E2E2E2E2E2E2E2E2E2E2E2E2E2E2E2E2E2E2E2E2E2E2E2E2E2E2E2E2E2E2E2E2E2E2E2E2E2E2E2E2E2E2E2E2E2E2E2E2E2E2E2E2E2E2E2E2E2E2E2E2E2E2E2E2E2E2E2E2E2E2E2E2E2E2E2E2E2E2E2E2E2E2E2E2E6E2E2E2E2E2E2E2E2E6E2E2E2E2E2E2E2E2E2E2E2E2E2E2E2E2E2E2E2E2E2E2E2E2E2E2E2E2E2E2E2E2E2
310
E2E2E2E2E2E2E2E2E2E2E2E2E2E2E2E2E2E2E2E2E2E2E2E2E2E2E2E2E2E2E2E2E2E2E2E2E2E2E2E2E2E2E2E2E2E2E2E2E2E2E2E2E2E2F5F5F5E2E2E2E2E2E2E2E2E2E6E2E2E2E2E2E2E2E2E2E2E2E2E2E2E2E2E2E2E2E2E2E2E2E2E2E2E2E2E2E2E2E2E2E2E2E2E2E2E2E2E2E2E2E2E2E2E2E2E2E2E2E2E2E2E2E2E2E2E2E2
310
E2E2E2E2E2E2E2E2E2E2E2E2E2E2E2E2E2E2E2E2E2E2E2E2E2E2E2E2E2E2E2E2E2E2E2E2E2E2E2E2E2E2E2E2E2E2E2E2E2E2E2E2E2E2E2E2E2E2E2E2E2E2E2E2E2E2E2E2E2E2E2E2E2E2E2E2E2E2E2E2E2E2E2E2E2E2E6E2E2E2E2E2E2E2E2E6E2E2E2E2E2E2E2E2E2E2E2E2E2E2E2E2E2E2E2E2E2E2E2E2E2E2E2E2E2E2E2
310
E2E2E2E2E2E2E2E2E2E2E2E2E2E2E2E2E2E2E2E2E2E2E2E2E2E2E2E2E2E2E2E2E2E2E2E2E2E2E2E2E2E2E2E2E2E2E2E2E2E2E2E2E2E2E2E2F5F5F5E2E2E2E2E2E2E2E2E2E6E2E2E2E2E2E2E2E2E2E2E2E2E2E2E2E2E2E2E2E2E2E2E2E2E2E2E2E2E2E2E2E2E2E2E2E2E2E2E2E2E2E2E2E2E2E2E2E2E2E2E2E2E2E2E2E2E2E2
310
E2E2E2E2E2E2E2E2E2E2E2E2E2E2E2E2E2E2E2E2E2E2E2E2E2E2E2E2E2E2E2E2E2E2E2E2E2E2E2E2E2E2E2E2E2E2E2E2E2E2E2E2E2E2E2E2E2E2E2E2E2E2E2E2E2E2E2E2E2E2E2E2E2E2E2E2E2E2E2E2E2E2E2E2E2E2E2E2E6E2E2E2E2E2E2E2E2E6E2E2E2E2E2E2E2E2E2E2E2E2E2E2E2E2E2E2E2E2E2E2E2E2E2E2E2E2E2
310
E2E2E2E2E2E2E2E2E2E2E2E2E2E2E2E2E2E2E2E2E2E2E2E2E2E2E2E2E2E2E2E2E2E2E2E2E2E2E2E2E2E2E2E2E2E2E2E2E2E2E2E2E2E2E2E2E2E2F5F5F5E2E2E2E2E2E2E2E2E2E6E2E2E2E2E2E2E2E2E2E2E2E2E2E2E2E2E2E2E2E2E2E2E2E2E2E2E2E2E2E2E2E2E2E2E2E2E2E2E2E2E2E2E2E2E2E2E2E2E2E2E2E2E2E2E2E2
310
E2E2E2E2E2E2E2E2E2E2E2E2E2E2E2E2E2E2E2E2E2E2E2E2E2E2E2E2E2E2E2E2E2E2E2E2E2E2E2E2E2E2E2E2E2E2E2E2E2E2E2E2E2E2E2E2E2E2E2E2E2E2E2E2E2E2E2E2E2E2E2E2E2E2E2E2E2E2E2E2E2E2E2E2E2E2E2E2E2E2E6E2E2E2E2E2E2E2E2E6E2E2E2E2E2E2E2E2E2E2E2E2E2E2E2E2E2E2E2E2E2E2E2E2E2E2E2
310
E2E2E2E2E2E2E2E2E2E2E2E2E2E2E2E2E2E2E2E2E2E2E2E2E2E2E2E2E2E2E2E2E2E2E2E2E2E2E2E2E2E2E2E2E2E2E2E2E2E2E2E2E2E2E2E2E2E2E2E2F5F5F5E2E2E2E2E2E2E2E2E2E6E2E2E2E2E2E2E2E2E2E2E2E2E2E2E2E2E2E2E2E2E2E2E2E2E2E2E2E2E2E2E2E2E2E2E2E2E2E2E2E2E2E2E2E2E2E2E2E2E2E2E2E2E2E2
310
E2E2E2E2E2E2E2E2E2E2E2E2E2E2E2E2E2E2E2E2E2E2E2E2E2E2E2E2E2E2E2E2E2E2E2E2E2E2E2E2E2E2E2E2E2E2E2E2E2E2E2E2E2E2E2E2E2E2E2E2E2E2E2E2E2E2E2E2E2E2E2E2E2E2E2E2E2E2E2E2E2E2E2E2E2E2E2E2E2E2E2E2E6E2E2E2E2E2E2E2E2E6E2E2E2E2E2E2E2E2E2E2E2E2E2E2E2E2E2E2E2E2E2E2E2E2E2
310
E2E2E2E2E2E2E2E2E2E2E2E2E2E2E2E2E2E2E2E2E2E2E2E2E2E2E2E2E2E2E2E2E2E2E2E2E2E2E2E2E2E2E2E2E2E2E2E2E2E2E2E2E2E2E2E2E2E2E2E2E2E2F5F5F5E2E2E2E2E2E2E2E2E2E6E2E2E2E2E2E2E2E2E2E2E2E2E2E2E2E2E2E2E2E2E2E2E2E2E2E2E2E2E2E2E2E2E2E2E2E2E2E2E2E2E2E2E2E2E2E2E2E2E2E2E2E2
310
E2E2E2E2E2E2E2E2E2E2E2E2E2E2E2E2E2E2E2E2E2E2E2E2E2E2E2E2E2E2E2E2E2E2E2E2E2E2E2E2E2E2E2E2E2E2E2E2E2E2E2E2E2E2E2E2E2E2E2E2E2E2E2E2E2E2E2E2E2E2E2E2E2E2E2E2E2E2E2E2E2E2E2E2E2E2E2E2E2E2E2E2E2E2E6E2E2E2E2E2E2E2E2E6E2E2E2E2E2E2E2E2E2E2E2E2E2E2E2E2E2E2E2E2E2E2E2
310
E2E2E2E2E2E2E2E2E2E2E2E2E2E2E2E2E2E2E2E2E2E2E2E2E2E2E2E2E2E2E2E2E2E2E2E2E2E2E2E2E2E2E2E2E2E2E2E2E2E2E2E2E2E2E2E2E2E2E2E2E2E2E2E2F5F5F5E2E2E2E2E2E2E2E2E2E6E2E2E2E2E2E2E2E2E2E2E2E2E2E2E2E2E2E2E2E2E2E2E2E2E2E2E2E2E2E2E2E2E2E2E2E2E2E2E2E2E2E2E2E2E2E2E2E2E2E2
310
E2E2E2E2E2E2E2E2E2E2E2E2E2E2E2E2E2E2E2E2E2E2E2E2E2E2E2E2E2E2E2E2E2E2E2E2E2E2E2E2E2E2E2E2E2E2E2E2E2E2E2E2E2E2E2E2E2E2E2E2E2E2E2E2E2E2E2E2E2E2E2E2E2E2E2E2E2E2E2E2E2E2E2E2E2E2E2E2E2E2E2E2E2E2E2E6E6E2E2E2E2E2E2E2E2E6E2E2E2E2E2E2E2E2E2E2E2E2E2E2E2E2E2E2E2E2E2
310
E2E2E2E2E2E2E2E2E2E2E2E2E2E2E2E2E2E2E2E2E2E2E2E2E2E2E2E2E2E2E2E2E2E2E2E2E2E2E2E2E2E2E2E2E2E2E2E2E2E2E2E2E2E2E2E2E2E2E2E2E2E2E2E2E2E2F5F5F5E2E2E2E2E2E2E2E2E2E6E2E2E2E2E2E2E2E2E2E2E2E2E2E2E2E2E2E2E2E2E2E2E2E2E2E2E2E2E2E2E2E2E2E2E2E2E2E2E2E2E2E2E2E2E2E2E2E2
310
E2E2E2E2E2E2E2E2E2E2E2E2E2E2E2E2E2E2E2E2E2E2E2E2E2E2E2E2E2E2E2E2E2E2E2E2E2E2E2E2E2E2E2E2E2E2E2E2E2E2E2E2E2E2E2E2E2E2E2E2E2E2E2E2E2E2E2E2E2E2E2E2E2E2E2E2E2E2E2E2E2E2E2E2E2E2E2E2E2E2E2E2E2E2E2E2E2E6E6E2E2E2E2E2E2E2E2E6E2E2E2E2E2E2E2E2E2E2E2E2E2E2E2E2E2E2E2
310
E2E2E2E2E2E2E2E2E2E2E2E2E2E2E2E2E2E2E2E2E2E2E2E2E2E2E2E2E2E2E2E2E2E2E2E2E2E2E2E2E2E2E2E2E2E2E2E2E2E2E2E2E2E2E2E2E2E2E2E2E2E2E2E2E2E2E2E2F5F5F5E2E2E2E2E2E2E2E2E2E6E2E2E2E2E2E2E2E2E2E2E2E2E2E2E2E2E2E2E2E2E2E2E2E2E2E2E2E2E2E2E2E2E2E2E2E2E2E2E2E2E2E2E2E2E2E2
310
E2E2E2E2E2E2E2E2E2E2E2E2E2E2E2E2E2E2E2E2E2E2E2E2E2E2E2E2E2E2E2E2E2E2E2E2E2E2E2E2E2E2E2E2E2E2E2E2E2E2E2E2E2E2E2E2E2E2E2E2E2E2E2E2E2E2E2E2E2E2E2E2E2E2E2E2E2E2E2E2E2E2E2E2E2E2E2E2E2E2E2E2E2E2E2E2E2E2E2E2E6E2E2E2E2E2E2E2E2E6E2E2E2E2E2E2E2E2E2E2E2E2E2E2E2E2E2
310
E2E2E2E2E2E2E2E2E2E2E2E2E2E2E2E2E2E2E2E2E2E2E2E2E2E2E2E2E2E2E2E2E2E2E2E2E2E2E2E2E2E2E2E2E2E2E2E2E2E2E2E2E2E2E2E2E2E2E2E2E2E2E2E2E2E2E2E2E2E2F5F5F5E2E2E2E2E2E2E2E2E2E6E2E2E2E2E2E2E2E2E2E2E2E2E2E2E2E2E2E2E2E2E2E2E2E2E2E2E2E2E2E2E2E2E2E2E2E2E2E2E2E2E2E2E2E2
310
E2E2E2E2E2E2E2E2E2E2E2E2E2E2E2E2E2E2E2E2E2E2E2E2E2E2E2E2E2E2E2E2E2E2E2E2E2E2E2E2E2E2E2E2E2E2E2E2E2E2E2E2E2E2E2E2E2E2E2E2E2E2E2E2E2E2E2E2E2E2E2E2E2E2E2E2E2E2E2E2E2E2E2E2E2E2E2E2E2E2E2E2E2E2E2E2E2E2E2E2E2E6E6E6E6E6E6E6E6E6E6E6E2E6E6F5E2E2E2E2E2E2E2E2E2E2E2
310
E2E2E2E2E2F5F5F5F5E2E2E2E2E2E2E2E2E2E2E2E2E2E2E2E2E2E2E2E2E2E2E2E2E2E2E2E2E2E2E2E2E2E2E2E2E2E2E2E2E2E2E2E2E2E2E2E2E2E2E2E2E2E2E2E2E2E2E2E2E2E2E2F5F5F5E2E2E2E2E2E2E2E2E2E6E2E2E2E2E2E2E2E2E2E2E2E2E2E2E2E2E2E2E2E2E2E2E2E2E2E2E2E2E2E2E2E2E2E2E2E2E2E2E2E2E2E2
310
E2E2E2E2E2E2E2E2E2E2E2E2E2E2E2E2E2E2E2E2E2E2E2E2E2E2E2E2E2E2E2E2E2E2E2E2E2E2E2E2E2E2E2E2E2E2E2E2E2E2E2E2E2E2E2E2E2E2E2E2E2E2E2E2E2E2E2E2E2E2E2E2E2E2E2E2E2E2E2E2E2E2E2E2E2E2E2E2E2E2E2E2E2E2E2E2E2E2E2E2E2E2E2E2E6E2E2E2E2E2E2E2E2E2F5F5F5F5F5E2E2E2E2E2E2E2E2
310
E2E2E2E2E2E2F5F5F5F5F5E2E2E2E2E2E2E2E2E2E2E2E2E2E2E2E2E2E2E2E2E2E2E2E2E2E2E2E2E2E2E2E2E2E2E2E2E2E2E2E2E2E2E2E2E2E2E2E2E2E2E2E2E2E2E2E2E2E2E2E2E2E2E2F5F5F5E2E2E2E2E2E2E2E2E2E6E2E2E2E2E2E2E2E2E2E2E2E2E2E2E2E2E2E2E2E2E2E2E2E2E2E2E2E2E2E2E2E2E2E2E2E2E2E2E2E2
310
E2E2E2E2E2E2E2E2E2E2E2E2E2E2E2E2E2E2E2E2E2E2E2E2E2E2E2E2E2E2E2E2E2E2E2E2E2E2E2E2E2E2E2E2E2E2E2E2E2E2E2E2E2E2E2E2E2E2E2E2E2E2E2E2E2E2E2E2E2E2E2E2E2E2E2E2E2E2E2E2E2E2E2E2E2E2E2E2E2E2E2E2E2E2E2E2E2E2E2E2E2E2E2E2E2E6E6E2E2E2E2E2E2E2E2E6F5F5F5F5F5E2E2E2E2E2E2
310
E2E2E2E2E2E2E2E2F5F5F5F5F5E2E2E2E2E2E2E2E2E2E2E2E2E2E2E2E2E2E2E2E2E2E2E2E2E2E2E2E2E2E2E2E2E2E2E2E2E2E2E2E2E2E2E2E2E2E2E2E2E2E2E2E2E2E2E2E2E2E2E2E2E2E2E2F5F5F5E2E2E2E2E2E2E2E2E2E6E2E2E2E2E2E2E2E2E2E2E2E2E2E2E2E2E2E2E2E2E2E2E2E2E2E2E2E2E2E2E2E2E2E2E2E2E2E2
310
E2E2E2E2E2E2E2E2E2E2E2E2E2E2E2E2E2E2E2E2E2E2E2E2E2E2E2E2E2E2E2E2E2E2E2E2E2E2E2E2E2E2E2E2E2E2E2E2E2E2E2E2E2E2E2E2E2E2E2E2E2E2E2E2E2E2E2E2E2E2E2E2E2E2E2E2E2E2E2E2E2E2E2E2E2E2E2E2E2E2E2E2E2E2E2E2E2E2E2E2E2E2E2E2E2E2E2E6E6E2E2E2E2E2E2E2E2F5F5F5F5F5F5E2E2E2E2
310
E2E2E2E2E2E2E2E2E2E2F5F5F5F5F5E2E2E2E2E2E2E2E2E2E2E2E2E2E2E2E2E2E2E2E2E2E2E2E2E2E2E2E2E2E2E2E2E2E2E2E2E2E2E2E2E2E2E2E2E2E2E2E2E2E2E2E2E2E2E2E2E2E2E2E2E2E2E2F5F5F5E2E2E2E2E2E2E2E2E2E6E2E2E2E2E2E2E2E2E2E2E2E2E2E2E2E2E2E2E2E2E2E2E2E2E2E2E2E2E2E2E2E2E2E2E2E2
310
E2E2E2E2E2E2E2E2E2E2E2E2E2E2E2E2E2E2E2E2E2E2E2E2E2E2E2E2E2E2E2E2E2E2E2E2E2E2E2E2E2E2E2E2E2E2E2E2E2E2E2E2E2E2E2E2E2E2E2E2E2E2E2E2E2E2E2E2E2E2E2E2E2E2E2E2E2E2E2E2E2E2E2E2E2E2E2E2E2E2E2E2E2E2E2E2E2E2E2E2E2E2E2E2E2E2E2E2E2E2E6E2E2E2E2E2E2E2E2F5F5F5E2E2E2E2E2
310
E2E2E2E2E2E2E2E2E2E2E2E2E2E2F5F5F5E2E2E2E2E2E2E2E2E2E2E2E2E2E2E2E2E2E2E2E2E2E2E2E2E2E2E2E2E2E2E2E2E2E2E2E2E2E2E2E2E2E2E2E2E2E2E2E2E2E2E2E2E2E2E2E2E2E2E2E2E2E2E2F5F5F5E2E2E2E2E2E2E2E2E2E6E2E2E2E2E2E2E2E2E2E2E2E2E2E2E2E2E2E2E2E2E2E2E2E2E2E2E2E2E2E2E2E2E2E2
310
E2E2E2E2E2E2E2E2E2E2E2E2E2E2E2E2E2E2E2E2E2E2E2E2E2E2E2E2E2E2E2E2E2E2E2E2E2E2E2E2E2E2E2E2E2E2E2E2E2E2E2E2E2E2E2E2E2E2E2E2E2E2E2E2E2E2E2E2E2E2E2E2E2E2E2E2E2E2E2E2E2E2E2E2E2E2E2E2E2E2E2E2E2E2E2E2E2E2E2E2E2E2E2E2E2E2E2E2E2E2E2E2E6E2E2E2E2E2E2E2E2F5F5F5E2E2E2
310
E2E2E2E2E2E2E2E2E2E2E2E2E2E2E2E2F5F5F5E2E2E2E2E2E2E2E2E2E2E2E2E2E2E2E2E2E2E2E2E2E2E2E2E2E2E2E2E2E2E2E2E2E2E2E2E2E2E2E2E2E2E2E2E2E2E2E2E2E2E2E2E2E2E2E2E2E2E2E2E2E2E2F5F5F5E2E2E2E2E2E2E2E2E2E6E2E2E2E2E2E2E2E2E2E2E2E2E2E2E2E2E2E2E2E2E2E2E2E2E2E2E2E2E2E2E2E2
310
E2E2E2E2E2E2E2E2E2E2E2E2E2E2E2E2E2E2E2E2E2E2E2E2E2E2E2E2E2E2E2E2E2E2E2E2E2E2E2E2E2E2E2E2E2E2E2E2E2E2E2E2E2E2E2E2E2E2E2E2E2E2E2E2E2E2E2E2E2E2E2E2E2E2E2E2E2E2E2E2E2E2E2E2E2E2E2E2E2E2E2E2E2E2E2E2E2E2E2E2E2E2E2E2E2E2E2E2E2E2E2E2E2E2E6E2E2E2E2E2E2E2E2F5F5F5F5
310
F5F5F5F5F5F5F5F5F5F5F5F5F5F5F5F5F5F5F5F5F5F5F5F5F5F5F5F5F5F5F5F5F5F5F5F5E2E2E2E2E2E2E2E2E2E2E2E2E2E2E2E2E2E2E2E2E2E2E2E2E2E2E2E2E2E2E2E2E2E2E2E2E2E2E2E2E2F5F5F5E2E2E2E2F5F5F5E2E2E2E2E2E2E2E2E2E6E2E2E2E2E2E2E2E2E2E2E2E2E2E2E2E2E2E2E2E2E2E2E2E2E2E2E2E2E2E2
310
E2E2E2E2E2E2E2E2E2E2E2E2E2E2E2E2E2E2E2E2E2E2E2E2E2E2E2E2E2E2E2E2E2E2E2E2E2E2E2E2E2E2E2E2E2E2E2E2E2E2E2E2E2E2E2E2E2E2E2E2E2E2E2E2E2E2E2E2E2E2E2E2E2E2E2E2E2E2E2E2E2E2E2E2E2E2E2E2E2E2E2E2E2E2E2E2E2E2E2E2E2E2E2E2E2E2E2E2E2E2E2E2E2E2E2E2E6E2E2E2E2E2E2E2E2F5F5
310
F5F5F5F5F5F5F5F5F5F5F5F5F5F5F5F5F5F5F5F5F5F5F5F5F5F5F5F5F5F5F5F5F5F5F5F5F5F5E2E2E2E2E2E2E2E2E2E2E2E2E2E2E2E2E2E2E2E2E2E2E2E2E2E2E2E2E2E2E2E2E2E2E2E2E2E2E2E2E2F5F5F5F5F5F5F5F5F5F5E2E2E2E2E2E2E2E2E2E6E2E2E2E2E2E2E2E2E2E2E2E2E2E2E2E2E2E2E2E2E2E2E2E2E2E2E2E2
310
E2E2E2E2E2E2E2E2E2E2E2E2E2E2E2E2E2E2E2E2E2E2E2E2E2E2E2E2E2E2E2E2E2E2E2E2E2E2E2E2E2E2E2E2E2E2E2E2E2E2E2E2E2E2E2E2E2E2E2E2E2E2E2E2E2E2E2E2E2E2E2E2E2E2E2E2E2E2E2E2E2E2E2E2E2E2E2E2E2E2E2E2E2E2E2E2E2E2E2E2E2E2E2E2E2E2E2E2E2E2E2E2E2E2E2E2E2E2E6E2E2E2E2E2E2E2E2
310
F5F5F5F5F5F5F5F5F5F5F5F5F5F5F5F5F5F5F5F5F5F5F5F5F5F5F5F5F5F5F5F5F5F5F5F5F5F5F5F5F5E2F5F5F5F5ECECECECECECECECECECECECECECECECECECECECECECECECECECECECECECF5F5F5E2E2F5F5F5F5F5F5F5F5F5F5E2E2E2E2E2E2E2E2E2E6E2E2E2E2E2E2E2E2E2E2E2E2E2E2E2E2E2E2E2E2E2E2E2E2E2E2
310
E2E2E2E2E2E2E2E2E2E2E2E2E2E2E2E2E2E2E2E2E2E2E2E2E2E2E2E2E2E2E2E2E2E2E2E2E2E2E2E2E2E2E2E2E2E2E2E2E2E2E2E2E2E2E2E2E2E2E2E2E2E2E2E2E2E2E2E2E2E2E2E2E2E2E2E2E2E2E2E2E2E2E2E2E2E2E2E2E2E2E2E2E2E2E2E2E2E2E2E2E2E2E2E2E2E2E2E2E2E2E2E2E2E2E2E2E2E2E2E2E6E2E2E2E2E2E2
310
E2E2F5F5F5E2E2E2E2E2E2E2E2E2E2E2E2E2E2E2E2E2E2E2E2E2E2E2E2E2E2E2E2E2E2E2E2E2E2F5F5F5F5F5F5F5F5E2ECE2ECE2E2ECE2E2ECE2ECECE2ECE2E2ECE2ECECE2ECE2E2ECE2E2ECE2ECF5F5F5F5F5F5F5F5F5F5F5F5F5F5F5E2E2E2E2E2E2E2E2E2E6E2E2E2E2E2E2E2E2E2E2E2E2E2E2E2E2E2E2E2E2E2E2E2E2
310
E2E2E2E2E2E2E2E2E2E2E2E2E2E2E2E2E2E2E2E2E2E2E2E2E2E2E2E2E2E2E2E2E2E2E2E2E2E2E2E2E2E2E2E2E2E2E2E2E2E2E2E2E2E2E2E2E2E2E2E2E2E2E2E2E2E2E2E2E2E2E2E2E2E2E2E2E2E2E2E2E2E2E2E2E2E2E2E2E2E2E2E2E2E2E2E2E2E2E2E2E2E2E2E2E2E2E2E2E2E2E2E2E2E2E2E2E2E2E2E2E2E2E6E2E2E2E2
310
E2E2E2E2F5F5F5E2E2E2E2E2E2E2E2E2E2E2E2E2E2E2E2E2E2E2E2E2E2E2E2E2E2E2E2E2E2E2E2E2E2F5F5F5F5F5F5F5ECECECECECECECECECECECECECECECECECECECECECECECECECECECECECECECE2ECF5F5F5F5F5F5F5E2E2E2E2F5F5F5E2E2E2E2E2E2E2E2E2E6E2E2E2E2E2E2E2E2E2E2E2E2E2E2E2E2E2E2E2E2E2E2
310
E2E2E2E2E2E2E2E2E2E2E2E2E2E2E2E2E2E2E2E2E2E2E2E2E2E2E2E2E2E2E2E2E2E2E2E2E2E2E2E2E2E2E2E2E2E2E2E2E2E2E2E2E2E2E2E2E2E2E2E2E2E2E2E2E2E2E2E2E2E2E2E2E2E2E2E2E2E2E2E2E2E2E2E2E2E2E2E2E2E2E2E2E2E2E2E2E2E2E2E2E2E2E2E2E2E2E2E2E2E2E2E2E2E2E2E2E2E2E2E2E2E2E2E2E6E2E2
310
E2E2E2E2E2E2F5F5F5E2E2E2E2E2E2E2E2E2E2E2E2E2E2E2E2E2E2E2E2E2E2E2E2E2E2E2E2E2E2E2E2E2E2F5F5F5ECF5F5ECECECECE2E2E2E2E2E2E2E2E2E2E2E2E2E2E2E2E2E2E2E2E2E2E2E2E2E2E2ECECECE2F5F5F5F5F5F5E2E2E2E2F5F5F5E2E2E2E2E2E2E2E2E2E6E2E2E2E2E2E2E2E2E2E2E2E2E2E2E2E2E2E2E2E2
310
E2E2E2E2E2E2E2E2E2E2E2E2E2E2E2E2E2E2E2E2E2E2E2E2E2E2E2E2E2E2E2E2E2E2E2E2E2E2E2E2E2E2E2E2E2E2E2E2E2E2E2E2E2E2E2E2E2E2E2E2E2E2E2E2E2E2E2E2E2E2E2E2E2E2E2E2E2E2E2E2E2E2E2E2E2E2E2E2E2E2E2E2E2E2E2E2E2E2E2E2E2E2E2E2E2E2E2E2E2E2E2E2E2E2E2E2E2E2E2E2E2E2E2E2E2E2E6
310
E2E2E2E2E2E2E2E2F5F5F5E2E2E2E2E2E2E2E2E2E2E2E2E2E2E2E2E2E2E2E2E2E2E2E2E2E2E2E2E2E2E2E2E2E2F5F5F5ECECECECECECE2E2E2E2E2E2E2E2E2E2E2E2E2E2E2E2E2E2E2E2E2E2E2E2E2E2E2E2E2ECECECE2ECECF5F5F5E2E2E2E2F5F5F5E2E2E2E2E2E2E2E2E2E6E2E2E2E2E2E2E2E2E2E2E2E2E2E2E2E2E2E2
310
E2E2E2E2E2E2E2E2E2E2E2E2E2E2E2E2E2E2E2E2E2E2E2E2E2E2E2E2E2E2E2E2E2E2E2E2E2E2E2E2E2E2E2E2E2E2E2E2E2E2E2E2E2E2E2E2E2E2E2E2E2E2E2E2E2E2E2E2E2E2E2E2E2E2E2E2E2E2E2E2E2E2E2E2E2E2E2E2E2E2E2E2E2E2E2E2E2E2E2E2E2E2E2E2E2E2E2E2E2E2E2E2E2E2E2E2E2E2E2E2E2E2E2E2E2E2E2
310
E2E6E2E2E2E2E2E2E2E2F5F5F5E2E2E2E2E2E2E2E2E2E2E2E2E2E2E2E2E2E2E2E2E2E2E2E2E2E2E2E2E2E2E2E2E2E2F5F5F5ECECECE2ECE2E2E2E2E2E2E2E2E2E2E2E2E2E2E2E2E2E2E2E2E2E2E2E2E2E2E2E2E2E2E2ECECE2E2ECF5F5F5E2E2E2E2F5F5F5E2E2E2E2E2E2E2E2E2E6E2E2E2E2E2E2E2E2E2E2E2E2E2E2E2E2
310
E2E2E2E2E2E2E2E2E2E2E2E2E2E2E2E2E2E2E2E2E2E2E2E2E2E2E2E2E2E2E2E2E2E2E2E2E2E2E2E2E2E2E2E2E2E2E2E2E2E2E2E2E2E2E2E2E2E2E2E2E2E2E2E2E2E2E2E2E2E2E2E2E2E2E2E2E2E2E2E2E2E2E2E2E2E2E2E2E2E2E2E2E2E2E2E2E2E2E2E2E2E2E2E2E2E2E2E2E2E2E2E2E2E2E2E2E2E2E2E2E2E2E2E2E2E2E2
310
E2E2E2E6E2E2E2E2E2E2E2E2F5F5F5E2E2E2E2E2E2E2E2E2E2E2E2E2E2E2E2E2E2E2E2E2E2E2E2E2E2E2E2E2E2E2E2E2E2F5F5F5ECECF5ECECE2E2E2E2E2E2E2E2E2E2E2E2E2E2E2E2E2E2E2E2E2E2E2E2E2E2E2E2E2E2E2ECECF5F5ECF5F5F5E2E2E2E2F5F5F5E2E2E2E2E2E2E2E2E2E6E2E2E2E2E2E2E2E2E2E2E2E2E2E2
310
E2E2E2E2E2E2E2E2E2E2E2E2E2E2E2E2E2E2E2E2E2E2E2E2E2E2E2E2E2E2E2E2E2E2E2E2E2E2E2E2E2E2E2E2E2E2E2E2E2E2E2E2E2E2E2E2E2E2E2E2E2E2E2E2E2E2E2E2E2E2E2E2E2E2E2E2E2E2E2E2E2E2E2E2E2E2E2E2E2E2E2E2E2E2E2E2E2E2E2E2E2E2E2E2E2E2E2E2E2E2E2E2E2E2E2E2E2E2E2E2E2E2E2E2E2E2E2
310
E6E6E6E6E2E6E2E2E2E2E2E2E2E2F5F5F5E2E2E2E2E2E2E2E2E2E2E2E2E2E2E2E2E2E2E2E2E2E2E2E2E2E2E2E2E2E2E2E2E2E2F5F5F5F5F5F5E2E2E2E2E2E2E2E2E2E2E2E2E2E2E2E2E2E2E2E2E2E2E2E2E2E2E2E2E2E2E2E2E2E2E2F5F5F5F5F5F5E2E2E2E2F5F5F5E2E2E2E2E6E6E6E6E2E6E2E2E2E2E2E2E2E2E2E2E2E2
310
E2E2E2E2E2E2E2E2E2E2E2E2E2E2E2E2E2E2E2E2E2E2E2E2E2E2E2E2E2E2E2E2E2E2E2E2E2E2E2E2E2E2E2E2E2E2E2E2E2E2E2E2E2E2E2E2E2E2E2E2E2E2E2E2E2E2E2E2E2E2E2E2E2E2E2E2E2E2E2E2E2E2E2E2E2E2E2E2E2E2E2E2E2E2E2E2E2E2E2E2E2E2E2E2E2E2E2E2E2E2E2E2E2E2E2E2E2E2E2E2E2E2E2E2E2E2E2
310
E2E2E6E6E6E6E2E6E2E2E2E2E2E2E2E2F5F5F5E2E2E2E2E2E2E2E2E2E2E2E2E2E2E2E2E2E2E2E2E2E2E2E2E2E2E2E2E2E2E2E2E2E2F5F5F5F5F5F5E2E2E2E2E2E2E2E2E2E2E2E2E2E2E2E2E2E2E2E2E2E2E2E2E2E2E2E2E2E2E2E2E2E2E2F5F5F5F5F5F5E2E2E2E2F5F5F5E2E2E2E2E6E6E6E6E2E6E2E2E2E2E2E2E2E2E2E2
310
E2E2E2E2E2E2E2E2E2E2E2E2E2E2E2E2E2E2E2E2E2E2E2E2E2E2E2E2E2E2E2E2E2E2E2E2E2E2E2E2E2E2E2E2E2E2E2E2E2E2E2E2E2E2E2E2E2E2E2E2E2E2E2E2E2E2E2E2E2E2E2E2E2E2E2E2E2E2E2E2E2E2E2E2E2E2E2E2E2E2E2E2E2E2E2E2E2E2E2E2E2E2E2E2E2E2E2E2E2E2E2E2E2E2E2E2E2E2E2E2E2E2E2E2E2E2E2
310
E2E2E2E2E6E6E6E6E2E6E2E2E2E2E2E2E2E2F5F5F5E2E2E2E2E2E2E2E2E2E2E2E2E2E2E2E2E2E2E2E2E2E2E2E2E2E2E2E2E2E2E2E2E2E2F5F5F5F5F5E2E2E2E2E2E2E2E2E2E2E2E2E2E2E2E2E2E2E2E2E2E2E2E2E2E2E2E2E2E2E2E2E2E2E2E2F5F5F5F5F5F5E2E2E2E2F5F5F5E2E2E2E2E6E6E6E6E2E6E2E2E2E2E2E2E2E2
310
E2E2E2E2E2E2E2E2E2E2E2E2E2E2E2E2E2E2E2E2E2E2E2E2E2E2E2E2E2E2E2E2E2E2E2E2E2E2E2E2E2E2E2E2E2E2E2E2E2E2E2E2E2E2E2E2E2E2E2E2E2E2E2E2E2E2E2E2E2E2E2E2E2E2E2E2E2E2E2E2E2E2E2E2E2E2E2E2E2E2E2E2E2E2E2E2E2E2E2E2E2E2E2E2E2E2E2E2E2E2E2E2E2E2E2E2E2E2E2E2E2E2E2E2E2E2E2
310
E2E2E2E2E2E2E6E6E6E6E2E6E2E2E2E2E2E2E2E2F5F5F5E2E2E2E2E2E2E2E2E2E2E2E2E2E2E2E2E2E2E2E2E2E2E2E2E2E2E2E2E2E2E2E2E2E2F5F5F5E2E2E2E2E2E2E2E2E2E2E2E2E2E2E2E2E2E2E2E2E2E2E2E2E2E2E2E2E2E2E2E2E2E2E2E2E2E2F5F5F5E2E2E2E2E2E2E2F5F5F5E2E2E2E2E6E6E6E6E2E6E2E2E2E2E2E2
310
E2E2E2E2E2E2E2E2E2E2E2E2E2E2E2E2E2E2E2E2E2E2E2E2E2E2E2E2E2E2E2E2E2E2E2E2E2E2E2E2E2E2E2E2E2E2E2E2E2E2E2E2E2E2E2E2E2E2E2E2E2E2E2E2E2E2E2E2E2E2E2E2E2E2E2E2E2E2E2E2E2E2E2E2E2E2E2E2E2E2E2E2E2E2E2E2E2E2E2E2E2E2E2E2E2E2E2E2E2E2E2E2E2E2E2E2E2E2E2E2E2E2E2E2E2E2E2
310
E2E2E2E2E2E2E2E2E6E6E6E6E2E6E2E2E2E2E2E2E2E2F5F5F5E2E2E2E2E2E2E2E2E2E2E2E2E2E2E2E2E2E2E2E2E2E2E2E2E2E2E2E2E2E2E2E2E2E2F5F5F5F5E2E2E2E2E2E2E2E2E2E2E2E2E2E2E2E2E2E2E2E2E2E2E2E2E2E2E2E2E2E2E2E2E2E2E2E2E2F5F5F5F5F5F5E2E2E2E2F5F5F5E2E2E2E2E6E6E6E6E2E6E2E2E2E2
310
E2E2E2E2E2E2E2E2E2E2E2E2E2E2E2E2E2E2E2E2E2E2E2E2E2E2E2E2E2E2E2E2E2E2E2E2E2E2E2E2E2E2E2E2E2E2E2E2E2E2E2E2E2E2E2E2E2E2E2E2E2E2E2E2E2E2E2E2E2E2E2E2E2E2E2E2E2E2E2E2E2E2E2E2E2E2E2E2E2E2E2E2E2E2E2E2E2E2E2E2E2E2E2E2E2E2E2E2E2E2E2E2E2E2E2E2E2E2E2E2E2E2E2E2E2E2E2
310
E2E2E2E2E2E2E2E2E2E2E6E6E6E6E2E6E2E2E2E2E2E2E2E2F5F5F5E2E2E2E2E2E2E2E2E2E2E2E2E2E2E2E2E2E2E2E2E2E2E2E2E2E2E2E2E2E2E2E2E2E2F5F5F5F5F5F5E2E2E2E2E2E2E2E2E2E2E2E2E2E2E2E2E2E2E2E2E2E2E2E2E2E2E2E2E2E2E2E2E2E2E2F5F5F5F5F5F5E2E2E2E2F5F5F5E2E2E2E2E6E6E6E6E2E6E2E2
310
E2E2E2E2E2E2E2E2E2E2E2E2E2E2E2E2E2E2E2E2E2E2E2E2E2E2E2E2E2E2E2E2E2E2E2E2E2E2E2E2E2E2E2E2E2E2E2E2E2E2E2E2E2E2E2E2E2E2E2E2E2E2E2E2E2E2E2E2E2E2E2E2E2E2E2E2E2E2E2E2E2E2E2E2E2E2E2E2E2E2E2E2E2E2E2E2E2E2E2E2E2E2E2E2E2E2E2E2E2E2E2E2E2E2E2E2E2E2E2E2E2E2E2E2E2E2E2
310
E2E2E2E2E2E2E2E2E2E2E2E2E2E2E2E2E2E6E2E2E2E2E2E2E2E2F5F5F5E2E2E2E2E2E2E2E2E2E2E2E2E2E2E2E2E2E2E2E2E2E2E2E2E2E2E2E2E2E2E2E2E2E2F5F5F5F5F5F5E2E2E2E2E2E2E2E2E2E2E2E2E2E2E2E2E2E2E2E2E2E2E2E2E2E2E2E2E2E2E2E2E2E2E2F5F5F5F5F5F5E2E2E2E2F5F5F5E2E2E2E2E2E2E2E2E2E6
310
E2E2E2E2E2E2E2E2E2E2E2E2E2E2E2E2E2E2E2E2E2E2E2E2E2E2E2E2E2E2E2E2E2E2E2E2E2E2E2E2E2E2E2E2E2E2E2E2E2E2E2E2E2E2E2E2E2E2E2E2E2E2E2E2E2E2E2E2E2E2E2E2E2E2E2E2E2E2E2E2E2E2E2E2E2E2E2E2E2E2E2E2E2E2E2E2E2E2E2E2E2E2E2E2E2E2E2E2E2E2E2E2E2E2E2E2E2E2E2E2E2E2E2E2E2E2E2
310
E2E2E2E2E2E2E2E2E2E2E2E2E2E2E2E2E2E2E2E6E2E2E2E2E2E2E2E2F5F5F5E2E2E2E2E2E2E2E2E2E2E2E2E2E2E2E2E2E2E2E2E2E2E2E2E2E2E2E2E2E2E2E2E2E2F5F5F5ECF5F5ECECE2E2E2E2E2E2E2E2E2E2E2E2E2E2E2E2E2E2E2E2E2E2E2E2E2E2E2E2E2E2E2E2ECF5F5F5F5F5F5E2E2E2E2F5F5F5E2E2E2E2E2E2E2E2
310
E2E6E2E2E2E2E2E2E2E2E2E2E2E2E2E2E2E2E2E2E2E2E2E2E2E2E2E2E2E2E2E2E2E2E2E2E2E2E2E2E2E2E2E2E2E2E2E2E2E2E2E2E2E2E2E2E2E2E2E2E2E2E2E2E2E2E2E2E2E2E2E2E2E2E2E2E2E2E2E2E2E2E2E2E2E2E2E2E2E2E2E2E2E2E2E2E2E2E2E2E2E2E2E2E2E2E2E2E2E2E2E2E2E2E2E2E2E2E2E2E2E2E2E2E2E2E2
310
E2E2E2E2E2E2E2E2E2E2E2E2E2E2E2E2E2E2E2E2E2E6E2E2E2E2E2E2E2E2F5F5F5E2E2E2E2E2E2E2E2E2E2E2E2E2E2E2E2E2E2E2E2E2E2E2E2E2E2E2E2E2E2E2E2E2E2F5F5F5ECECECE2ECECE2E2E2E2E2E2E2E2E2E2E2E2E2E2E2E2E2E2E2E2E2E2E2E2E2E2E2E2E2E2ECECE2ECECF5F5F5E2E2E2E2F5F5F5E2E2E2E2E2E2
310
E2E2E2E6E2E2E2E2E2E2E2E2E2E2E2E2E2E2E2E2E2E2E2E2E2E2E2E2E2E2E2E2E2E2E2E2E2E2E2E2E2E2E2E2E2E2E2E2E2E2E2E2E2E2E2E2E2E2E2E2E2E2E2E2E2E2E2E2E2E2E2E2E2E2E2E2E2E2E2E2E2E2E2E2E2E2E2E2E2E2E2E2E2E2E2E2E2E2E2E2E2E2E2E2E2E2E2E2E2E2E2E2E2E2E2E2E2E2E2E2E2E2E2E2E2E2E2
310
E2E2E2E2E2E2E2E2E2E2E2E2E2E2E2E2E2E2E2E2E2E2E2E6E2E2E2E2E2E2E2E2F5F5F5E2E2E2E2E2E2E2E2E2E2E2E2E2E2E2E2E2E2E2E2E2E2E2E2E2E2E2E2E2E2E2E2E2E2F5F5F5ECECECE2ECECE2E2E2E2E2E2E2E2E2E2E2E2E2E2E2E2E2E2E2E2E2E2E2E2E2E2E2E2E2ECECECE2ECECF5F5F5E2E2E2E2F5F5F5E2E2E2E2
310
E2E2E2E2E2E6E2E2E2E2E2E2E2E2E2E2E2E2E2E2E2E2E2E2E2E2E2E2E2E2E2E2E2E2E2E2E2E2E2E2E2E2E2E2E2E2E2E2E2E2E2E2E2E2E2E2E2E2E2E2E2E2E2E2E2E2E2E2E2E2E2E2E2E2E2E2E2E2E2E2E2E2E2E2E2E2E2E2E2E2E2E2E2E2E2E2E2E2E2E2E2E2E2E2E2E2E2E2E2E2E2E2E2E2E2E2E2E2E2E2E2E2E2E2E2E2E2
310
E2E2E2E2E2E2E2E2E2E2E2E2E2E2E2E2E2E2E2E2E2E2E2E2E2E6E2E2E2E2E2E2E2E2F5F5F5E2E2E2E2E2E2E2E2E2E2E2E2E2E2E2E2E2E2E2E2E2E2E2E2E2E2E2E2E2E2E2E2E2E2F5F5F5ECECF5ECECECECE2E2E2E2E2E2E2E2E2E2E2E2E2E2E2E2E2E2E2E2E2E2E2E2E2E2E2E2ECE2E2F5F5E2F5F5F5E2E2E2E2F5F5F5E2E2
310
E2E2E2E2E2E2E2E6E2E2E2E2E2E2E2E2E2E2E2E2E2E2E2E2E2E2E2E2E2E2E2E2E2E2E2E2E2E2E2E2E2E2E2E2E2E2E2E2E2E2E2E2E2E2E2E2E2E2E2E2E2E2E2E2E2E2E2E2E2E2E2E2E2E2E2E2E2E2E2E2E2E2E2E2E2E2E2E2E2E2E2E2E2E2E2E2E2E2E2E2E2E2E2E2E2E2E2E2E2E2E2E2E2E2E2E2E2E2E2E2E2E2E2E2E2E2E2
310
E2E2E2E2E2E2E2E2E2E2E2E2E2E2E2E2E2E2E2E2E2E2E2E2E2E2E2E6E2E2E2E2E2E2E2E2F5F5F5E2E2E2E2E2E2E2E2E2E2E2E2E2E2E2E2E2E2E2E2E2E2E2E2E2E2E2E2E2E2E2E2E2E2F5F5F5ECF5F5F5ECECECECECECECECECECECECECECECECECECECECECECECECECECECECECECECE2ECF5F5F5F5F5F5F5E2E2E2E2F5F5F5
310
E2E2E2E2E2E2E2E2E2E6E2E2E2E2E2E2E2E2E2E2E2E2E2E2E2E2E2E2E2E2E2E2E2E2E2E2E2E2E2E2E2E2E2E2E2E2E2E2E2E2E2E2E2E2E2E2E2E2E2E2E2E2E2E2E2E2E2E2E2E2E2E2E2E2E2E2E2E2E2E2E2E2E2E2E2E2E2E2E2E2E2E2E2E2E2E2E2E2E2E2E2E2E2E2E2E2E2E2E2E2E2E2E2E2E2E2E2E2E2E2E2E2E2E2E2E2E2
310
E2E2E2E2E2E2E2E2E2E2E2E2E2E2E2E2E2E2E2E2E2E2E2E2E2E2E2E2E2E6E2E2E2E2E2E2E2E2F5F5F5E2E2E2E2E2E2E2E2E2E2E2E2E2E2E2E2E2E2E2E2E2E2E2E2E2E2E2E2E2E2E2E2E2E2F5F5F5F5F5F5F5F5E2ECE2ECECE2ECE2E2ECE2ECECE2ECE2E2ECE2ECECE2ECE2E2ECE2ECECE2ECF5F5F5F5F5F5F5F5F5F5F5F5F5
310
F5F5E2E2E2E2E2E2E2E2E2E6E2E2E2E2E2E2E2E2E2E2E2E2E2E2E2E2E2E2E2E2E2E2E2E2E2E2E2E2E2E2E2E2E2E2E2E2E2E2E2E2E2E2E2E2E2E2E2E2E2E2E2E2E2E2E2E2E2E2E2E2E2E2E2E2E2E2E2E2E2E2E2E2E2E2E2E2E2E2E2E2E2E2E2E2E2E2E2E2E2E2E2E2E2E2E2E2E2E2E2E2E2E2E2E2E2E2E2E2E2E2E2E2E2E2E2
310
E2E2E2E2E2E2E2E2E2E2E2E2E2E2E2E2E2E2E2E2E2E2E2E2E2E2E2E2E2E2E2E6E2E2E2E2E2E2E2E2F5F5F5F5F5F5F5F5F5F5F5F5F5F5F5F5F5F5F5F5F5F5F5F5F5F5F5F5F5F5F5F5F5F5F5F5F5F5F5F5F5F5F5F5F5F5ECECECECECECECECECECECECECECECECECECECECECECECECECECECECECECF5F5F5E2F5F5F5F5F5F5F5
310
F5F5F5F5E2E2E2E2E2E2E2E2E2E6E2E2E2E2E2E2E2E2E2E2E2E2E2E2E2E2E2E2E2E2E2E2E2E2E2E2E2E2E2E2E2E2E2E2E2E2E2E2E2E2E2E2E2E2E2E2E2E2E2E2E2E2E2E2E2E2E2E2E2E2E2E2E2E2E2E2E2E2E2E2E2E2E2E2E2E2E2E2E2E2E2E2E2E2E2E2E2E2E2E2E2E2E2E2E2E2E2E2E2E2E2E2E2E2E2E2E2E2E2E2E2E2E2
310
E2E2E2E2E2E2E2E2E2E2E2E2E2E2E2E2E2E2E2E2E2E2E2E2E2E2E2E2E2E2E2E2E2E6E2E2E2E2E2E2E2E2F5F5F5F5F5F5F5F5F5F5F5F5F5F5F5F5F5F5F5F5F5F5F5F5F5F5F5F5F5F5F5F5F5F5F5F5F5F5F5F5E2E2E2F5F5F5E2E2E2E2E2E2E2E2E2E2E2E2E2E2E2E2E2E2E2E2E2E2E2E2E2E2E2E2E2E2F5F5F5E2E2F5F5F5F5
310
F5F5F5F5F5F5E2E2E2E2E2E2E2E2E2E6E2E2E2E2E2E2E2E2E2E2E2E2E2E2E2E2E2E2E2E2E2E2E2E2E2E2E2E2E2E2E2E2E2E2E2E2E2E2E2E2E2E2E2E2E2E2E2E2E2E2E2E2E2E2E2E2E2E2E2E2E2E2E2E2E2E2E2E2E2E2E2E2E2E2E2E2E2E2E2E2E2E2E2E2E2E2E2E2E2E2E2E2E2E2E2E2E2E2E2E2E2E2E2E2E2E2E2E2E2E2E2
310
E2E2E2E2E2E2E2E2E2E2E2E2E2E2E2E2E2E2E2E2E2E2E2E2E2E2E2E2E2E2E2E2E2E2E2E6E2E2E2E2E2E2E2E2F5F5F5F5F5F5F5F5F5F5F5F5F5F5F5F5F5F5F5F5F5F5F5F5F5F5F5F5F5F5F5F5F5F5F5F5F5F5F5F5E2E2E2E2E2E2E2E2E2E2E2E2E2E2E2E2E2E2E2E2E2E2E2E2E2E2E2E2E2E2E2E2E2E2E2E2E2E2E2E2E2F5F5
310
F5E2E2E2E2F5F5F5E2E2E2E2E2E2E2E2E2E6E2E2E2E2E2E2E2E2E2E2E2E2E2E2E2E2E2E2E2E2E2E2E2E2E2E2E2E2E2E2E2E2E2E2E2E2E2E2E2E2E2E2E2E2E2E2E2E2E2E2E2E2E2E2E2E2E2E2E2E2E2E2E2E2E2E2E2E2E2E2E2E2E2E2E2E2E2E2E2E2E2E2E2E2E2E2E2E2E2E2E2E2E2E2E2E2E2E2E2E2E2E2E2E2E2E2E2E2E2
310
E2E2E2E2E2E2E2E2E2E2E2E2E2E2E2E2E2E2E2E2E2E2E2E2E2E2E2E2E2E2E2E2E2E2E2E2E2E6E2E2E2E2E2E2E2E2F5F5F5E2E2E2E2E2E2E2E2E2E2E2E2E2E2E2E2E2E2E2F5F5F5E2E2E2E2E2E2E2E2E2E2E2E2E2E2E2E2E2E2E2E2E2E2E2E2E2E2E2E2E2E2E2E2E2E2E2E2E2E2E2E2E2E2E2E2E2E2E2E2E2E2E2E2E2E2E2E2
310
E2E2E2E2E2E2E2F5F5F5E2E2E2E2E2E2E2E2E2E6E2E2E2E2E2E2E2E2E2E2E2E2E2E2E2E2E2E2E2E2E2E2E2E2E2E2E2E2E2E2E2E2E2E2E2E2E2E2E2E2E2E2E2E2E2E2E2E2E2E2E2E2E2E2E2E2E2E2E2E2E2E2E2E2E2E2E2E2E2E2E2E2E2E2E2E2E2E2E2E2E2E2E2E2E2E2E2E2E2E2E2E2E2E2E2E2E2E2E2E2E2E2E2E2E2E2E2
310
E2E2E2E2E2E2E2E2E2E2E2E2E2E2E2E2E2E2E2E2E2E2E2E2E2E2E2E2E2E2E2E2E2E2E2E2E2E2E2E6E2E2E2E2E2E2E2E2F5F5F5E2E2E2E2E2E2E2E2E2E2E2E2E2E2E2E2E2E2E2F5F5F5E2E2E2E2E2E2E2E2E2E2E2E2E2E2E2E2E2E2E2E2E2E2E2E2E2E2E2E2E2E2E2E2E2E2E2E2E2E2E2E2E2E2E2E2E2E2E2E2E2E2E2E2E2E2
310
E2E2E2E2E2E2E2E2E2F5F5F5E2E2E2E2E2E2E2E2E2E6E2E2E2E2E2E2E2E2E2E2E2E2E2E2E2E2E2E2E2E2E2E2E2E2E2E2E2E2E2E2E2E2E2E2E2E2E2E2E2E2E2E2E2E2E2E2E2E2E2E2E2E2E2E2E2E2E2E2E2E2E2E2E2E2E2E2E2E2E2E2E2E2E2E2E2E2E2E2E2E2E2E2E2E2E2E2E2E2E2E2E2E2E2E2E2E2E2E2E2E2E2E2E2E2E2
310
E2E2E2E2E2E2E2E2E2E2E2E2E2E2E2E2E2E2E2E2E2E2E2E2E2E2E2E2E2E2E2E2E2E2E2E2E2E2E2E2E6E6E2E2E2E2E2E2E2E2F5F5F5E2E2E2E2E2E2E2E2E2E2E2E2E2E2E2E2E2E2E2F5F5F5E2E2E2E2E2E2E2E2E2E2E2E2E2E2E2E2E2E2E2E2E2E2E2E2E2E2E2E2E2E2E2E2E2E2E2E2E2E2E2E2E2E2E2E2E2E2E2E2E2E2E2E2
310
E2E2E2E2E2E2E2E2E2E2E2F5F5F5E2E2E2E2E2E2E2E2E2E6E2E2E2E2E2E2E2E2E2E2E2E2E2E2E2E2E2E2E2E2E2E2E2E2E2E2E2E2E2E2E2E2E2E2E2E2E2E2E2E2E2E2E2E2E2E2E2E2E2E2E2E2E2E2E2E2E2E2E2E2E2E2E2E2E2E2E2E2E2E2E2E2E2E2E2E2E2E2E2E2E2E2E2E2E2E2E2E2E2E2E2E2E2E2E2E2E2E2E2E2E2E2E2
310
E2E2E2E2E2E2E2E2E2E2E2E2E2E2E2E2E2E2E2E2E2E2E2E2E2E2E2E2E2E2E2E2E2E2E2E2E2E2E2E2E2E2E6E6E2E2E2E2E2E2E2E2E6F5F5F5F5F5E2E2E2E2E2E2E2E2E2E2E2E2E2E2F5F5F5F5F5E2E2E2E2E2E2E2E2E2E2E2E2E2E2E2E2E2E2E2E2E2E2E2E2E2E2E2E2E2E2E2E2E2E2E2E2E2E2E2E2E2E2E2E2E2E2E2E2E2E2
310
E2E2E2E2E2E2E2E2E2E2E2E2E2F5F5F5E2E2E2E2E2E2E2E2E2E6E2E2E2E2E2E2E2E2E2E2E2E2E2E2E2E2E2E2E2E2E2E2E2E2E2E2E2E2E2E2E2E2E2E2E2E2E2E2E2E2E2E2E2E2E2E2E2E2E2E2E2E2E2E2E2E2E2E2E2E2E2E2E2E2E2E2E2E2E2E2E2E2E2E2E2E2E2E2E2E2E2E2E2E2E2E2E2E2E2E2E2E2E2E2E2E2E2E2E2E2E2
310
E2E2E2E2E2E2E2E2E2E2E2E2E2E2E2E2E2E2E2E2E2E2E2E2E2E2E2E2E2E2E2E2E2E2E2E2E2E2E2E2E2E2E2E2E2E6E2E2E2E2E2E2E2E2E2F5F5F5F5F5E2E2E2E2E2E2E2E2E2E2E2E2E2E2F5F5F5F5F5E2E2E2E2E2E2E2E2E2E2E2E2E2E2E2E2E2E2E2E2E2E2E2E2E2E2E2E2E2E2E2E2E2E2E2E2E2E2E2E2E2E2E2E2E2E2E2E2
310
E2E2E2E2E2E2E2E2E2E2E2E2E2E2E2F5F5F5E2E2E2E2E2E2E2E2E2E6E2E2E2E2E2E2E2E2E2E2E2E2E2E2E2E2E2E2E2E2E2E2E2E2E2E2E2E2E2E2E2E2E2E2E2E2E2E2E2E2E2E2E2E2E2E2E2E2E2E2E2E2E2E2E2E2E2E2E2E2E2E2E2E2E2E2E2E2E2E2E2E2E2E2E2E2E2E2E2E2E2E2E2E2E2E2E2E2E2E2E2E2E2E2E2E2E2E2E2
310
E2E2E2E2E2E2E2E2E2E2E2E2E2E2E2E2E2E2E2E2E2E2E2E2E2E2E2E2E2E2E2E2E2E2E2E2E2E2E2E2E2E2E2E2E2E2E6E6E6E6E6E6E6E6E6E6E2E2E6F5F5E2E2E2E2E2E2E2E2E2E2E2E2E2E2E2F5F5F5F5F5E2E2E2E2E2E2E2E2E2E2E2E2E2E2E2E2E2E2E2E2E2E2E2E2E2E2E2E2E2E2E2E2E2E2E2E2E2E2E2E2E2E2E2E2E2E2
310
E2E2E2E2E2E2E2E2E2E2E2E2E2E2E2E2E2F5F5F5E2E2E2E2E2E2E2E2E2E6E2E2E2E2E2E2E2E2E2E2E2E2E2E2E2E2E2E2E2E2E2E2E2E2E2E2E2E2E2E2E2E2E2E2E2E2E2E2E2E2E2E2E2E2E2E2E2E2E2E2E2E2E2E2E2E2E2E2E2E2E2E2E2E2E2E2E2E2E2E2E2E2E2E2E2E2E2E2E2E2E2E2E2E2E2E2E2E2E2E2E2E2E2E2E2E2E2
310
E2E2E2E2E2E2E2E2E2E2E2E2E2E2E2E2E2E2E2E2E2E2E2E2E2E2E2E2E2E2E2E2E2E2E2E2E2E2E2E2E2E2E2E2E2E2E2E2E2E6E2E2E2E2E2E2E2E2E6E2E2E2E2E2E2E2E2E2E2E2E2E2E2E2E2E2E2E2E2E2E2E2E2E2E2E2E2E2E2E2E2E2E2E2E2E2E2E2E2E2E2E2E2E2E2E2E2E2E2E2E2E2E2E2E2E2E2E2E2E2E2E2E2E2E2E2E2
310
E2E2E2E2E2E2E2E2E2E2E2E2E2E2E2E2E2E2E2F5F5F5E2E2E2E2E2E2E2E2E2E6E2E2E2E2E2E2E2E2E2E2E2E2E2E2E2E2E2E2E2E2E2E2E2E2E2E2E2E2E2E2E2E2E2E2E2E2E2E2E2E2E2E2E2E2E2E2E2E2E2E2E2E2E2E2E2E2E2E2E2E2E2E2E2E2E2E2E2E2E2E2E2E2E2E2E2E2E2E2E2E2E2E2E2E2E2E2E2E2E2E2E2E2E2E2E2
310
E2E2E2E2E2E2E2E2E2E2E2E2E2E2E2E2E2E2E2E2E2E2E2E2E2E2E2E2E2E2E2E2E2E2E2E2E2E2E2E2E2E2E2E2E2E2E2E2E2E2E6E6E2E2E2E2E2E2E2E2E6E2E2E2E2E2E2E2E2E2E2E2E2E2E2E2E2E2E2E2E2E2E2E2E2E2E2E2E2E2E2E2E2E2E2E2E2E2E2E2E2E2E2E2E2E2E2E2E2E2E2E2E2E2E2E2E2E2E2E2E2E2E2E2E2E2E2
310
E2E2E2E2E2E2E2E2E2E2E2E2E2E2E2E2E2E2E2E2E2F5F5F5E2E2E2E2E2E2E2E2E2E6E2E2E2E2E2E2E2E2E2E2E2E2E2E2E2E2E2E2E2E2E2E2E2E2E2E2E2E2E2E2E2E2E2E2E2E2E2E2E2E2E2E2E2E2E2E2E2E2E2E2E2E2E2E2E2E2E2E2E2E2E2E2E2E2E2E2E2E2E2E2E2E2E2E2E2E2E2E2E2E2E2E2E2E2E2E2E2E2E2E2E2E2E2
310
E2E2E2E2E2E2E2E2E2E2E2E2E2E2E2E2E2E2E2E2E2E2E2E2E2E2E2E2E2E2E2E2E2E2E2E2E2E2E2E2E2E2E2E2E2E2E2E2E2E2E2E2E6E6E2E2E2E2E2E2E2E2E6E2E2E2E2E2E2E2E2E2E2E2E2E2E2E2E2E2E2E2E2E2E2E2E2E2E2E2E2E2E2E2E2E2E2E2E2E2E2E2E2E2E2E2E2E2E2E2E2E2E2E2E2E2E2E2E2E2E2E2E2E2E2E2E2
310
E2E2E2E2E2E2E2E2E2E2E2E2E2E2E2E2E2E2E2E2E2E2E2F5F5F5E2E2E2E2E2E2E2E2E2E6E2E2E2E2E2E2E2E2E2E2E2E2E2E2E2E2E2E2E2E2E2E2E2E2E2E2E2E2E2E2E2E2E2E2E2E2E2E2E2E2E2E2E2E2E2E2E2E2E2E2E2E2E2E2E2E2E2E2E2E2E2E2E2E2E2E2E2E2E2E2E2E2E2E2E2E2E2E2E2E2E2E2E2E2E2E2E2E2E2E2E2
310
E2E2E2E2E2E2E2E2E2E2E2E2E2E2E2E2E2E2E2E2E2E2E2E2E2E2E2E2E2E2E2E2E2E2E2E2E2E2E2E2E2E2E2E2E2E2E2E2E2E2E2E2E2E2E2E6E2E2E2E2E2E2E2E2E6E2E2E2E2E2E2E2E2E2E2E2E2E2E2E2E2E2E2E2E2E2E2E2E2E2E2E2E2E2E2E2E2E2E2E2E2E2E2E2E2E2E2E2E2E2E2E2E2E2E2E2E2E2E2E2E2E2E2E2E2E2E2
310
E2E2E2E2E2E2E2E2E2E2E2E2E2E2E2E2E2E2E2E2E2E2E2E2E2F5F5F5E2E2E2E2E2E2E2E2E2E6E2E2E2E2E2E2E2E2E2E2E2E2E2E2E2E2E2E2E2E2E2E2E2E2E2E2E2E2E2E2E2E2E2E2E2E2E2E2E2E2E2E2E2E2E2E2E2E2E2E2E2E2E2E2E2E2E2E2E2E2E2E2E2E2E2E2E2E2E2E2E2E2E2E2E2E2E2E2E2E2E2E2E2E2E2E2E2E2E2
310
E2E2E2E2E2E2E2E2E2E2E2E2E2E2E2E2E2E2E2E2E2E2E2E2E2E2E2E2E2E2E2E2E2E2E2E2E2E2E2E2E2E2E2E2E2E2E2E2E2E2E2E2E2E2E2E2E2E6E2E2E2E2E2E2E2E2E6E2E2E2E2E2E2E2E2E2E2E2E2E2E2E2E2E2E2E2E2E2E2E2E2E2E2E2E2E2E2E2E2E2E2E2E2E2E2E2E2E2E2E2E2E2E2E2E2E2E2E2E2E2E2E2E2E2E2E2E2
310
E2E2E2E2E2E2E2E2E2E2E2E2E2E2E2E2E2E2E2E2E2E2E2E2E2E2E2F5F5F5E2E2E2E2E2E2E2E2E2E6E2E2E2E2E2E2E2E2E2E2E2E2E2E2E2E2E2E2E2E2E2E2E2E2E2E2E2E2E2E2E2E2E2E2E2E2E2E2E2E2E2E2E2E2E2E2E2E2E2E2E2E2E2E2E2E2E2E2E2E2E2E2E2E2E2E2E2E2E2E2E2E2E2E2E2E2E2E2E2E2E2E2E2E2E2E2E2
310
E2E2E2E2E2E2E2E2E2E2E2E2E2E2E2E2E2E2E2E2E2E2E2E2E2E2E2E2E2E2E2E2E2E2E2E2E2E2E2E2E2E2E2E2E2E2E2E2E2E2E2E2E2E2E2E2E2E2E2E6E2E2E2E2E2E2E2E2E6E2E2E2E2E2E2E2E2E2E2E2E2E2E2E2E2E2E2E2E2E2E2E2E2E2E2E2E2E2E2E2E2E2E2E2E2E2E2E2E2E2E2E2E2E2E2E2E2E2E2E2E2E2E2E2E2E2E2
310
E2E2E2E2E2E2E2E2E2E2E2E2E2E2E2E2E2E2E2E2E2E2E2E2E2E2E2E2E2F5F5F5E2E2E2E2E2E2E2E2E2E6E2E2E2E2E2E2E2E2E2E2E2E2E2E2E2E2E2E2E2E2E2E2E2E2E2E2E2E2E2E2E2E2E2E2E2E2E2E2E2E2E2E2E2E2E2E2E2E2E2E2E2E2E2E2E2E2E2E2E2E2E2E2E2E2E2E2E2E2E2E2E2E2E2E2E2E2E2E2E2E2E2E2E2E2E2
310
E2E2E2E2E2E2E2E2E2E2E2E2E2E2E2E2E2E2E2E2E2E2E2E2E2E2E2E2E2E2E2E2E2E2E2E2E2E2E2E2E2E2E2E2E2E2E2E2E2E2E2E2E2E2E2E2E2E2E2E2E2E6E2E2E2E2E2E2E2E2E6E2E2E2E2E2E2E2E2E2E2E2E2E2E2E2E2E2E2E2E2E2E2E2E2E2E2E2E2E2E2E2E2E2E2E2E2E2E2E2E2E2E2E2E2E2E2E2E2E2E2E2E2E2E2E2E2
310
E2E2E2E2E2E2E2E2E2E2E2E2E2E2E2E2E2E2E2E2E2E2E2E2E2E2E2E2E2E2E2F5F5F5E2E2E2E2E2E2E2E2E2E6E2E2E2E2E2E2E2E2E2E2E2E2E2E2E2E2E2E2E2E2E2E2E2E2E2E2E2E2E2E2E2E2E2E2E2E2E2E2E2E2E2E2E2E2E2E2E2E2E2E2E2E2E2E2E2E2E2E2E2E2E2E2E2E2E2E2E2E2E2E2E2E2E2E2E2E2E2E2E2E2E2E2E2
310
E2E2E2E2E2E2E2E2E2E2E2E2E2E2E2E2E2E2E2E2E2E2E2E2E2E2E2E2E2E2E2E2E2E2E2E2E2E2E2E2E2E2E2E2E2E2E2E2E2E2E2E2E2E2E2E2E2E2E2E2E2E2E2E6E2E2E2E2E2E2E2E2E6E2E2E2E2E2E2E2E2E2E2E2E2E2E2E2E2E2E2E2E2E2E2E2E2E2E2E2E2E2E2E2E2E2E2E2E2E2E2E2E2E2E2E2E2E2E2E2E2E2E2E2E2E2E2
310
E2E2E2E2E2E2E2E2E2E2E2E2E2E2E2E2E2E2E2E2E2E2E2E2E2E2E2E2E2E2E2E2E2F5F5F5E2E2E2E2E2E2E2E2E2E6E2E2E2E2E2E2E2E2E2E2E2E2E2E2E2E2E2E2E2E2E2E2E2E2E2E2E2E2E2E2E2E2E2E2E2E2E2E2E2E2E2E2E2E2E2E2E2E2E2E2E2E2E2E2E2E2E2E2E2E2E2E2E2E2E2E2E2E2E2E2E2E2E2E2E2E2E2E2E2E2E2
310
E2E2E2E2E2E2E2E2E2E2E2E2E2E2E2E2E2E2E2E2E2E2E2E2E2E2E2E2E2E2E2E2E2E2E2E2E2E2E2E2E2E2E2E2E2E2E2E2E2E2E2E2E2E2E2E2E2E2E2E2E2E2E2E2E2E6E2E2E2E2E2E2E2E2E6E2E2E2E2E2E2E2E2E2E2E2E2E2E2E2E2E2E2E2E2E2E2E2E2E2E2E2E2E2E2E2E2E2E2E2E2E2E2E2E2E2E2E2E2E2E2E2E2E2E2E2E2
310
E2E2E2E2E2E2E2E2E2E2E2E2E2E2E2E2E2E2E2E2E2E2E2E2E2E2E2E2E2E2E2E2E2E2E2F5F5F5E2E2E2E2E2E2E2E2E2E6E2E2E2E2E2E2E2E2E2E2E2E2E2E2E2E2E2E2E2E2E2E2E2E2E2E2E2E2E2E2E2E2E2E2E2E2E2E2E2E2E2E2E2E2E2E2E2E2E2E2E2E2E2E2E2E2E2E2E2E2E2E2E2E2E2E2E2E2E2E2E2E2E2E2E2E2E2E2E2
310
E2E2E2E2E2E2E2E2E2E2E2E2E2E2E2E2E2E2E2E2E2E2E2E2E2E2E2E2E2E2E2E2E2E2E2E2E2E2E2E2E2E2E2E2E2E2E2E2E2E2E2E2E2E2E2E2E2E2E2E2E2E2E2E2E2E2E2E6E2E2E2E2E2E2E2E2E6E2E2E2E2E2E2E2E2E2E2E2E2E2E2E2E2E2E2E2E2E2E2E2E2E2E2E2E2E2E2E2E2E2E2E2E2E2E2E2E2E2E2E2E2E2E2E2E2E2E2
310
E2E2E2E2E2E2E2E2E2E2E2E2E2E2E2E2E2E2E2E2E2E2E2E2E2E2E2E2E2E2E2E2E2E2E2E2E2F5F5F5E2E2E2E2E2E2E2E2E2E6E2E2E2E2E2E2E2E2E2E2E2E2E2E2E2E2E2E2E2E2E2E2E2E2E2E2E2E2E2E2E2E2E2E2E2E2E2E2E2E2E2E2E2E2E2E2E2E2E2E2E2E2E2E2E2E2E2E2E2E2E2E2E2E2E2E2E2E2E2E2E2E2E2E2E2E2E2
310
E2E2E2E2E2E2E2E2E2E2E2E2E2E2E2E2E2E2E2E2E2E2E2E2E2E2E2E2E2E2E2E2E2E2E2E2E2E2E2E2E2E2E2E2E2E2E2E2E2E2E2E2E2E2E2E2E2E2E2E2E2E2E2E2E2E2E2E2E2E6E2E2E2E2E2E2E2E2E6E2E2E2E2E2E2E2E2E2E2E2E2E2E2E2E2E2E2E2E2E2E2E2E2E2E2E2E2E2E2E2E2E2E2E2E2E2E2E2E2E2E2E2E2E2E2E2E2
310
E2E2E2E2E2E2E2E2E2E2E2E2E2E2E2E2E2E2E2E2E2E2E2E2E2E2E2E2E2E2E2E2E2E2E2E2E2E2E2F5F5F5E2E2E2E2E2E2E2E2E2E6E2E2E2E2E2E2E2E2E2E2E2E2E2E2E2E2E2E2E2E2E2E2E2E2E2E2E2E2E2E2E2E2E2E2E2E2E2E2E2E2E2E2E2E2E2E2E2E2E2E2E2E2E2E2E2E2E2E2E2E2E2E2E2E2E2E2E2E2E2E2E2E2E2E2E2
310
E2E2E2E2E2E2E2E2E2E2E2E2E2E2E2E2E2E2E2E2E2E2E2E2E2E2E2E2E2E2E2E2E2E2E2E2E2E2E2E2E2E2E2E2E2E2E2E2E2E2E2E2E2E2E2E2E2E2E2E2E2E2E2E2E2E2E6E6E6E6E2E6E2E2E2E2E2E2E2E2E6E2E2E2E2E2E2E2E2E2E2E2E2E2E2E2E2E2E2E2E2E2E2E2E2E2E2E2E2E2E2E2E2E2E2E2E2E2E2E2E2E2E2E2E2E2E2
310
E2E2E2E2E2E2E2E2E2E2E2E2E2E2E2E2E2E2E2E2E2E2E2E2E2E2E2E2E2E2E2E2E2E2E2E2E2E2E2E2E2F5F5F5E2E2E2E2E2E2E2E2E2E6E2E2E2E2E2E2E2E2E2E2E2E2E2E2E2E2E2E2E2E2E2E2E2E2E2E2E2E2E2E2E2E2E2E2E2E2E2E2E2E2E2E2E2E2E2E2E2E2E2E2E2E2E2E2E2E2E2E2E2E2E2E2E2E2E2E2E2E2E2E2E2E2E2
310
E2E2E2E2E2E2E2E2E2E2E2E2E2E2E2E2E2E2E2E2E2E2E2E2E2E2E2E2E2E2E2E2E2E2E2E2E2E2E2E2E2E2E2E2E2E2E2E2E2E2E2E2E2E2E2E2E2E2E2E2E2E2E2E2E2E2E2E2E6E6E6E6E2E6E2E2E2E2E2E2E2E2E6E2E2E2E2E2E2E2E2E2E2E2E2E2E2E2E2E2E2E2E2E2E2E2E2E2E2E2E2E2E2E2E2E2E2E2E2E2E2E2E2E2E2E2E2
310
E2E2E2E2E2E2E2E2E2E2E2E2E2E2E2E2E2E2E2E2E2E2E2E2E2E2E2E2E2E2E2E2E2E2E2E2E2E2E2E2E2E2E2F5F5F5E2E2E2E2E2E2E2E2E2E6E2E2E2E2E2E2E2E2E2E2E2E2E2E2E2E2E2E2E2E2E2E2E2E2E2E2E2E2E2E2E2E2E2E2E2E2E2E2E2E2E2E2E2E2E2E2E2E2E2E2E2E2E2E2E2E2E2E2E2E2E2E2E2E2E2E2E2E2E2E2E2
310
E2E2E2E2E2E2E2E2E2E2E2E2E2E2E2E2E2E2E2E2E2E2E2E2E2E2E2E2E2E2E2E2E2E2E2E2E2E2E2E2E2E2E2E2E2E2E2E2E2E2E2E2E2E2E2E2E2E2E2E2E2E2E2E2E2E2E2E2E2E2E6E6E6E6E2E6E2E2E2E2E2E2E2E2E6E2E2E2E2E2E2E2E2E2E2E2E2E2E2E2E2E2E2E2E2E2E2E2E2E2E2E2E2E2E2E2E2E2E2E2E2E2E2E2E2E2E2
310
E2E2E2E2E2E2E2E2E2E2E2E2E2E2E2E2E2E2E2E2E2E2E2E2E2E2E2E2E2E2E2E2E2E2E2E2E2E2E2E2E2E2E2E2E2F5F5F5E2E2E2E2E2E2E2E2E2E6E2E2E2E2E2E2E2E2E2E2E2E2E2E2E2E2E2E2E2E2E2E2E2E2E2E2E2E2E2E2E2E2E2E2E2E2E2E2E2E2E2E2E2E2E2E2E2E2E2E2E2E2E2E2E2E2E2E2E2E2E2E2E2E2E2E2E2E2E2
310
E2E2E2E2E2E2E2E2E2E2E2E2E2E2E2E2E2E2E2E2E2E2E2E2E2E2E2E2E2E2E2E2E2E2E2E2E2E2E2E2E2E2E2E2E2E2E2E2E2E2E2E2E2E2E2E2E2E2E2E2E2E2E2E2E2E2E2E2E2E2E2E2E6E6E6E6E2E6E2E2E2E2E2E2E2E2E6E2E2E2E2E2E2E2E2E2E2E2E2E2E2E2E2E2E2E2E2E2E2E2E2E2E2E2E2E2E2E2E2E2E2E2E2E2E2E2E2
310
E2E2E2E2E2E2E2E2E2E2E2E2E2E2E2E2E2E2E2E2E2E2E2E2E2E2E2E2E2E2E2E2E2E2E2E2E2E2E2E2E2E2E2E2E2E2E2F5F5F5E2E2E2E2E2E2E2E2E2E6E2E2E2E2E2E2E2E2E2E2E2E2E2E2E2E2E2E2E2E2E2E2E2E2E2E2E2E2E2E2E2E2E2E2E2E2E2E2E2E2E2E2E2E2E2E2E2E2E2E2E2E2E2E2E2E2E2E2E2E2E2E2E2E2E2E2E2
310
E2E2E2E2E2E2E2E2E2E2E2E2E2E2E2E2E2E2E2E2E2E2E2E2E2E2E2E2E2E2E2E2E2E2E2E2E2E2E2E2E2E2E2E2E2E2E2E2E2E2E2E2E2E2E2E2E2E2E2E2E2E2E2E2E2E2E2E2E2E2E2E2E2E2E6E6E6E6E2E6E2E2E2E2E2E2E2E2E6E2E2E2E2E2E2E2E2E2E2E2E2E2E2E2E2E2E2E2E2E2E2E2E2E2E2E2E2E2E2E2E2E2E2E2E2E2E2
310
E2E2E2E2E2E2E2E2E2E2E2E2E2E2E2E2E2E2E2E2E2E2E2E2E2E2E2E2E2E2E2E2E2E2E2E2E2E2E2E2E2E2E2E2E2E2E2E2E2F5F5F5E2E2E2E2E2E2E2E2E2E6E2E2E2E2E2E2E2E2E2E2E2E2E2E2E2E2E2E2E2E2E2E2E2E2E2E2E2E2E2E2E2E2E2E2E2E2E2E2E2E2E2E2E2E2E2E2E2E2E2E2E2E2E2E2E2E2E2E2E2E2E2E2E2E2E2
310
E2E2E2E2E2E2E2E2E2E2E2E2E2E2E2E2E2E2E2E2E2E2E2E2E2E2E2E2E2E2E2E2E2E2E2E2E2E2E2E2E2E2E2E2E2E2E2E2E2E2E2E2E2E2E2E2E2E2E2E2E2E2E2E2E2E2E2E2E2E2E2E2E2E2E2E2E6E6E6E6E2E6E2E2E2E2E2E2E2E2E6E2E2E2E2E2E2E2E2E2E2E2E2E2E2E2E2E2E2E2E2E2E2E2E2E2E2E2E2E2E2E2E2E2E2E2E2
310
E2E2E2E2E2E2E2E2E2E2E2E2E2E2E2E2E2E2E2E2E2E2E2E2E2E2E2E2E2E2E2E2E2E2E2E2E2E2E2E2E2E2E2E2E2E2E2E2E2E2E2F5F5F5E2E2E2E2E2E2E2E2E2E6E2E2E2E2E2E2E2E2E2E2E2E2E2E2E2E2E2E2E2E2E2E2E2E2E2E2E2E2E2E2E2E2E2E2E2E2E2E2E2E2E2E2E2E2E2E2E2E2E2E2E2E2E2E2E2E2E2E2E2E2E2E2E2
310
E2E2E2E2E2E2E2E2E2E2E2E2E2E2E2E2E2E2E2E2E2E2E2E2E2E2E2E2E2E2E2E2E2E2E2E2E2E2E2E2E2E2E2E2E2E2E2E2E2E2E2E2E2E2E2E2E2E2E2E2E2E2E2E2E2E2E2E2E2E2E2E2E2E2E2E2E2E2E2E2E2E2E2E6E2E2E2E2E2E2E2E2E6E2E2E2E2E2E2E2E2E2E2E2E2E2E2E2E2E2E2E2E2E2E2E2E2E2E2E2E2E2E2E2E2E2E2
310
E2E2E2E2E2E2E2E2E2E2E2E2E2E2E2E2E2E2E2E2E2E2E2E2E2E2E2E2E2E2E2E2E2E2E2E2E2E2E2E2E2E2E2E2E2E2E2E2E2E2E2E2E2F5F5F5E2E2E2E2E2E2E2E2E2E6E2E2E2E2E2E2E2E2E2E2E2E2E2E2E2E2E2E2E2E2E2E2E2E2E2E2E2E2E2E2E2E2E2E2E2E2E2E2E2E2E2E2E2E2E2E2E2E2E2E2E2E2E2E2E2E2E2E2E2E2E2
310
E2E2E2E2E2E2E2E2E2E2E2E2E2E2E2E2E2E2E2E2E2E2E2E2E2E2E2E2E2E2E2E2E2E2E2E2E2E2E2E2E2E2E2E2E2E2E2E2E2E2E2E2E2E2E2E2E2E2E2E2E2E2E2E2E2E2E2E2E2E2E2E2E2E2E2E2E2E2E2E2E2E2E2E2E2E6E2E2E2E2E2E2E2E2E6E2E2E2E2E2E2E2E2E2E2E2E2E2E2E2E2E2E2E2E2E2E2E2E2E2E2E2E2E2E2E2E2
310
E2E2E2E2E2E2E2E2E2E2E2E2E2E2E2E2E2E2E2E2E2E2E2E2E2E2E2E2E2E2E2E2E2E2E2E2E2E2E2E2E2E2E2E2E2E2E2E2F5F5F5F5F5E2E2F5F5F5E2E2E2E2E2E2E2E2E2E6E2E2E2E2E2E2E2E2E2E2E2E2E2E2E2E2E2E2E2E2E2E2E2E2E2E2E2E2E2E2E2E2E2E2E2E2E2E2E2E2E2E2E2E2E2E2E2E2E2E2E2E2E2E2E2E2E2E2E2
310
E2E2E2E2E2E2E2E2E2E2E2E2E2E2E2E2E2E2E2E2E2E2E2E2E2E2E2E2E2E2E2E2E2E2E2E2E2E2E2E2E2E2E2E2E2E2E2E2E2E2E2E2E2E2E2E2E2E2E2E2E2E2E2E2E2E2E2E2E2E2E2E2E2E2E2E2E2E2E2E2E2E2E2E2E2E2E2E6E2E2E2E2E2E2E2E2E6E2E2E2E2E2E2E2E2E2E2E2E2E2E2E2E2E2E2E2E2E2E2E2E2E2E2E2E2E2E2
310
E2E2E2E2E2E2E2E2E2E2E2E2E2E2E2E2E2E2E2E2E2E2E2E2E2E2E2E2E2E2E2E2E2E2E2E2E2E2E2E2E2E2E2E2E2E2E2E2E2E2F5F5F5F5F5F5E2F5F5F5E2E2E2E2E2E2E2E2E2E6E2E2E2E2E2E2E2E2E2E2E2E2E2E2E2E2E2E2E2E2E2E2E2E2E2E2E2E2E2E2E2E2E2E2E2E2E2E2E2E2E2E2E2E2E2E2E2E2E2E2E2E2E2E2E2E2E2
310
E2E2E2E2E2E2E2E2E2E2E2E2E2E2E2E2E2E2E2E2E2E2E2E2E2E2E2E2E2E2E2E2E2E2E2E2E2E2E2E2E2E2E2E2E2E2E2E2E2E2E2E2E2E2E2E2E2E2E2E2E2E2E2E2E2E2E2E2E2E2E2E2E2E2E2E2E2E2E2E2E2E2E2E2E2E2E2E2E2E6E2E2E2E2E2E2E2E2E6E2E2E2E2E2E2E2E2E2E2E2E2E2E2E2E2E2E2E2E2E2E2E2E2E2E2E2E2
310
E2E2E2E2E2E2E2E2E2E2E2E2E2E2E2E2E2E2E2E2E2E2E2E2E2E2E2E2E2E2E2E2E2E2E2E2E2E2E2E2E2E2E2E2E2E2E2E2E2E2E2E2F5F5F5F5F5F5F5F5F5F5E2E2E2E2E2E2E2E2E2E6E2E2E2E2E2E2E2E2E2E2E2E2E2E2E2E2E2E2E2E2E2E2E2E2E2E2E2E2E2E2E2E2E2E2E2E2E2E2E2E2E2E2E2E2E2E2E2E2E2E2E2E2E2E2E2
310
E2E2E2E2E2E2E2E2E2E2E2E2E2E2E2E2E2E2E2E2E2E2E2E2E2E2E2E2E2E2E2E2E2E2E2E2E2E2E2E2E2E2E2E2E2E2E2E2E2E2E2E2E2E2E2E2E2E2E2E2E2E2E2E2E2E2E2E2E2E2E2E2E2E2E2E2E2E2E2E2E2E2E2E2E2E2E2E2E2E2E2E6E2E2E2E2E2E2E2E2E6E2E2E2E2E2E2E2E2E2E2E2E2E2E2E2E2E2E2E2E2E2E2E2E2E2E2
310
E2E2E2E2E2E2E2E2E2E2E2E2E2E2E2E2E2E2E2E2E2E2E2E2E2E2E2E2E2E2E2E2E2E2E2E2E2E2E2E2E2E2E2E2E2E2E2E2E2E2E2E2E2E2F5F5F5E2F5F5F5F5F5F5E2E2E2E2E2E2E2E2E2E6E2E2E2E2E2E2E2E2E2E2E2E2E2E2E2E2E2E2E2E2E2E2E2E2E2E2E2E2E2E2E2E2E2E2E2E2E2E2E2E2E2E2E2E2E2E2E2E2E2E2E2E2E2
310
E2E2E2E2E2E2E2E2E2E2E2E2E2E2E2E2E2E2E2E2E2E2E2E2E2E2E2E2E2E2E2E2E2E2E2E2E2E2E2E2E2E2E2E2E2E2E2E2E2E2E2E2E2E2E2E2E2E2E2E2E2E2E2E2E2E2E2E2E2E2E2E2E2E2E2E2E2E2E2E2E2E2E2E2E2E2E2E2E2E2E2E2E2E6E2E2E2E2E2E2E2E2E6E2E2E2E2E2E2E2E2E2E2E2E2E2E2E2E2E2E2E2E2E2E2E2E2
310
E2E2E2E2E2E2E2E2E2E2E2E2E2E2E2E2E2E2E2E2E2E2E2E2E2E2E2E2E2E2E2E2E2E2E2E2E2E2E2E2E2E2E2E2E2E2E2E2E2E2E2E2E2E2E2E2E2E2E2E2E2E2F5F5F5F5E2E2E2E2E2E2E2E2E2E6E2E2E2E2E2E2E2E2E2E2E2E2E2E2E2E2E2E2E2E2E2E2E2E2E2E2E2E2E2E2E2E2E2E2E2E2E2E2E2E2E2E2E2E2E2E2E2E2E2E2E2
310
E2E2E2E2E2E2E2E2E2E2E2E2E2E2E2E2E2E2E2E2E2E2E2E2E2E2E2E2E2E2E2E2E2E2E2E2E2E2E2E2E2E2E2E2E2E2E2E2E2E2E2E2E2E2E2E2E2E2E2E2E2E2E2E2E2E2E2E2E2E2E2E2E2E2E2E2E2E2E2E2E2E2E2E2E2E2E2E2E2E2E2E2E2E2E2E6E2E2E2E2E2E2E2E2E6E2E2E2E2E2E2E2E2E2E2E2E2E2E2E2E2E2E2E2E2E2E2
310
E2E2E2E2E2E2E2E2E2E2E2E2E2E2E2E2E2E2E2E2E2E2E2E2E2E2E2E2E2E2E2E2E2E2E2E2E2E2E2E2E2E2E2E2E2E2E2E2E2E2E2E2E2E2E2E2E2E2E2E2E2E2E2E2E2F5F5F5E2E2E2E2E2E2E2E2E2E6E2E2E2E2E2E2E2E2E2E2E2E2E2E2E2E2E2E2E2E2E2E2E2E2E2E2E2E2E2E2E2E2E2E2E2E2E2E2E2E2E2E2E2E2E2E2E2E2E2
310
E2E2E2E2E2E2E2E2E2E2E2E2E2E2E2E2E2E2E2E2E2E2E2E2E2E2E2E2E2E2E2E2E2E2E2E2E2E2E2E2E2E2E2E2E2E2E2E2E2E2E2E2E2E2E2E2E2E2E2E2E2E2E2E2E2E2E2E2E2E2E2E2E2E2E2E2E2E2E2E2E2E2E2E2E2E2E2E2E2E2E2E2E2E2E2E2E2E6E2E2E2E2E2E2E2E2E6E2E2E2E2E2E2E2E2E2E2E2E2E2E2E2E2E2E2E2E2
310
E2E2E2E2E2E2E2E2E2E2E2E2E2E2E2E2E2E2E2E2E2E2E2E2E2E2E2E2E2E2E2E2E2E2E2E2E2E2E2E2E2E2E2E2E2E2E2E2E2E2E2E2E2E2E2E2E2E2E2E2E2E2E2E2E2E2E2F5F5F5E2E2E2E2E2E2E2E2E2E6E2E2E2E2E2E2E2E2E2E2E2E2E2E2E2E2E2E2E2E2E2E2E2E2E2E2E2E2E2E2E2E2E2E2E2E2E2E2E2E2E2E2E2E2E2E2E2
310
E2E2E2E2E2E2E2E2E2E2E2E2E2E2E2E2E2E2E2E2E2E2E2E2E2E2E2E2E2E2E2E2E2E2E2E2E2E2E2E2E2E2E2E2E2E2E2E2E2E2E2E2E2E2E2E2E2E2E2E2E2E2E2E2E2E2E2E2E2E2E2E2E2E2E2E2E2E2E2E2E2E2E2E2E2E2E2E2E2E2E2E2E2E2E2E2E2E2E2E6E2E2E2E2E2E2E2E2E6E2E2E2E2E2E2E2E2E2E2E2E2E2E2E2E2E2E2
310
E2E2E2E2E2E2E2E2E2E2E2E2E2E2E2E2E2E2E2E2E2E2E2E2E2E2E2E2E2E2E2E2E2E2E2E2E2E2E2E2E2E2E2E2E2E2E2E2E2E2E2E2E2E2E2E2E2E2E2E2E2E2E2F5F5E2E2F5F5F5F5E6E2E2E2E2E2E2E2E2E2E6E2E2E2E2E2E2E2E2E2E2E2E2E2E2E2E2E2E2E2E2E2E2E2E2E2E2E2E2E2E2E2E2E2E2E2E2E2E2E2E2E2E2E2E2E2
310
E2E2E2E2E2E2E2E2E2E2E2E2E2E2E2E2E2E2E2E2E2E2E2E2E2E2E2E2E2E2E2E2E2E2E2E2E2E2E2E2E2E2E2E2E2E2E2E2E2E2E2E2E2E2E2E2E2E2E2E2E2E2E2E2E2E2E2E2E2E2E2E2E2E2E2E2E2E2E2E2E2E2E2E2E2E2E2E2E2E2E2E2E2E2E2E2E2E2E2E2E6E6E2E2E2E2E2E2E2E2E6E2E2E2E2E2E2E2E2E2E2E2E2E2E2E2E2
310
E2E2E2E2E2E2E2E2E2E2E2E2E2E2E2E2E2E2E2E2E2E2E2E2E2E2E2E2E2E2E2E2E2E2E2E2E2E2E2E2E2E2E2E2E2E2E2E2E2E2E2E2E2E2E2E2E2E2E2E2E2E2E2E2F5F5F5F5F5F5F5F5F5E2E2E2E2E2E2E2E2E2E6E6E2E2E2E2E2E2E2E2E2E2E2E2E2E2E2E2E2E2E2E2E2E2E2E2E2E2E2E2E2E2E2E2E2E2E2E2E2E2E2E2E2E2E2
310
E2E2E2E2E2E2E2E2E2E2E2E2E2E2E2E2E2E2E2E2E2E2E2E2E2E2E2E2E2E2E2E2E2E2E2E2E2E2E2E2E2E2E2E2E2E2E2E2E2E2E2E2E2E2E2E2E2E2E2E2E2E2E2E2E2E2E2E2E2E2E2E2E2E2E2E2E2E2E2E2E2E2E2E2E2E2E2E2E2E2E2E2E2E2E2E2E2E2E2E2E2E2E6E6E2E2E2E2E2E2E2E2E6E2E2E2E2E2E2E2E2E2E2E2E2E2E2
310
E2E2E2E2E2E2E2E2E2E2E2E2E2E2E2E2E2E2E2E2E2E2E2E2E2E2E2E2E2E2E2E2E2E2E2E2E2E2E2E2E2E2E2E2E2E2E2E2E2E2E2E2E2E2E2E2E2E2E2E2E2E2E2E2E2E2F5F5F5F5F5F5F5E2E2E2E2E2E2E2E2E2E2E2E6E6E2E2E2E2E2E2E2E2E2E2E2E2E2E2E2E2E2E2E2E2E2E2E2E2E2E2E2E2E2E2E2E2E2E2E2E2E2E2E2E2E2
310
E2E2E2E2E2E2E2E2E2E2E2E2E2E2E2E2E2E2E2E2E2E2E2E2E2E2E2E2E2E2E2E2E2E2E2E2E2E2E2E2E2E2E2E2E2E2E2E2E2E2E2E2E2E2E2E2E2E2E2E2E2E2E2E2E2E2E2E2E2E2E2E2E2E2E2E2E2E2E2E2E2E2E2E2E2E2E2E2E2E2E2E2E2E2E2E2E2E2E2E2E2E2E2E2E2E6E2E2E2E2E2E2E2E2E6E2E2E2E2E2E2E2E2E2E2E2E2
310
E2E2E2E2E2E2E2E2E2E2E2E2E2E2E2E2E2E2E2E2E2E2E2E2E2E2E2E2E2E2E2E2E2E2E2E2E2E2E2E2E2E2E2E2E2E2E2E2E2E2E2E2E2E2E2E2E2E2E2E2E2E2E2E2E2E2E2E2E6F5F5F5F5F5E2E2E2E6E2E2E2E2E2E2E2E2E2E6E2E2E2E2E2E2E2E2E2E2E2E2E2E2E2E2E2E2E2E2E2E2E2E2E2E2E2E2E2E2E2E2E2E2E2E2E2E2E2
310
E2E2E2E2E2E2E2E2E2E2E2E2E2E2E2E2E2E2E2E2E2E2E2E2E2E2E2E2E2E2E2E2E2E2E2E2E2E2E2E2E2E2E2E2E2E2E2E2E2E2E2E2E2E2E2E2E2E2E2E2E2E2E2E2E2E2E2E2E2E2E2E2E2E2E2E2E2E2E2E2E2E2E2E2E2E2E2E2E2E2E2E2E2E2E2E2E2E2E2E2E2E2E2E2E2E2E6E6E6E6E6E6E6E6E6E6E6E6E6E6E6E6E6E6E6E6E6
310
E6E6E6E6E6E6E6E6E6E6E6E6E6E6E6E6E6E6E6E6E6E6E6E6E6E6E6E6E6E6E6E6E6E6E6E6E6E6E6E6E6E6E6E6E6E6E6E6E6E6E6E6E6E6E6E6E6E6E6E6E6E6E6E6E6E6E6E6E6E2F5E6F5E6E2E2E6E6E6E6E6E6E6E6E6E6E6E6E6E6E2E2E2E2E2E2E2E2E2E2E2E2E2E2E2E2E2E2E2E2E2E2E2E2E2E2E2E2E2E2E2E2E2E2E2E2E2
310
E2E2E2E2E2E2E2E2E2E2E2E2E2E2E2E2E2E2E2E2E2E2E2E2E2E2E2E2E2E2E2E2E2E2E2E2E2E2E2E2E2E2E2E2E2E2E2E2E2E2E2E2E2E2E2E2E2E2E2E2E2E2E2E2E2E2E2E2E2E2E2E2E2E2E2E2E2E2E2E2E2E2E2E2E2E2E2E2E2E2E2E2E2E2E2E2E2E2E2E2E2E2E2E2E2E2E2E2E2E2E2E2E2E2E2E2E2E2E6E2E2E2E2E2E2E2E2
310
E2E2E2E2E2E2E2E2E2E2E2E2E2E2E2E2E2E2E2E2E2E2E2E2E2E2E2E2E2E2E2E2E2E2E2E2E2E2E2E2E2E2E2E2E2E2E2E2E2E2E2E2E2E2E2E2E2E2E2E2E2E2E2E2E2E2E2E2E2E2E2E2E2E2E2E2E2E2E2E2E2E6E2E2E2E2E2E2E2E2E2E2E2E2E2E2E2E2E2E2E2E2E2E2E2E2E2E2E2E2E2E2E2E2E2E2E2E2E2E2E2E2E2E2E2E2E2
310
E2E2E2E2E2E2E2E2E2E2E2E2E2E2E2E2E2E2E2E2E2E2E2E2E2E2E2E2E2E2E2E2E2E2E2E2E2E2E2E2E2E2E2E2E2E2E2E2E2E2E2E2E2E2E2E2E2E2E2E2E2E2E2E2E2E2E2E2E2E2E2E2E2E2E2E2E2E2E2E2E2E2E2E2E2E2E2E2E2E2E2E2E2E2E2E2E2E2E2E2E2E2E2E2E2E2E2E2E2E2E2E2E2E2E2E2E2E2E2E2E6E2E2E2E2E2E2
310
E2E2E2E2E2E2E2E2E2E2E2E2E2E2E2E2E2E2E2E2E2E2E2E2E2E2E2E2E2E2E2E2E2E2E2E2E2E2E2E2E2E2E2E2E2E2E2E2E2E2E2E2E2E2E2E2E2E2E2E2E2E2E2E2E2E2E2E2E2E2E2E2E2E2E6E2E2E2E2E2E2E2E2E6E2E2E2E2E2E2E2E2E2E2E2E2E2E2E2E2E2E2E2E2E2E2E2E2E2E2E2E2E2E2E2E2E2E2E2E2E2E2E2E2E2E2E2
310
E2E2E2E2E2E2E2E2E2E2E2E2E2E2E2E2E2E2E2E2E2E2E2E2E2E2E2E2E2E2E2E2E2E2E2E2E2E2E2E2E2E2E2E2E2E2E2E2E2E2E2E2E2E2E2E2E2E2E2E2E2E2E2E2E2E2E2E2E2E2E2E2E2E2E2E2E2E2E2E2E2E2E2E2E2E2E2E2E2E2E2E2E2E2E2E2E2E2E2E2E2E2E2E2E2E2E2E2E2E2E2E2E2E2E2E2E2E2E2E2E2E2E6E2E2E2E2
310
E2E2E2E2E2E2E2E2E2E2E2E2E2E2E2E2E2E2E2E2E2E2E2E2E2E2E2E2E2E2E2E2E2E2E2E2E2E2E2E2E2E2E2E2E2E2E2E2E2E2E2E2E2E2E2E2E2E2E2E2E2E2E2E2E2E2E2E2E2E2E2E2E2E2E2E2E6E2E2E2E2E2E2E2E2E6E2E2E2E2E2E2E2E2E2E2E2E2E2E2E2E2E2E2E2E2E2E2E2E2E2E2E2E2E2E2E2E2E2E2E2E2E2E2E2E2E2
310
E2E2E2E2E2E2E2E2E2E2E2E2E2E2E2E2E2E2E2E2E2E2E2E2E2E2E2E2E2E2E2E2E2E2E2E2E2E2E2E2E2E2E2E2E2E2E2E2E2E2E2E2E2E2E2E2E2E2E2E2E2E2E2E2E2E2E2E2E2E2E2E2E2E2E2E2E2E2E2E2E2E2E2E2E2E2E2E2E2E2E2E2E2E2E2E2E2E2E2E2E2E2E2E2E2E2E2E2E2E2E2E2E2E2E2E2E2E2E2E2E2E2E2E2E6E2E2
310
E2E2E2E2E2E2E2E2E2E2E2E2E2E2E2E2E2E2E2E2E2E2E2E2E2E2E2E2E2E2E2E2E2E2E2E2E2E2E2E2E2E2E2E2E2E2E2E2E2E2E2E2E2E2E2E2E2E2E2E2E2E2E2E2E2E2E2E2E2E2E2E2E2E2E2E2E2E2E6E2E2E2E2E2E2E2E2E6E2E2E2E2E2E2E2E2E2E2E2E2E2E2E2E2E2E2E2E2E2E2E2E2E2E2E2E2E2E2E2E2E2E2E2E2E2E2E2
310
E2E2E2E2E2E2E2E2E2E2E2E2E2E2E2E2E2E2E2E2E2E2E2E2E2E2E2E2E2E2E2E2E2E2E2E2E2E2E2E2E2E2E2E2E2E2E2E2E2E2E2E2E2E2E2E2E2E2E2E2E2E2E2E2E2E2E2E2E2E2E2E2E2E2E2E2E2E2E2E2E2E2E2E2E2E2E2E2E2E2E2E2E2E2E2E2E2E2E2E2E2E2E2E2E2E2E2E2E2E2E2E2E2E2E2E2E2E2E2E2E2E2E2E2E2E2E6
310
E2E2E2E2E2E2E2E2E2E2E2E2E2E2E2E2E2E2E2E2E2E2E2E2E2E2E2E2E2E2E2E2E2E2E2E2E2E2E2E2E2E2E2E2E2E2E2E2E2E2E2E2E2E2E2E2E2E2E2E2E2E2E2E2E2E2E2E2E2E2E2E2E2E2E2E2E2E2E2E2E6E2E2E2E2E2E2E2E2E6E2E2E2E2E2E2E2E2E2E2E2E2E2E2E2E2E2E2E2E2E2E2E2E2E2E2E2E2E2E2E2E2E2E2E2E2E2
310
E2E2E2E2E2E2E2E2E2E2E2E2E2E2E2E2E2E2E2E2E2E2E2E2E2E2E2E2E2E2E2E2E2E2E2E2E2E2E2E2E2E2E2E2E2E2E2E2E2E2E2E2E2E2E2E2E2E2E2E2E2E2E2E2E2E2E2E2E2E2E2E2E2E2E2E2E2E2E2E2E2E2E2E2E2E2E2E2E2E2E2E2E2E2E2E2E2E2E2E2E2E2E2E2E2E2E2E2E2E2E2E2E2E2E2E2E2E2E2E2E2E2E2E2E2E2E2
310
E2E6E2E2E2E2E2E2E2E2E2E2E2E2E2E2E2E2E2E2E2E2E2E2E2E2E2E2E2E2E2E2E2E2E2E2E2E2E2E2E2E2E2E2E2E2E2E2E2E2E2E2E2E2E2E2E2E2E2E2E2E2E2E2E2E2E2E2E2E2E2E2E2E2E2E2E2E2E2E2E2E2E6E2E2E2E2E2E2E2E2E6E2E2E2E2E2E2E2E2E2E2E2E2E2E2E2E2E2E2E2E2E2E2E2E2E2E2E2E2E2E2E2E2E2E2E2
310
E2E2E2E2E2E2E2E2E2E2E2E2E2E2E2E2E2E2E2E2E2E2E2E2E2E2E2E2E2E2E2E2E2E2E2E2E2E2E2E2E2E2E2E2E2E2E2E2E2E2E2E2E2E2E2E2E2E2E2E2E2E2E2E2E2E2E2E2E2E2E2E2E2E2E2E2E2E2E2E2E2E2E2E2E2E2E2E2E2E2E2E2E2E2E2E2E2E2E2E2E2E2E2E2E2E2E2E2E2E2E2E2E2E2E2E2E2E2E2E2E2E2E2E2E2E2E2
310
E2E2E2E6E2E2E2E2E2E2E2E2E2E2E2E2E2E2E2E2E2E2E2E2E2E2E2E2E2E2E2E2E2E2E2E2E2E2E2E2E2E2E2E2E2E2E2E2E2E2E2E2E2E2E2E2E2E2E2E2E2E2E2E2E2E2E2E2E2E2E2E2E2E2E2E2E2E2E2E2E2E2E2E2E6E2E2E2E2E2E2E2E2E6E2E2E2E2E2E2E2E2E2E2E2E2E2E2E2E2E2E2E2E2E2E2E2E2E2E2E2E2E2E2E2E2E2
310
E2E2E2E2E2E2E2E2E2E2E2E2E2E2E2E2E2E2E2E2E2E2E2E2E2E2E2E2E2E2E2E2E2E2E2E2E2E2E2E2E2E2E2E2E2E2E2E2E2E2E2E2E2E2E2E2E2E2E2E2E2E2E2E2E2E2E2E2E2E2E2E2E2E2E2E2E2E2E2E2E2E2E2E2E2E2E2E2E2E2E2E2E2E2E2E2E2E2E2E2E2E2E2E2E2E2E2E2E2E2E2E2E2E2E2E2E2E2E2E2E2E2E2E2E2E2E2
310
E2E2E2E2E2E6E2E2E2E2E2E2E2E2E2E2E2E2E2E2E2E2E2E2E2E2E2E2E2E2E2E2E2E2E2E2E2E2E2E2E2E2E2E2E2E2E2E2E2E2E2E2E2E2E2E2E2E2E2E2E2E2E2E2E2E2E2E2E2E2E2E2E2E2E2E2E2E2E2E2E2E2E2E2E2E2E6E2E2E2E2E2E2E2E2E6E2E2E2E2E2E2E2E2E2E2E2E2E2E2E2E2E2E2E2E2E2E2E2E2E2E2E2E2E2E2E2
310
E2E2E2E2E2E2E2E2E2E2E2E2E2E2E2E2E2E2E2E2E2E2E2E2E2E2E2E2E2E2E2E2E2E2E2E2E2E2E2E2E2E2E2E2E2E2E2E2E2E2E2E2E2E2E2E2E2E2E2E2E2E2E2E2E2E2E2E2E2E2E2E2E2E2E2E2E2E2E2E2E2E2E2E2E2E2E2E2E2E2E2E2E2E2E2E2E2E2E2E2E2E2E2E2E2E2E2E2E2E2E2E2E2E2E2E2E2E2E2E2E2E2E2E2E2E2E2
310
E2E2E2E2E2E2E2E6E6E6E6E6E6E6E6E6E6E6E6E6E6E6E6E6E6E6E6E6E6E6E6E6E6E6E6E6E6E6E6E6E6E6E6E6E6E6E6E6E6E6E6E6E6E6E6E6E6E6E6E6E6E6E6E6E6E6E6E6E6E6E6E6E6E6E6E6E6E6E6E6E6E6E6E6E6E6E6E6E6E6E6E6E6E6E6E6E6E6E2E2E2E2E2E2E2E2E2E2E2E2E2E2E2E2E2E2E2E2E2E2E2E2E2E2E2E2E2
310
E2E2E2E2E2E2E2E2E2E2E2E2E2E2E2E2E2E2E2E2E2E2E2E2E2E2E2E2E2E2E2E2E2E2E2E2E2E2E2E2E2E2E2E2E2E2E2E2E2E2E2E2E2E2E2E2E2E2E2E2E2E2E2E2E2E2E2E2E2E2E2E2E2E2E2E2E2E2E2E2E2E2E2E2E2E2E2E2E2E2E2E2E2E2E2E2E2E2E2E2E2E2E2E2E2E2E2E2E2E2E2E2E2E2E2E2E2E2E2E2E2E2E2E2E2E2E2
310
E2E2E2E2E2E2E2E2E2E6E2E6E6E2E2E2E2E2E2E2E2E2E2E2E2E2E2E2E2E2E2E2E2E2E2E2E2E2E2E2E2E2E2E2E2E2E2E6E6E6E6E6E6E2E2E2E2E2E2E2E2E2E2E2E2E2E2E2E2E2E2E2E2E2E2E2E2E2E2E2E2E2E2E2E2E2E2E6E6E2E6E2E6E6E6E6E6E6E2E6E2E2E2E2E2E2E2E2E2E2E2E2E2E2E2E2E2E2E2E2E2E2E2E2E2E2E2
310
E2E2E2E2E2E2E2E2E2E2E2E2E2E2E2E2E2E2E2E2E2E2E2E2E2E2E2E2E2E2E2E2E2E2E2E2E2E2E2E2E2E2E2E2E2E2E2E2E2E2E2E2E2E2E2E2E2E2E2E2E2E2E2E2E2E2E2E2E2E2E2E2E2E2E2E2E2E2E2E2E2E2E2E2E2E2E2E2E2E2E2E2E2E2E2E2E2E2E2E2E2E2E2E2E2E2E2E2E2E2E2E2E2E2E2E2E2E2E2E2E2E2E2E2E2E2E2
310
E2E2E2E2E2E2E2E2E2E2E2E2E2E2E2E2E2E2E2E2E2E2E2E2E2E2E2E2E2E2E2E2E2E2E2E2E2E2E2E2E2E2E2E2E2E2E2E2E2E6E6E6E6E6E6E2E2E2E2E2E2E2E2E2E2E2E2E2E2E2E2E2E2E2E2E2E2E2E2E2E2E2E2E2E2E2E2E2E2E2E2E2E2E2E6E6E6E6E6E2E2E2E2E2E2E2E2E2E2E2E2E2E2E2E2E2E2E2E2E2E2E2E2E2E2E2E2
310
E2E2E2E2E2E2E2E2E2E2E2E2E2E2E2E2E2E2E2E2E2E2E2E2E2E2E2E2E2E2E2E2E2E2E2E2E2E2E2E2E2E2E2E2E2E2E2E2E2E2E2E2E2E2E2E2E2E2E2E2E2E2E2E2E2E2E2E2E2E2E2E2E2E2E2E2E2E2E2E2E2E2E2E2E2E2E2E2E2E2E2E2E2E2E2E2E2E2E2E2E2E2E2E2E2E2E2E2E2E2E2E2E2E2E2E2E2E2E2E2E2E2E2E2E2E2E2
310
E2E2E2E2E2E2E2E2E2E2E2E2E2E2E2E2E2E2E2E2E2E2E2E2E2E2E2E2E2E2E2E2E2E2E2E2E2E2E2E2E2E2E2E2E2E2E2E2E2E2E2E6E6E6E6E6E6E2E2E2E2E2E2E2E2E2E2E2E2E2E2E2E2E2E2E2E2E2E2E2E2E2E2E2E2E2E2E2E2E2E2E2E2E2E2E2E6E6E6E6E6E2E2E2E2E2E2E2E2E2E2E2E2E2E2E2E2E2E2E2E2E2E2E2E2E2E2
310
E2E2E2E2E2E2E2E2E2E2E2E2E2E2E2E2E2E2E2E2E2E2E2E2E2E2E2E2E2E2E2E2E2E2E2E2E2E2E2E2E2E2E2E2E2E2E2E2E2E2E2E2E2E2E2E2E2E2E2E2E2E2E2E2E2E2E2E2E2E2E2E2E2E2E2E2E2E2E2E2E2E2E2E2E2E2E2E2E2E2E2E2E2E2E2E2E2E2E2E2E2E2E2E2E2E2E2E2E2E2E2E2E2E2E2E2E2E2E2E2E2E2E2E2E2E2E2
310
E2E2E2E2E2E2E2E2E2E2E2E2E2E2E2E2E2E2E2E2E2E2E2E2E2E2E2E2E2E2E2E2E2E2E2E2E2E2E2E2E2E2E2E2E2E2E2E2E2E2E2E2E2E6E6E6E6E6E6E2E2E2E2E2E2E2E2E2E2E2E2E2E2E2E2E2E2E2E2E2E2E2E2E2E2E2E2E2E2E2E2E2E2E2E2E2E2E2E6E6E6E6E6E2E2E2E2E2E2E2E2E2E2E2E2E2E2E2E2E2E2E2E2E2E2E2E2
310
E2E2E2E2E2E2E2E2E2E2E2E2E2E2E2E2E2E2E2E2E2E2E2E2E2E2E2E2E2E2E2E2E2E2E2E2E2E2E2E2E2E2E2E2E2E2E2E2E2E2E2E2E2E2E2E2E2E2E2E2E2E2E2E2E2E2E2E2E2E2E2E2E2E2E2E2E2E2E2E2E2E2E2E2E2E2E2E2E2E2E2E2E2E2E2E2E2E2E2E2E2E2E2E2E2E2E2E2E2E2E2E2E2E2E2E2E2E2E2E2E2E2E2E2E2E2E2
310
E2E2E2E2E2E2E2E2E2E2E2E2E2E2E2E2E2E2E2E2E2E2E2E2E2E2E2E2E2E2E2E2E2E2E2E2E2E2E2E2E2E2E2E2E2E2E2E2E2E2E2E2E2E2E2E2E2E2E2E2E2E2E2E2E2E2E2E2E2E2E2E2E2E2E2E2E2E2E2E2E2E2E2E2E2E2E2E2E2E2E2E2E2E2E2E2E2E2E2E2E2E2E2E2E2E2E2E2E2E2E2E2E2E2E2E2E2E2E2E2E2E2E2E2E2E2E2
310
E2E2E2E2E2E2E2E2E2E2E2E2E2E2E2E2E2E2E2E2E2E2E2E2E2E2E2E2E2E2E2E2E2E2E2E2E2E2E2E2E2E2E2E2E2E2E2E2E2E2E2E2E2E2E2E2E2E2E2E2E2E2E2E2E2E2E2E2E2E2E2E2E2E2E2E2E2E2E2E2E2E2E2E2E2E2E2E2E2E2E2E2E2E2E2E2E2E2E2E2E2E2E2E2E2E2E2E2E2E2E2E2E2E2E2E2E2E2E2E2E2E2E2E2E2E2E2
310
E2E2E2E2E2E2E2E2E2E2E2E2E2E2E2E2E2E2E2E2E2E2E2E2E2E2E2E2E2E2E2E2E2E2E2E2E2E2E2E2E2E2E2E2E2E2E2E2E2E2E2E2E2E2E2E2E2E2E2E2E2E2E2E2E2E2E2E2E2E2E2E2E2E2E2E2E2E2E2E2E2E2E2E2E2E2E2E2E2E2E2E2E2E2E2E2E2E2E2E2E2E2E2E2E2E2E2E2E2E2E2E2E2E2E2E2E2E2E2E2E2E2E2E2E2E2E2
310
E2E2E2E2E2E2E2E2E2E2E2E2E2E2E2E2E2E2E2E2E2E2E2E2E2E2E2E2E2E2E2E2E2E2E2E2E2E2E2E2E2E2E2E2E2E2E2E2E2E2E2E2E2E2E2E2E2E2E2E2E2E2E2E2E2E2E2E2E2E2E2E2E2E2E2E2E2E2E2E2E2E2E2E2E2E2E2E2E2E2E2E2E2E2E2E2E2E2E2E2E2E2E2E2E2E2E2E2E2E2E2E2E2E2E2E2E2E2E2E2E2E2E2E2E2E2E2
310
E2E2E2E2E2E2E2E2E2E2E2E2E2E2E2E2E2E2E2E2E2E2E2E2E2E2E2E2E2E2E2E2E2E2E2E2E2E2E2E2E2E2E2E2E2E2E2E2E2E2E2E2E2E2E2E2E2E2E2E2E2E2E2E2E2E2E2E2E2E2E2E2E2E2E2E2E2E2E2E2E2E2E2E2E2E2E2E2E2E2E2E2E2E2E2E2E2E2E2E2E2E2E2E2E2E2E2E2E2E2E2E2E2E2E2E2E2E2E2E2E2E2E2E2E2E2E2
310
E2E2E2E2E2E2E2E2E2E2E2E2E2E2E2E2E2E2E2E2E2E2E2E2E2E2E2E2E2E2E2E2E2E2E2E2E2E2E2E2E2E2E2E2E2E2E2E2E2E2E2E2E2E2E2E2E2E2E2E2E2E2E2E2E2E2E2E2E2E2E2E2E2E2E2E2E2E2E2E2E2E2E2E2E2E2E2E2E2E2E2E2E2E2E2E2E2E2E2E2E2E2E2E2E2E2E2E2E2E2E2E2E2E2E2E2E2E2E2E2E2E2E2E2E2E2E2
310
E2E2E2E2E2E2E2E2E2E2E2E2E2E2E2E2E2E2E2E2E2E2E2E2E2E2E2E2E2E2E2E2E2E2E2E2E2E2E2E2E2E2E2E2E2E2E2E2E2E2E2E2E2E2E2E2E2E2E2E2E2E2E2E2E2E2E2E2E2E2E2E2E2E2E2E2E2E2E2E2E2E2E2E2E2E2E2E2E2E2E2E2E2E2E2E2E2E2E2E2E2E2E2E2E2E2E2E2E2E2E2E2E2E2E2E2E2E2E2E2E2E2E2E2E2E2E2
310
E2E2E2E2E2E2E2E2E2E2E2E2E2E2E2E2E2E2E2E2E2E2E2E2E2E2E2E2E2E2E2E2E2E2E2E2E2E2E2E2E2E2E2E2E2E2E2E2E2E2E2E2E2E2E2E2E2E2E2E2E2E2E2E2E2E2E2E2E2E2E2E2E2E2E2E2E2E2E2E2E2E2E2E2E2E2E2E2E2E2E2E2E2E2E2E2E2E2E2E2E2E2E2E2E2E2E2E2E2E2E2E2E2E2E2E2E2E2E2E2E2E2E2E2E2E2E2
310
E2E2E2E2E2E2E2E2E2E2E2E2E2E2E2E2E2E2E2E2E2E2E2E2E2E2E2E2E2E2E2E2E2E2E2E2E2E2E2E2E2E2E2E2E2E2E2E2E2E2E2E2E2E2E2E2E2E2E2E2E2E2E2E2E2E2E2E2E2E2E2E2E2E2E2E2E2E2E2E2E2E2E2E2E2E2E2E2E2E2E2E2E2E2E2E2E2E2E2E2E2E2E2E2E2E2E2E2E2E2E2E2E2E2E2E2E2E2E2E2E2E2E2E2E2E2E2
310
E2E2E2E2E2E2E2E2E2E2E2E2E2E2E2E2E2E2E2E2E2E2E2E2E2E2E2E2E2E2E2E2E2E2E2E2E2E2E2E2E2E2E2E2E2E2E2E2E2E2E2E2E2E2E2E2E2E2E2E2E2E2E2E2E2E2E2E2E2E2E2E2E2E2E2E2E2E2E2E2E2E2E2E2E2E2E2E2E2E2E2E2E2E2E2E2E2E2E2E2E2E2E2E2E2E2E2E2E2E2E2E2E2E2E2E2E2E2E2E2E2E2E2E2E2E2E2
310
E2E2E2E2E2E2E2E2E2E2E2E2E2E2E2E2E2E2E2E2E2E2E2E2E2E2E2E2E2E2E2E2E2E2E2E2E2E2E2E2E2E2E2E2E2E2E2E2E2E2E2E2E2E2E2E2E2E2E2E2E2E2E2E2E2E2E2E2E2E2E2E2E2E2E2E2E2E2E2E2E2E2E2E2E2E2E2E2E2E2E2E2E2E2E2E2E2E2E2E2E2E2E2E2E2E2E2E2E2E2E2E2E2E2E2E2E2E2E2E2E2E2E2E2E2E2E2
310
E2E2E2E2E2E2E2E2E2E2E2E2E2E2E2E2E2E2E2E2E2E2E2E2E2E2E2E2E2E2E2E2E2E2E2E2E2E2E2E2E2E2E2E2E2E2E2E2E2E2E2E2E2E2E2E2E2E2E2E2E2E2E2E2E2E2E2E2E2E2E2E2E2E2E2E2E2E2E2E2E2E2E2E2E2E2E2E2E2E2E2E2E2E2E2E2E2E2E2E2E2E2E2E2E2E2E2E2E2E2E2E2E2E2E2E2E2E2E2E2E2E2E2E2E2E2E2
310
E2E2E2E2E2E2E2E2E2E2E2E2E2E2E2E2E2E2E2E2E2E2E2E2E2E2E2E2E2E2E2E2E2E2E2E2E2E2E2E2E2E2E2E2E2E2E2E2E2E2E2E2E2E2E2E2E2E2E2E2E2E2E2E2E2E2E2E2E2E2E2E2E2E2E2E2E2E2E2E2E2E2E2E2E2E2E2E2E2E2E2E2E2E2E2E2E2E2E2E2E2E2E2E2E2E2E2E2E2E2E2E2E2E2E2E2E2E2E2E2E2E2E2E2E2E2E2
310
E2E2E2E2E2E2E2E2E2E2E2E2E2E2E2E2E2E2E2E2E2E2E2E2E2E2E2E2E2E2E2E2E2E2E2E2E2E2E2E2E2E2E2E2E2E2E2E2E2E2E2E2E2E2E2E2E2E2E2E2E2E2E2E2E2E2E2E2E2E2E2E2E2E2E2E2E2E2E2E2E2E2E2E2E2E2E2E2E2E2E2E2E2E2E2E2E2E2E2E2E2E2E2E2E2E2E2E2E2E2E2E2E2E2E2E2E2E2E2E2E2E2E2E2E2E2E2
310
E2E2E2E2E2E2E2E2E2E2E2E2E2E2E2E2E2E2E2E2E2E2E2E2E2E2E2E2E2E2E2E2E2E2E2E2E2E2E2E2E2E2E2E2E2E2E2E2E2E2E2E2E2E2E2E2E2E2E2E2E2E2E2E2E2E2E2E2E2E2E2E2E2E2E2E2E2E2E2E2E2E2E2E2E2E2E2E2E2E2E2E2E2E2E2E2E2E2E2E2E2E2E2E2E2E2E2E2E2E2E2E2E2E2E2E2E2E2E2E2E2E2E2E2E2E2E2
310
E2E2E2E2E2E2E2E2E2E2E2E2E2E2E2E2E2E2E2E2E2E2E2E2E2E2E2E2E2E2E2E2E2E2E2E2E2E2E2E2E2E2E2E2E2E2E2E2E2E2E2E2E2E2E2E2E2E2E2E2E2E2E2E2E2E2
  0
XRECORD
  5
351
102
{ACAD_REACTORS
330
350
102
}
330
350
100
AcDbXrecord
280
     1
102
MATERIAL
148
0.0
149
0.0
149
0.0
 93
        0
 94
      127
282
     0
 72
     1
 77
     1
171
     1
175
     1
179
     1
273
     0
  0
XRECORD
  5
34F
102
{ACAD_REACTORS
330
34E
102
}
330
34E
100
AcDbXrecord
280
     1
102
MATERIAL
148
0.0
149
0.0
149
0.0
 93
        0
 94
      127
282
     0
 72
     1
 77
     1
171
     1
175
     1
179
     1
273
     0
  0
XRECORD
  5
352
102
{ACAD_REACTORS
330
173
102
}
330
173
100
AcDbXrecord
280
     1
102
MATERIAL
148
0.0
149
0.0
149
0.0
 93
        0
 94
      127
282
     0
 72
     1
 77
     1
171
     1
175
     1
179
     1
273
     0
  0
XRECORD
  5
175
102
{ACAD_REACTORS
330
173
102
}
330
173
100
AcDbXrecord
280
     1
270
     1
271
     1
  0
XRECORD
  5
174
102
{ACAD_REACTORS
330
173
102
}
330
173
100
AcDbXrecord
280
     1
270
     1
271
     1
  0
XRECORD
  5
176
102
{ACAD_REACTORS
330
173
102
}
330
173
100
AcDbXrecord
280
     1
270
     1
271
     1
  0
XRECORD
  5
177
102
{ACAD_REACTORS
330
173
102
}
330
173
100
AcDbXrecord
280
     1
270
     1
271
     1
  0
XRECORD
  5
2FBD
102
{ACAD_REACTORS
330
2FBC
102
}
330
2FBC
100
AcDbXrecord
280
     1
102
DISPLAYNAME
  1
Metric50
102
FLAGS
 90
        0
  0
CELLSTYLEMAP
  5
2F85
102
{ACAD_REACTORS
330
162
102
}
330
162
100
AcDbCellStyleMap
 90
        3
300
CELLSTYLE
  1
TABLEFORMAT_BEGIN
 90
        5
170
     1
 91
        0
 92
    32768
 62
   257
 93
        1
300
CONTENTFORMAT
  1
CONTENTFORMAT_BEGIN
 90
        0
 91
        0
 92
      512
 93
        0
300

 40
0.0
140
1.0
 94
        5
 62
     0
340
11
144
6.0
309
CONTENTFORMAT_END
171
     1
301
MARGIN
  1
CELLMARGIN_BEGIN
 40
1.5
 40
1.5
 40
1.5
 40
1.5
 40
0.18
 40
0.18
309
CELLMARGIN_END
 94
        6
 95
        1
302
GRIDFORMAT
  1
GRIDFORMAT_BEGIN
 90
        0
 91
        1
 62
     0
 92
       -2
340
14
 93
        0
 40
1.125
309
GRIDFORMAT_END
 95
        2
302
GRIDFORMAT
  1
GRIDFORMAT_BEGIN
 90
        0
 91
        1
 62
     0
 92
       -2
340
14
 93
        0
 40
1.125
309
GRIDFORMAT_END
 95
        4
302
GRIDFORMAT
  1
GRIDFORMAT_BEGIN
 90
        0
 91
        1
 62
     0
 92
       -2
340
14
 93
        0
 40
1.125
309
GRIDFORMAT_END
 95
        8
302
GRIDFORMAT
  1
GRIDFORMAT_BEGIN
 90
        0
 91
        1
 62
     0
 92
       -2
340
14
 93
        0
 40
1.125
309
GRIDFORMAT_END
 95
       16
302
GRIDFORMAT
  1
GRIDFORMAT_BEGIN
 90
        0
 91
        1
 62
     0
 92
       -2
340
14
 93
        0
 40
1.125
309
GRIDFORMAT_END
 95
       32
302
GRIDFORMAT
  1
GRIDFORMAT_BEGIN
 90
        0
 91
        1
 62
     0
 92
       -2
340
14
 93
        0
 40
1.125
309
GRIDFORMAT_END
309
TABLEFORMAT_END
  1
CELLSTYLE_BEGIN
 90
        1
 91
        1
300
_TITLE
309
CELLSTYLE_END
300
CELLSTYLE
  1
TABLEFORMAT_BEGIN
 90
        5
170
     1
 91
        0
 92
        0
 62
   257
 93
        1
300
CONTENTFORMAT
  1
CONTENTFORMAT_BEGIN
 90
        0
 91
        0
 92
      512
 93
        0
300

 40
0.0
140
1.0
 94
        5
 62
     0
340
11
144
4.5
309
CONTENTFORMAT_END
171
     1
301
MARGIN
  1
CELLMARGIN_BEGIN
 40
1.5
 40
1.5
 40
1.5
 40
1.5
 40
0.18
 40
0.18
309
CELLMARGIN_END
 94
        6
 95
        1
302
GRIDFORMAT
  1
GRIDFORMAT_BEGIN
 90
        0
 91
        1
 62
     0
 92
       -2
340
14
 93
        0
 40
1.125
309
GRIDFORMAT_END
 95
        2
302
GRIDFORMAT
  1
GRIDFORMAT_BEGIN
 90
        0
 91
        1
 62
     0
 92
       -2
340
14
 93
        0
 40
1.125
309
GRIDFORMAT_END
 95
        4
302
GRIDFORMAT
  1
GRIDFORMAT_BEGIN
 90
        0
 91
        1
 62
     0
 92
       -2
340
14
 93
        0
 40
1.125
309
GRIDFORMAT_END
 95
        8
302
GRIDFORMAT
  1
GRIDFORMAT_BEGIN
 90
        0
 91
        1
 62
     0
 92
       -2
340
14
 93
        0
 40
1.125
309
GRIDFORMAT_END
 95
       16
302
GRIDFORMAT
  1
GRIDFORMAT_BEGIN
 90
        0
 91
        1
 62
     0
 92
       -2
340
14
 93
        0
 40
1.125
309
GRIDFORMAT_END
 95
       32
302
GRIDFORMAT
  1
GRIDFORMAT_BEGIN
 90
        0
 91
        1
 62
     0
 92
       -2
340
14
 93
        0
 40
1.125
309
GRIDFORMAT_END
309
TABLEFORMAT_END
  1
CELLSTYLE_BEGIN
 90
        2
 91
        1
300
_HEADER
309
CELLSTYLE_END
300
CELLSTYLE
  1
TABLEFORMAT_BEGIN
 90
        5
170
     1
 91
        0
 92
        0
 62
   257
 93
        1
300
CONTENTFORMAT
  1
CONTENTFORMAT_BEGIN
 90
        0
 91
        0
 92
      512
 93
        0
300

 40
0.0
140
1.0
 94
        2
 62
     0
340
11
144
4.5
309
CONTENTFORMAT_END
171
     1
301
MARGIN
  1
CELLMARGIN_BEGIN
 40
1.5
 40
1.5
 40
1.5
 40
1.5
 40
0.18
 40
0.18
309
CELLMARGIN_END
 94
        6
 95
        1
302
GRIDFORMAT
  1
GRIDFORMAT_BEGIN
 90
        0
 91
        1
 62
     0
 92
       -2
340
14
 93
        0
 40
1.125
309
GRIDFORMAT_END
 95
        2
302
GRIDFORMAT
  1
GRIDFORMAT_BEGIN
 90
        0
 91
        1
 62
     0
 92
       -2
340
14
 93
        0
 40
1.125
309
GRIDFORMAT_END
 95
        4
302
GRIDFORMAT
  1
GRIDFORMAT_BEGIN
 90
        0
 91
        1
 62
     0
 92
       -2
340
14
 93
        0
 40
1.125
309
GRIDFORMAT_END
 95
        8
302
GRIDFORMAT
  1
GRIDFORMAT_BEGIN
 90
        0
 91
        1
 62
     0
 92
       -2
340
14
 93
        0
 40
1.125
309
GRIDFORMAT_END
 95
       16
302
GRIDFORMAT
  1
GRIDFORMAT_BEGIN
 90
        0
 91
        1
 62
     0
 92
       -2
340
14
 93
        0
 40
1.125
309
GRIDFORMAT_END
 95
       32
302
GRIDFORMAT
  1
GRIDFORMAT_BEGIN
 90
        0
 91
        1
 62
     0
 92
       -2
340
14
 93
        0
 40
1.125
309
GRIDFORMAT_END
309
TABLEFORMAT_END
  1
CELLSTYLE_BEGIN
 90
        3
 91
        2
300
_DATA
309
CELLSTYLE_END
  0
XRECORD
  5
2F87
102
{ACAD_REACTORS
330
162
102
}
330
162
100
AcDbXrecord
280
     1
102
ACAD_ROUNDTRIP_PRE2007_TABLESTYLE
 90
      512
 91
        0
  1

 92
      512
 93
        0
  2

 94
      512
 95
        0
  3

  0
XRECORD
  5
2F93
102
{ACAD_REACTORS
330
2F92
102
}
330
2F92
100
AcDbXrecord
280
     1
102
RTVSPost2010Prop28
280
     1
102
RTVSPost2010PropOp28
 70
     1
102
RTVSPost2010Prop29
280
     1
102
RTVSPost2010PropOp29
 70
     1
102
RTVSPost2010Prop30
280
     0
102
RTVSPost2010PropOp30
 70
     1
102
RTVSPost2010Prop31
280
     0
102
RTVSPost2010PropOp31
 70
     1
102
RTVSPost2010Prop32
280
     0
102
RTVSPost2010PropOp32
 70
     1
102
RTVSPost2010Prop33
280
     0
102
RTVSPost2010PropOp33
 70
     1
102
RTVSPost2010Prop34
280
     0
102
RTVSPost2010PropOp34
 70
     1
102
RTVSPost2010Prop35
280
     0
102
RTVSPost2010PropOp35
 70
     1
102
RTVSPost2010Prop36
280
     0
102
RTVSPost2010PropOp36
 70
     1
102
RTVSPost2010Prop37
 90
       50
102
RTVSPost2010PropOp37
 70
     1
102
RTVSPost2010Prop38
140
0.0
102
RTVSPost2010PropOp38
 70
     1
102
RTVSPost2010Prop39
140
1.0
102
RTVSPost2010PropOp39
 70
     1
102
RTVSPost2010Prop40
 90
        0
102
RTVSPost2010PropOp40
 70
     1
102
RTVSPost2010Prop41ColorIndex
 90
       18
102
RTVSPost2010Prop41ColorRGB
 90
        0
102
RTVSPost2010PropOp41
 70
     1
102
RTVSPost2010Prop42
 90
       50
102
RTVSPost2010PropOp42
 70
     1
102
RTVSPost2010Prop43
 90
        3
102
RTVSPost2010PropOp43
 70
     1
102
RTVSPost2010Prop44ColorIndex
 90
        5
102
RTVSPost2010Prop44ColorRGB
 90
      255
102
RTVSPost2010PropOp44
 70
     1
102
RTVSPost2010Prop45
280
     0
102
RTVSPost2010PropOp45
 70
     1
102
RTVSPost2010Prop46
 90
       50
102
RTVSPost2010PropOp46
 70
     1
102
RTVSPost2010Prop47
 90
       50
102
RTVSPost2010PropOp47
 70
     1
102
RTVSPost2010Prop48
 90
       50
102
RTVSPost2010PropOp48
 70
     1
102
RTVSPost2010Prop49
280
     0
102
RTVSPost2010PropOp49
 70
     1
102
RTVSPost2010Prop50
 90
       50
102
RTVSPost2010PropOp50
 70
     1
102
RTVSPost2010Prop51ColorIndex
 90
      256
102
RTVSPost2010Prop51ColorRGB
 90
-16777216
102
RTVSPost2010PropOp51
 70
     0
102
RTVSPost2010Prop52
140
1.0
102
RTVSPost2010PropOp52
 70
     0
102
RTVSPost2010Prop53
 90
        2
102
RTVSPost2010PropOp53
 70
     1
102
RTVSPost2010Prop54
  1
strokes_ogs.tif
102
RTVSPost2010PropOp54
 70
     1
102
RTVSPost2010Prop55
280
     0
102
RTVSPost2010PropOp55
 70
     1
102
RTVSPost2010Prop56
140
1.0
102
RTVSPost2010PropOp56
 70
     1
102
RTVSPost2010Prop57
140
1.0
102
RTVSPost2010PropOp57
 70
     1
102
RTVSPropertyOp0
 70
     1
102
RTVSPropertyOp1
 70
     1
102
RTVSPropertyOp2
 70
     1
102
RTVSPropertyOp3
 70
     1
102
RTVSPropertyOp4
 70
     1
102
RTVSPropertyOp5
 70
     1
102
RTVSPropertyOp6
 70
     1
102
RTVSPropertyOp7
 70
     1
102
RTVSPropertyOp8
 70
     1
102
RTVSPropertyOp9
 70
     1
102
RTVSPropertyOp10
 70
     1
102
RTVSPropertyOp11
 70
     1
102
RTVSPropertyOp12
 70
     1
102
RTVSPropertyOp13
 70
     1
102
RTVSPropertyOp14
 70
     1
102
RTVSPropertyOp15
 70
     1
102
RTVSPropertyOp16
 70
     1
102
RTVSPropertyOp17
 70
     1
102
RTVSPropertyOp18
 70
     1
102
RTVSPropertyOp19
 70
     1
102
RTVSPropertyOp20
 70
     1
102
RTVSPropertyOp21
 70
     1
102
RTVSPropertyOp22
 70
     1
102
RTVSPropertyOp23
 70
     1
102
RTVSPropertyOp24
 70
     1
102
RTVSPropertyOp25
 70
     1
102
RTVSPropertyOp26
 70
     1
102
RTVSPropertyOp27
 70
     1
102
RTVSPropertyOp28
 70
     1
102
RTVSPropertyOp29
 70
     1
102
RTVSPropertyOp30
 70
     1
102
RTVSPropertyOp31
 70
     1
102
RTVSPropertyOp32
 70
     1
102
RTVSPropertyOp33
 70
     1
102
RTVSPropertyOp34
 70
     1
102
RTVSPropertyOp35
 70
     1
102
RTVSPropertyOp36
 70
     1
102
RTVSPropertyOp37
 70
     1
102
RTVSPropertyOp38
 70
     1
102
RTVSPropertyOp39
 70
     1
102
RTVSPropertyOp40
 70
     1
102
RTVSPropertyOp41
 70
     1
102
RTVSPropertyOp42
 70
     1
102
RTVSPropertyOp43
 70
     1
102
RTVSPropertyOp44
 70
     1
102
RTVSPropertyOp45
 70
     1
102
RTVSPropertyOp46
 70
     1
102
RTVSPropertyOp47
 70
     1
102
RTVSPropertyOp48
 70
     1
102
RTVSPropertyOp49
 70
     1
102
RTVSPropertyOp50
 70
     1
102
RTVSPropertyOp51
 70
     0
102
RTVSPropertyOp52
 70
     0
102
RTVSPropertyOp53
 70
     1
102
RTVSPropertyOp54
 70
     1
102
RTVSPropertyOp55
 70
     1
102
RTVSPropertyOp56
 70
     1
102
RTVSPropertyOp57
 70
     1
102
RTVSPropertyOp58
 70
     1
102
RTVSPropertyOp59
 70
     1
102
RTVSPropertyOp60
 70
     1
102
RTVSPropertyOp61
 70
     1
102
RTVSPropertyOp62
 70
     1
  0
XRECORD
  5
2F97
102
{ACAD_REACTORS
330
2F96
102
}
330
2F96
100
AcDbXrecord
280
     1
102
RTVSPost2010Prop28
280
     0
102
RTVSPost2010PropOp28
 70
     1
102
RTVSPost2010Prop29
280
     1
102
RTVSPost2010PropOp29
 70
     1
102
RTVSPost2010Prop30
280
     1
102
RTVSPost2010PropOp30
 70
     1
102
RTVSPost2010Prop31
280
     0
102
RTVSPost2010PropOp31
 70
     1
102
RTVSPost2010Prop32
280
     0
102
RTVSPost2010PropOp32
 70
     1
102
RTVSPost2010Prop33
280
     0
102
RTVSPost2010PropOp33
 70
     1
102
RTVSPost2010Prop34
280
     0
102
RTVSPost2010PropOp34
 70
     1
102
RTVSPost2010Prop35
280
     0
102
RTVSPost2010PropOp35
 70
     1
102
RTVSPost2010Prop36
280
     0
102
RTVSPost2010PropOp36
 70
     1
102
RTVSPost2010Prop37
 90
       50
102
RTVSPost2010PropOp37
 70
     1
102
RTVSPost2010Prop38
140
0.0
102
RTVSPost2010PropOp38
 70
     1
102
RTVSPost2010Prop39
140
1.0
102
RTVSPost2010PropOp39
 70
     1
102
RTVSPost2010Prop40
 90
        0
102
RTVSPost2010PropOp40
 70
     1
102
RTVSPost2010Prop41ColorIndex
 90
       18
102
RTVSPost2010Prop41ColorRGB
 90
        0
102
RTVSPost2010PropOp41
 70
     1
102
RTVSPost2010Prop42
 90
       50
102
RTVSPost2010PropOp42
 70
     1
102
RTVSPost2010Prop43
 90
        3
102
RTVSPost2010PropOp43
 70
     1
102
RTVSPost2010Prop44ColorIndex
 90
        5
102
RTVSPost2010Prop44ColorRGB
 90
      255
102
RTVSPost2010PropOp44
 70
     1
102
RTVSPost2010Prop45
280
     0
102
RTVSPost2010PropOp45
 70
     1
102
RTVSPost2010Prop46
 90
       50
102
RTVSPost2010PropOp46
 70
     1
102
RTVSPost2010Prop47
 90
       50
102
RTVSPost2010PropOp47
 70
     1
102
RTVSPost2010Prop48
 90
       50
102
RTVSPost2010PropOp48
 70
     1
102
RTVSPost2010Prop49
280
     0
102
RTVSPost2010PropOp49
 70
     1
102
RTVSPost2010Prop50
 90
       50
102
RTVSPost2010PropOp50
 70
     1
102
RTVSPost2010Prop51ColorIndex
 90
      256
102
RTVSPost2010Prop51ColorRGB
 90
-16777216
102
RTVSPost2010PropOp51
 70
     0
102
RTVSPost2010Prop52
140
1.0
102
RTVSPost2010PropOp52
 70
     0
102
RTVSPost2010Prop53
 90
        2
102
RTVSPost2010PropOp53
 70
     1
102
RTVSPost2010Prop54
  1
strokes_ogs.tif
102
RTVSPost2010PropOp54
 70
     1
102
RTVSPost2010Prop55
280
     0
102
RTVSPost2010PropOp55
 70
     1
102
RTVSPost2010Prop56
140
1.0
102
RTVSPost2010PropOp56
 70
     1
102
RTVSPost2010Prop57
140
1.0
102
RTVSPost2010PropOp57
 70
     1
102
RTVSPropertyOp0
 70
     1
102
RTVSPropertyOp1
 70
     1
102
RTVSPropertyOp2
 70
     1
102
RTVSPropertyOp3
 70
     1
102
RTVSPropertyOp4
 70
     1
102
RTVSPropertyOp5
 70
     1
102
RTVSPropertyOp6
 70
     1
102
RTVSPropertyOp7
 70
     1
102
RTVSPropertyOp8
 70
     1
102
RTVSPropertyOp9
 70
     1
102
RTVSPropertyOp10
 70
     1
102
RTVSPropertyOp11
 70
     1
102
RTVSPropertyOp12
 70
     1
102
RTVSPropertyOp13
 70
     1
102
RTVSPropertyOp14
 70
     1
102
RTVSPropertyOp15
 70
     1
102
RTVSPropertyOp16
 70
     1
102
RTVSPropertyOp17
 70
     1
102
RTVSPropertyOp18
 70
     1
102
RTVSPropertyOp19
 70
     1
102
RTVSPropertyOp20
 70
     1
102
RTVSPropertyOp21
 70
     1
102
RTVSPropertyOp22
 70
     1
102
RTVSPropertyOp23
 70
     1
102
RTVSPropertyOp24
 70
     1
102
RTVSPropertyOp25
 70
     1
102
RTVSPropertyOp26
 70
     1
102
RTVSPropertyOp27
 70
     1
102
RTVSPropertyOp28
 70
     1
102
RTVSPropertyOp29
 70
     1
102
RTVSPropertyOp30
 70
     1
102
RTVSPropertyOp31
 70
     1
102
RTVSPropertyOp32
 70
     1
102
RTVSPropertyOp33
 70
     1
102
RTVSPropertyOp34
 70
     1
102
RTVSPropertyOp35
 70
     1
102
RTVSPropertyOp36
 70
     1
102
RTVSPropertyOp37
 70
     1
102
RTVSPropertyOp38
 70
     1
102
RTVSPropertyOp39
 70
     1
102
RTVSPropertyOp40
 70
     1
102
RTVSPropertyOp41
 70
     1
102
RTVSPropertyOp42
 70
     1
102
RTVSPropertyOp43
 70
     1
102
RTVSPropertyOp44
 70
     1
102
RTVSPropertyOp45
 70
     1
102
RTVSPropertyOp46
 70
     1
102
RTVSPropertyOp47
 70
     1
102
RTVSPropertyOp48
 70
     1
102
RTVSPropertyOp49
 70
     1
102
RTVSPropertyOp50
 70
     1
102
RTVSPropertyOp51
 70
     0
102
RTVSPropertyOp52
 70
     0
102
RTVSPropertyOp53
 70
     1
102
RTVSPropertyOp54
 70
     1
102
RTVSPropertyOp55
 70
     1
102
RTVSPropertyOp56
 70
     1
102
RTVSPropertyOp57
 70
     1
102
RTVSPropertyOp58
 70
     1
102
RTVSPropertyOp59
 70
     1
102
RTVSPropertyOp60
 70
     1
102
RTVSPropertyOp61
 70
     1
102
RTVSPropertyOp62
 70
     1
  0
XRECORD
  5
2F95
102
{ACAD_REACTORS
330
2F94
102
}
330
2F94
100
AcDbXrecord
280
     1
102
RTVSPost2010Prop28
280
     0
102
RTVSPost2010PropOp28
 70
     1
102
RTVSPost2010Prop29
280
     1
102
RTVSPost2010PropOp29
 70
     1
102
RTVSPost2010Prop30
280
     1
102
RTVSPost2010PropOp30
 70
     1
102
RTVSPost2010Prop31
280
     0
102
RTVSPost2010PropOp31
 70
     1
102
RTVSPost2010Prop32
280
     0
102
RTVSPost2010PropOp32
 70
     1
102
RTVSPost2010Prop33
280
     0
102
RTVSPost2010PropOp33
 70
     1
102
RTVSPost2010Prop34
280
     0
102
RTVSPost2010PropOp34
 70
     1
102
RTVSPost2010Prop35
280
     0
102
RTVSPost2010PropOp35
 70
     1
102
RTVSPost2010Prop36
280
     0
102
RTVSPost2010PropOp36
 70
     1
102
RTVSPost2010Prop37
 90
       50
102
RTVSPost2010PropOp37
 70
     1
102
RTVSPost2010Prop38
140
0.0
102
RTVSPost2010PropOp38
 70
     1
102
RTVSPost2010Prop39
140
1.0
102
RTVSPost2010PropOp39
 70
     1
102
RTVSPost2010Prop40
 90
        0
102
RTVSPost2010PropOp40
 70
     1
102
RTVSPost2010Prop41ColorIndex
 90
       18
102
RTVSPost2010Prop41ColorRGB
 90
        0
102
RTVSPost2010PropOp41
 70
     1
102
RTVSPost2010Prop42
 90
       50
102
RTVSPost2010PropOp42
 70
     1
102
RTVSPost2010Prop43
 90
        3
102
RTVSPost2010PropOp43
 70
     1
102
RTVSPost2010Prop44ColorIndex
 90
        5
102
RTVSPost2010Prop44ColorRGB
 90
      255
102
RTVSPost2010PropOp44
 70
     1
102
RTVSPost2010Prop45
280
     0
102
RTVSPost2010PropOp45
 70
     1
102
RTVSPost2010Prop46
 90
       50
102
RTVSPost2010PropOp46
 70
     1
102
RTVSPost2010Prop47
 90
       50
102
RTVSPost2010PropOp47
 70
     1
102
RTVSPost2010Prop48
 90
       50
102
RTVSPost2010PropOp48
 70
     1
102
RTVSPost2010Prop49
280
     0
102
RTVSPost2010PropOp49
 70
     1
102
RTVSPost2010Prop50
 90
       50
102
RTVSPost2010PropOp50
 70
     1
102
RTVSPost2010Prop51ColorIndex
 90
      256
102
RTVSPost2010Prop51ColorRGB
 90
-16777216
102
RTVSPost2010PropOp51
 70
     0
102
RTVSPost2010Prop52
140
1.0
102
RTVSPost2010PropOp52
 70
     0
102
RTVSPost2010Prop53
 90
        2
102
RTVSPost2010PropOp53
 70
     1
102
RTVSPost2010Prop54
  1
strokes_ogs.tif
102
RTVSPost2010PropOp54
 70
     1
102
RTVSPost2010Prop55
280
     0
102
RTVSPost2010PropOp55
 70
     1
102
RTVSPost2010Prop56
140
1.0
102
RTVSPost2010PropOp56
 70
     1
102
RTVSPost2010Prop57
140
1.0
102
RTVSPost2010PropOp57
 70
     1
102
RTVSPropertyOp0
 70
     1
102
RTVSPropertyOp1
 70
     1
102
RTVSPropertyOp2
 70
     1
102
RTVSPropertyOp3
 70
     1
102
RTVSPropertyOp4
 70
     1
102
RTVSPropertyOp5
 70
     1
102
RTVSPropertyOp6
 70
     1
102
RTVSPropertyOp7
 70
     1
102
RTVSPropertyOp8
 70
     1
102
RTVSPropertyOp9
 70
     1
102
RTVSPropertyOp10
 70
     1
102
RTVSPropertyOp11
 70
     1
102
RTVSPropertyOp12
 70
     1
102
RTVSPropertyOp13
 70
     1
102
RTVSPropertyOp14
 70
     1
102
RTVSPropertyOp15
 70
     1
102
RTVSPropertyOp16
 70
     1
102
RTVSPropertyOp17
 70
     1
102
RTVSPropertyOp18
 70
     1
102
RTVSPropertyOp19
 70
     1
102
RTVSPropertyOp20
 70
     1
102
RTVSPropertyOp21
 70
     1
102
RTVSPropertyOp22
 70
     1
102
RTVSPropertyOp23
 70
     1
102
RTVSPropertyOp24
 70
     1
102
RTVSPropertyOp25
 70
     1
102
RTVSPropertyOp26
 70
     1
102
RTVSPropertyOp27
 70
     1
102
RTVSPropertyOp28
 70
     1
102
RTVSPropertyOp29
 70
     1
102
RTVSPropertyOp30
 70
     1
102
RTVSPropertyOp31
 70
     1
102
RTVSPropertyOp32
 70
     1
102
RTVSPropertyOp33
 70
     1
102
RTVSPropertyOp34
 70
     1
102
RTVSPropertyOp35
 70
     1
102
RTVSPropertyOp36
 70
     1
102
RTVSPropertyOp37
 70
     1
102
RTVSPropertyOp38
 70
     1
102
RTVSPropertyOp39
 70
     1
102
RTVSPropertyOp40
 70
     1
102
RTVSPropertyOp41
 70
     1
102
RTVSPropertyOp42
 70
     1
102
RTVSPropertyOp43
 70
     1
102
RTVSPropertyOp44
 70
     1
102
RTVSPropertyOp45
 70
     1
102
RTVSPropertyOp46
 70
     1
102
RTVSPropertyOp47
 70
     1
102
RTVSPropertyOp48
 70
     1
102
RTVSPropertyOp49
 70
     1
102
RTVSPropertyOp50
 70
     1
102
RTVSPropertyOp51
 70
     0
102
RTVSPropertyOp52
 70
     0
102
RTVSPropertyOp53
 70
     1
102
RTVSPropertyOp54
 70
     1
102
RTVSPropertyOp55
 70
     1
102
RTVSPropertyOp56
 70
     1
102
RTVSPropertyOp57
 70
     1
102
RTVSPropertyOp58
 70
     1
102
RTVSPropertyOp59
 70
     1
102
RTVSPropertyOp60
 70
     1
102
RTVSPropertyOp61
 70
     1
102
RTVSPropertyOp62
 70
     1
  0
XRECORD
  5
2F91
102
{ACAD_REACTORS
330
2F90
102
}
330
2F90
100
AcDbXrecord
280
     1
102
RTVSPost2010Prop28
280
     0
102
RTVSPost2010PropOp28
 70
     1
102
RTVSPost2010Prop29
280
     1
102
RTVSPost2010PropOp29
 70
     1
102
RTVSPost2010Prop30
280
     1
102
RTVSPost2010PropOp30
 70
     1
102
RTVSPost2010Prop31
280
     0
102
RTVSPost2010PropOp31
 70
     1
102
RTVSPost2010Prop32
280
     0
102
RTVSPost2010PropOp32
 70
     1
102
RTVSPost2010Prop33
280
     0
102
RTVSPost2010PropOp33
 70
     1
102
RTVSPost2010Prop34
280
     0
102
RTVSPost2010PropOp34
 70
     1
102
RTVSPost2010Prop35
280
     0
102
RTVSPost2010PropOp35
 70
     1
102
RTVSPost2010Prop36
280
     0
102
RTVSPost2010PropOp36
 70
     1
102
RTVSPost2010Prop37
 90
       50
102
RTVSPost2010PropOp37
 70
     1
102
RTVSPost2010Prop38
140
0.0
102
RTVSPost2010PropOp38
 70
     1
102
RTVSPost2010Prop39
140
1.0
102
RTVSPost2010PropOp39
 70
     1
102
RTVSPost2010Prop40
 90
        0
102
RTVSPost2010PropOp40
 70
     1
102
RTVSPost2010Prop41ColorIndex
 90
       18
102
RTVSPost2010Prop41ColorRGB
 90
        0
102
RTVSPost2010PropOp41
 70
     1
102
RTVSPost2010Prop42
 90
       50
102
RTVSPost2010PropOp42
 70
     1
102
RTVSPost2010Prop43
 90
        3
102
RTVSPost2010PropOp43
 70
     1
102
RTVSPost2010Prop44ColorIndex
 90
        5
102
RTVSPost2010Prop44ColorRGB
 90
      255
102
RTVSPost2010PropOp44
 70
     1
102
RTVSPost2010Prop45
280
     0
102
RTVSPost2010PropOp45
 70
     1
102
RTVSPost2010Prop46
 90
       50
102
RTVSPost2010PropOp46
 70
     1
102
RTVSPost2010Prop47
 90
       50
102
RTVSPost2010PropOp47
 70
     1
102
RTVSPost2010Prop48
 90
       50
102
RTVSPost2010PropOp48
 70
     1
102
RTVSPost2010Prop49
280
     0
102
RTVSPost2010PropOp49
 70
     1
102
RTVSPost2010Prop50
 90
       50
102
RTVSPost2010PropOp50
 70
     1
102
RTVSPost2010Prop51ColorIndex
 90
      256
102
RTVSPost2010Prop51ColorRGB
 90
-16777216
102
RTVSPost2010PropOp51
 70
     0
102
RTVSPost2010Prop52
140
1.0
102
RTVSPost2010PropOp52
 70
     0
102
RTVSPost2010Prop53
 90
        2
102
RTVSPost2010PropOp53
 70
     1
102
RTVSPost2010Prop54
  1
strokes_ogs.tif
102
RTVSPost2010PropOp54
 70
     1
102
RTVSPost2010Prop55
280
     0
102
RTVSPost2010PropOp55
 70
     1
102
RTVSPost2010Prop56
140
1.0
102
RTVSPost2010PropOp56
 70
     1
102
RTVSPost2010Prop57
140
1.0
102
RTVSPost2010PropOp57
 70
     1
102
RTVSPropertyOp0
 70
     1
102
RTVSPropertyOp1
 70
     1
102
RTVSPropertyOp2
 70
     1
102
RTVSPropertyOp3
 70
     1
102
RTVSPropertyOp4
 70
     1
102
RTVSPropertyOp5
 70
     1
102
RTVSPropertyOp6
 70
     1
102
RTVSPropertyOp7
 70
     1
102
RTVSPropertyOp8
 70
     1
102
RTVSPropertyOp9
 70
     1
102
RTVSPropertyOp10
 70
     1
102
RTVSPropertyOp11
 70
     1
102
RTVSPropertyOp12
 70
     1
102
RTVSPropertyOp13
 70
     1
102
RTVSPropertyOp14
 70
     1
102
RTVSPropertyOp15
 70
     1
102
RTVSPropertyOp16
 70
     1
102
RTVSPropertyOp17
 70
     1
102
RTVSPropertyOp18
 70
     1
102
RTVSPropertyOp19
 70
     1
102
RTVSPropertyOp20
 70
     1
102
RTVSPropertyOp21
 70
     1
102
RTVSPropertyOp22
 70
     1
102
RTVSPropertyOp23
 70
     1
102
RTVSPropertyOp24
 70
     1
102
RTVSPropertyOp25
 70
     1
102
RTVSPropertyOp26
 70
     1
102
RTVSPropertyOp27
 70
     1
102
RTVSPropertyOp28
 70
     1
102
RTVSPropertyOp29
 70
     1
102
RTVSPropertyOp30
 70
     1
102
RTVSPropertyOp31
 70
     1
102
RTVSPropertyOp32
 70
     1
102
RTVSPropertyOp33
 70
     1
102
RTVSPropertyOp34
 70
     1
102
RTVSPropertyOp35
 70
     1
102
RTVSPropertyOp36
 70
     1
102
RTVSPropertyOp37
 70
     1
102
RTVSPropertyOp38
 70
     1
102
RTVSPropertyOp39
 70
     1
102
RTVSPropertyOp40
 70
     1
102
RTVSPropertyOp41
 70
     1
102
RTVSPropertyOp42
 70
     1
102
RTVSPropertyOp43
 70
     1
102
RTVSPropertyOp44
 70
     1
102
RTVSPropertyOp45
 70
     1
102
RTVSPropertyOp46
 70
     1
102
RTVSPropertyOp47
 70
     1
102
RTVSPropertyOp48
 70
     1
102
RTVSPropertyOp49
 70
     1
102
RTVSPropertyOp50
 70
     1
102
RTVSPropertyOp51
 70
     0
102
RTVSPropertyOp52
 70
     0
102
RTVSPropertyOp53
 70
     1
102
RTVSPropertyOp54
 70
     1
102
RTVSPropertyOp55
 70
     1
102
RTVSPropertyOp56
 70
     1
102
RTVSPropertyOp57
 70
     1
102
RTVSPropertyOp58
 70
     1
102
RTVSPropertyOp59
 70
     1
102
RTVSPropertyOp60
 70
     1
102
RTVSPropertyOp61
 70
     1
102
RTVSPropertyOp62
 70
     1
  0
XRECORD
  5
2F9F
102
{ACAD_REACTORS
330
2F9E
102
}
330
2F9E
100
AcDbXrecord
280
     1
102
RTVSPost2010Prop28
280
     0
102
RTVSPost2010PropOp28
 70
     1
102
RTVSPost2010Prop29
280
     1
102
RTVSPost2010PropOp29
 70
     1
102
RTVSPost2010Prop30
280
     1
102
RTVSPost2010PropOp30
 70
     1
102
RTVSPost2010Prop31
280
     0
102
RTVSPost2010PropOp31
 70
     1
102
RTVSPost2010Prop32
280
     0
102
RTVSPost2010PropOp32
 70
     1
102
RTVSPost2010Prop33
280
     0
102
RTVSPost2010PropOp33
 70
     1
102
RTVSPost2010Prop34
280
     0
102
RTVSPost2010PropOp34
 70
     1
102
RTVSPost2010Prop35
280
     0
102
RTVSPost2010PropOp35
 70
     1
102
RTVSPost2010Prop36
280
     0
102
RTVSPost2010PropOp36
 70
     1
102
RTVSPost2010Prop37
 90
       50
102
RTVSPost2010PropOp37
 70
     1
102
RTVSPost2010Prop38
140
0.0
102
RTVSPost2010PropOp38
 70
     1
102
RTVSPost2010Prop39
140
1.0
102
RTVSPost2010PropOp39
 70
     1
102
RTVSPost2010Prop40
 90
        0
102
RTVSPost2010PropOp40
 70
     1
102
RTVSPost2010Prop41ColorIndex
 90
       18
102
RTVSPost2010Prop41ColorRGB
 90
        0
102
RTVSPost2010PropOp41
 70
     1
102
RTVSPost2010Prop42
 90
       50
102
RTVSPost2010PropOp42
 70
     1
102
RTVSPost2010Prop43
 90
        3
102
RTVSPost2010PropOp43
 70
     1
102
RTVSPost2010Prop44ColorIndex
 90
        5
102
RTVSPost2010Prop44ColorRGB
 90
      255
102
RTVSPost2010PropOp44
 70
     1
102
RTVSPost2010Prop45
280
     0
102
RTVSPost2010PropOp45
 70
     1
102
RTVSPost2010Prop46
 90
       50
102
RTVSPost2010PropOp46
 70
     1
102
RTVSPost2010Prop47
 90
       50
102
RTVSPost2010PropOp47
 70
     1
102
RTVSPost2010Prop48
 90
       50
102
RTVSPost2010PropOp48
 70
     1
102
RTVSPost2010Prop49
280
     0
102
RTVSPost2010PropOp49
 70
     1
102
RTVSPost2010Prop50
 90
       50
102
RTVSPost2010PropOp50
 70
     1
102
RTVSPost2010Prop51ColorIndex
 90
      256
102
RTVSPost2010Prop51ColorRGB
 90
-16777216
102
RTVSPost2010PropOp51
 70
     0
102
RTVSPost2010Prop52
140
1.0
102
RTVSPost2010PropOp52
 70
     0
102
RTVSPost2010Prop53
 90
        2
102
RTVSPost2010PropOp53
 70
     1
102
RTVSPost2010Prop54
  1
strokes_ogs.tif
102
RTVSPost2010PropOp54
 70
     1
102
RTVSPost2010Prop55
280
     0
102
RTVSPost2010PropOp55
 70
     1
102
RTVSPost2010Prop56
140
1.0
102
RTVSPost2010PropOp56
 70
     1
102
RTVSPost2010Prop57
140
1.0
102
RTVSPost2010PropOp57
 70
     1
102
RTVSPropertyOp0
 70
     1
102
RTVSPropertyOp1
 70
     1
102
RTVSPropertyOp2
 70
     1
102
RTVSPropertyOp3
 70
     1
102
RTVSPropertyOp4
 70
     1
102
RTVSPropertyOp5
 70
     1
102
RTVSPropertyOp6
 70
     1
102
RTVSPropertyOp7
 70
     1
102
RTVSPropertyOp8
 70
     1
102
RTVSPropertyOp9
 70
     1
102
RTVSPropertyOp10
 70
     1
102
RTVSPropertyOp11
 70
     1
102
RTVSPropertyOp12
 70
     1
102
RTVSPropertyOp13
 70
     1
102
RTVSPropertyOp14
 70
     1
102
RTVSPropertyOp15
 70
     1
102
RTVSPropertyOp16
 70
     1
102
RTVSPropertyOp17
 70
     1
102
RTVSPropertyOp18
 70
     1
102
RTVSPropertyOp19
 70
     1
102
RTVSPropertyOp20
 70
     1
102
RTVSPropertyOp21
 70
     1
102
RTVSPropertyOp22
 70
     1
102
RTVSPropertyOp23
 70
     1
102
RTVSPropertyOp24
 70
     1
102
RTVSPropertyOp25
 70
     1
102
RTVSPropertyOp26
 70
     1
102
RTVSPropertyOp27
 70
     1
102
RTVSPropertyOp28
 70
     1
102
RTVSPropertyOp29
 70
     1
102
RTVSPropertyOp30
 70
     1
102
RTVSPropertyOp31
 70
     1
102
RTVSPropertyOp32
 70
     1
102
RTVSPropertyOp33
 70
     1
102
RTVSPropertyOp34
 70
     1
102
RTVSPropertyOp35
 70
     1
102
RTVSPropertyOp36
 70
     1
102
RTVSPropertyOp37
 70
     1
102
RTVSPropertyOp38
 70
     1
102
RTVSPropertyOp39
 70
     1
102
RTVSPropertyOp40
 70
     1
102
RTVSPropertyOp41
 70
     1
102
RTVSPropertyOp42
 70
     1
102
RTVSPropertyOp43
 70
     1
102
RTVSPropertyOp44
 70
     1
102
RTVSPropertyOp45
 70
     1
102
RTVSPropertyOp46
 70
     1
102
RTVSPropertyOp47
 70
     1
102
RTVSPropertyOp48
 70
     1
102
RTVSPropertyOp49
 70
     1
102
RTVSPropertyOp50
 70
     1
102
RTVSPropertyOp51
 70
     0
102
RTVSPropertyOp52
 70
     0
102
RTVSPropertyOp53
 70
     1
102
RTVSPropertyOp54
 70
     1
102
RTVSPropertyOp55
 70
     1
102
RTVSPropertyOp56
 70
     1
102
RTVSPropertyOp57
 70
     1
102
RTVSPropertyOp58
 70
     1
102
RTVSPropertyOp59
 70
     1
102
RTVSPropertyOp60
 70
     1
102
RTVSPropertyOp61
 70
     1
102
RTVSPropertyOp62
 70
     1
  0
XRECORD
  5
2FA7
102
{ACAD_REACTORS
330
2FA6
102
}
330
2FA6
100
AcDbXrecord
280
     1
102
RTVSPost2010Prop28
280
     0
102
RTVSPost2010PropOp28
 70
     1
102
RTVSPost2010Prop29
280
     1
102
RTVSPost2010PropOp29
 70
     1
102
RTVSPost2010Prop30
280
     1
102
RTVSPost2010PropOp30
 70
     1
102
RTVSPost2010Prop31
280
     0
102
RTVSPost2010PropOp31
 70
     1
102
RTVSPost2010Prop32
280
     0
102
RTVSPost2010PropOp32
 70
     1
102
RTVSPost2010Prop33
280
     0
102
RTVSPost2010PropOp33
 70
     1
102
RTVSPost2010Prop34
280
     0
102
RTVSPost2010PropOp34
 70
     1
102
RTVSPost2010Prop35
280
     0
102
RTVSPost2010PropOp35
 70
     1
102
RTVSPost2010Prop36
280
     0
102
RTVSPost2010PropOp36
 70
     1
102
RTVSPost2010Prop37
 90
       50
102
RTVSPost2010PropOp37
 70
     1
102
RTVSPost2010Prop38
140
0.0
102
RTVSPost2010PropOp38
 70
     1
102
RTVSPost2010Prop39
140
1.0
102
RTVSPost2010PropOp39
 70
     1
102
RTVSPost2010Prop40
 90
        0
102
RTVSPost2010PropOp40
 70
     1
102
RTVSPost2010Prop41ColorIndex
 90
       18
102
RTVSPost2010Prop41ColorRGB
 90
        0
102
RTVSPost2010PropOp41
 70
     1
102
RTVSPost2010Prop42
 90
       50
102
RTVSPost2010PropOp42
 70
     1
102
RTVSPost2010Prop43
 90
        3
102
RTVSPost2010PropOp43
 70
     1
102
RTVSPost2010Prop44ColorIndex
 90
        5
102
RTVSPost2010Prop44ColorRGB
 90
      255
102
RTVSPost2010PropOp44
 70
     1
102
RTVSPost2010Prop45
280
     0
102
RTVSPost2010PropOp45
 70
     1
102
RTVSPost2010Prop46
 90
       50
102
RTVSPost2010PropOp46
 70
     1
102
RTVSPost2010Prop47
 90
       50
102
RTVSPost2010PropOp47
 70
     1
102
RTVSPost2010Prop48
 90
       50
102
RTVSPost2010PropOp48
 70
     1
102
RTVSPost2010Prop49
280
     0
102
RTVSPost2010PropOp49
 70
     1
102
RTVSPost2010Prop50
 90
       50
102
RTVSPost2010PropOp50
 70
     1
102
RTVSPost2010Prop51ColorIndex
 90
      256
102
RTVSPost2010Prop51ColorRGB
 90
-16777216
102
RTVSPost2010PropOp51
 70
     0
102
RTVSPost2010Prop52
140
1.0
102
RTVSPost2010PropOp52
 70
     0
102
RTVSPost2010Prop53
 90
        2
102
RTVSPost2010PropOp53
 70
     1
102
RTVSPost2010Prop54
  1
strokes_ogs.tif
102
RTVSPost2010PropOp54
 70
     1
102
RTVSPost2010Prop55
280
     0
102
RTVSPost2010PropOp55
 70
     1
102
RTVSPost2010Prop56
140
1.0
102
RTVSPost2010PropOp56
 70
     1
102
RTVSPost2010Prop57
140
1.0
102
RTVSPost2010PropOp57
 70
     1
102
RTVSPropertyOp0
 70
     1
102
RTVSPropertyOp1
 70
     1
102
RTVSPropertyOp2
 70
     1
102
RTVSPropertyOp3
 70
     1
102
RTVSPropertyOp4
 70
     1
102
RTVSPropertyOp5
 70
     1
102
RTVSPropertyOp6
 70
     1
102
RTVSPropertyOp7
 70
     1
102
RTVSPropertyOp8
 70
     1
102
RTVSPropertyOp9
 70
     1
102
RTVSPropertyOp10
 70
     1
102
RTVSPropertyOp11
 70
     1
102
RTVSPropertyOp12
 70
     1
102
RTVSPropertyOp13
 70
     1
102
RTVSPropertyOp14
 70
     1
102
RTVSPropertyOp15
 70
     1
102
RTVSPropertyOp16
 70
     1
102
RTVSPropertyOp17
 70
     1
102
RTVSPropertyOp18
 70
     1
102
RTVSPropertyOp19
 70
     1
102
RTVSPropertyOp20
 70
     1
102
RTVSPropertyOp21
 70
     1
102
RTVSPropertyOp22
 70
     1
102
RTVSPropertyOp23
 70
     1
102
RTVSPropertyOp24
 70
     1
102
RTVSPropertyOp25
 70
     1
102
RTVSPropertyOp26
 70
     1
102
RTVSPropertyOp27
 70
     1
102
RTVSPropertyOp28
 70
     1
102
RTVSPropertyOp29
 70
     1
102
RTVSPropertyOp30
 70
     1
102
RTVSPropertyOp31
 70
     1
102
RTVSPropertyOp32
 70
     1
102
RTVSPropertyOp33
 70
     1
102
RTVSPropertyOp34
 70
     1
102
RTVSPropertyOp35
 70
     1
102
RTVSPropertyOp36
 70
     1
102
RTVSPropertyOp37
 70
     1
102
RTVSPropertyOp38
 70
     1
102
RTVSPropertyOp39
 70
     1
102
RTVSPropertyOp40
 70
     1
102
RTVSPropertyOp41
 70
     1
102
RTVSPropertyOp42
 70
     1
102
RTVSPropertyOp43
 70
     1
102
RTVSPropertyOp44
 70
     1
102
RTVSPropertyOp45
 70
     1
102
RTVSPropertyOp46
 70
     1
102
RTVSPropertyOp47
 70
     1
102
RTVSPropertyOp48
 70
     1
102
RTVSPropertyOp49
 70
     1
102
RTVSPropertyOp50
 70
     1
102
RTVSPropertyOp51
 70
     0
102
RTVSPropertyOp52
 70
     0
102
RTVSPropertyOp53
 70
     1
102
RTVSPropertyOp54
 70
     1
102
RTVSPropertyOp55
 70
     1
102
RTVSPropertyOp56
 70
     1
102
RTVSPropertyOp57
 70
     1
102
RTVSPropertyOp58
 70
     1
102
RTVSPropertyOp59
 70
     1
102
RTVSPropertyOp60
 70
     1
102
RTVSPropertyOp61
 70
     1
102
RTVSPropertyOp62
 70
     1
  0
XRECORD
  5
2F99
102
{ACAD_REACTORS
330
2F98
102
}
330
2F98
100
AcDbXrecord
280
     1
102
RTVSPost2010Prop28
280
     0
102
RTVSPost2010PropOp28
 70
     1
102
RTVSPost2010Prop29
280
     1
102
RTVSPost2010PropOp29
 70
     1
102
RTVSPost2010Prop30
280
     1
102
RTVSPost2010PropOp30
 70
     1
102
RTVSPost2010Prop31
280
     0
102
RTVSPost2010PropOp31
 70
     1
102
RTVSPost2010Prop32
280
     0
102
RTVSPost2010PropOp32
 70
     1
102
RTVSPost2010Prop33
280
     0
102
RTVSPost2010PropOp33
 70
     1
102
RTVSPost2010Prop34
280
     0
102
RTVSPost2010PropOp34
 70
     1
102
RTVSPost2010Prop35
280
     0
102
RTVSPost2010PropOp35
 70
     1
102
RTVSPost2010Prop36
280
     0
102
RTVSPost2010PropOp36
 70
     1
102
RTVSPost2010Prop37
 90
       50
102
RTVSPost2010PropOp37
 70
     1
102
RTVSPost2010Prop38
140
0.0
102
RTVSPost2010PropOp38
 70
     1
102
RTVSPost2010Prop39
140
1.0
102
RTVSPost2010PropOp39
 70
     1
102
RTVSPost2010Prop40
 90
        0
102
RTVSPost2010PropOp40
 70
     1
102
RTVSPost2010Prop41ColorIndex
 90
       18
102
RTVSPost2010Prop41ColorRGB
 90
        0
102
RTVSPost2010PropOp41
 70
     1
102
RTVSPost2010Prop42
 90
       50
102
RTVSPost2010PropOp42
 70
     1
102
RTVSPost2010Prop43
 90
        3
102
RTVSPost2010PropOp43
 70
     1
102
RTVSPost2010Prop44ColorIndex
 90
        5
102
RTVSPost2010Prop44ColorRGB
 90
      255
102
RTVSPost2010PropOp44
 70
     1
102
RTVSPost2010Prop45
280
     0
102
RTVSPost2010PropOp45
 70
     1
102
RTVSPost2010Prop46
 90
       50
102
RTVSPost2010PropOp46
 70
     1
102
RTVSPost2010Prop47
 90
       50
102
RTVSPost2010PropOp47
 70
     1
102
RTVSPost2010Prop48
 90
       50
102
RTVSPost2010PropOp48
 70
     1
102
RTVSPost2010Prop49
280
     0
102
RTVSPost2010PropOp49
 70
     1
102
RTVSPost2010Prop50
 90
       50
102
RTVSPost2010PropOp50
 70
     1
102
RTVSPost2010Prop51ColorIndex
 90
      256
102
RTVSPost2010Prop51ColorRGB
 90
-16777216
102
RTVSPost2010PropOp51
 70
     0
102
RTVSPost2010Prop52
140
1.0
102
RTVSPost2010PropOp52
 70
     0
102
RTVSPost2010Prop53
 90
        2
102
RTVSPost2010PropOp53
 70
     1
102
RTVSPost2010Prop54
  1
strokes_ogs.tif
102
RTVSPost2010PropOp54
 70
     1
102
RTVSPost2010Prop55
280
     0
102
RTVSPost2010PropOp55
 70
     1
102
RTVSPost2010Prop56
140
1.0
102
RTVSPost2010PropOp56
 70
     1
102
RTVSPost2010Prop57
140
1.0
102
RTVSPost2010PropOp57
 70
     1
102
RTVSPropertyOp0
 70
     1
102
RTVSPropertyOp1
 70
     1
102
RTVSPropertyOp2
 70
     1
102
RTVSPropertyOp3
 70
     1
102
RTVSPropertyOp4
 70
     1
102
RTVSPropertyOp5
 70
     1
102
RTVSPropertyOp6
 70
     1
102
RTVSPropertyOp7
 70
     1
102
RTVSPropertyOp8
 70
     1
102
RTVSPropertyOp9
 70
     1
102
RTVSPropertyOp10
 70
     1
102
RTVSPropertyOp11
 70
     1
102
RTVSPropertyOp12
 70
     1
102
RTVSPropertyOp13
 70
     1
102
RTVSPropertyOp14
 70
     1
102
RTVSPropertyOp15
 70
     1
102
RTVSPropertyOp16
 70
     1
102
RTVSPropertyOp17
 70
     1
102
RTVSPropertyOp18
 70
     1
102
RTVSPropertyOp19
 70
     1
102
RTVSPropertyOp20
 70
     1
102
RTVSPropertyOp21
 70
     1
102
RTVSPropertyOp22
 70
     1
102
RTVSPropertyOp23
 70
     1
102
RTVSPropertyOp24
 70
     1
102
RTVSPropertyOp25
 70
     1
102
RTVSPropertyOp26
 70
     1
102
RTVSPropertyOp27
 70
     1
102
RTVSPropertyOp28
 70
     1
102
RTVSPropertyOp29
 70
     1
102
RTVSPropertyOp30
 70
     1
102
RTVSPropertyOp31
 70
     1
102
RTVSPropertyOp32
 70
     1
102
RTVSPropertyOp33
 70
     1
102
RTVSPropertyOp34
 70
     1
102
RTVSPropertyOp35
 70
     1
102
RTVSPropertyOp36
 70
     1
102
RTVSPropertyOp37
 70
     1
102
RTVSPropertyOp38
 70
     1
102
RTVSPropertyOp39
 70
     1
102
RTVSPropertyOp40
 70
     1
102
RTVSPropertyOp41
 70
     1
102
RTVSPropertyOp42
 70
     1
102
RTVSPropertyOp43
 70
     1
102
RTVSPropertyOp44
 70
     1
102
RTVSPropertyOp45
 70
     1
102
RTVSPropertyOp46
 70
     1
102
RTVSPropertyOp47
 70
     1
102
RTVSPropertyOp48
 70
     1
102
RTVSPropertyOp49
 70
     1
102
RTVSPropertyOp50
 70
     1
102
RTVSPropertyOp51
 70
     0
102
RTVSPropertyOp52
 70
     0
102
RTVSPropertyOp53
 70
     1
102
RTVSPropertyOp54
 70
     1
102
RTVSPropertyOp55
 70
     1
102
RTVSPropertyOp56
 70
     1
102
RTVSPropertyOp57
 70
     1
102
RTVSPropertyOp58
 70
     1
102
RTVSPropertyOp59
 70
     1
102
RTVSPropertyOp60
 70
     1
102
RTVSPropertyOp61
 70
     1
102
RTVSPropertyOp62
 70
     1
  0
XRECORD
  5
2F9D
102
{ACAD_REACTORS
330
2F9C
102
}
330
2F9C
100
AcDbXrecord
280
     1
102
RTVSPost2010Prop28
280
     0
102
RTVSPost2010PropOp28
 70
     1
102
RTVSPost2010Prop29
280
     1
102
RTVSPost2010PropOp29
 70
     1
102
RTVSPost2010Prop30
280
     1
102
RTVSPost2010PropOp30
 70
     1
102
RTVSPost2010Prop31
280
     0
102
RTVSPost2010PropOp31
 70
     1
102
RTVSPost2010Prop32
280
     0
102
RTVSPost2010PropOp32
 70
     1
102
RTVSPost2010Prop33
280
     0
102
RTVSPost2010PropOp33
 70
     1
102
RTVSPost2010Prop34
280
     0
102
RTVSPost2010PropOp34
 70
     1
102
RTVSPost2010Prop35
280
     0
102
RTVSPost2010PropOp35
 70
     1
102
RTVSPost2010Prop36
280
     0
102
RTVSPost2010PropOp36
 70
     1
102
RTVSPost2010Prop37
 90
       50
102
RTVSPost2010PropOp37
 70
     1
102
RTVSPost2010Prop38
140
0.0
102
RTVSPost2010PropOp38
 70
     1
102
RTVSPost2010Prop39
140
1.0
102
RTVSPost2010PropOp39
 70
     1
102
RTVSPost2010Prop40
 90
        0
102
RTVSPost2010PropOp40
 70
     1
102
RTVSPost2010Prop41ColorIndex
 90
       18
102
RTVSPost2010Prop41ColorRGB
 90
        0
102
RTVSPost2010PropOp41
 70
     1
102
RTVSPost2010Prop42
 90
       50
102
RTVSPost2010PropOp42
 70
     1
102
RTVSPost2010Prop43
 90
        3
102
RTVSPost2010PropOp43
 70
     1
102
RTVSPost2010Prop44ColorIndex
 90
        5
102
RTVSPost2010Prop44ColorRGB
 90
      255
102
RTVSPost2010PropOp44
 70
     1
102
RTVSPost2010Prop45
280
     0
102
RTVSPost2010PropOp45
 70
     1
102
RTVSPost2010Prop46
 90
       50
102
RTVSPost2010PropOp46
 70
     1
102
RTVSPost2010Prop47
 90
       50
102
RTVSPost2010PropOp47
 70
     1
102
RTVSPost2010Prop48
 90
       50
102
RTVSPost2010PropOp48
 70
     1
102
RTVSPost2010Prop49
280
     0
102
RTVSPost2010PropOp49
 70
     1
102
RTVSPost2010Prop50
 90
       50
102
RTVSPost2010PropOp50
 70
     1
102
RTVSPost2010Prop51ColorIndex
 90
      256
102
RTVSPost2010Prop51ColorRGB
 90
-16777216
102
RTVSPost2010PropOp51
 70
     0
102
RTVSPost2010Prop52
140
1.0
102
RTVSPost2010PropOp52
 70
     0
102
RTVSPost2010Prop53
 90
        2
102
RTVSPost2010PropOp53
 70
     1
102
RTVSPost2010Prop54
  1
strokes_ogs.tif
102
RTVSPost2010PropOp54
 70
     1
102
RTVSPost2010Prop55
280
     0
102
RTVSPost2010PropOp55
 70
     1
102
RTVSPost2010Prop56
140
1.0
102
RTVSPost2010PropOp56
 70
     1
102
RTVSPost2010Prop57
140
1.0
102
RTVSPost2010PropOp57
 70
     1
102
RTVSPropertyOp0
 70
     1
102
RTVSPropertyOp1
 70
     1
102
RTVSPropertyOp2
 70
     1
102
RTVSPropertyOp3
 70
     1
102
RTVSPropertyOp4
 70
     1
102
RTVSPropertyOp5
 70
     1
102
RTVSPropertyOp6
 70
     1
102
RTVSPropertyOp7
 70
     1
102
RTVSPropertyOp8
 70
     1
102
RTVSPropertyOp9
 70
     1
102
RTVSPropertyOp10
 70
     1
102
RTVSPropertyOp11
 70
     1
102
RTVSPropertyOp12
 70
     1
102
RTVSPropertyOp13
 70
     1
102
RTVSPropertyOp14
 70
     1
102
RTVSPropertyOp15
 70
     1
102
RTVSPropertyOp16
 70
     1
102
RTVSPropertyOp17
 70
     1
102
RTVSPropertyOp18
 70
     1
102
RTVSPropertyOp19
 70
     1
102
RTVSPropertyOp20
 70
     1
102
RTVSPropertyOp21
 70
     1
102
RTVSPropertyOp22
 70
     1
102
RTVSPropertyOp23
 70
     1
102
RTVSPropertyOp24
 70
     1
102
RTVSPropertyOp25
 70
     1
102
RTVSPropertyOp26
 70
     1
102
RTVSPropertyOp27
 70
     1
102
RTVSPropertyOp28
 70
     1
102
RTVSPropertyOp29
 70
     1
102
RTVSPropertyOp30
 70
     1
102
RTVSPropertyOp31
 70
     1
102
RTVSPropertyOp32
 70
     1
102
RTVSPropertyOp33
 70
     1
102
RTVSPropertyOp34
 70
     1
102
RTVSPropertyOp35
 70
     1
102
RTVSPropertyOp36
 70
     1
102
RTVSPropertyOp37
 70
     1
102
RTVSPropertyOp38
 70
     1
102
RTVSPropertyOp39
 70
     1
102
RTVSPropertyOp40
 70
     1
102
RTVSPropertyOp41
 70
     1
102
RTVSPropertyOp42
 70
     1
102
RTVSPropertyOp43
 70
     1
102
RTVSPropertyOp44
 70
     1
102
RTVSPropertyOp45
 70
     1
102
RTVSPropertyOp46
 70
     1
102
RTVSPropertyOp47
 70
     1
102
RTVSPropertyOp48
 70
     1
102
RTVSPropertyOp49
 70
     1
102
RTVSPropertyOp50
 70
     1
102
RTVSPropertyOp51
 70
     0
102
RTVSPropertyOp52
 70
     0
102
RTVSPropertyOp53
 70
     1
102
RTVSPropertyOp54
 70
     1
102
RTVSPropertyOp55
 70
     1
102
RTVSPropertyOp56
 70
     1
102
RTVSPropertyOp57
 70
     1
102
RTVSPropertyOp58
 70
     1
102
RTVSPropertyOp59
 70
     1
102
RTVSPropertyOp60
 70
     1
102
RTVSPropertyOp61
 70
     1
102
RTVSPropertyOp62
 70
     1
  0
XRECORD
  5
2FAD
102
{ACAD_REACTORS
330
2FAC
102
}
330
2FAC
100
AcDbXrecord
280
     1
102
RTVSPost2010Prop28
280
     0
102
RTVSPost2010PropOp28
 70
     1
102
RTVSPost2010Prop29
280
     1
102
RTVSPost2010PropOp29
 70
     1
102
RTVSPost2010Prop30
280
     1
102
RTVSPost2010PropOp30
 70
     1
102
RTVSPost2010Prop31
280
     0
102
RTVSPost2010PropOp31
 70
     1
102
RTVSPost2010Prop32
280
     0
102
RTVSPost2010PropOp32
 70
     1
102
RTVSPost2010Prop33
280
     0
102
RTVSPost2010PropOp33
 70
     1
102
RTVSPost2010Prop34
280
     0
102
RTVSPost2010PropOp34
 70
     1
102
RTVSPost2010Prop35
280
     0
102
RTVSPost2010PropOp35
 70
     1
102
RTVSPost2010Prop36
280
     0
102
RTVSPost2010PropOp36
 70
     1
102
RTVSPost2010Prop37
 90
       50
102
RTVSPost2010PropOp37
 70
     1
102
RTVSPost2010Prop38
140
0.0
102
RTVSPost2010PropOp38
 70
     1
102
RTVSPost2010Prop39
140
1.0
102
RTVSPost2010PropOp39
 70
     1
102
RTVSPost2010Prop40
 90
        0
102
RTVSPost2010PropOp40
 70
     1
102
RTVSPost2010Prop41ColorIndex
 90
       18
102
RTVSPost2010Prop41ColorRGB
 90
        0
102
RTVSPost2010PropOp41
 70
     1
102
RTVSPost2010Prop42
 90
       50
102
RTVSPost2010PropOp42
 70
     1
102
RTVSPost2010Prop43
 90
        3
102
RTVSPost2010PropOp43
 70
     1
102
RTVSPost2010Prop44ColorIndex
 90
        5
102
RTVSPost2010Prop44ColorRGB
 90
      255
102
RTVSPost2010PropOp44
 70
     1
102
RTVSPost2010Prop45
280
     0
102
RTVSPost2010PropOp45
 70
     1
102
RTVSPost2010Prop46
 90
       50
102
RTVSPost2010PropOp46
 70
     1
102
RTVSPost2010Prop47
 90
       50
102
RTVSPost2010PropOp47
 70
     1
102
RTVSPost2010Prop48
 90
       50
102
RTVSPost2010PropOp48
 70
     1
102
RTVSPost2010Prop49
280
     0
102
RTVSPost2010PropOp49
 70
     1
102
RTVSPost2010Prop50
 90
       50
102
RTVSPost2010PropOp50
 70
     1
102
RTVSPost2010Prop51ColorIndex
 90
      256
102
RTVSPost2010Prop51ColorRGB
 90
-16777216
102
RTVSPost2010PropOp51
 70
     0
102
RTVSPost2010Prop52
140
1.0
102
RTVSPost2010PropOp52
 70
     0
102
RTVSPost2010Prop53
 90
        2
102
RTVSPost2010PropOp53
 70
     1
102
RTVSPost2010Prop54
  1
strokes_ogs.tif
102
RTVSPost2010PropOp54
 70
     1
102
RTVSPost2010Prop55
280
     0
102
RTVSPost2010PropOp55
 70
     1
102
RTVSPost2010Prop56
140
1.0
102
RTVSPost2010PropOp56
 70
     1
102
RTVSPost2010Prop57
140
1.0
102
RTVSPost2010PropOp57
 70
     1
102
RTVSPropertyOp0
 70
     0
102
RTVSPropertyOp1
 70
     0
102
RTVSPropertyOp2
 70
     0
102
RTVSPropertyOp3
 70
     0
102
RTVSPropertyOp4
 70
     0
102
RTVSPropertyOp5
 70
     0
102
RTVSPropertyOp6
 70
     0
102
RTVSPropertyOp7
 70
     0
102
RTVSPropertyOp8
 70
     0
102
RTVSPropertyOp9
 70
     0
102
RTVSPropertyOp10
 70
     0
102
RTVSPropertyOp11
 70
     0
102
RTVSPropertyOp12
 70
     0
102
RTVSPropertyOp13
 70
     0
102
RTVSPropertyOp14
 70
     2
102
RTVSPropertyOp15
 70
     0
102
RTVSPropertyOp16
 70
     0
102
RTVSPropertyOp17
 70
     0
102
RTVSPropertyOp18
 70
     0
102
RTVSPropertyOp19
 70
     0
102
RTVSPropertyOp20
 70
     0
102
RTVSPropertyOp21
 70
     0
102
RTVSPropertyOp22
 70
     0
102
RTVSPropertyOp23
 70
     0
102
RTVSPropertyOp24
 70
     0
102
RTVSPropertyOp25
 70
     0
102
RTVSPropertyOp26
 70
     0
102
RTVSPropertyOp27
 70
     0
102
RTVSPropertyOp28
 70
     1
102
RTVSPropertyOp29
 70
     1
102
RTVSPropertyOp30
 70
     1
102
RTVSPropertyOp31
 70
     1
102
RTVSPropertyOp32
 70
     1
102
RTVSPropertyOp33
 70
     1
102
RTVSPropertyOp34
 70
     1
102
RTVSPropertyOp35
 70
     1
102
RTVSPropertyOp36
 70
     1
102
RTVSPropertyOp37
 70
     1
102
RTVSPropertyOp38
 70
     1
102
RTVSPropertyOp39
 70
     1
102
RTVSPropertyOp40
 70
     1
102
RTVSPropertyOp41
 70
     1
102
RTVSPropertyOp42
 70
     1
102
RTVSPropertyOp43
 70
     1
102
RTVSPropertyOp44
 70
     1
102
RTVSPropertyOp45
 70
     1
102
RTVSPropertyOp46
 70
     1
102
RTVSPropertyOp47
 70
     1
102
RTVSPropertyOp48
 70
     1
102
RTVSPropertyOp49
 70
     1
102
RTVSPropertyOp50
 70
     1
102
RTVSPropertyOp51
 70
     0
102
RTVSPropertyOp52
 70
     0
102
RTVSPropertyOp53
 70
     1
102
RTVSPropertyOp54
 70
     1
102
RTVSPropertyOp55
 70
     1
102
RTVSPropertyOp56
 70
     1
102
RTVSPropertyOp57
 70
     1
102
RTVSPropertyOp58
 70
     1
102
RTVSPropertyOp59
 70
     1
102
RTVSPropertyOp60
 70
     1
102
RTVSPropertyOp61
 70
     1
102
RTVSPropertyOp62
 70
     1
  0
XRECORD
  5
2FA5
102
{ACAD_REACTORS
330
2FA4
102
}
330
2FA4
100
AcDbXrecord
280
     1
102
RTVSPost2010Prop28
280
     0
102
RTVSPost2010PropOp28
 70
     1
102
RTVSPost2010Prop29
280
     1
102
RTVSPost2010PropOp29
 70
     1
102
RTVSPost2010Prop30
280
     1
102
RTVSPost2010PropOp30
 70
     1
102
RTVSPost2010Prop31
280
     0
102
RTVSPost2010PropOp31
 70
     1
102
RTVSPost2010Prop32
280
     0
102
RTVSPost2010PropOp32
 70
     1
102
RTVSPost2010Prop33
280
     0
102
RTVSPost2010PropOp33
 70
     1
102
RTVSPost2010Prop34
280
     0
102
RTVSPost2010PropOp34
 70
     1
102
RTVSPost2010Prop35
280
     0
102
RTVSPost2010PropOp35
 70
     1
102
RTVSPost2010Prop36
280
     0
102
RTVSPost2010PropOp36
 70
     1
102
RTVSPost2010Prop37
 90
       50
102
RTVSPost2010PropOp37
 70
     1
102
RTVSPost2010Prop38
140
0.0
102
RTVSPost2010PropOp38
 70
     1
102
RTVSPost2010Prop39
140
1.0
102
RTVSPost2010PropOp39
 70
     1
102
RTVSPost2010Prop40
 90
        0
102
RTVSPost2010PropOp40
 70
     1
102
RTVSPost2010Prop41ColorIndex
 90
       18
102
RTVSPost2010Prop41ColorRGB
 90
        0
102
RTVSPost2010PropOp41
 70
     1
102
RTVSPost2010Prop42
 90
       50
102
RTVSPost2010PropOp42
 70
     1
102
RTVSPost2010Prop43
 90
        3
102
RTVSPost2010PropOp43
 70
     1
102
RTVSPost2010Prop44ColorIndex
 90
        5
102
RTVSPost2010Prop44ColorRGB
 90
      255
102
RTVSPost2010PropOp44
 70
     1
102
RTVSPost2010Prop45
280
     0
102
RTVSPost2010PropOp45
 70
     1
102
RTVSPost2010Prop46
 90
       50
102
RTVSPost2010PropOp46
 70
     1
102
RTVSPost2010Prop47
 90
       50
102
RTVSPost2010PropOp47
 70
     1
102
RTVSPost2010Prop48
 90
       50
102
RTVSPost2010PropOp48
 70
     1
102
RTVSPost2010Prop49
280
     0
102
RTVSPost2010PropOp49
 70
     1
102
RTVSPost2010Prop50
 90
       50
102
RTVSPost2010PropOp50
 70
     1
102
RTVSPost2010Prop51ColorIndex
 90
      256
102
RTVSPost2010Prop51ColorRGB
 90
-16777216
102
RTVSPost2010PropOp51
 70
     0
102
RTVSPost2010Prop52
140
1.0
102
RTVSPost2010PropOp52
 70
     0
102
RTVSPost2010Prop53
 90
        2
102
RTVSPost2010PropOp53
 70
     1
102
RTVSPost2010Prop54
  1
strokes_ogs.tif
102
RTVSPost2010PropOp54
 70
     1
102
RTVSPost2010Prop55
280
     0
102
RTVSPost2010PropOp55
 70
     1
102
RTVSPost2010Prop56
140
1.0
102
RTVSPost2010PropOp56
 70
     1
102
RTVSPost2010Prop57
140
1.0
102
RTVSPost2010PropOp57
 70
     1
102
RTVSPropertyOp0
 70
     1
102
RTVSPropertyOp1
 70
     1
102
RTVSPropertyOp2
 70
     1
102
RTVSPropertyOp3
 70
     1
102
RTVSPropertyOp4
 70
     1
102
RTVSPropertyOp5
 70
     1
102
RTVSPropertyOp6
 70
     1
102
RTVSPropertyOp7
 70
     1
102
RTVSPropertyOp8
 70
     1
102
RTVSPropertyOp9
 70
     1
102
RTVSPropertyOp10
 70
     1
102
RTVSPropertyOp11
 70
     1
102
RTVSPropertyOp12
 70
     1
102
RTVSPropertyOp13
 70
     1
102
RTVSPropertyOp14
 70
     1
102
RTVSPropertyOp15
 70
     1
102
RTVSPropertyOp16
 70
     1
102
RTVSPropertyOp17
 70
     1
102
RTVSPropertyOp18
 70
     1
102
RTVSPropertyOp19
 70
     1
102
RTVSPropertyOp20
 70
     1
102
RTVSPropertyOp21
 70
     1
102
RTVSPropertyOp22
 70
     1
102
RTVSPropertyOp23
 70
     1
102
RTVSPropertyOp24
 70
     1
102
RTVSPropertyOp25
 70
     1
102
RTVSPropertyOp26
 70
     1
102
RTVSPropertyOp27
 70
     1
102
RTVSPropertyOp28
 70
     1
102
RTVSPropertyOp29
 70
     1
102
RTVSPropertyOp30
 70
     1
102
RTVSPropertyOp31
 70
     1
102
RTVSPropertyOp32
 70
     1
102
RTVSPropertyOp33
 70
     1
102
RTVSPropertyOp34
 70
     1
102
RTVSPropertyOp35
 70
     1
102
RTVSPropertyOp36
 70
     1
102
RTVSPropertyOp37
 70
     1
102
RTVSPropertyOp38
 70
     1
102
RTVSPropertyOp39
 70
     1
102
RTVSPropertyOp40
 70
     1
102
RTVSPropertyOp41
 70
     1
102
RTVSPropertyOp42
 70
     1
102
RTVSPropertyOp43
 70
     1
102
RTVSPropertyOp44
 70
     1
102
RTVSPropertyOp45
 70
     1
102
RTVSPropertyOp46
 70
     1
102
RTVSPropertyOp47
 70
     1
102
RTVSPropertyOp48
 70
     1
102
RTVSPropertyOp49
 70
     1
102
RTVSPropertyOp50
 70
     1
102
RTVSPropertyOp51
 70
     0
102
RTVSPropertyOp52
 70
     0
102
RTVSPropertyOp53
 70
     1
102
RTVSPropertyOp54
 70
     1
102
RTVSPropertyOp55
 70
     1
102
RTVSPropertyOp56
 70
     1
102
RTVSPropertyOp57
 70
     1
102
RTVSPropertyOp58
 70
     1
102
RTVSPropertyOp59
 70
     1
102
RTVSPropertyOp60
 70
     1
102
RTVSPropertyOp61
 70
     1
102
RTVSPropertyOp62
 70
     1
  0
XRECORD
  5
2F89
102
{ACAD_REACTORS
330
2F88
102
}
330
2F88
100
AcDbXrecord
280
     1
102
RTVSPost2010Prop28
280
     0
102
RTVSPost2010PropOp28
 70
     1
102
RTVSPost2010Prop29
280
     1
102
RTVSPost2010PropOp29
 70
     1
102
RTVSPost2010Prop30
280
     1
102
RTVSPost2010PropOp30
 70
     1
102
RTVSPost2010Prop31
280
     0
102
RTVSPost2010PropOp31
 70
     1
102
RTVSPost2010Prop32
280
     0
102
RTVSPost2010PropOp32
 70
     1
102
RTVSPost2010Prop33
280
     0
102
RTVSPost2010PropOp33
 70
     1
102
RTVSPost2010Prop34
280
     0
102
RTVSPost2010PropOp34
 70
     1
102
RTVSPost2010Prop35
280
     0
102
RTVSPost2010PropOp35
 70
     1
102
RTVSPost2010Prop36
280
     0
102
RTVSPost2010PropOp36
 70
     1
102
RTVSPost2010Prop37
 90
       50
102
RTVSPost2010PropOp37
 70
     1
102
RTVSPost2010Prop38
140
0.0
102
RTVSPost2010PropOp38
 70
     1
102
RTVSPost2010Prop39
140
1.0
102
RTVSPost2010PropOp39
 70
     1
102
RTVSPost2010Prop40
 90
        0
102
RTVSPost2010PropOp40
 70
     1
102
RTVSPost2010Prop41ColorIndex
 90
       18
102
RTVSPost2010Prop41ColorRGB
 90
        0
102
RTVSPost2010PropOp41
 70
     1
102
RTVSPost2010Prop42
 90
       50
102
RTVSPost2010PropOp42
 70
     1
102
RTVSPost2010Prop43
 90
        3
102
RTVSPost2010PropOp43
 70
     1
102
RTVSPost2010Prop44ColorIndex
 90
        5
102
RTVSPost2010Prop44ColorRGB
 90
      255
102
RTVSPost2010PropOp44
 70
     1
102
RTVSPost2010Prop45
280
     0
102
RTVSPost2010PropOp45
 70
     1
102
RTVSPost2010Prop46
 90
       50
102
RTVSPost2010PropOp46
 70
     1
102
RTVSPost2010Prop47
 90
       50
102
RTVSPost2010PropOp47
 70
     1
102
RTVSPost2010Prop48
 90
       50
102
RTVSPost2010PropOp48
 70
     1
102
RTVSPost2010Prop49
280
     0
102
RTVSPost2010PropOp49
 70
     1
102
RTVSPost2010Prop50
 90
       50
102
RTVSPost2010PropOp50
 70
     1
102
RTVSPost2010Prop51ColorIndex
 90
      256
102
RTVSPost2010Prop51ColorRGB
 90
-16777216
102
RTVSPost2010PropOp51
 70
     0
102
RTVSPost2010Prop52
140
1.0
102
RTVSPost2010PropOp52
 70
     0
102
RTVSPost2010Prop53
 90
        2
102
RTVSPost2010PropOp53
 70
     1
102
RTVSPost2010Prop54
  1
strokes_ogs.tif
102
RTVSPost2010PropOp54
 70
     1
102
RTVSPost2010Prop55
280
     0
102
RTVSPost2010PropOp55
 70
     1
102
RTVSPost2010Prop56
140
1.0
102
RTVSPost2010PropOp56
 70
     1
102
RTVSPost2010Prop57
140
1.0
102
RTVSPost2010PropOp57
 70
     1
102
RTVSPropertyOp0
 70
     1
102
RTVSPropertyOp1
 70
     1
102
RTVSPropertyOp2
 70
     1
102
RTVSPropertyOp3
 70
     1
102
RTVSPropertyOp4
 70
     1
102
RTVSPropertyOp5
 70
     1
102
RTVSPropertyOp6
 70
     1
102
RTVSPropertyOp7
 70
     1
102
RTVSPropertyOp8
 70
     1
102
RTVSPropertyOp9
 70
     1
102
RTVSPropertyOp10
 70
     1
102
RTVSPropertyOp11
 70
     1
102
RTVSPropertyOp12
 70
     1
102
RTVSPropertyOp13
 70
     1
102
RTVSPropertyOp14
 70
     1
102
RTVSPropertyOp15
 70
     1
102
RTVSPropertyOp16
 70
     1
102
RTVSPropertyOp17
 70
     1
102
RTVSPropertyOp18
 70
     1
102
RTVSPropertyOp19
 70
     1
102
RTVSPropertyOp20
 70
     1
102
RTVSPropertyOp21
 70
     1
102
RTVSPropertyOp22
 70
     1
102
RTVSPropertyOp23
 70
     1
102
RTVSPropertyOp24
 70
     1
102
RTVSPropertyOp25
 70
     1
102
RTVSPropertyOp26
 70
     1
102
RTVSPropertyOp27
 70
     1
102
RTVSPropertyOp28
 70
     1
102
RTVSPropertyOp29
 70
     1
102
RTVSPropertyOp30
 70
     1
102
RTVSPropertyOp31
 70
     1
102
RTVSPropertyOp32
 70
     1
102
RTVSPropertyOp33
 70
     1
102
RTVSPropertyOp34
 70
     1
102
RTVSPropertyOp35
 70
     1
102
RTVSPropertyOp36
 70
     1
102
RTVSPropertyOp37
 70
     1
102
RTVSPropertyOp38
 70
     1
102
RTVSPropertyOp39
 70
     1
102
RTVSPropertyOp40
 70
     1
102
RTVSPropertyOp41
 70
     1
102
RTVSPropertyOp42
 70
     1
102
RTVSPropertyOp43
 70
     1
102
RTVSPropertyOp44
 70
     1
102
RTVSPropertyOp45
 70
     1
102
RTVSPropertyOp46
 70
     1
102
RTVSPropertyOp47
 70
     1
102
RTVSPropertyOp48
 70
     1
102
RTVSPropertyOp49
 70
     1
102
RTVSPropertyOp50
 70
     1
102
RTVSPropertyOp51
 70
     0
102
RTVSPropertyOp52
 70
     0
102
RTVSPropertyOp53
 70
     1
102
RTVSPropertyOp54
 70
     1
102
RTVSPropertyOp55
 70
     1
102
RTVSPropertyOp56
 70
     1
102
RTVSPropertyOp57
 70
     1
102
RTVSPropertyOp58
 70
     1
102
RTVSPropertyOp59
 70
     1
102
RTVSPropertyOp60
 70
     1
102
RTVSPropertyOp61
 70
     1
102
RTVSPropertyOp62
 70
     1
  0
XRECORD
  5
2F8B
102
{ACAD_REACTORS
330
2F8A
102
}
330
2F8A
100
AcDbXrecord
280
     1
102
RTVSPost2010Prop28
280
     0
102
RTVSPost2010PropOp28
 70
     1
102
RTVSPost2010Prop29
280
     1
102
RTVSPost2010PropOp29
 70
     1
102
RTVSPost2010Prop30
280
     1
102
RTVSPost2010PropOp30
 70
     1
102
RTVSPost2010Prop31
280
     0
102
RTVSPost2010PropOp31
 70
     1
102
RTVSPost2010Prop32
280
     0
102
RTVSPost2010PropOp32
 70
     1
102
RTVSPost2010Prop33
280
     0
102
RTVSPost2010PropOp33
 70
     1
102
RTVSPost2010Prop34
280
     0
102
RTVSPost2010PropOp34
 70
     1
102
RTVSPost2010Prop35
280
     0
102
RTVSPost2010PropOp35
 70
     1
102
RTVSPost2010Prop36
280
     0
102
RTVSPost2010PropOp36
 70
     1
102
RTVSPost2010Prop37
 90
       50
102
RTVSPost2010PropOp37
 70
     1
102
RTVSPost2010Prop38
140
0.0
102
RTVSPost2010PropOp38
 70
     1
102
RTVSPost2010Prop39
140
1.0
102
RTVSPost2010PropOp39
 70
     1
102
RTVSPost2010Prop40
 90
        0
102
RTVSPost2010PropOp40
 70
     1
102
RTVSPost2010Prop41ColorIndex
 90
       18
102
RTVSPost2010Prop41ColorRGB
 90
        0
102
RTVSPost2010PropOp41
 70
     1
102
RTVSPost2010Prop42
 90
       50
102
RTVSPost2010PropOp42
 70
     1
102
RTVSPost2010Prop43
 90
        3
102
RTVSPost2010PropOp43
 70
     1
102
RTVSPost2010Prop44ColorIndex
 90
        5
102
RTVSPost2010Prop44ColorRGB
 90
      255
102
RTVSPost2010PropOp44
 70
     1
102
RTVSPost2010Prop45
280
     0
102
RTVSPost2010PropOp45
 70
     1
102
RTVSPost2010Prop46
 90
       50
102
RTVSPost2010PropOp46
 70
     1
102
RTVSPost2010Prop47
 90
       50
102
RTVSPost2010PropOp47
 70
     1
102
RTVSPost2010Prop48
 90
       50
102
RTVSPost2010PropOp48
 70
     1
102
RTVSPost2010Prop49
280
     0
102
RTVSPost2010PropOp49
 70
     1
102
RTVSPost2010Prop50
 90
       50
102
RTVSPost2010PropOp50
 70
     1
102
RTVSPost2010Prop51ColorIndex
 90
      256
102
RTVSPost2010Prop51ColorRGB
 90
-16777216
102
RTVSPost2010PropOp51
 70
     0
102
RTVSPost2010Prop52
140
1.0
102
RTVSPost2010PropOp52
 70
     0
102
RTVSPost2010Prop53
 90
        2
102
RTVSPost2010PropOp53
 70
     1
102
RTVSPost2010Prop54
  1
strokes_ogs.tif
102
RTVSPost2010PropOp54
 70
     1
102
RTVSPost2010Prop55
280
     0
102
RTVSPost2010PropOp55
 70
     1
102
RTVSPost2010Prop56
140
1.0
102
RTVSPost2010PropOp56
 70
     1
102
RTVSPost2010Prop57
140
1.0
102
RTVSPost2010PropOp57
 70
     1
102
RTVSPropertyOp0
 70
     1
102
RTVSPropertyOp1
 70
     1
102
RTVSPropertyOp2
 70
     1
102
RTVSPropertyOp3
 70
     1
102
RTVSPropertyOp4
 70
     1
102
RTVSPropertyOp5
 70
     1
102
RTVSPropertyOp6
 70
     1
102
RTVSPropertyOp7
 70
     1
102
RTVSPropertyOp8
 70
     1
102
RTVSPropertyOp9
 70
     1
102
RTVSPropertyOp10
 70
     1
102
RTVSPropertyOp11
 70
     1
102
RTVSPropertyOp12
 70
     1
102
RTVSPropertyOp13
 70
     1
102
RTVSPropertyOp14
 70
     1
102
RTVSPropertyOp15
 70
     1
102
RTVSPropertyOp16
 70
     1
102
RTVSPropertyOp17
 70
     1
102
RTVSPropertyOp18
 70
     1
102
RTVSPropertyOp19
 70
     1
102
RTVSPropertyOp20
 70
     1
102
RTVSPropertyOp21
 70
     1
102
RTVSPropertyOp22
 70
     1
102
RTVSPropertyOp23
 70
     1
102
RTVSPropertyOp24
 70
     1
102
RTVSPropertyOp25
 70
     1
102
RTVSPropertyOp26
 70
     1
102
RTVSPropertyOp27
 70
     1
102
RTVSPropertyOp28
 70
     1
102
RTVSPropertyOp29
 70
     1
102
RTVSPropertyOp30
 70
     1
102
RTVSPropertyOp31
 70
     1
102
RTVSPropertyOp32
 70
     1
102
RTVSPropertyOp33
 70
     1
102
RTVSPropertyOp34
 70
     1
102
RTVSPropertyOp35
 70
     1
102
RTVSPropertyOp36
 70
     1
102
RTVSPropertyOp37
 70
     1
102
RTVSPropertyOp38
 70
     1
102
RTVSPropertyOp39
 70
     1
102
RTVSPropertyOp40
 70
     1
102
RTVSPropertyOp41
 70
     1
102
RTVSPropertyOp42
 70
     1
102
RTVSPropertyOp43
 70
     1
102
RTVSPropertyOp44
 70
     1
102
RTVSPropertyOp45
 70
     1
102
RTVSPropertyOp46
 70
     1
102
RTVSPropertyOp47
 70
     1
102
RTVSPropertyOp48
 70
     1
102
RTVSPropertyOp49
 70
     1
102
RTVSPropertyOp50
 70
     1
102
RTVSPropertyOp51
 70
     0
102
RTVSPropertyOp52
 70
     0
102
RTVSPropertyOp53
 70
     1
102
RTVSPropertyOp54
 70
     1
102
RTVSPropertyOp55
 70
     1
102
RTVSPropertyOp56
 70
     1
102
RTVSPropertyOp57
 70
     1
102
RTVSPropertyOp58
 70
     1
102
RTVSPropertyOp59
 70
     1
102
RTVSPropertyOp60
 70
     1
102
RTVSPropertyOp61
 70
     1
102
RTVSPropertyOp62
 70
     1
  0
XRECORD
  5
2F8D
102
{ACAD_REACTORS
330
2F8C
102
}
330
2F8C
100
AcDbXrecord
280
     1
102
RTVSPost2010Prop28
280
     0
102
RTVSPost2010PropOp28
 70
     1
102
RTVSPost2010Prop29
280
     1
102
RTVSPost2010PropOp29
 70
     1
102
RTVSPost2010Prop30
280
     1
102
RTVSPost2010PropOp30
 70
     1
102
RTVSPost2010Prop31
280
     0
102
RTVSPost2010PropOp31
 70
     1
102
RTVSPost2010Prop32
280
     0
102
RTVSPost2010PropOp32
 70
     1
102
RTVSPost2010Prop33
280
     0
102
RTVSPost2010PropOp33
 70
     1
102
RTVSPost2010Prop34
280
     0
102
RTVSPost2010PropOp34
 70
     1
102
RTVSPost2010Prop35
280
     0
102
RTVSPost2010PropOp35
 70
     1
102
RTVSPost2010Prop36
280
     0
102
RTVSPost2010PropOp36
 70
     1
102
RTVSPost2010Prop37
 90
       50
102
RTVSPost2010PropOp37
 70
     1
102
RTVSPost2010Prop38
140
0.0
102
RTVSPost2010PropOp38
 70
     1
102
RTVSPost2010Prop39
140
1.0
102
RTVSPost2010PropOp39
 70
     1
102
RTVSPost2010Prop40
 90
        0
102
RTVSPost2010PropOp40
 70
     1
102
RTVSPost2010Prop41ColorIndex
 90
       18
102
RTVSPost2010Prop41ColorRGB
 90
        0
102
RTVSPost2010PropOp41
 70
     1
102
RTVSPost2010Prop42
 90
       50
102
RTVSPost2010PropOp42
 70
     1
102
RTVSPost2010Prop43
 90
        3
102
RTVSPost2010PropOp43
 70
     1
102
RTVSPost2010Prop44ColorIndex
 90
        5
102
RTVSPost2010Prop44ColorRGB
 90
      255
102
RTVSPost2010PropOp44
 70
     1
102
RTVSPost2010Prop45
280
     0
102
RTVSPost2010PropOp45
 70
     1
102
RTVSPost2010Prop46
 90
       50
102
RTVSPost2010PropOp46
 70
     1
102
RTVSPost2010Prop47
 90
       50
102
RTVSPost2010PropOp47
 70
     1
102
RTVSPost2010Prop48
 90
       50
102
RTVSPost2010PropOp48
 70
     1
102
RTVSPost2010Prop49
280
     0
102
RTVSPost2010PropOp49
 70
     1
102
RTVSPost2010Prop50
 90
       50
102
RTVSPost2010PropOp50
 70
     1
102
RTVSPost2010Prop51ColorIndex
 90
      256
102
RTVSPost2010Prop51ColorRGB
 90
-16777216
102
RTVSPost2010PropOp51
 70
     0
102
RTVSPost2010Prop52
140
1.0
102
RTVSPost2010PropOp52
 70
     0
102
RTVSPost2010Prop53
 90
        2
102
RTVSPost2010PropOp53
 70
     1
102
RTVSPost2010Prop54
  1
strokes_ogs.tif
102
RTVSPost2010PropOp54
 70
     1
102
RTVSPost2010Prop55
280
     0
102
RTVSPost2010PropOp55
 70
     1
102
RTVSPost2010Prop56
140
1.0
102
RTVSPost2010PropOp56
 70
     1
102
RTVSPost2010Prop57
140
1.0
102
RTVSPost2010PropOp57
 70
     1
102
RTVSPropertyOp0
 70
     1
102
RTVSPropertyOp1
 70
     1
102
RTVSPropertyOp2
 70
     1
102
RTVSPropertyOp3
 70
     1
102
RTVSPropertyOp4
 70
     1
102
RTVSPropertyOp5
 70
     1
102
RTVSPropertyOp6
 70
     1
102
RTVSPropertyOp7
 70
     1
102
RTVSPropertyOp8
 70
     1
102
RTVSPropertyOp9
 70
     1
102
RTVSPropertyOp10
 70
     1
102
RTVSPropertyOp11
 70
     1
102
RTVSPropertyOp12
 70
     1
102
RTVSPropertyOp13
 70
     1
102
RTVSPropertyOp14
 70
     1
102
RTVSPropertyOp15
 70
     1
102
RTVSPropertyOp16
 70
     1
102
RTVSPropertyOp17
 70
     1
102
RTVSPropertyOp18
 70
     1
102
RTVSPropertyOp19
 70
     1
102
RTVSPropertyOp20
 70
     1
102
RTVSPropertyOp21
 70
     1
102
RTVSPropertyOp22
 70
     1
102
RTVSPropertyOp23
 70
     1
102
RTVSPropertyOp24
 70
     1
102
RTVSPropertyOp25
 70
     1
102
RTVSPropertyOp26
 70
     1
102
RTVSPropertyOp27
 70
     1
102
RTVSPropertyOp28
 70
     1
102
RTVSPropertyOp29
 70
     1
102
RTVSPropertyOp30
 70
     1
102
RTVSPropertyOp31
 70
     1
102
RTVSPropertyOp32
 70
     1
102
RTVSPropertyOp33
 70
     1
102
RTVSPropertyOp34
 70
     1
102
RTVSPropertyOp35
 70
     1
102
RTVSPropertyOp36
 70
     1
102
RTVSPropertyOp37
 70
     1
102
RTVSPropertyOp38
 70
     1
102
RTVSPropertyOp39
 70
     1
102
RTVSPropertyOp40
 70
     1
102
RTVSPropertyOp41
 70
     1
102
RTVSPropertyOp42
 70
     1
102
RTVSPropertyOp43
 70
     1
102
RTVSPropertyOp44
 70
     1
102
RTVSPropertyOp45
 70
     1
102
RTVSPropertyOp46
 70
     1
102
RTVSPropertyOp47
 70
     1
102
RTVSPropertyOp48
 70
     1
102
RTVSPropertyOp49
 70
     1
102
RTVSPropertyOp50
 70
     1
102
RTVSPropertyOp51
 70
     0
102
RTVSPropertyOp52
 70
     0
102
RTVSPropertyOp53
 70
     1
102
RTVSPropertyOp54
 70
     1
102
RTVSPropertyOp55
 70
     1
102
RTVSPropertyOp56
 70
     1
102
RTVSPropertyOp57
 70
     1
102
RTVSPropertyOp58
 70
     1
102
RTVSPropertyOp59
 70
     1
102
RTVSPropertyOp60
 70
     1
102
RTVSPropertyOp61
 70
     1
102
RTVSPropertyOp62
 70
     1
  0
XRECORD
  5
2F8F
102
{ACAD_REACTORS
330
2F8E
102
}
330
2F8E
100
AcDbXrecord
280
     1
102
RTVSPost2010Prop28
280
     0
102
RTVSPost2010PropOp28
 70
     1
102
RTVSPost2010Prop29
280
     1
102
RTVSPost2010PropOp29
 70
     1
102
RTVSPost2010Prop30
280
     1
102
RTVSPost2010PropOp30
 70
     1
102
RTVSPost2010Prop31
280
     0
102
RTVSPost2010PropOp31
 70
     1
102
RTVSPost2010Prop32
280
     0
102
RTVSPost2010PropOp32
 70
     1
102
RTVSPost2010Prop33
280
     0
102
RTVSPost2010PropOp33
 70
     1
102
RTVSPost2010Prop34
280
     0
102
RTVSPost2010PropOp34
 70
     1
102
RTVSPost2010Prop35
280
     0
102
RTVSPost2010PropOp35
 70
     1
102
RTVSPost2010Prop36
280
     0
102
RTVSPost2010PropOp36
 70
     1
102
RTVSPost2010Prop37
 90
       50
102
RTVSPost2010PropOp37
 70
     1
102
RTVSPost2010Prop38
140
0.0
102
RTVSPost2010PropOp38
 70
     1
102
RTVSPost2010Prop39
140
1.0
102
RTVSPost2010PropOp39
 70
     1
102
RTVSPost2010Prop40
 90
        0
102
RTVSPost2010PropOp40
 70
     1
102
RTVSPost2010Prop41ColorIndex
 90
       18
102
RTVSPost2010Prop41ColorRGB
 90
        0
102
RTVSPost2010PropOp41
 70
     1
102
RTVSPost2010Prop42
 90
       50
102
RTVSPost2010PropOp42
 70
     1
102
RTVSPost2010Prop43
 90
        3
102
RTVSPost2010PropOp43
 70
     1
102
RTVSPost2010Prop44ColorIndex
 90
        5
102
RTVSPost2010Prop44ColorRGB
 90
      255
102
RTVSPost2010PropOp44
 70
     1
102
RTVSPost2010Prop45
280
     0
102
RTVSPost2010PropOp45
 70
     1
102
RTVSPost2010Prop46
 90
       50
102
RTVSPost2010PropOp46
 70
     1
102
RTVSPost2010Prop47
 90
       50
102
RTVSPost2010PropOp47
 70
     1
102
RTVSPost2010Prop48
 90
       50
102
RTVSPost2010PropOp48
 70
     1
102
RTVSPost2010Prop49
280
     0
102
RTVSPost2010PropOp49
 70
     1
102
RTVSPost2010Prop50
 90
       50
102
RTVSPost2010PropOp50
 70
     1
102
RTVSPost2010Prop51ColorIndex
 90
      256
102
RTVSPost2010Prop51ColorRGB
 90
-16777216
102
RTVSPost2010PropOp51
 70
     0
102
RTVSPost2010Prop52
140
1.0
102
RTVSPost2010PropOp52
 70
     0
102
RTVSPost2010Prop53
 90
        2
102
RTVSPost2010PropOp53
 70
     1
102
RTVSPost2010Prop54
  1
strokes_ogs.tif
102
RTVSPost2010PropOp54
 70
     1
102
RTVSPost2010Prop55
280
     0
102
RTVSPost2010PropOp55
 70
     1
102
RTVSPost2010Prop56
140
1.0
102
RTVSPost2010PropOp56
 70
     1
102
RTVSPost2010Prop57
140
1.0
102
RTVSPost2010PropOp57
 70
     1
102
RTVSPropertyOp0
 70
     1
102
RTVSPropertyOp1
 70
     1
102
RTVSPropertyOp2
 70
     1
102
RTVSPropertyOp3
 70
     1
102
RTVSPropertyOp4
 70
     1
102
RTVSPropertyOp5
 70
     1
102
RTVSPropertyOp6
 70
     1
102
RTVSPropertyOp7
 70
     1
102
RTVSPropertyOp8
 70
     1
102
RTVSPropertyOp9
 70
     1
102
RTVSPropertyOp10
 70
     1
102
RTVSPropertyOp11
 70
     1
102
RTVSPropertyOp12
 70
     1
102
RTVSPropertyOp13
 70
     1
102
RTVSPropertyOp14
 70
     1
102
RTVSPropertyOp15
 70
     1
102
RTVSPropertyOp16
 70
     1
102
RTVSPropertyOp17
 70
     1
102
RTVSPropertyOp18
 70
     1
102
RTVSPropertyOp19
 70
     1
102
RTVSPropertyOp20
 70
     1
102
RTVSPropertyOp21
 70
     1
102
RTVSPropertyOp22
 70
     1
102
RTVSPropertyOp23
 70
     1
102
RTVSPropertyOp24
 70
     1
102
RTVSPropertyOp25
 70
     1
102
RTVSPropertyOp26
 70
     1
102
RTVSPropertyOp27
 70
     1
102
RTVSPropertyOp28
 70
     1
102
RTVSPropertyOp29
 70
     1
102
RTVSPropertyOp30
 70
     1
102
RTVSPropertyOp31
 70
     1
102
RTVSPropertyOp32
 70
     1
102
RTVSPropertyOp33
 70
     1
102
RTVSPropertyOp34
 70
     1
102
RTVSPropertyOp35
 70
     1
102
RTVSPropertyOp36
 70
     1
102
RTVSPropertyOp37
 70
     1
102
RTVSPropertyOp38
 70
     1
102
RTVSPropertyOp39
 70
     1
102
RTVSPropertyOp40
 70
     1
102
RTVSPropertyOp41
 70
     1
102
RTVSPropertyOp42
 70
     1
102
RTVSPropertyOp43
 70
     1
102
RTVSPropertyOp44
 70
     1
102
RTVSPropertyOp45
 70
     1
102
RTVSPropertyOp46
 70
     1
102
RTVSPropertyOp47
 70
     1
102
RTVSPropertyOp48
 70
     1
102
RTVSPropertyOp49
 70
     1
102
RTVSPropertyOp50
 70
     1
102
RTVSPropertyOp51
 70
     0
102
RTVSPropertyOp52
 70
     0
102
RTVSPropertyOp53
 70
     1
102
RTVSPropertyOp54
 70
     1
102
RTVSPropertyOp55
 70
     1
102
RTVSPropertyOp56
 70
     1
102
RTVSPropertyOp57
 70
     1
102
RTVSPropertyOp58
 70
     1
102
RTVSPropertyOp59
 70
     1
102
RTVSPropertyOp60
 70
     1
102
RTVSPropertyOp61
 70
     1
102
RTVSPropertyOp62
 70
     1
  0
XRECORD
  5
2FB1
102
{ACAD_REACTORS
330
2FB0
102
}
330
2FB0
100
AcDbXrecord
280
     1
102
RTVSPost2010Prop28
280
     0
102
RTVSPost2010PropOp28
 70
     1
102
RTVSPost2010Prop29
280
     1
102
RTVSPost2010PropOp29
 70
     1
102
RTVSPost2010Prop30
280
     1
102
RTVSPost2010PropOp30
 70
     1
102
RTVSPost2010Prop31
280
     0
102
RTVSPost2010PropOp31
 70
     1
102
RTVSPost2010Prop32
280
     0
102
RTVSPost2010PropOp32
 70
     1
102
RTVSPost2010Prop33
280
     0
102
RTVSPost2010PropOp33
 70
     1
102
RTVSPost2010Prop34
280
     0
102
RTVSPost2010PropOp34
 70
     1
102
RTVSPost2010Prop35
280
     0
102
RTVSPost2010PropOp35
 70
     1
102
RTVSPost2010Prop36
280
     0
102
RTVSPost2010PropOp36
 70
     1
102
RTVSPost2010Prop37
 90
       50
102
RTVSPost2010PropOp37
 70
     1
102
RTVSPost2010Prop38
140
0.0
102
RTVSPost2010PropOp38
 70
     1
102
RTVSPost2010Prop39
140
1.0
102
RTVSPost2010PropOp39
 70
     1
102
RTVSPost2010Prop40
 90
        0
102
RTVSPost2010PropOp40
 70
     1
102
RTVSPost2010Prop41ColorIndex
 90
       18
102
RTVSPost2010Prop41ColorRGB
 90
        0
102
RTVSPost2010PropOp41
 70
     1
102
RTVSPost2010Prop42
 90
       50
102
RTVSPost2010PropOp42
 70
     1
102
RTVSPost2010Prop43
 90
        3
102
RTVSPost2010PropOp43
 70
     1
102
RTVSPost2010Prop44ColorIndex
 90
        5
102
RTVSPost2010Prop44ColorRGB
 90
      255
102
RTVSPost2010PropOp44
 70
     1
102
RTVSPost2010Prop45
280
     0
102
RTVSPost2010PropOp45
 70
     1
102
RTVSPost2010Prop46
 90
       50
102
RTVSPost2010PropOp46
 70
     1
102
RTVSPost2010Prop47
 90
       50
102
RTVSPost2010PropOp47
 70
     1
102
RTVSPost2010Prop48
 90
       50
102
RTVSPost2010PropOp48
 70
     1
102
RTVSPost2010Prop49
280
     0
102
RTVSPost2010PropOp49
 70
     1
102
RTVSPost2010Prop50
 90
       50
102
RTVSPost2010PropOp50
 70
     1
102
RTVSPost2010Prop51ColorIndex
 90
      256
102
RTVSPost2010Prop51ColorRGB
 90
-16777216
102
RTVSPost2010PropOp51
 70
     0
102
RTVSPost2010Prop52
140
1.0
102
RTVSPost2010PropOp52
 70
     0
102
RTVSPost2010Prop53
 90
        2
102
RTVSPost2010PropOp53
 70
     1
102
RTVSPost2010Prop54
  1
strokes_ogs.tif
102
RTVSPost2010PropOp54
 70
     1
102
RTVSPost2010Prop55
280
     0
102
RTVSPost2010PropOp55
 70
     1
102
RTVSPost2010Prop56
140
1.0
102
RTVSPost2010PropOp56
 70
     1
102
RTVSPost2010Prop57
140
1.0
102
RTVSPost2010PropOp57
 70
     1
102
RTVSPropertyOp0
 70
     1
102
RTVSPropertyOp1
 70
     1
102
RTVSPropertyOp2
 70
     1
102
RTVSPropertyOp3
 70
     1
102
RTVSPropertyOp4
 70
     1
102
RTVSPropertyOp5
 70
     1
102
RTVSPropertyOp6
 70
     1
102
RTVSPropertyOp7
 70
     1
102
RTVSPropertyOp8
 70
     1
102
RTVSPropertyOp9
 70
     1
102
RTVSPropertyOp10
 70
     1
102
RTVSPropertyOp11
 70
     1
102
RTVSPropertyOp12
 70
     1
102
RTVSPropertyOp13
 70
     1
102
RTVSPropertyOp14
 70
     1
102
RTVSPropertyOp15
 70
     1
102
RTVSPropertyOp16
 70
     1
102
RTVSPropertyOp17
 70
     1
102
RTVSPropertyOp18
 70
     1
102
RTVSPropertyOp19
 70
     1
102
RTVSPropertyOp20
 70
     1
102
RTVSPropertyOp21
 70
     1
102
RTVSPropertyOp22
 70
     1
102
RTVSPropertyOp23
 70
     1
102
RTVSPropertyOp24
 70
     1
102
RTVSPropertyOp25
 70
     1
102
RTVSPropertyOp26
 70
     1
102
RTVSPropertyOp27
 70
     1
102
RTVSPropertyOp28
 70
     1
102
RTVSPropertyOp29
 70
     1
102
RTVSPropertyOp30
 70
     1
102
RTVSPropertyOp31
 70
     1
102
RTVSPropertyOp32
 70
     1
102
RTVSPropertyOp33
 70
     1
102
RTVSPropertyOp34
 70
     1
102
RTVSPropertyOp35
 70
     1
102
RTVSPropertyOp36
 70
     1
102
RTVSPropertyOp37
 70
     1
102
RTVSPropertyOp38
 70
     1
102
RTVSPropertyOp39
 70
     1
102
RTVSPropertyOp40
 70
     1
102
RTVSPropertyOp41
 70
     1
102
RTVSPropertyOp42
 70
     1
102
RTVSPropertyOp43
 70
     1
102
RTVSPropertyOp44
 70
     1
102
RTVSPropertyOp45
 70
     1
102
RTVSPropertyOp46
 70
     1
102
RTVSPropertyOp47
 70
     1
102
RTVSPropertyOp48
 70
     1
102
RTVSPropertyOp49
 70
     1
102
RTVSPropertyOp50
 70
     1
102
RTVSPropertyOp51
 70
     0
102
RTVSPropertyOp52
 70
     0
102
RTVSPropertyOp53
 70
     1
102
RTVSPropertyOp54
 70
     1
102
RTVSPropertyOp55
 70
     1
102
RTVSPropertyOp56
 70
     1
102
RTVSPropertyOp57
 70
     1
102
RTVSPropertyOp58
 70
     1
102
RTVSPropertyOp59
 70
     1
102
RTVSPropertyOp60
 70
     1
102
RTVSPropertyOp61
 70
     1
102
RTVSPropertyOp62
 70
     1
  0
XRECORD
  5
2FA9
102
{ACAD_REACTORS
330
2FA8
102
}
330
2FA8
100
AcDbXrecord
280
     1
102
RTVSPost2010Prop28
280
     0
102
RTVSPost2010PropOp28
 70
     1
102
RTVSPost2010Prop29
280
     1
102
RTVSPost2010PropOp29
 70
     1
102
RTVSPost2010Prop30
280
     1
102
RTVSPost2010PropOp30
 70
     1
102
RTVSPost2010Prop31
280
     0
102
RTVSPost2010PropOp31
 70
     1
102
RTVSPost2010Prop32
280
     0
102
RTVSPost2010PropOp32
 70
     1
102
RTVSPost2010Prop33
280
     0
102
RTVSPost2010PropOp33
 70
     1
102
RTVSPost2010Prop34
280
     0
102
RTVSPost2010PropOp34
 70
     1
102
RTVSPost2010Prop35
280
     0
102
RTVSPost2010PropOp35
 70
     1
102
RTVSPost2010Prop36
280
     0
102
RTVSPost2010PropOp36
 70
     1
102
RTVSPost2010Prop37
 90
       50
102
RTVSPost2010PropOp37
 70
     1
102
RTVSPost2010Prop38
140
0.0
102
RTVSPost2010PropOp38
 70
     1
102
RTVSPost2010Prop39
140
1.0
102
RTVSPost2010PropOp39
 70
     1
102
RTVSPost2010Prop40
 90
        0
102
RTVSPost2010PropOp40
 70
     1
102
RTVSPost2010Prop41ColorIndex
 90
       18
102
RTVSPost2010Prop41ColorRGB
 90
        0
102
RTVSPost2010PropOp41
 70
     1
102
RTVSPost2010Prop42
 90
       50
102
RTVSPost2010PropOp42
 70
     1
102
RTVSPost2010Prop43
 90
        3
102
RTVSPost2010PropOp43
 70
     1
102
RTVSPost2010Prop44ColorIndex
 90
        5
102
RTVSPost2010Prop44ColorRGB
 90
      255
102
RTVSPost2010PropOp44
 70
     1
102
RTVSPost2010Prop45
280
     0
102
RTVSPost2010PropOp45
 70
     1
102
RTVSPost2010Prop46
 90
       50
102
RTVSPost2010PropOp46
 70
     1
102
RTVSPost2010Prop47
 90
       50
102
RTVSPost2010PropOp47
 70
     1
102
RTVSPost2010Prop48
 90
       50
102
RTVSPost2010PropOp48
 70
     1
102
RTVSPost2010Prop49
280
     0
102
RTVSPost2010PropOp49
 70
     1
102
RTVSPost2010Prop50
 90
       50
102
RTVSPost2010PropOp50
 70
     1
102
RTVSPost2010Prop51ColorIndex
 90
      256
102
RTVSPost2010Prop51ColorRGB
 90
-16777216
102
RTVSPost2010PropOp51
 70
     0
102
RTVSPost2010Prop52
140
1.0
102
RTVSPost2010PropOp52
 70
     0
102
RTVSPost2010Prop53
 90
        2
102
RTVSPost2010PropOp53
 70
     1
102
RTVSPost2010Prop54
  1
strokes_ogs.tif
102
RTVSPost2010PropOp54
 70
     1
102
RTVSPost2010Prop55
280
     0
102
RTVSPost2010PropOp55
 70
     1
102
RTVSPost2010Prop56
140
1.0
102
RTVSPost2010PropOp56
 70
     1
102
RTVSPost2010Prop57
140
1.0
102
RTVSPost2010PropOp57
 70
     1
102
RTVSPropertyOp0
 70
     0
102
RTVSPropertyOp1
 70
     0
102
RTVSPropertyOp2
 70
     0
102
RTVSPropertyOp3
 70
     0
102
RTVSPropertyOp4
 70
     0
102
RTVSPropertyOp5
 70
     0
102
RTVSPropertyOp6
 70
     0
102
RTVSPropertyOp7
 70
     0
102
RTVSPropertyOp8
 70
     0
102
RTVSPropertyOp9
 70
     0
102
RTVSPropertyOp10
 70
     0
102
RTVSPropertyOp11
 70
     0
102
RTVSPropertyOp12
 70
     0
102
RTVSPropertyOp13
 70
     0
102
RTVSPropertyOp14
 70
     2
102
RTVSPropertyOp15
 70
     0
102
RTVSPropertyOp16
 70
     0
102
RTVSPropertyOp17
 70
     0
102
RTVSPropertyOp18
 70
     0
102
RTVSPropertyOp19
 70
     0
102
RTVSPropertyOp20
 70
     0
102
RTVSPropertyOp21
 70
     0
102
RTVSPropertyOp22
 70
     0
102
RTVSPropertyOp23
 70
     0
102
RTVSPropertyOp24
 70
     0
102
RTVSPropertyOp25
 70
     0
102
RTVSPropertyOp26
 70
     0
102
RTVSPropertyOp27
 70
     0
102
RTVSPropertyOp28
 70
     1
102
RTVSPropertyOp29
 70
     1
102
RTVSPropertyOp30
 70
     1
102
RTVSPropertyOp31
 70
     1
102
RTVSPropertyOp32
 70
     1
102
RTVSPropertyOp33
 70
     1
102
RTVSPropertyOp34
 70
     1
102
RTVSPropertyOp35
 70
     1
102
RTVSPropertyOp36
 70
     1
102
RTVSPropertyOp37
 70
     1
102
RTVSPropertyOp38
 70
     1
102
RTVSPropertyOp39
 70
     1
102
RTVSPropertyOp40
 70
     1
102
RTVSPropertyOp41
 70
     1
102
RTVSPropertyOp42
 70
     1
102
RTVSPropertyOp43
 70
     1
102
RTVSPropertyOp44
 70
     1
102
RTVSPropertyOp45
 70
     1
102
RTVSPropertyOp46
 70
     1
102
RTVSPropertyOp47
 70
     1
102
RTVSPropertyOp48
 70
     1
102
RTVSPropertyOp49
 70
     1
102
RTVSPropertyOp50
 70
     1
102
RTVSPropertyOp51
 70
     0
102
RTVSPropertyOp52
 70
     0
102
RTVSPropertyOp53
 70
     1
102
RTVSPropertyOp54
 70
     1
102
RTVSPropertyOp55
 70
     1
102
RTVSPropertyOp56
 70
     1
102
RTVSPropertyOp57
 70
     1
102
RTVSPropertyOp58
 70
     1
102
RTVSPropertyOp59
 70
     1
102
RTVSPropertyOp60
 70
     1
102
RTVSPropertyOp61
 70
     1
102
RTVSPropertyOp62
 70
     1
  0
XRECORD
  5
2FA3
102
{ACAD_REACTORS
330
2FA2
102
}
330
2FA2
100
AcDbXrecord
280
     1
102
RTVSPost2010Prop28
280
     0
102
RTVSPost2010PropOp28
 70
     1
102
RTVSPost2010Prop29
280
     1
102
RTVSPost2010PropOp29
 70
     1
102
RTVSPost2010Prop30
280
     1
102
RTVSPost2010PropOp30
 70
     1
102
RTVSPost2010Prop31
280
     0
102
RTVSPost2010PropOp31
 70
     1
102
RTVSPost2010Prop32
280
     0
102
RTVSPost2010PropOp32
 70
     1
102
RTVSPost2010Prop33
280
     0
102
RTVSPost2010PropOp33
 70
     1
102
RTVSPost2010Prop34
280
     0
102
RTVSPost2010PropOp34
 70
     1
102
RTVSPost2010Prop35
280
     0
102
RTVSPost2010PropOp35
 70
     1
102
RTVSPost2010Prop36
280
     0
102
RTVSPost2010PropOp36
 70
     1
102
RTVSPost2010Prop37
 90
       50
102
RTVSPost2010PropOp37
 70
     1
102
RTVSPost2010Prop38
140
0.0
102
RTVSPost2010PropOp38
 70
     1
102
RTVSPost2010Prop39
140
1.0
102
RTVSPost2010PropOp39
 70
     1
102
RTVSPost2010Prop40
 90
        0
102
RTVSPost2010PropOp40
 70
     1
102
RTVSPost2010Prop41ColorIndex
 90
       18
102
RTVSPost2010Prop41ColorRGB
 90
        0
102
RTVSPost2010PropOp41
 70
     1
102
RTVSPost2010Prop42
 90
       50
102
RTVSPost2010PropOp42
 70
     1
102
RTVSPost2010Prop43
 90
        3
102
RTVSPost2010PropOp43
 70
     1
102
RTVSPost2010Prop44ColorIndex
 90
        5
102
RTVSPost2010Prop44ColorRGB
 90
      255
102
RTVSPost2010PropOp44
 70
     1
102
RTVSPost2010Prop45
280
     0
102
RTVSPost2010PropOp45
 70
     1
102
RTVSPost2010Prop46
 90
       50
102
RTVSPost2010PropOp46
 70
     1
102
RTVSPost2010Prop47
 90
       50
102
RTVSPost2010PropOp47
 70
     1
102
RTVSPost2010Prop48
 90
       50
102
RTVSPost2010PropOp48
 70
     1
102
RTVSPost2010Prop49
280
     0
102
RTVSPost2010PropOp49
 70
     1
102
RTVSPost2010Prop50
 90
       50
102
RTVSPost2010PropOp50
 70
     1
102
RTVSPost2010Prop51ColorIndex
 90
      256
102
RTVSPost2010Prop51ColorRGB
 90
-16777216
102
RTVSPost2010PropOp51
 70
     0
102
RTVSPost2010Prop52
140
1.0
102
RTVSPost2010PropOp52
 70
     0
102
RTVSPost2010Prop53
 90
        2
102
RTVSPost2010PropOp53
 70
     1
102
RTVSPost2010Prop54
  1
strokes_ogs.tif
102
RTVSPost2010PropOp54
 70
     1
102
RTVSPost2010Prop55
280
     0
102
RTVSPost2010PropOp55
 70
     1
102
RTVSPost2010Prop56
140
1.0
102
RTVSPost2010PropOp56
 70
     1
102
RTVSPost2010Prop57
140
1.0
102
RTVSPost2010PropOp57
 70
     1
102
RTVSPropertyOp0
 70
     1
102
RTVSPropertyOp1
 70
     1
102
RTVSPropertyOp2
 70
     1
102
RTVSPropertyOp3
 70
     1
102
RTVSPropertyOp4
 70
     1
102
RTVSPropertyOp5
 70
     1
102
RTVSPropertyOp6
 70
     1
102
RTVSPropertyOp7
 70
     1
102
RTVSPropertyOp8
 70
     1
102
RTVSPropertyOp9
 70
     1
102
RTVSPropertyOp10
 70
     1
102
RTVSPropertyOp11
 70
     1
102
RTVSPropertyOp12
 70
     1
102
RTVSPropertyOp13
 70
     1
102
RTVSPropertyOp14
 70
     1
102
RTVSPropertyOp15
 70
     1
102
RTVSPropertyOp16
 70
     1
102
RTVSPropertyOp17
 70
     1
102
RTVSPropertyOp18
 70
     1
102
RTVSPropertyOp19
 70
     1
102
RTVSPropertyOp20
 70
     1
102
RTVSPropertyOp21
 70
     1
102
RTVSPropertyOp22
 70
     1
102
RTVSPropertyOp23
 70
     1
102
RTVSPropertyOp24
 70
     1
102
RTVSPropertyOp25
 70
     1
102
RTVSPropertyOp26
 70
     1
102
RTVSPropertyOp27
 70
     1
102
RTVSPropertyOp28
 70
     1
102
RTVSPropertyOp29
 70
     1
102
RTVSPropertyOp30
 70
     1
102
RTVSPropertyOp31
 70
     1
102
RTVSPropertyOp32
 70
     1
102
RTVSPropertyOp33
 70
     1
102
RTVSPropertyOp34
 70
     1
102
RTVSPropertyOp35
 70
     1
102
RTVSPropertyOp36
 70
     1
102
RTVSPropertyOp37
 70
     1
102
RTVSPropertyOp38
 70
     1
102
RTVSPropertyOp39
 70
     1
102
RTVSPropertyOp40
 70
     1
102
RTVSPropertyOp41
 70
     1
102
RTVSPropertyOp42
 70
     1
102
RTVSPropertyOp43
 70
     1
102
RTVSPropertyOp44
 70
     1
102
RTVSPropertyOp45
 70
     1
102
RTVSPropertyOp46
 70
     1
102
RTVSPropertyOp47
 70
     1
102
RTVSPropertyOp48
 70
     1
102
RTVSPropertyOp49
 70
     1
102
RTVSPropertyOp50
 70
     1
102
RTVSPropertyOp51
 70
     0
102
RTVSPropertyOp52
 70
     0
102
RTVSPropertyOp53
 70
     1
102
RTVSPropertyOp54
 70
     1
102
RTVSPropertyOp55
 70
     1
102
RTVSPropertyOp56
 70
     1
102
RTVSPropertyOp57
 70
     1
102
RTVSPropertyOp58
 70
     1
102
RTVSPropertyOp59
 70
     1
102
RTVSPropertyOp60
 70
     1
102
RTVSPropertyOp61
 70
     1
102
RTVSPropertyOp62
 70
     1
  0
XRECORD
  5
2FAB
102
{ACAD_REACTORS
330
2FAA
102
}
330
2FAA
100
AcDbXrecord
280
     1
102
RTVSPost2010Prop28
280
     0
102
RTVSPost2010PropOp28
 70
     1
102
RTVSPost2010Prop29
280
     1
102
RTVSPost2010PropOp29
 70
     1
102
RTVSPost2010Prop30
280
     1
102
RTVSPost2010PropOp30
 70
     1
102
RTVSPost2010Prop31
280
     0
102
RTVSPost2010PropOp31
 70
     1
102
RTVSPost2010Prop32
280
     0
102
RTVSPost2010PropOp32
 70
     1
102
RTVSPost2010Prop33
280
     0
102
RTVSPost2010PropOp33
 70
     1
102
RTVSPost2010Prop34
280
     0
102
RTVSPost2010PropOp34
 70
     1
102
RTVSPost2010Prop35
280
     0
102
RTVSPost2010PropOp35
 70
     1
102
RTVSPost2010Prop36
280
     0
102
RTVSPost2010PropOp36
 70
     1
102
RTVSPost2010Prop37
 90
       50
102
RTVSPost2010PropOp37
 70
     1
102
RTVSPost2010Prop38
140
0.0
102
RTVSPost2010PropOp38
 70
     1
102
RTVSPost2010Prop39
140
1.0
102
RTVSPost2010PropOp39
 70
     1
102
RTVSPost2010Prop40
 90
        0
102
RTVSPost2010PropOp40
 70
     1
102
RTVSPost2010Prop41ColorIndex
 90
       18
102
RTVSPost2010Prop41ColorRGB
 90
        0
102
RTVSPost2010PropOp41
 70
     1
102
RTVSPost2010Prop42
 90
       50
102
RTVSPost2010PropOp42
 70
     1
102
RTVSPost2010Prop43
 90
        3
102
RTVSPost2010PropOp43
 70
     1
102
RTVSPost2010Prop44ColorIndex
 90
        5
102
RTVSPost2010Prop44ColorRGB
 90
      255
102
RTVSPost2010PropOp44
 70
     1
102
RTVSPost2010Prop45
280
     0
102
RTVSPost2010PropOp45
 70
     1
102
RTVSPost2010Prop46
 90
       50
102
RTVSPost2010PropOp46
 70
     1
102
RTVSPost2010Prop47
 90
       50
102
RTVSPost2010PropOp47
 70
     1
102
RTVSPost2010Prop48
 90
       50
102
RTVSPost2010PropOp48
 70
     1
102
RTVSPost2010Prop49
280
     0
102
RTVSPost2010PropOp49
 70
     1
102
RTVSPost2010Prop50
 90
       50
102
RTVSPost2010PropOp50
 70
     1
102
RTVSPost2010Prop51ColorIndex
 90
      256
102
RTVSPost2010Prop51ColorRGB
 90
-16777216
102
RTVSPost2010PropOp51
 70
     0
102
RTVSPost2010Prop52
140
1.0
102
RTVSPost2010PropOp52
 70
     0
102
RTVSPost2010Prop53
 90
        2
102
RTVSPost2010PropOp53
 70
     1
102
RTVSPost2010Prop54
  1
strokes_ogs.tif
102
RTVSPost2010PropOp54
 70
     1
102
RTVSPost2010Prop55
280
     0
102
RTVSPost2010PropOp55
 70
     1
102
RTVSPost2010Prop56
140
1.0
102
RTVSPost2010PropOp56
 70
     1
102
RTVSPost2010Prop57
140
1.0
102
RTVSPost2010PropOp57
 70
     1
102
RTVSPropertyOp0
 70
     0
102
RTVSPropertyOp1
 70
     0
102
RTVSPropertyOp2
 70
     0
102
RTVSPropertyOp3
 70
     0
102
RTVSPropertyOp4
 70
     0
102
RTVSPropertyOp5
 70
     0
102
RTVSPropertyOp6
 70
     0
102
RTVSPropertyOp7
 70
     0
102
RTVSPropertyOp8
 70
     0
102
RTVSPropertyOp9
 70
     0
102
RTVSPropertyOp10
 70
     0
102
RTVSPropertyOp11
 70
     0
102
RTVSPropertyOp12
 70
     0
102
RTVSPropertyOp13
 70
     0
102
RTVSPropertyOp14
 70
     2
102
RTVSPropertyOp15
 70
     0
102
RTVSPropertyOp16
 70
     0
102
RTVSPropertyOp17
 70
     0
102
RTVSPropertyOp18
 70
     0
102
RTVSPropertyOp19
 70
     0
102
RTVSPropertyOp20
 70
     0
102
RTVSPropertyOp21
 70
     0
102
RTVSPropertyOp22
 70
     0
102
RTVSPropertyOp23
 70
     0
102
RTVSPropertyOp24
 70
     0
102
RTVSPropertyOp25
 70
     0
102
RTVSPropertyOp26
 70
     0
102
RTVSPropertyOp27
 70
     0
102
RTVSPropertyOp28
 70
     1
102
RTVSPropertyOp29
 70
     1
102
RTVSPropertyOp30
 70
     1
102
RTVSPropertyOp31
 70
     1
102
RTVSPropertyOp32
 70
     1
102
RTVSPropertyOp33
 70
     1
102
RTVSPropertyOp34
 70
     1
102
RTVSPropertyOp35
 70
     1
102
RTVSPropertyOp36
 70
     1
102
RTVSPropertyOp37
 70
     1
102
RTVSPropertyOp38
 70
     1
102
RTVSPropertyOp39
 70
     1
102
RTVSPropertyOp40
 70
     1
102
RTVSPropertyOp41
 70
     1
102
RTVSPropertyOp42
 70
     1
102
RTVSPropertyOp43
 70
     1
102
RTVSPropertyOp44
 70
     1
102
RTVSPropertyOp45
 70
     1
102
RTVSPropertyOp46
 70
     1
102
RTVSPropertyOp47
 70
     1
102
RTVSPropertyOp48
 70
     1
102
RTVSPropertyOp49
 70
     1
102
RTVSPropertyOp50
 70
     1
102
RTVSPropertyOp51
 70
     0
102
RTVSPropertyOp52
 70
     0
102
RTVSPropertyOp53
 70
     1
102
RTVSPropertyOp54
 70
     1
102
RTVSPropertyOp55
 70
     1
102
RTVSPropertyOp56
 70
     1
102
RTVSPropertyOp57
 70
     1
102
RTVSPropertyOp58
 70
     1
102
RTVSPropertyOp59
 70
     1
102
RTVSPropertyOp60
 70
     1
102
RTVSPropertyOp61
 70
     1
102
RTVSPropertyOp62
 70
     1
  0
XRECORD
  5
2F9B
102
{ACAD_REACTORS
330
2F9A
102
}
330
2F9A
100
AcDbXrecord
280
     1
102
RTVSPost2010Prop28
280
     0
102
RTVSPost2010PropOp28
 70
     1
102
RTVSPost2010Prop29
280
     1
102
RTVSPost2010PropOp29
 70
     1
102
RTVSPost2010Prop30
280
     1
102
RTVSPost2010PropOp30
 70
     1
102
RTVSPost2010Prop31
280
     0
102
RTVSPost2010PropOp31
 70
     1
102
RTVSPost2010Prop32
280
     0
102
RTVSPost2010PropOp32
 70
     1
102
RTVSPost2010Prop33
280
     0
102
RTVSPost2010PropOp33
 70
     1
102
RTVSPost2010Prop34
280
     0
102
RTVSPost2010PropOp34
 70
     1
102
RTVSPost2010Prop35
280
     0
102
RTVSPost2010PropOp35
 70
     1
102
RTVSPost2010Prop36
280
     0
102
RTVSPost2010PropOp36
 70
     1
102
RTVSPost2010Prop37
 90
       50
102
RTVSPost2010PropOp37
 70
     1
102
RTVSPost2010Prop38
140
0.0
102
RTVSPost2010PropOp38
 70
     1
102
RTVSPost2010Prop39
140
1.0
102
RTVSPost2010PropOp39
 70
     1
102
RTVSPost2010Prop40
 90
        0
102
RTVSPost2010PropOp40
 70
     1
102
RTVSPost2010Prop41ColorIndex
 90
       18
102
RTVSPost2010Prop41ColorRGB
 90
        0
102
RTVSPost2010PropOp41
 70
     1
102
RTVSPost2010Prop42
 90
       50
102
RTVSPost2010PropOp42
 70
     1
102
RTVSPost2010Prop43
 90
        3
102
RTVSPost2010PropOp43
 70
     1
102
RTVSPost2010Prop44ColorIndex
 90
        5
102
RTVSPost2010Prop44ColorRGB
 90
      255
102
RTVSPost2010PropOp44
 70
     1
102
RTVSPost2010Prop45
280
     0
102
RTVSPost2010PropOp45
 70
     1
102
RTVSPost2010Prop46
 90
       50
102
RTVSPost2010PropOp46
 70
     1
102
RTVSPost2010Prop47
 90
       50
102
RTVSPost2010PropOp47
 70
     1
102
RTVSPost2010Prop48
 90
       50
102
RTVSPost2010PropOp48
 70
     1
102
RTVSPost2010Prop49
280
     0
102
RTVSPost2010PropOp49
 70
     1
102
RTVSPost2010Prop50
 90
       50
102
RTVSPost2010PropOp50
 70
     1
102
RTVSPost2010Prop51ColorIndex
 90
      256
102
RTVSPost2010Prop51ColorRGB
 90
-16777216
102
RTVSPost2010PropOp51
 70
     0
102
RTVSPost2010Prop52
140
1.0
102
RTVSPost2010PropOp52
 70
     0
102
RTVSPost2010Prop53
 90
        2
102
RTVSPost2010PropOp53
 70
     1
102
RTVSPost2010Prop54
  1
strokes_ogs.tif
102
RTVSPost2010PropOp54
 70
     1
102
RTVSPost2010Prop55
280
     0
102
RTVSPost2010PropOp55
 70
     1
102
RTVSPost2010Prop56
140
1.0
102
RTVSPost2010PropOp56
 70
     1
102
RTVSPost2010Prop57
140
1.0
102
RTVSPost2010PropOp57
 70
     1
102
RTVSPropertyOp0
 70
     1
102
RTVSPropertyOp1
 70
     1
102
RTVSPropertyOp2
 70
     1
102
RTVSPropertyOp3
 70
     1
102
RTVSPropertyOp4
 70
     1
102
RTVSPropertyOp5
 70
     1
102
RTVSPropertyOp6
 70
     1
102
RTVSPropertyOp7
 70
     1
102
RTVSPropertyOp8
 70
     1
102
RTVSPropertyOp9
 70
     1
102
RTVSPropertyOp10
 70
     1
102
RTVSPropertyOp11
 70
     1
102
RTVSPropertyOp12
 70
     1
102
RTVSPropertyOp13
 70
     1
102
RTVSPropertyOp14
 70
     1
102
RTVSPropertyOp15
 70
     1
102
RTVSPropertyOp16
 70
     1
102
RTVSPropertyOp17
 70
     1
102
RTVSPropertyOp18
 70
     1
102
RTVSPropertyOp19
 70
     1
102
RTVSPropertyOp20
 70
     1
102
RTVSPropertyOp21
 70
     1
102
RTVSPropertyOp22
 70
     1
102
RTVSPropertyOp23
 70
     1
102
RTVSPropertyOp24
 70
     1
102
RTVSPropertyOp25
 70
     1
102
RTVSPropertyOp26
 70
     1
102
RTVSPropertyOp27
 70
     1
102
RTVSPropertyOp28
 70
     1
102
RTVSPropertyOp29
 70
     1
102
RTVSPropertyOp30
 70
     1
102
RTVSPropertyOp31
 70
     1
102
RTVSPropertyOp32
 70
     1
102
RTVSPropertyOp33
 70
     1
102
RTVSPropertyOp34
 70
     1
102
RTVSPropertyOp35
 70
     1
102
RTVSPropertyOp36
 70
     1
102
RTVSPropertyOp37
 70
     1
102
RTVSPropertyOp38
 70
     1
102
RTVSPropertyOp39
 70
     1
102
RTVSPropertyOp40
 70
     1
102
RTVSPropertyOp41
 70
     1
102
RTVSPropertyOp42
 70
     1
102
RTVSPropertyOp43
 70
     1
102
RTVSPropertyOp44
 70
     1
102
RTVSPropertyOp45
 70
     1
102
RTVSPropertyOp46
 70
     1
102
RTVSPropertyOp47
 70
     1
102
RTVSPropertyOp48
 70
     1
102
RTVSPropertyOp49
 70
     1
102
RTVSPropertyOp50
 70
     1
102
RTVSPropertyOp51
 70
     0
102
RTVSPropertyOp52
 70
     0
102
RTVSPropertyOp53
 70
     1
102
RTVSPropertyOp54
 70
     1
102
RTVSPropertyOp55
 70
     1
102
RTVSPropertyOp56
 70
     1
102
RTVSPropertyOp57
 70
     1
102
RTVSPropertyOp58
 70
     1
102
RTVSPropertyOp59
 70
     1
102
RTVSPropertyOp60
 70
     1
102
RTVSPropertyOp61
 70
     1
102
RTVSPropertyOp62
 70
     1
  0
XRECORD
  5
2FBB
102
{ACAD_REACTORS
330
2FBA
102
}
330
2FBA
100
AcDbXrecord
280
     1
102
RTVSPost2010Prop28
280
     0
102
RTVSPost2010PropOp28
 70
     1
102
RTVSPost2010Prop29
280
     1
102
RTVSPost2010PropOp29
 70
     1
102
RTVSPost2010Prop30
280
     1
102
RTVSPost2010PropOp30
 70
     1
102
RTVSPost2010Prop31
280
     0
102
RTVSPost2010PropOp31
 70
     1
102
RTVSPost2010Prop32
280
     0
102
RTVSPost2010PropOp32
 70
     1
102
RTVSPost2010Prop33
280
     0
102
RTVSPost2010PropOp33
 70
     1
102
RTVSPost2010Prop34
280
     0
102
RTVSPost2010PropOp34
 70
     1
102
RTVSPost2010Prop35
280
     0
102
RTVSPost2010PropOp35
 70
     1
102
RTVSPost2010Prop36
280
     0
102
RTVSPost2010PropOp36
 70
     1
102
RTVSPost2010Prop37
 90
       50
102
RTVSPost2010PropOp37
 70
     1
102
RTVSPost2010Prop38
140
0.0
102
RTVSPost2010PropOp38
 70
     1
102
RTVSPost2010Prop39
140
1.0
102
RTVSPost2010PropOp39
 70
     1
102
RTVSPost2010Prop40
 90
        0
102
RTVSPost2010PropOp40
 70
     1
102
RTVSPost2010Prop41ColorIndex
 90
       18
102
RTVSPost2010Prop41ColorRGB
 90
        0
102
RTVSPost2010PropOp41
 70
     1
102
RTVSPost2010Prop42
 90
       50
102
RTVSPost2010PropOp42
 70
     1
102
RTVSPost2010Prop43
 90
        3
102
RTVSPost2010PropOp43
 70
     1
102
RTVSPost2010Prop44ColorIndex
 90
        5
102
RTVSPost2010Prop44ColorRGB
 90
      255
102
RTVSPost2010PropOp44
 70
     1
102
RTVSPost2010Prop45
280
     0
102
RTVSPost2010PropOp45
 70
     1
102
RTVSPost2010Prop46
 90
       50
102
RTVSPost2010PropOp46
 70
     1
102
RTVSPost2010Prop47
 90
       50
102
RTVSPost2010PropOp47
 70
     1
102
RTVSPost2010Prop48
 90
       50
102
RTVSPost2010PropOp48
 70
     1
102
RTVSPost2010Prop49
280
     0
102
RTVSPost2010PropOp49
 70
     1
102
RTVSPost2010Prop50
 90
       50
102
RTVSPost2010PropOp50
 70
     1
102
RTVSPost2010Prop51ColorIndex
 90
      256
102
RTVSPost2010Prop51ColorRGB
 90
-16777216
102
RTVSPost2010PropOp51
 70
     0
102
RTVSPost2010Prop52
140
1.0
102
RTVSPost2010PropOp52
 70
     0
102
RTVSPost2010Prop53
 90
        2
102
RTVSPost2010PropOp53
 70
     1
102
RTVSPost2010Prop54
  1
strokes_ogs.tif
102
RTVSPost2010PropOp54
 70
     1
102
RTVSPost2010Prop55
280
     0
102
RTVSPost2010PropOp55
 70
     1
102
RTVSPost2010Prop56
140
1.0
102
RTVSPost2010PropOp56
 70
     1
102
RTVSPost2010Prop57
140
1.0
102
RTVSPost2010PropOp57
 70
     1
102
RTVSPropertyOp0
 70
     1
102
RTVSPropertyOp1
 70
     1
102
RTVSPropertyOp2
 70
     1
102
RTVSPropertyOp3
 70
     1
102
RTVSPropertyOp4
 70
     1
102
RTVSPropertyOp5
 70
     1
102
RTVSPropertyOp6
 70
     1
102
RTVSPropertyOp7
 70
     1
102
RTVSPropertyOp8
 70
     1
102
RTVSPropertyOp9
 70
     1
102
RTVSPropertyOp10
 70
     1
102
RTVSPropertyOp11
 70
     1
102
RTVSPropertyOp12
 70
     1
102
RTVSPropertyOp13
 70
     1
102
RTVSPropertyOp14
 70
     1
102
RTVSPropertyOp15
 70
     1
102
RTVSPropertyOp16
 70
     1
102
RTVSPropertyOp17
 70
     1
102
RTVSPropertyOp18
 70
     1
102
RTVSPropertyOp19
 70
     1
102
RTVSPropertyOp20
 70
     1
102
RTVSPropertyOp21
 70
     1
102
RTVSPropertyOp22
 70
     1
102
RTVSPropertyOp23
 70
     1
102
RTVSPropertyOp24
 70
     1
102
RTVSPropertyOp25
 70
     1
102
RTVSPropertyOp26
 70
     1
102
RTVSPropertyOp27
 70
     1
102
RTVSPropertyOp28
 70
     1
102
RTVSPropertyOp29
 70
     1
102
RTVSPropertyOp30
 70
     1
102
RTVSPropertyOp31
 70
     1
102
RTVSPropertyOp32
 70
     1
102
RTVSPropertyOp33
 70
     1
102
RTVSPropertyOp34
 70
     1
102
RTVSPropertyOp35
 70
     1
102
RTVSPropertyOp36
 70
     1
102
RTVSPropertyOp37
 70
     1
102
RTVSPropertyOp38
 70
     1
102
RTVSPropertyOp39
 70
     1
102
RTVSPropertyOp40
 70
     1
102
RTVSPropertyOp41
 70
     1
102
RTVSPropertyOp42
 70
     1
102
RTVSPropertyOp43
 70
     1
102
RTVSPropertyOp44
 70
     1
102
RTVSPropertyOp45
 70
     1
102
RTVSPropertyOp46
 70
     1
102
RTVSPropertyOp47
 70
     1
102
RTVSPropertyOp48
 70
     1
102
RTVSPropertyOp49
 70
     1
102
RTVSPropertyOp50
 70
     1
102
RTVSPropertyOp51
 70
     0
102
RTVSPropertyOp52
 70
     0
102
RTVSPropertyOp53
 70
     1
102
RTVSPropertyOp54
 70
     1
102
RTVSPropertyOp55
 70
     1
102
RTVSPropertyOp56
 70
     1
102
RTVSPropertyOp57
 70
     1
102
RTVSPropertyOp58
 70
     1
102
RTVSPropertyOp59
 70
     1
102
RTVSPropertyOp60
 70
     1
102
RTVSPropertyOp61
 70
     1
102
RTVSPropertyOp62
 70
     1
  0
XRECORD
  5
2FB9
102
{ACAD_REACTORS
330
2FB8
102
}
330
2FB8
100
AcDbXrecord
280
     1
102
RTVSPost2010Prop28
280
     0
102
RTVSPost2010PropOp28
 70
     1
102
RTVSPost2010Prop29
280
     1
102
RTVSPost2010PropOp29
 70
     1
102
RTVSPost2010Prop30
280
     1
102
RTVSPost2010PropOp30
 70
     1
102
RTVSPost2010Prop31
280
     0
102
RTVSPost2010PropOp31
 70
     1
102
RTVSPost2010Prop32
280
     0
102
RTVSPost2010PropOp32
 70
     1
102
RTVSPost2010Prop33
280
     0
102
RTVSPost2010PropOp33
 70
     1
102
RTVSPost2010Prop34
280
     0
102
RTVSPost2010PropOp34
 70
     1
102
RTVSPost2010Prop35
280
     0
102
RTVSPost2010PropOp35
 70
     1
102
RTVSPost2010Prop36
280
     0
102
RTVSPost2010PropOp36
 70
     1
102
RTVSPost2010Prop37
 90
       50
102
RTVSPost2010PropOp37
 70
     1
102
RTVSPost2010Prop38
140
0.0
102
RTVSPost2010PropOp38
 70
     1
102
RTVSPost2010Prop39
140
1.0
102
RTVSPost2010PropOp39
 70
     1
102
RTVSPost2010Prop40
 90
        0
102
RTVSPost2010PropOp40
 70
     1
102
RTVSPost2010Prop41ColorIndex
 90
       18
102
RTVSPost2010Prop41ColorRGB
 90
        0
102
RTVSPost2010PropOp41
 70
     1
102
RTVSPost2010Prop42
 90
       50
102
RTVSPost2010PropOp42
 70
     1
102
RTVSPost2010Prop43
 90
        3
102
RTVSPost2010PropOp43
 70
     1
102
RTVSPost2010Prop44ColorIndex
 90
        5
102
RTVSPost2010Prop44ColorRGB
 90
      255
102
RTVSPost2010PropOp44
 70
     1
102
RTVSPost2010Prop45
280
     0
102
RTVSPost2010PropOp45
 70
     1
102
RTVSPost2010Prop46
 90
       50
102
RTVSPost2010PropOp46
 70
     1
102
RTVSPost2010Prop47
 90
       50
102
RTVSPost2010PropOp47
 70
     1
102
RTVSPost2010Prop48
 90
       50
102
RTVSPost2010PropOp48
 70
     1
102
RTVSPost2010Prop49
280
     0
102
RTVSPost2010PropOp49
 70
     1
102
RTVSPost2010Prop50
 90
       50
102
RTVSPost2010PropOp50
 70
     1
102
RTVSPost2010Prop51ColorIndex
 90
      256
102
RTVSPost2010Prop51ColorRGB
 90
-16777216
102
RTVSPost2010PropOp51
 70
     0
102
RTVSPost2010Prop52
140
1.0
102
RTVSPost2010PropOp52
 70
     0
102
RTVSPost2010Prop53
 90
        2
102
RTVSPost2010PropOp53
 70
     1
102
RTVSPost2010Prop54
  1
strokes_ogs.tif
102
RTVSPost2010PropOp54
 70
     1
102
RTVSPost2010Prop55
280
     0
102
RTVSPost2010PropOp55
 70
     1
102
RTVSPost2010Prop56
140
1.0
102
RTVSPost2010PropOp56
 70
     1
102
RTVSPost2010Prop57
140
1.0
102
RTVSPost2010PropOp57
 70
     1
102
RTVSPropertyOp0
 70
     1
102
RTVSPropertyOp1
 70
     1
102
RTVSPropertyOp2
 70
     1
102
RTVSPropertyOp3
 70
     1
102
RTVSPropertyOp4
 70
     1
102
RTVSPropertyOp5
 70
     1
102
RTVSPropertyOp6
 70
     1
102
RTVSPropertyOp7
 70
     1
102
RTVSPropertyOp8
 70
     1
102
RTVSPropertyOp9
 70
     1
102
RTVSPropertyOp10
 70
     1
102
RTVSPropertyOp11
 70
     1
102
RTVSPropertyOp12
 70
     1
102
RTVSPropertyOp13
 70
     1
102
RTVSPropertyOp14
 70
     1
102
RTVSPropertyOp15
 70
     1
102
RTVSPropertyOp16
 70
     1
102
RTVSPropertyOp17
 70
     1
102
RTVSPropertyOp18
 70
     1
102
RTVSPropertyOp19
 70
     1
102
RTVSPropertyOp20
 70
     1
102
RTVSPropertyOp21
 70
     1
102
RTVSPropertyOp22
 70
     1
102
RTVSPropertyOp23
 70
     1
102
RTVSPropertyOp24
 70
     1
102
RTVSPropertyOp25
 70
     1
102
RTVSPropertyOp26
 70
     1
102
RTVSPropertyOp27
 70
     1
102
RTVSPropertyOp28
 70
     1
102
RTVSPropertyOp29
 70
     1
102
RTVSPropertyOp30
 70
     1
102
RTVSPropertyOp31
 70
     1
102
RTVSPropertyOp32
 70
     1
102
RTVSPropertyOp33
 70
     1
102
RTVSPropertyOp34
 70
     1
102
RTVSPropertyOp35
 70
     1
102
RTVSPropertyOp36
 70
     1
102
RTVSPropertyOp37
 70
     1
102
RTVSPropertyOp38
 70
     1
102
RTVSPropertyOp39
 70
     1
102
RTVSPropertyOp40
 70
     1
102
RTVSPropertyOp41
 70
     1
102
RTVSPropertyOp42
 70
     1
102
RTVSPropertyOp43
 70
     1
102
RTVSPropertyOp44
 70
     1
102
RTVSPropertyOp45
 70
     1
102
RTVSPropertyOp46
 70
     1
102
RTVSPropertyOp47
 70
     1
102
RTVSPropertyOp48
 70
     1
102
RTVSPropertyOp49
 70
     1
102
RTVSPropertyOp50
 70
     1
102
RTVSPropertyOp51
 70
     0
102
RTVSPropertyOp52
 70
     0
102
RTVSPropertyOp53
 70
     1
102
RTVSPropertyOp54
 70
     1
102
RTVSPropertyOp55
 70
     1
102
RTVSPropertyOp56
 70
     1
102
RTVSPropertyOp57
 70
     1
102
RTVSPropertyOp58
 70
     1
102
RTVSPropertyOp59
 70
     1
102
RTVSPropertyOp60
 70
     1
102
RTVSPropertyOp61
 70
     1
102
RTVSPropertyOp62
 70
     1
  0
XRECORD
  5
2FB3
102
{ACAD_REACTORS
330
2FB2
102
}
330
2FB2
100
AcDbXrecord
280
     1
102
RTVSPost2010Prop28
280
     0
102
RTVSPost2010PropOp28
 70
     1
102
RTVSPost2010Prop29
280
     1
102
RTVSPost2010PropOp29
 70
     1
102
RTVSPost2010Prop30
280
     1
102
RTVSPost2010PropOp30
 70
     1
102
RTVSPost2010Prop31
280
     0
102
RTVSPost2010PropOp31
 70
     1
102
RTVSPost2010Prop32
280
     0
102
RTVSPost2010PropOp32
 70
     1
102
RTVSPost2010Prop33
280
     0
102
RTVSPost2010PropOp33
 70
     1
102
RTVSPost2010Prop34
280
     0
102
RTVSPost2010PropOp34
 70
     1
102
RTVSPost2010Prop35
280
     0
102
RTVSPost2010PropOp35
 70
     1
102
RTVSPost2010Prop36
280
     0
102
RTVSPost2010PropOp36
 70
     1
102
RTVSPost2010Prop37
 90
       50
102
RTVSPost2010PropOp37
 70
     1
102
RTVSPost2010Prop38
140
0.0
102
RTVSPost2010PropOp38
 70
     1
102
RTVSPost2010Prop39
140
1.0
102
RTVSPost2010PropOp39
 70
     1
102
RTVSPost2010Prop40
 90
        0
102
RTVSPost2010PropOp40
 70
     1
102
RTVSPost2010Prop41ColorIndex
 90
       18
102
RTVSPost2010Prop41ColorRGB
 90
        0
102
RTVSPost2010PropOp41
 70
     1
102
RTVSPost2010Prop42
 90
       50
102
RTVSPost2010PropOp42
 70
     1
102
RTVSPost2010Prop43
 90
        3
102
RTVSPost2010PropOp43
 70
     1
102
RTVSPost2010Prop44ColorIndex
 90
        5
102
RTVSPost2010Prop44ColorRGB
 90
      255
102
RTVSPost2010PropOp44
 70
     1
102
RTVSPost2010Prop45
280
     0
102
RTVSPost2010PropOp45
 70
     1
102
RTVSPost2010Prop46
 90
       50
102
RTVSPost2010PropOp46
 70
     1
102
RTVSPost2010Prop47
 90
       50
102
RTVSPost2010PropOp47
 70
     1
102
RTVSPost2010Prop48
 90
       50
102
RTVSPost2010PropOp48
 70
     1
102
RTVSPost2010Prop49
280
     0
102
RTVSPost2010PropOp49
 70
     1
102
RTVSPost2010Prop50
 90
       50
102
RTVSPost2010PropOp50
 70
     1
102
RTVSPost2010Prop51ColorIndex
 90
      256
102
RTVSPost2010Prop51ColorRGB
 90
-16777216
102
RTVSPost2010PropOp51
 70
     0
102
RTVSPost2010Prop52
140
1.0
102
RTVSPost2010PropOp52
 70
     0
102
RTVSPost2010Prop53
 90
        2
102
RTVSPost2010PropOp53
 70
     1
102
RTVSPost2010Prop54
  1
strokes_ogs.tif
102
RTVSPost2010PropOp54
 70
     1
102
RTVSPost2010Prop55
280
     0
102
RTVSPost2010PropOp55
 70
     1
102
RTVSPost2010Prop56
140
1.0
102
RTVSPost2010PropOp56
 70
     1
102
RTVSPost2010Prop57
140
1.0
102
RTVSPost2010PropOp57
 70
     1
102
RTVSPropertyOp0
 70
     1
102
RTVSPropertyOp1
 70
     1
102
RTVSPropertyOp2
 70
     1
102
RTVSPropertyOp3
 70
     1
102
RTVSPropertyOp4
 70
     1
102
RTVSPropertyOp5
 70
     1
102
RTVSPropertyOp6
 70
     1
102
RTVSPropertyOp7
 70
     1
102
RTVSPropertyOp8
 70
     1
102
RTVSPropertyOp9
 70
     1
102
RTVSPropertyOp10
 70
     1
102
RTVSPropertyOp11
 70
     1
102
RTVSPropertyOp12
 70
     1
102
RTVSPropertyOp13
 70
     1
102
RTVSPropertyOp14
 70
     1
102
RTVSPropertyOp15
 70
     1
102
RTVSPropertyOp16
 70
     1
102
RTVSPropertyOp17
 70
     1
102
RTVSPropertyOp18
 70
     1
102
RTVSPropertyOp19
 70
     1
102
RTVSPropertyOp20
 70
     1
102
RTVSPropertyOp21
 70
     1
102
RTVSPropertyOp22
 70
     1
102
RTVSPropertyOp23
 70
     1
102
RTVSPropertyOp24
 70
     1
102
RTVSPropertyOp25
 70
     1
102
RTVSPropertyOp26
 70
     1
102
RTVSPropertyOp27
 70
     1
102
RTVSPropertyOp28
 70
     1
102
RTVSPropertyOp29
 70
     1
102
RTVSPropertyOp30
 70
     1
102
RTVSPropertyOp31
 70
     1
102
RTVSPropertyOp32
 70
     1
102
RTVSPropertyOp33
 70
     1
102
RTVSPropertyOp34
 70
     1
102
RTVSPropertyOp35
 70
     1
102
RTVSPropertyOp36
 70
     1
102
RTVSPropertyOp37
 70
     1
102
RTVSPropertyOp38
 70
     1
102
RTVSPropertyOp39
 70
     1
102
RTVSPropertyOp40
 70
     1
102
RTVSPropertyOp41
 70
     1
102
RTVSPropertyOp42
 70
     1
102
RTVSPropertyOp43
 70
     1
102
RTVSPropertyOp44
 70
     1
102
RTVSPropertyOp45
 70
     1
102
RTVSPropertyOp46
 70
     1
102
RTVSPropertyOp47
 70
     1
102
RTVSPropertyOp48
 70
     1
102
RTVSPropertyOp49
 70
     1
102
RTVSPropertyOp50
 70
     1
102
RTVSPropertyOp51
 70
     0
102
RTVSPropertyOp52
 70
     0
102
RTVSPropertyOp53
 70
     1
102
RTVSPropertyOp54
 70
     1
102
RTVSPropertyOp55
 70
     1
102
RTVSPropertyOp56
 70
     1
102
RTVSPropertyOp57
 70
     1
102
RTVSPropertyOp58
 70
     1
102
RTVSPropertyOp59
 70
     1
102
RTVSPropertyOp60
 70
     1
102
RTVSPropertyOp61
 70
     1
102
RTVSPropertyOp62
 70
     1
  0
XRECORD
  5
2FB5
102
{ACAD_REACTORS
330
2FB4
102
}
330
2FB4
100
AcDbXrecord
280
     1
102
RTVSPost2010Prop28
280
     0
102
RTVSPost2010PropOp28
 70
     1
102
RTVSPost2010Prop29
280
     1
102
RTVSPost2010PropOp29
 70
     1
102
RTVSPost2010Prop30
280
     1
102
RTVSPost2010PropOp30
 70
     1
102
RTVSPost2010Prop31
280
     0
102
RTVSPost2010PropOp31
 70
     1
102
RTVSPost2010Prop32
280
     0
102
RTVSPost2010PropOp32
 70
     1
102
RTVSPost2010Prop33
280
     0
102
RTVSPost2010PropOp33
 70
     1
102
RTVSPost2010Prop34
280
     0
102
RTVSPost2010PropOp34
 70
     1
102
RTVSPost2010Prop35
280
     0
102
RTVSPost2010PropOp35
 70
     1
102
RTVSPost2010Prop36
280
     0
102
RTVSPost2010PropOp36
 70
     1
102
RTVSPost2010Prop37
 90
       50
102
RTVSPost2010PropOp37
 70
     1
102
RTVSPost2010Prop38
140
0.0
102
RTVSPost2010PropOp38
 70
     1
102
RTVSPost2010Prop39
140
1.0
102
RTVSPost2010PropOp39
 70
     1
102
RTVSPost2010Prop40
 90
        0
102
RTVSPost2010PropOp40
 70
     1
102
RTVSPost2010Prop41ColorIndex
 90
       18
102
RTVSPost2010Prop41ColorRGB
 90
        0
102
RTVSPost2010PropOp41
 70
     1
102
RTVSPost2010Prop42
 90
       50
102
RTVSPost2010PropOp42
 70
     1
102
RTVSPost2010Prop43
 90
        3
102
RTVSPost2010PropOp43
 70
     1
102
RTVSPost2010Prop44ColorIndex
 90
        5
102
RTVSPost2010Prop44ColorRGB
 90
      255
102
RTVSPost2010PropOp44
 70
     1
102
RTVSPost2010Prop45
280
     0
102
RTVSPost2010PropOp45
 70
     1
102
RTVSPost2010Prop46
 90
       50
102
RTVSPost2010PropOp46
 70
     1
102
RTVSPost2010Prop47
 90
       50
102
RTVSPost2010PropOp47
 70
     1
102
RTVSPost2010Prop48
 90
       50
102
RTVSPost2010PropOp48
 70
     1
102
RTVSPost2010Prop49
280
     0
102
RTVSPost2010PropOp49
 70
     1
102
RTVSPost2010Prop50
 90
       50
102
RTVSPost2010PropOp50
 70
     1
102
RTVSPost2010Prop51ColorIndex
 90
      256
102
RTVSPost2010Prop51ColorRGB
 90
-16777216
102
RTVSPost2010PropOp51
 70
     0
102
RTVSPost2010Prop52
140
1.0
102
RTVSPost2010PropOp52
 70
     0
102
RTVSPost2010Prop53
 90
        2
102
RTVSPost2010PropOp53
 70
     1
102
RTVSPost2010Prop54
  1
strokes_ogs.tif
102
RTVSPost2010PropOp54
 70
     1
102
RTVSPost2010Prop55
280
     0
102
RTVSPost2010PropOp55
 70
     1
102
RTVSPost2010Prop56
140
1.0
102
RTVSPost2010PropOp56
 70
     1
102
RTVSPost2010Prop57
140
1.0
102
RTVSPost2010PropOp57
 70
     1
102
RTVSPropertyOp0
 70
     1
102
RTVSPropertyOp1
 70
     1
102
RTVSPropertyOp2
 70
     1
102
RTVSPropertyOp3
 70
     1
102
RTVSPropertyOp4
 70
     1
102
RTVSPropertyOp5
 70
     1
102
RTVSPropertyOp6
 70
     1
102
RTVSPropertyOp7
 70
     1
102
RTVSPropertyOp8
 70
     1
102
RTVSPropertyOp9
 70
     1
102
RTVSPropertyOp10
 70
     1
102
RTVSPropertyOp11
 70
     1
102
RTVSPropertyOp12
 70
     1
102
RTVSPropertyOp13
 70
     1
102
RTVSPropertyOp14
 70
     1
102
RTVSPropertyOp15
 70
     1
102
RTVSPropertyOp16
 70
     1
102
RTVSPropertyOp17
 70
     1
102
RTVSPropertyOp18
 70
     1
102
RTVSPropertyOp19
 70
     1
102
RTVSPropertyOp20
 70
     1
102
RTVSPropertyOp21
 70
     1
102
RTVSPropertyOp22
 70
     1
102
RTVSPropertyOp23
 70
     1
102
RTVSPropertyOp24
 70
     1
102
RTVSPropertyOp25
 70
     1
102
RTVSPropertyOp26
 70
     1
102
RTVSPropertyOp27
 70
     1
102
RTVSPropertyOp28
 70
     1
102
RTVSPropertyOp29
 70
     1
102
RTVSPropertyOp30
 70
     1
102
RTVSPropertyOp31
 70
     1
102
RTVSPropertyOp32
 70
     1
102
RTVSPropertyOp33
 70
     1
102
RTVSPropertyOp34
 70
     1
102
RTVSPropertyOp35
 70
     1
102
RTVSPropertyOp36
 70
     1
102
RTVSPropertyOp37
 70
     1
102
RTVSPropertyOp38
 70
     1
102
RTVSPropertyOp39
 70
     1
102
RTVSPropertyOp40
 70
     1
102
RTVSPropertyOp41
 70
     1
102
RTVSPropertyOp42
 70
     1
102
RTVSPropertyOp43
 70
     1
102
RTVSPropertyOp44
 70
     1
102
RTVSPropertyOp45
 70
     1
102
RTVSPropertyOp46
 70
     1
102
RTVSPropertyOp47
 70
     1
102
RTVSPropertyOp48
 70
     1
102
RTVSPropertyOp49
 70
     1
102
RTVSPropertyOp50
 70
     1
102
RTVSPropertyOp51
 70
     0
102
RTVSPropertyOp52
 70
     0
102
RTVSPropertyOp53
 70
     1
102
RTVSPropertyOp54
 70
     1
102
RTVSPropertyOp55
 70
     1
102
RTVSPropertyOp56
 70
     1
102
RTVSPropertyOp57
 70
     1
102
RTVSPropertyOp58
 70
     1
102
RTVSPropertyOp59
 70
     1
102
RTVSPropertyOp60
 70
     1
102
RTVSPropertyOp61
 70
     1
102
RTVSPropertyOp62
 70
     1
  0
XRECORD
  5
2FA1
102
{ACAD_REACTORS
330
2FA0
102
}
330
2FA0
100
AcDbXrecord
280
     1
102
RTVSPost2010Prop28
280
     0
102
RTVSPost2010PropOp28
 70
     1
102
RTVSPost2010Prop29
280
     1
102
RTVSPost2010PropOp29
 70
     1
102
RTVSPost2010Prop30
280
     1
102
RTVSPost2010PropOp30
 70
     1
102
RTVSPost2010Prop31
280
     0
102
RTVSPost2010PropOp31
 70
     1
102
RTVSPost2010Prop32
280
     0
102
RTVSPost2010PropOp32
 70
     1
102
RTVSPost2010Prop33
280
     0
102
RTVSPost2010PropOp33
 70
     1
102
RTVSPost2010Prop34
280
     0
102
RTVSPost2010PropOp34
 70
     1
102
RTVSPost2010Prop35
280
     0
102
RTVSPost2010PropOp35
 70
     1
102
RTVSPost2010Prop36
280
     0
102
RTVSPost2010PropOp36
 70
     1
102
RTVSPost2010Prop37
 90
       50
102
RTVSPost2010PropOp37
 70
     1
102
RTVSPost2010Prop38
140
0.0
102
RTVSPost2010PropOp38
 70
     1
102
RTVSPost2010Prop39
140
1.0
102
RTVSPost2010PropOp39
 70
     1
102
RTVSPost2010Prop40
 90
        0
102
RTVSPost2010PropOp40
 70
     1
102
RTVSPost2010Prop41ColorIndex
 90
       18
102
RTVSPost2010Prop41ColorRGB
 90
        0
102
RTVSPost2010PropOp41
 70
     1
102
RTVSPost2010Prop42
 90
       50
102
RTVSPost2010PropOp42
 70
     1
102
RTVSPost2010Prop43
 90
        3
102
RTVSPost2010PropOp43
 70
     1
102
RTVSPost2010Prop44ColorIndex
 90
        5
102
RTVSPost2010Prop44ColorRGB
 90
      255
102
RTVSPost2010PropOp44
 70
     1
102
RTVSPost2010Prop45
280
     0
102
RTVSPost2010PropOp45
 70
     1
102
RTVSPost2010Prop46
 90
       50
102
RTVSPost2010PropOp46
 70
     1
102
RTVSPost2010Prop47
 90
       50
102
RTVSPost2010PropOp47
 70
     1
102
RTVSPost2010Prop48
 90
       50
102
RTVSPost2010PropOp48
 70
     1
102
RTVSPost2010Prop49
280
     0
102
RTVSPost2010PropOp49
 70
     1
102
RTVSPost2010Prop50
 90
       50
102
RTVSPost2010PropOp50
 70
     1
102
RTVSPost2010Prop51ColorIndex
 90
      256
102
RTVSPost2010Prop51ColorRGB
 90
-16777216
102
RTVSPost2010PropOp51
 70
     0
102
RTVSPost2010Prop52
140
1.0
102
RTVSPost2010PropOp52
 70
     0
102
RTVSPost2010Prop53
 90
        2
102
RTVSPost2010PropOp53
 70
     1
102
RTVSPost2010Prop54
  1
strokes_ogs.tif
102
RTVSPost2010PropOp54
 70
     1
102
RTVSPost2010Prop55
280
     0
102
RTVSPost2010PropOp55
 70
     1
102
RTVSPost2010Prop56
140
1.0
102
RTVSPost2010PropOp56
 70
     1
102
RTVSPost2010Prop57
140
1.0
102
RTVSPost2010PropOp57
 70
     1
102
RTVSPropertyOp0
 70
     1
102
RTVSPropertyOp1
 70
     1
102
RTVSPropertyOp2
 70
     1
102
RTVSPropertyOp3
 70
     1
102
RTVSPropertyOp4
 70
     1
102
RTVSPropertyOp5
 70
     1
102
RTVSPropertyOp6
 70
     1
102
RTVSPropertyOp7
 70
     1
102
RTVSPropertyOp8
 70
     1
102
RTVSPropertyOp9
 70
     1
102
RTVSPropertyOp10
 70
     1
102
RTVSPropertyOp11
 70
     1
102
RTVSPropertyOp12
 70
     1
102
RTVSPropertyOp13
 70
     1
102
RTVSPropertyOp14
 70
     1
102
RTVSPropertyOp15
 70
     1
102
RTVSPropertyOp16
 70
     1
102
RTVSPropertyOp17
 70
     1
102
RTVSPropertyOp18
 70
     1
102
RTVSPropertyOp19
 70
     1
102
RTVSPropertyOp20
 70
     1
102
RTVSPropertyOp21
 70
     1
102
RTVSPropertyOp22
 70
     1
102
RTVSPropertyOp23
 70
     1
102
RTVSPropertyOp24
 70
     1
102
RTVSPropertyOp25
 70
     1
102
RTVSPropertyOp26
 70
     1
102
RTVSPropertyOp27
 70
     1
102
RTVSPropertyOp28
 70
     1
102
RTVSPropertyOp29
 70
     1
102
RTVSPropertyOp30
 70
     1
102
RTVSPropertyOp31
 70
     1
102
RTVSPropertyOp32
 70
     1
102
RTVSPropertyOp33
 70
     1
102
RTVSPropertyOp34
 70
     1
102
RTVSPropertyOp35
 70
     1
102
RTVSPropertyOp36
 70
     1
102
RTVSPropertyOp37
 70
     1
102
RTVSPropertyOp38
 70
     1
102
RTVSPropertyOp39
 70
     1
102
RTVSPropertyOp40
 70
     1
102
RTVSPropertyOp41
 70
     1
102
RTVSPropertyOp42
 70
     1
102
RTVSPropertyOp43
 70
     1
102
RTVSPropertyOp44
 70
     1
102
RTVSPropertyOp45
 70
     1
102
RTVSPropertyOp46
 70
     1
102
RTVSPropertyOp47
 70
     1
102
RTVSPropertyOp48
 70
     1
102
RTVSPropertyOp49
 70
     1
102
RTVSPropertyOp50
 70
     1
102
RTVSPropertyOp51
 70
     0
102
RTVSPropertyOp52
 70
     0
102
RTVSPropertyOp53
 70
     1
102
RTVSPropertyOp54
 70
     1
102
RTVSPropertyOp55
 70
     1
102
RTVSPropertyOp56
 70
     1
102
RTVSPropertyOp57
 70
     1
102
RTVSPropertyOp58
 70
     1
102
RTVSPropertyOp59
 70
     1
102
RTVSPropertyOp60
 70
     1
102
RTVSPropertyOp61
 70
     1
102
RTVSPropertyOp62
 70
     1
  0
XRECORD
  5
2FAF
102
{ACAD_REACTORS
330
2FAE
102
}
330
2FAE
100
AcDbXrecord
280
     1
102
RTVSPost2010Prop28
280
     0
102
RTVSPost2010PropOp28
 70
     1
102
RTVSPost2010Prop29
280
     1
102
RTVSPost2010PropOp29
 70
     1
102
RTVSPost2010Prop30
280
     1
102
RTVSPost2010PropOp30
 70
     1
102
RTVSPost2010Prop31
280
     0
102
RTVSPost2010PropOp31
 70
     1
102
RTVSPost2010Prop32
280
     0
102
RTVSPost2010PropOp32
 70
     1
102
RTVSPost2010Prop33
280
     0
102
RTVSPost2010PropOp33
 70
     1
102
RTVSPost2010Prop34
280
     0
102
RTVSPost2010PropOp34
 70
     1
102
RTVSPost2010Prop35
280
     0
102
RTVSPost2010PropOp35
 70
     1
102
RTVSPost2010Prop36
280
     0
102
RTVSPost2010PropOp36
 70
     1
102
RTVSPost2010Prop37
 90
       50
102
RTVSPost2010PropOp37
 70
     1
102
RTVSPost2010Prop38
140
0.0
102
RTVSPost2010PropOp38
 70
     1
102
RTVSPost2010Prop39
140
1.0
102
RTVSPost2010PropOp39
 70
     1
102
RTVSPost2010Prop40
 90
        0
102
RTVSPost2010PropOp40
 70
     1
102
RTVSPost2010Prop41ColorIndex
 90
       18
102
RTVSPost2010Prop41ColorRGB
 90
        0
102
RTVSPost2010PropOp41
 70
     1
102
RTVSPost2010Prop42
 90
       50
102
RTVSPost2010PropOp42
 70
     1
102
RTVSPost2010Prop43
 90
        3
102
RTVSPost2010PropOp43
 70
     1
102
RTVSPost2010Prop44ColorIndex
 90
        5
102
RTVSPost2010Prop44ColorRGB
 90
      255
102
RTVSPost2010PropOp44
 70
     1
102
RTVSPost2010Prop45
280
     0
102
RTVSPost2010PropOp45
 70
     1
102
RTVSPost2010Prop46
 90
       50
102
RTVSPost2010PropOp46
 70
     1
102
RTVSPost2010Prop47
 90
       50
102
RTVSPost2010PropOp47
 70
     1
102
RTVSPost2010Prop48
 90
       50
102
RTVSPost2010PropOp48
 70
     1
102
RTVSPost2010Prop49
280
     0
102
RTVSPost2010PropOp49
 70
     1
102
RTVSPost2010Prop50
 90
       50
102
RTVSPost2010PropOp50
 70
     1
102
RTVSPost2010Prop51ColorIndex
 90
      256
102
RTVSPost2010Prop51ColorRGB
 90
-16777216
102
RTVSPost2010PropOp51
 70
     0
102
RTVSPost2010Prop52
140
1.0
102
RTVSPost2010PropOp52
 70
     0
102
RTVSPost2010Prop53
 90
        2
102
RTVSPost2010PropOp53
 70
     1
102
RTVSPost2010Prop54
  1
strokes_ogs.tif
102
RTVSPost2010PropOp54
 70
     1
102
RTVSPost2010Prop55
280
     0
102
RTVSPost2010PropOp55
 70
     1
102
RTVSPost2010Prop56
140
1.0
102
RTVSPost2010PropOp56
 70
     1
102
RTVSPost2010Prop57
140
1.0
102
RTVSPost2010PropOp57
 70
     1
102
RTVSPropertyOp0
 70
     1
102
RTVSPropertyOp1
 70
     1
102
RTVSPropertyOp2
 70
     1
102
RTVSPropertyOp3
 70
     1
102
RTVSPropertyOp4
 70
     1
102
RTVSPropertyOp5
 70
     1
102
RTVSPropertyOp6
 70
     1
102
RTVSPropertyOp7
 70
     1
102
RTVSPropertyOp8
 70
     1
102
RTVSPropertyOp9
 70
     1
102
RTVSPropertyOp10
 70
     1
102
RTVSPropertyOp11
 70
     1
102
RTVSPropertyOp12
 70
     1
102
RTVSPropertyOp13
 70
     1
102
RTVSPropertyOp14
 70
     1
102
RTVSPropertyOp15
 70
     1
102
RTVSPropertyOp16
 70
     1
102
RTVSPropertyOp17
 70
     1
102
RTVSPropertyOp18
 70
     1
102
RTVSPropertyOp19
 70
     1
102
RTVSPropertyOp20
 70
     1
102
RTVSPropertyOp21
 70
     1
102
RTVSPropertyOp22
 70
     1
102
RTVSPropertyOp23
 70
     1
102
RTVSPropertyOp24
 70
     1
102
RTVSPropertyOp25
 70
     1
102
RTVSPropertyOp26
 70
     1
102
RTVSPropertyOp27
 70
     1
102
RTVSPropertyOp28
 70
     1
102
RTVSPropertyOp29
 70
     1
102
RTVSPropertyOp30
 70
     1
102
RTVSPropertyOp31
 70
     1
102
RTVSPropertyOp32
 70
     1
102
RTVSPropertyOp33
 70
     1
102
RTVSPropertyOp34
 70
     1
102
RTVSPropertyOp35
 70
     1
102
RTVSPropertyOp36
 70
     1
102
RTVSPropertyOp37
 70
     1
102
RTVSPropertyOp38
 70
     1
102
RTVSPropertyOp39
 70
     1
102
RTVSPropertyOp40
 70
     1
102
RTVSPropertyOp41
 70
     1
102
RTVSPropertyOp42
 70
     1
102
RTVSPropertyOp43
 70
     1
102
RTVSPropertyOp44
 70
     1
102
RTVSPropertyOp45
 70
     1
102
RTVSPropertyOp46
 70
     1
102
RTVSPropertyOp47
 70
     1
102
RTVSPropertyOp48
 70
     1
102
RTVSPropertyOp49
 70
     1
102
RTVSPropertyOp50
 70
     1
102
RTVSPropertyOp51
 70
     0
102
RTVSPropertyOp52
 70
     0
102
RTVSPropertyOp53
 70
     1
102
RTVSPropertyOp54
 70
     1
102
RTVSPropertyOp55
 70
     1
102
RTVSPropertyOp56
 70
     1
102
RTVSPropertyOp57
 70
     1
102
RTVSPropertyOp58
 70
     1
102
RTVSPropertyOp59
 70
     1
102
RTVSPropertyOp60
 70
     1
102
RTVSPropertyOp61
 70
     1
102
RTVSPropertyOp62
 70
     1
  0
XRECORD
  5
2FB7
102
{ACAD_REACTORS
330
2FB6
102
}
330
2FB6
100
AcDbXrecord
280
     1
102
RTVSPost2010Prop28
280
     0
102
RTVSPost2010PropOp28
 70
     1
102
RTVSPost2010Prop29
280
     1
102
RTVSPost2010PropOp29
 70
     1
102
RTVSPost2010Prop30
280
     1
102
RTVSPost2010PropOp30
 70
     1
102
RTVSPost2010Prop31
280
     0
102
RTVSPost2010PropOp31
 70
     1
102
RTVSPost2010Prop32
280
     0
102
RTVSPost2010PropOp32
 70
     1
102
RTVSPost2010Prop33
280
     0
102
RTVSPost2010PropOp33
 70
     1
102
RTVSPost2010Prop34
280
     0
102
RTVSPost2010PropOp34
 70
     1
102
RTVSPost2010Prop35
280
     0
102
RTVSPost2010PropOp35
 70
     1
102
RTVSPost2010Prop36
280
     0
102
RTVSPost2010PropOp36
 70
     1
102
RTVSPost2010Prop37
 90
       50
102
RTVSPost2010PropOp37
 70
     1
102
RTVSPost2010Prop38
140
0.0
102
RTVSPost2010PropOp38
 70
     1
102
RTVSPost2010Prop39
140
1.0
102
RTVSPost2010PropOp39
 70
     1
102
RTVSPost2010Prop40
 90
        0
102
RTVSPost2010PropOp40
 70
     1
102
RTVSPost2010Prop41ColorIndex
 90
       18
102
RTVSPost2010Prop41ColorRGB
 90
        0
102
RTVSPost2010PropOp41
 70
     1
102
RTVSPost2010Prop42
 90
       50
102
RTVSPost2010PropOp42
 70
     1
102
RTVSPost2010Prop43
 90
        3
102
RTVSPost2010PropOp43
 70
     1
102
RTVSPost2010Prop44ColorIndex
 90
        5
102
RTVSPost2010Prop44ColorRGB
 90
      255
102
RTVSPost2010PropOp44
 70
     1
102
RTVSPost2010Prop45
280
     0
102
RTVSPost2010PropOp45
 70
     1
102
RTVSPost2010Prop46
 90
       50
102
RTVSPost2010PropOp46
 70
     1
102
RTVSPost2010Prop47
 90
       50
102
RTVSPost2010PropOp47
 70
     1
102
RTVSPost2010Prop48
 90
       50
102
RTVSPost2010PropOp48
 70
     1
102
RTVSPost2010Prop49
280
     0
102
RTVSPost2010PropOp49
 70
     1
102
RTVSPost2010Prop50
 90
       50
102
RTVSPost2010PropOp50
 70
     1
102
RTVSPost2010Prop51ColorIndex
 90
      256
102
RTVSPost2010Prop51ColorRGB
 90
-16777216
102
RTVSPost2010PropOp51
 70
     0
102
RTVSPost2010Prop52
140
1.0
102
RTVSPost2010PropOp52
 70
     0
102
RTVSPost2010Prop53
 90
        2
102
RTVSPost2010PropOp53
 70
     1
102
RTVSPost2010Prop54
  1
strokes_ogs.tif
102
RTVSPost2010PropOp54
 70
     1
102
RTVSPost2010Prop55
280
     0
102
RTVSPost2010PropOp55
 70
     1
102
RTVSPost2010Prop56
140
1.0
102
RTVSPost2010PropOp56
 70
     1
102
RTVSPost2010Prop57
140
1.0
102
RTVSPost2010PropOp57
 70
     1
102
RTVSPropertyOp0
 70
     1
102
RTVSPropertyOp1
 70
     1
102
RTVSPropertyOp2
 70
     1
102
RTVSPropertyOp3
 70
     1
102
RTVSPropertyOp4
 70
     1
102
RTVSPropertyOp5
 70
     1
102
RTVSPropertyOp6
 70
     1
102
RTVSPropertyOp7
 70
     1
102
RTVSPropertyOp8
 70
     1
102
RTVSPropertyOp9
 70
     1
102
RTVSPropertyOp10
 70
     1
102
RTVSPropertyOp11
 70
     1
102
RTVSPropertyOp12
 70
     1
102
RTVSPropertyOp13
 70
     1
102
RTVSPropertyOp14
 70
     1
102
RTVSPropertyOp15
 70
     1
102
RTVSPropertyOp16
 70
     1
102
RTVSPropertyOp17
 70
     1
102
RTVSPropertyOp18
 70
     1
102
RTVSPropertyOp19
 70
     1
102
RTVSPropertyOp20
 70
     1
102
RTVSPropertyOp21
 70
     1
102
RTVSPropertyOp22
 70
     1
102
RTVSPropertyOp23
 70
     1
102
RTVSPropertyOp24
 70
     1
102
RTVSPropertyOp25
 70
     1
102
RTVSPropertyOp26
 70
     1
102
RTVSPropertyOp27
 70
     1
102
RTVSPropertyOp28
 70
     1
102
RTVSPropertyOp29
 70
     1
102
RTVSPropertyOp30
 70
     1
102
RTVSPropertyOp31
 70
     1
102
RTVSPropertyOp32
 70
     1
102
RTVSPropertyOp33
 70
     1
102
RTVSPropertyOp34
 70
     1
102
RTVSPropertyOp35
 70
     1
102
RTVSPropertyOp36
 70
     1
102
RTVSPropertyOp37
 70
     1
102
RTVSPropertyOp38
 70
     1
102
RTVSPropertyOp39
 70
     1
102
RTVSPropertyOp40
 70
     1
102
RTVSPropertyOp41
 70
     1
102
RTVSPropertyOp42
 70
     1
102
RTVSPropertyOp43
 70
     1
102
RTVSPropertyOp44
 70
     1
102
RTVSPropertyOp45
 70
     1
102
RTVSPropertyOp46
 70
     1
102
RTVSPropertyOp47
 70
     1
102
RTVSPropertyOp48
 70
     1
102
RTVSPropertyOp49
 70
     1
102
RTVSPropertyOp50
 70
     1
102
RTVSPropertyOp51
 70
     0
102
RTVSPropertyOp52
 70
     0
102
RTVSPropertyOp53
 70
     1
102
RTVSPropertyOp54
 70
     1
102
RTVSPropertyOp55
 70
     1
102
RTVSPropertyOp56
 70
     1
102
RTVSPropertyOp57
 70
     1
102
RTVSPropertyOp58
 70
     1
102
RTVSPropertyOp59
 70
     1
102
RTVSPropertyOp60
 70
     1
102
RTVSPropertyOp61
 70
     1
102
RTVSPropertyOp62
 70
     1
  0
ENDSEC
  0
EOF
