  0
SECTION
  2
HEADER
  9
$ACADVER
  1
AC1018
  9
$ACADMAINTVER
 70
   104
  9
$DWGCODEPAGE
  3
ANSI_1252
  9
$LASTSAVEDBY
  1
cbarreiroblan
  9
$INSBASE
 10
0.0
 20
0.0
 30
0.0
  9
$EXTMIN
 10
136.7486583636477
 20
19.1607062802193
 30
-0.0000000349181948
  9
$EXTMAX
 10
227.271424093367
 20
91.19462630641022
 30
0.0000000814935747
  9
$LIMMIN
 10
0.0
 20
0.0
  9
$LIMMAX
 10
420.0
 20
297.0
  9
$ORTHOMODE
 70
     1
  9
$REGENMODE
 70
     1
  9
$FILLMODE
 70
     1
  9
$QTEXTMODE
 70
     0
  9
$MIRRTEXT
 70
     0
  9
$LTSCALE
 40
1.0
  9
$ATTMODE
 70
     1
  9
$TEXTSIZE
 40
2.5
  9
$TRACEWID
 40
1.0
  9
$TEXTSTYLE
  7
Standard
  9
$CLAYER
  8
0
  9
$CELTYPE
  6
ByLayer
  9
$CECOLOR
 62
   146
  9
$CELTSCALE
 40
1.0
  9
$DISPSILH
 70
     0
  9
$DIMSCALE
 40
1.0
  9
$DIMASZ
 40
2.5
  9
$DIMEXO
 40
2.5
  9
$DIMDLI
 40
0.4
  9
$DIMRND
 40
0.0
  9
$DIMDLE
 40
0.0
  9
$DIMEXE
 40
0.5
  9
$DIMTP
 40
0.2
  9
$DIMTM
 40
0.2
  9
$DIMTXT
 40
2.5
  9
$DIMCEN
 40
0.0
  9
$DIMTSZ
 40
0.0
  9
$DIMTOL
 70
     0
  9
$DIMLIM
 70
     0
  9
$DIMTIH
 70
     0
  9
$DIMTOH
 70
     0
  9
$DIMSE1
 70
     0
  9
$DIMSE2
 70
     0
  9
$DIMTAD
 70
     1
  9
$DIMZIN
 70
     0
  9
$DIMBLK
  1

  9
$DIMASO
 70
     1
  9
$DIMSHO
 70
     1
  9
$DIMPOST
  1

  9
$DIMAPOST
  1

  9
$DIMALT
 70
     0
  9
$DIMALTD
 70
     2
  9
$DIMALTF
 40
25.4
  9
$DIMLFAC
 40
1.0
  9
$DIMTOFL
 70
     1
  9
$DIMTVP
 40
0.0
  9
$DIMTIX
 70
     0
  9
$DIMSOXD
 70
     0
  9
$DIMSAH
 70
     0
  9
$DIMBLK1
  1

  9
$DIMBLK2
  1

  9
$DIMSTYLE
  2
1-1
  9
$DIMCLRD
 70
   256
  9
$DIMCLRE
 70
   256
  9
$DIMCLRT
 70
   256
  9
$DIMTFAC
 40
0.2
  9
$DIMGAP
 40
1.0
  9
$DIMJUST
 70
     0
  9
$DIMSD1
 70
     0
  9
$DIMSD2
 70
     0
  9
$DIMTOLJ
 70
     1
  9
$DIMTZIN
 70
     0
  9
$DIMALTZ
 70
     0
  9
$DIMALTTZ
 70
     0
  9
$DIMUPT
 70
     0
  9
$DIMDEC
 70
     2
  9
$DIMTDEC
 70
     2
  9
$DIMALTU
 70
     2
  9
$DIMALTTD
 70
     2
  9
$DIMTXSTY
  7
ROMANS
  9
$DIMAUNIT
 70
     0
  9
$DIMADEC
 70
     0
  9
$DIMALTRND
 40
0.0
  9
$DIMAZIN
 70
     0
  9
$DIMDSEP
 70
    46
  9
$DIMATFIT
 70
     0
  9
$DIMFRAC
 70
     0
  9
$DIMLDRBLK
  1

  9
$DIMLUNIT
 70
     2
  9
$DIMLWD
 70
    -2
  9
$DIMLWE
 70
    -2
  9
$DIMTMOVE
 70
     0
  9
$LUNITS
 70
     2
  9
$LUPREC
 70
     4
  9
$SKETCHINC
 40
1.0
  9
$FILLETRAD
 40
0.0
  9
$AUNITS
 70
     0
  9
$AUPREC
 70
     0
  9
$MENU
  1
.
  9
$ELEVATION
 40
0.0
  9
$PELEVATION
 40
0.0
  9
$THICKNESS
 40
0.0
  9
$LIMCHECK
 70
     0
  9
$CHAMFERA
 40
0.0
  9
$CHAMFERB
 40
0.0
  9
$CHAMFERC
 40
0.0
  9
$CHAMFERD
 40
0.0
  9
$SKPOLY
 70
     0
  9
$TDCREATE
 40
2455708.765833333
  9
$TDUCREATE
 40
2455708.682502755
  9
$TDUPDATE
 40
2461083.538773149
  9
$TDUUPDATE
 40
2461083.497106482
  9
$TDINDWG
 40
0.2042498843
  9
$TDUSRTIMER
 40
0.2042493403
  9
$USRTIMER
 70
     1
  9
$ANGBASE
 50
0.0
  9
$ANGDIR
 70
     0
  9
$PDMODE
 70
     0
  9
$PDSIZE
 40
0.0
  9
$PLINEWID
 40
0.0
  9
$SPLFRAME
 70
     0
  9
$SPLINETYPE
 70
     6
  9
$SPLINESEGS
 70
     8
  9
$HANDSEED
  5
2964
  9
$SURFTAB1
 70
     6
  9
$SURFTAB2
 70
     6
  9
$SURFTYPE
 70
     6
  9
$SURFU
 70
     6
  9
$SURFV
 70
     6
  9
$UCSBASE
  2

  9
$UCSNAME
  2

  9
$UCSORG
 10
0.0
 20
0.0
 30
0.0
  9
$UCSXDIR
 10
1.0
 20
0.0
 30
0.0
  9
$UCSYDIR
 10
0.0
 20
1.0
 30
0.0
  9
$UCSORTHOREF
  2

  9
$UCSORTHOVIEW
 70
     0
  9
$UCSORGTOP
 10
0.0
 20
0.0
 30
0.0
  9
$UCSORGBOTTOM
 10
0.0
 20
0.0
 30
0.0
  9
$UCSORGLEFT
 10
0.0
 20
0.0
 30
0.0
  9
$UCSORGRIGHT
 10
0.0
 20
0.0
 30
0.0
  9
$UCSORGFRONT
 10
0.0
 20
0.0
 30
0.0
  9
$UCSORGBACK
 10
0.0
 20
0.0
 30
0.0
  9
$PUCSBASE
  2

  9
$PUCSNAME
  2

  9
$PUCSORG
 10
0.0
 20
0.0
 30
0.0
  9
$PUCSXDIR
 10
1.0
 20
0.0
 30
0.0
  9
$PUCSYDIR
 10
0.0
 20
1.0
 30
0.0
  9
$PUCSORTHOREF
  2

  9
$PUCSORTHOVIEW
 70
     0
  9
$PUCSORGTOP
 10
0.0
 20
0.0
 30
0.0
  9
$PUCSORGBOTTOM
 10
0.0
 20
0.0
 30
0.0
  9
$PUCSORGLEFT
 10
0.0
 20
0.0
 30
0.0
  9
$PUCSORGRIGHT
 10
0.0
 20
0.0
 30
0.0
  9
$PUCSORGFRONT
 10
0.0
 20
0.0
 30
0.0
  9
$PUCSORGBACK
 10
0.0
 20
0.0
 30
0.0
  9
$USERI1
 70
     0
  9
$USERI2
 70
     0
  9
$USERI3
 70
     0
  9
$USERI4
 70
     0
  9
$USERI5
 70
     0
  9
$USERR1
 40
0.0
  9
$USERR2
 40
0.0
  9
$USERR3
 40
0.0
  9
$USERR4
 40
0.0
  9
$USERR5
 40
0.0
  9
$WORLDVIEW
 70
     1
  9
$SHADEDGE
 70
     3
  9
$SHADEDIF
 70
    70
  9
$TILEMODE
 70
     1
  9
$MAXACTVP
 70
    64
  9
$PINSBASE
 10
0.0
 20
0.0
 30
0.0
  9
$PLIMCHECK
 70
     0
  9
$PEXTMIN
 10
0.0
 20
0.0
 30
0.0
  9
$PEXTMAX
 10
0.0
 20
0.0
 30
0.0
  9
$PLIMMIN
 10
0.0
 20
0.0
  9
$PLIMMAX
 10
12.0
 20
9.0
  9
$UNITMODE
 70
     0
  9
$VISRETAIN
 70
     1
  9
$PLINEGEN
 70
     0
  9
$PSLTSCALE
 70
     1
  9
$TREEDEPTH
 70
  3020
  9
$CMLSTYLE
  2
Standard
  9
$CMLJUST
 70
     0
  9
$CMLSCALE
 40
20.0
  9
$PROXYGRAPHICS
 70
     1
  9
$MEASUREMENT
 70
     1
  9
$CELWEIGHT
370
   100
  9
$ENDCAPS
280
     0
  9
$JOINSTYLE
280
     0
  9
$LWDISPLAY
290
     0
  9
$INSUNITS
 70
     4
  9
$HYPERLINKBASE
  1

  9
$STYLESHEET
  1

  9
$XEDIT
290
     1
  9
$CEPSNTYPE
380
     0
  9
$PSTYLEMODE
290
     1
  9
$FINGERPRINTGUID
  2
{3567DA1E-0DD3-4DF6-AFCE-7EB681551C87}
  9
$VERSIONGUID
  2
{9B2E81AC-8E65-0341-9826-9E1FD117F9EB}
  9
$EXTNAMES
290
     1
  9
$PSVPSCALE
 40
0.0
  9
$OLESTARTUP
290
     0
  9
$SORTENTS
280
   127
  9
$INDEXCTL
280
     0
  9
$HIDETEXT
280
     1
  9
$XCLIPFRAME
290
     0
  9
$HALOGAP
280
     0
  9
$OBSCOLOR
 70
   257
  9
$OBSLTYPE
280
     0
  9
$INTERSECTIONDISPLAY
280
     0
  9
$INTERSECTIONCOLOR
 70
   257
  9
$DIMASSOC
280
     2
  9
$PROJECTNAME
  1

  0
ENDSEC
  0
SECTION
  2
CLASSES
  0
CLASS
  1
ACDBDICTIONARYWDFLT
  2
AcDbDictionaryWithDefault
  3
ObjectDBX Classes
 90
        0
 91
        1
280
     0
281
     0
  0
CLASS
  1
DICTIONARYVAR
  2
AcDbDictionaryVar
  3
ObjectDBX Classes
 90
        0
 91
       29
280
     0
281
     0
  0
CLASS
  1
TABLESTYLE
  2
AcDbTableStyle
  3
ObjectDBX Classes
 90
     4095
 91
        2
280
     0
281
     0
  0
CLASS
  1
MATERIAL
  2
AcDbMaterial
  3
ObjectDBX Classes
 90
     1153
 91
        3
280
     0
281
     0
  0
CLASS
  1
VISUALSTYLE
  2
AcDbVisualStyle
  3
ObjectDBX Classes
 90
     4095
 91
       26
280
     0
281
     0
  0
CLASS
  1
SCALE
  2
AcDbScale
  3
ObjectDBX Classes
 90
     1153
 91
       17
280
     0
281
     0
  0
CLASS
  1
MLEADERSTYLE
  2
AcDbMLeaderStyle
  3
ACDB_MLEADERSTYLE_CLASS
 90
     4095
 91
        1
280
     0
281
     0
  0
CLASS
  1
CELLSTYLEMAP
  2
AcDbCellStyleMap
  3
ObjectDBX Classes
 90
     1152
 91
        4
280
     0
281
     0
  0
CLASS
  1
EXACXREFPANELOBJECT
  2
ExAcXREFPanelObject
  3
EXAC_ESW
 90
     1025
 91
        0
280
     0
281
     0
  0
CLASS
  1
NPOCOLLECTION
  2
AcDbImpNonPersistentObjectsCollection
  3
ObjectDBX Classes
 90
     1153
 91
        0
280
     0
281
     0
  0
CLASS
  1
LAYER_INDEX
  2
AcDbLayerIndex
  3
ObjectDBX Classes
 90
        0
 91
        0
280
     0
281
     0
  0
CLASS
  1
SPATIAL_INDEX
  2
AcDbSpatialIndex
  3
ObjectDBX Classes
 90
        0
 91
        0
280
     0
281
     0
  0
CLASS
  1
IDBUFFER
  2
AcDbIdBuffer
  3
ObjectDBX Classes
 90
        0
 91
        0
280
     0
281
     0
  0
CLASS
  1
SORTENTSTABLE
  2
AcDbSortentsTable
  3
ObjectDBX Classes
 90
        0
 91
        1
280
     0
281
     0
  0
CLASS
  1
AEC_REFEDIT_STATUS_TRACKER
  2
AecDbRefEditStatusTracker
  3
AecArchBase80|Product Desc: Autodesk Architectural Desktop 2007 |Company: Autodesk,Inc. |WEB Address: www.autodesk.com
 90
      129
 91
        0
280
     0
281
     0
  0
CLASS
  1
DIMASSOC
  2
AcDbDimAssoc
  3
"AcDbDimAssoc|Product Desc:     AcDim ARX App For Dimension|Company:          Autodesk, Inc.|WEB Address:      www.autodesk.com"
 90
        0
 91
        0
280
     0
281
     0
  0
CLASS
  1
ACDBSECTIONVIEWSTYLE
  2
AcDbSectionViewStyle
  3
ObjectDBX Classes
 90
     1025
 91
        1
280
     0
281
     0
  0
CLASS
  1
ACDBDETAILVIEWSTYLE
  2
AcDbDetailViewStyle
  3
ObjectDBX Classes
 90
     1025
 91
        1
280
     0
281
     0
  0
CLASS
  1
ACDBASSOCPERSSUBENTMANAGER
  2
AcDbAssocPersSubentManager
  3
ObjectDBX Classes
 90
     1024
 91
        1
280
     0
281
     0
  0
CLASS
  1
RAPIDRTRENDERSETTINGS
  2
AcDbRapidRTRenderSettings
  3
ObjectDBX Classes
 90
     1024
 91
        1
280
     0
281
     0
  0
CLASS
  1
MENTALRAYRENDERSETTINGS
  2
AcDbMentalRayRenderSettings
  3
SCENEOE
 90
     1024
 91
        1
280
     0
281
     0
  0
ENDSEC
  0
SECTION
  2
TABLES
  0
TABLE
  2
VPORT
  5
8
330
0
100
AcDbSymbolTable
 70
     1
  0
VPORT
  5
EA
330
8
100
AcDbSymbolTableRecord
100
AcDbViewportTableRecord
  2
*Active
 70
     0
 10
0.0
 20
0.0
 11
1.0
 21
1.0
 12
182.0100412285073
 22
55.17766629331475
 13
0.0
 23
0.0
 14
10.0
 24
10.0
 15
10.0
 25
10.0
 16
0.0
 26
0.0
 36
1.0
 17
0.0
 27
0.0
 37
0.0
 40
72.57015268147274
 41
1.981366459627329
 42
50.0
 43
0.0
 44
0.0
 50
0.0
 51
0.0
 71
     0
 72
  1000
 73
     1
 74
     3
 75
     0
 76
     0
 77
     0
 78
     0
281
     0
 65
     1
110
0.0
120
0.0
130
0.0
111
1.0
121
0.0
131
0.0
112
0.0
122
1.0
132
0.0
 79
     0
146
0.0
1001
ACAD_NAV_VCDISPLAY
1070
     3
  0
ENDTAB
  0
TABLE
  2
LTYPE
  5
5
330
0
100
AcDbSymbolTable
 70
     2
  0
LTYPE
  5
14
330
5
100
AcDbSymbolTableRecord
100
AcDbLinetypeTableRecord
  2
ByBlock
 70
     0
  3

 72
    65
 73
     0
 40
0.0
  0
LTYPE
  5
15
330
5
100
AcDbSymbolTableRecord
100
AcDbLinetypeTableRecord
  2
ByLayer
 70
     0
  3

 72
    65
 73
     0
 40
0.0
  0
LTYPE
  5
16
330
5
100
AcDbSymbolTableRecord
100
AcDbLinetypeTableRecord
  2
Continuous
 70
     0
  3
Solid line
 72
    65
 73
     0
 40
0.0
  0
LTYPE
  5
25FE
330
5
100
AcDbSymbolTableRecord
100
AcDbLinetypeTableRecord
  2
ACAD_ISO10W100
 70
     0
  3
 ISO trazo, punto __ . __ . __ . __ . __ . __ .
 72
    65
 73
     4
 40
18.0
 49
12.0
 74
     0
 49
-3.0
 74
     0
 49
0.0
 74
     0
 49
-3.0
 74
     0
  0
ENDTAB
  0
TABLE
  2
LAYER
  5
2
102
{ACAD_XDICTIONARY
360
1F8
102
}
330
0
100
AcDbSymbolTable
 70
    10
  0
LAYER
  5
10
102
{ACAD_XDICTIONARY
360
13C
102
}
330
2
100
AcDbSymbolTableRecord
100
AcDbLayerTableRecord
  2
0
 70
     0
 62
     7
  6
Continuous
370
    -3
390
F
  0
LAYER
  5
255D
330
2
100
AcDbSymbolTableRecord
100
AcDbLayerTableRecord
  2
00_POLIAMIDAS
 70
     0
 62
     8
  6
Continuous
370
    70
390
F
1001
AcAecLayerStandard
1000

1000

  0
LAYER
  5
255E
330
2
100
AcDbSymbolTableRecord
100
AcDbLayerTableRecord
  2
00_COTAS
 70
     0
 62
   250
  6
Continuous
370
     9
390
F
1001
AcAecLayerStandard
1000

1000

  0
LAYER
  5
255F
330
2
100
AcDbSymbolTableRecord
100
AcDbLayerTableRecord
  2
00_ALUMINIO
 70
     0
 62
     7
  6
Continuous
370
   100
390
F
1001
AcAecLayerStandard
1000

1000

  0
LAYER
  5
25FF
102
{ACAD_XDICTIONARY
360
2600
102
}
330
2
100
AcDbSymbolTableRecord
100
AcDbLayerTableRecord
  2
Perfil
 70
     0
 62
     3
  6
Continuous
370
    -3
390
F
  0
LAYER
  5
2601
102
{ACAD_XDICTIONARY
360
2602
102
}
330
2
100
AcDbSymbolTableRecord
100
AcDbLayerTableRecord
  2
Cotas
 70
     0
 62
     2
  6
Continuous
370
    -3
390
F
  0
LAYER
  5
2603
102
{ACAD_XDICTIONARY
360
2604
102
}
330
2
100
AcDbSymbolTableRecord
100
AcDbLayerTableRecord
  2
Momentos de Inércia
 70
     0
 62
     5
  6
ACAD_ISO10W100
370
    -3
390
F
1001
AcAecLayerStandard
1000

1000

  0
LAYER
  5
2605
102
{ACAD_XDICTIONARY
360
2606
102
}
330
2
100
AcDbSymbolTableRecord
100
AcDbLayerTableRecord
  2
Textos
 70
     0
 62
     7
  6
Continuous
370
    -3
390
F
1001
AcAecLayerStandard
1000

1000

  0
LAYER
  5
2607
102
{ACAD_XDICTIONARY
360
2608
102
}
330
2
100
AcDbSymbolTableRecord
100
AcDbLayerTableRecord
  2
Sombreado
 70
     0
 62
   252
  6
Continuous
370
    -3
390
F
1001
AcAecLayerStandard
1000

1000

  0
LAYER
  5
2609
330
2
100
AcDbSymbolTableRecord
100
AcDbLayerTableRecord
  2
POLIAMIDAS
 70
     0
 62
     7
  6
Continuous
370
    -3
390
F
1001
AcAecLayerStandard
1000

1000

  0
ENDTAB
  0
TABLE
  2
STYLE
  5
3
330
0
100
AcDbSymbolTable
 70
     5
  0
STYLE
  5
11
330
3
100
AcDbSymbolTableRecord
100
AcDbTextStyleTableRecord
  2
Standard
 70
     0
 40
0.0
 41
1.0
 50
0.0
 71
     0
 42
2.5
  3
arial.ttf
  4

1001
ACAD
1000
Arial
1071
       34
  0
STYLE
  5
215
330
3
100
AcDbSymbolTableRecord
100
AcDbTextStyleTableRecord
  2
ROMANS
 70
     0
 40
2.5
 41
0.85
 50
10.0
 71
     0
 42
2.5
  3
ROMANS.SHX
  4

  0
STYLE
  5
2560
330
3
100
AcDbSymbolTableRecord
100
AcDbTextStyleTableRecord
  2
ARIAL 2
 70
     0
 40
2.0
 41
1.0
 50
0.0
 71
     0
 42
2.5
  3
arial.ttf
  4

1001
ACAD
1000
Arial
1071
       34
  0
STYLE
  5
260A
330
3
100
AcDbSymbolTableRecord
100
AcDbTextStyleTableRecord
  2
Cortizo Industrial
 70
     0
 40
0.0
 41
1.0
 50
0.0
 71
     0
 42
2.0
  3
arial.ttf
  4

1001
ACAD
1000
Arial
1071
       34
  0
STYLE
  5
260B
330
3
100
AcDbSymbolTableRecord
100
AcDbTextStyleTableRecord
  2
texto1
 70
     0
 40
0.0
 41
1.0
 50
0.0
 71
     0
 42
5.0
  3
arial.ttf
  4

1001
ACAD
1000
Arial
1071
       34
  0
ENDTAB
  0
TABLE
  2
VIEW
  5
6
330
0
100
AcDbSymbolTable
 70
     0
  0
ENDTAB
  0
TABLE
  2
UCS
  5
7
330
0
100
AcDbSymbolTable
 70
     0
  0
ENDTAB
  0
TABLE
  2
APPID
  5
9
330
0
100
AcDbSymbolTable
 70
    18
  0
APPID
  5
12
330
9
100
AcDbSymbolTableRecord
100
AcDbRegAppTableRecord
  2
ACAD
 70
     0
  0
APPID
  5
9E
330
9
100
AcDbSymbolTableRecord
100
AcDbRegAppTableRecord
  2
ACAD_PSEXT
 70
     0
  0
APPID
  5
133
330
9
100
AcDbSymbolTableRecord
100
AcDbRegAppTableRecord
  2
AcadAnnoPO
 70
     0
  0
APPID
  5
134
330
9
100
AcDbSymbolTableRecord
100
AcDbRegAppTableRecord
  2
AcadAnnotative
 70
     0
  0
APPID
  5
135
330
9
100
AcDbSymbolTableRecord
100
AcDbRegAppTableRecord
  2
ACAD_DSTYLE_DIMJAG
 70
     0
  0
APPID
  5
136
330
9
100
AcDbSymbolTableRecord
100
AcDbRegAppTableRecord
  2
ACAD_DSTYLE_DIMTALN
 70
     0
  0
APPID
  5
165
330
9
100
AcDbSymbolTableRecord
100
AcDbRegAppTableRecord
  2
ACAD_MLEADERVER
 70
     0
  0
APPID
  5
1F7
330
9
100
AcDbSymbolTableRecord
100
AcDbRegAppTableRecord
  2
AcAecLayerStandard
 70
     0
  0
APPID
  5
ACC
330
9
100
AcDbSymbolTableRecord
100
AcDbRegAppTableRecord
  2
ACAD_DSTYLE_DIMBREAK
 70
     0
  0
APPID
  5
1514
330
9
100
AcDbSymbolTableRecord
100
AcDbRegAppTableRecord
  2
ACAD_DSTYLE_DIMJOGGED_JOGANGLE_SYMBOL
 70
     0
  0
APPID
  5
1515
330
9
100
AcDbSymbolTableRecord
100
AcDbRegAppTableRecord
  2
AcDbBlockRepETag
 70
     0
  0
APPID
  5
19A6
330
9
100
AcDbSymbolTableRecord
100
AcDbRegAppTableRecord
  2
ACAD_EXEMPT_FROM_CAD_STANDARDS
 70
     0
  0
APPID
  5
20AF
330
9
100
AcDbSymbolTableRecord
100
AcDbRegAppTableRecord
  2
ACAD_NAV_VCDISPLAY
 70
     0
  0
APPID
  5
2135
330
9
100
AcDbSymbolTableRecord
100
AcDbRegAppTableRecord
  2
GradientColor1ACI
 70
     0
  0
APPID
  5
2136
330
9
100
AcDbSymbolTableRecord
100
AcDbRegAppTableRecord
  2
GradientColor2ACI
 70
     0
  0
APPID
  5
2286
330
9
100
AcDbSymbolTableRecord
100
AcDbRegAppTableRecord
  2
ACAD_STEPID
 70
     0
  0
APPID
  5
24AC
330
9
100
AcDbSymbolTableRecord
100
AcDbRegAppTableRecord
  2
ACAD_OBJECT_CHANGE_GUID
 70
     0
  0
APPID
  5
2732
330
9
100
AcDbSymbolTableRecord
100
AcDbRegAppTableRecord
  2
ACAD_DSTYLE_DIMEXT_LENGTH
 70
     0
  0
ENDTAB
  0
TABLE
  2
DIMSTYLE
  5
A
330
0
100
AcDbSymbolTable
 70
     3
100
AcDbDimStyleTable
 71
     1
340
216
  0
DIMSTYLE
105
216
330
A
100
AcDbSymbolTableRecord
100
AcDbDimStyleTableRecord
  2
1-1
 70
     0
 41
2.5
 42
2.5
 43
0.4
 44
0.5
 47
0.2
 48
0.2
 73
     0
 74
     0
 77
     1
140
2.5
141
0.0
146
0.2
147
1.0
172
     1
176
   256
177
   256
178
   256
271
     2
272
     2
289
     0
340
215
1001
ACAD_DSTYLE_DIMJAG
1070
   388
1040
1.5
1001
ACAD_DSTYLE_DIMTALN
1070
   392
1070
     0
  0
DIMSTYLE
105
2561
330
A
100
AcDbSymbolTableRecord
100
AcDbDimStyleTableRecord
  2
1-1-ARIAL
 70
     0
 41
2.5
 42
2.5
 43
0.4
 44
0.5
 47
0.2
 48
0.2
 73
     0
 74
     0
 77
     1
140
2.0
141
0.0
146
0.2
147
1.0
172
     1
176
   256
177
   256
178
   256
271
     1
272
     1
289
     0
340
2560
1001
ACAD_DSTYLE_DIMBREAK
1070
   391
1040
3.75
1001
ACAD_DSTYLE_DIMJAG
1070
   388
1040
1.5
1001
ACAD_DSTYLE_DIMTALN
1070
   392
1070
     0
  0
DIMSTYLE
105
260C
330
A
100
AcDbSymbolTableRecord
100
AcDbDimStyleTableRecord
  2
1.5-1
 70
     0
 41
2.5
 42
2.5
 43
0.4
 44
0.5
 47
0.2
 48
0.2000000002
 73
     0
 74
     0
 77
     1
140
2.299999999999998
141
0.0
144
0.6666666666666666
146
0.75
147
0.5
172
     1
176
   256
177
   256
178
   256
179
     2
271
     2
272
     2
283
     0
289
     0
340
260A
1001
ACAD_DSTYLE_DIMBREAK
1070
   391
1040
3.75
1001
ACAD_DSTYLE_DIMJAG
1070
   388
1040
1.5
1001
ACAD_DSTYLE_DIMTALN
1070
   392
1070
     1
1001
ACAD_DSTYLE_DIMEXT_LENGTH
1070
   378
1040
0.5
1001
ACAD_DSTYLE_DIMJOGGED_JOGANGLE_SYMBOL
1070
   384
1040
1.570796326794896
  0
ENDTAB
  0
TABLE
  2
BLOCK_RECORD
  5
1
330
0
100
AcDbSymbolTable
 70
     1
  0
BLOCK_RECORD
  5
1F
102
{ACAD_XDICTIONARY
360
1CE
102
}
330
1
100
AcDbSymbolTableRecord
100
AcDbBlockTableRecord
  2
*Model_Space
340
22
  0
BLOCK_RECORD
  5
D2
330
1
100
AcDbSymbolTableRecord
100
AcDbBlockTableRecord
  2
*Paper_Space
340
D3
  0
BLOCK_RECORD
  5
D6
330
1
100
AcDbSymbolTableRecord
100
AcDbBlockTableRecord
  2
*Paper_Space0
340
D7
  0
ENDTAB
  0
ENDSEC
  0
SECTION
  2
BLOCKS
  0
BLOCK
  5
20
330
1F
100
AcDbEntity
  8
0
100
AcDbBlockBegin
  2
*Model_Space
 70
     0
 10
0.0
 20
0.0
 30
0.0
  3
*Model_Space
  1

  0
ENDBLK
  5
21
330
1F
100
AcDbEntity
  8
0
100
AcDbBlockEnd
  0
BLOCK
  5
D4
330
D2
100
AcDbEntity
 67
     1
  8
0
100
AcDbBlockBegin
  2
*Paper_Space
 70
     0
 10
0.0
 20
0.0
 30
0.0
  3
*Paper_Space
  1

  0
ENDBLK
  5
D5
330
D2
100
AcDbEntity
 67
     1
  8
0
100
AcDbBlockEnd
  0
BLOCK
  5
D8
330
D6
100
AcDbEntity
 67
     1
  8
0
100
AcDbBlockBegin
  2
*Paper_Space0
 70
     0
 10
0.0
 20
0.0
 30
0.0
  3
*Paper_Space0
  1

  0
ENDBLK
  5
D9
330
D6
100
AcDbEntity
 67
     1
  8
0
100
AcDbBlockEnd
  0
ENDSEC
  0
SECTION
  2
ENTITIES
  0
HATCH
  5
26A2
330
1F
100
AcDbEntity
  8
0
 62
     8
370
   100
100
AcDbHatch
 10
0.0
 20
0.0
 30
0.0
210
0.0
220
0.0
230
1.0
  2
ANSI37
 70
     0
 71
     0
 91
        4
 92
       16
 93
       12
 72
     2
 10
188.8177604768365
 20
46.31757299970675
 40
1.899999999979171
 50
109.9999999996668
 51
180.0
 73
     1
 72
     1
 10
186.9177604768569
 20
46.31757299968264
 11
186.9177604768573
 21
41.07782623302026
 72
     2
 10
186.6177604768567
 20
41.07782623302026
 40
0.3000000000002956
 50
0.0000000000216787
 51
89.99999999995656
 73
     0
 72
     1
 10
186.6177604768571
 20
40.77782623302008
 11
181.6177604768608
 21
40.77782623302008
 72
     2
 10
181.6177604768613
 20
41.07782623302026
 40
0.3000000000006366
 50
90.00000000047764
 51
180.0
 73
     0
 72
     1
 10
181.3177604768605
 20
41.07782623301843
 11
181.3177604767988
 21
52.13066737709758
 72
     2
 10
181.617760476799
 20
52.1306673770994
 40
0.3000000000001819
 50
179.9999999996526
 51
270.0
 73
     0
 72
     1
 10
181.617760476799
 20
52.43066737709958
 11
190.817760476847
 21
52.43066737709958
 72
     2
 10
190.8177604768465
 20
52.1306673770994
 40
0.3000000000006366
 50
270.0000000001737
 51
360.0
 73
     0
 72
     1
 10
191.1177604768466
 20
52.1306673770994
 11
191.1177604768472
 21
49.38670456766775
 72
     2
 10
190.8177604768474
 20
49.38670456766775
 40
0.3000000000000562
 50
0.0000000000217295
 51
70.00000000006046
 73
     0
 72
     1
 10
190.9203665198447
 20
49.10479678143182
 11
188.1679222045121
 21
48.102988979176
 97
        0
 92
       16
 93
        8
 72
     1
 10
192.4177424104213
 20
52.43066737709958
 11
201.7006036369725
 21
52.43066737710003
 72
     2
 10
201.700603636973
 20
51.93066737710004
 40
0.4999999999999137
 50
269.9999999999479
 51
400.0000000000293
 73
     0
 72
     1
 10
202.0836258585322
 20
51.60927357225663
 11
200.5109151345504
 21
49.73498991683961
 72
     2
 10
200.281101801614
 20
49.92782619974586
 40
0.3000000000004093
 50
39.99999999995008
 51
89.99999999986973
 73
     0
 72
     1
 10
200.281101801615
 20
49.62782619974522
 11
192.4177424104213
 21
49.62782619974476
 72
     2
 10
192.4177424104213
 20
49.9278261997454
 40
0.3000000000004093
 50
90.00000000004341
 51
180.0
 73
     0
 72
     1
 10
192.1177424104211
 20
49.9278261997454
 11
192.1177424104211
 21
52.1306673770994
 72
     2
 10
192.4177424104213
 20
52.1306673770994
 40
0.3000000000002956
 50
180.0000000000217
 51
269.9999999999566
 73
     0
 97
        0
 92
       16
 93
       18
 72
     2
 10
177.8663143684138
 20
56.03066737709903
 40
3.599999999999113
 50
219.9999999999953
 51
270.0000000000108
 73
     1
 72
     1
 10
177.8663143684147
 20
52.43066737710003
 11
180.0177604767986
 21
52.4306673771005
 72
     2
 10
180.0177604767982
 20
52.1306673770994
 40
0.3000000000006366
 50
270.0000000004777
 51
360.0
 73
     0
 72
     1
 10
180.3177604767988
 20
52.13066737710168
 11
180.3177604768602
 21
41.07782623302208
 72
     2
 10
180.01776047686
 20
41.07782623302026
 40
0.3000000000001819
 50
359.9999999996526
 51
450.0
 73
     0
 72
     1
 10
180.01776047686
 20
40.77782623302008
 11
178.4177604768619
 21
40.77782623302008
 72
     2
 10
178.4177604768645
 20
41.07782623302798
 40
0.3000000000078883
 50
90.00000000052109
 51
105.0000000001302
 73
     0
 72
     1
 10
178.3401147633312
 20
40.7880484851337
 11
176.8126631024733
 21
41.19732792413812
 72
     2
 10
176.8903088160054
 20
41.48710567202786
 40
0.3000000000033381
 50
105.0000000001397
 51
140.9677623447358
 73
     0
 72
     1
 10
176.6572712912092
 20
41.2981784054971
 11
175.0124413845005
 21
43.32703902055007
 72
     2
 10
173.536537060801
 20
42.1304996658744
 40
1.900000000000773
 50
39.03223765502801
 51
89.99999999997255
 73
     1
 72
     1
 10
173.5365370608019
 20
44.03049966587494
 11
172.867760476723
 21
44.03049966587494
 72
     2
 10
172.867760476723
 20
44.33049966587512
 40
0.3000000000004093
 50
90.00000000004341
 51
180.0
 73
     0
 72
     1
 10
172.5677604767227
 20
44.33049966587512
 11
172.5677604767227
 21
54.03066737709995
 72
     2
 10
172.867760476723
 20
54.03066737709995
 40
0.3000000000002956
 50
180.0000000000217
 51
269.9999999999566
 73
     0
 72
     1
 10
172.867760476723
 20
54.33066737710014
 11
174.3601636707421
 21
54.33066737710014
 72
     2
 10
174.3601636707421
 20
53.83066737709921
 40
0.5000000000006274
 50
270.000000000026
 51
319.9999999999543
 73
     0
 72
     1
 10
174.7431858923014
 20
54.15206118194354
 11
175.1085543731864
 21
53.71663198222839
 97
        0
 92
        1
 93
       67
 72
     1
 10
191.717760476847
 20
41.52782623302008
 11
191.3177604768456
 21
41.52782623301962
 72
     2
 10
191.3177604768465
 20
41.22782623301943
 40
0.3000000000002956
 50
90.00000000013027
 51
180.000000000152
 73
     1
 72
     1
 10
191.0177604768459
 20
41.22782623301853
 11
191.0177604768468
 21
40.87782623302181
 72
     2
 10
190.5177604768459
 20
40.87782623302135
 40
0.5000000000009095
 50
360.0
 51
449.9999999999608
 73
     0
 72
     1
 10
190.5177604768468
 20
40.37782623302043
 11
189.0177604768609
 21
40.37782623302043
 72
     2
 10
189.0177604768609
 20
40.87782623301999
 40
0.4999999999995454
 50
90.0
 51
179.9999999996873
 73
     0
 72
     1
 10
188.5177604768614
 20
40.87782623301726
 11
188.5177604768309
 21
46.31757299968082
 72
     2
 10
188.817760476832
 20
46.3175729996822
 40
0.300000000000864
 50
180.0
 51
250.0000000001684
 73
     0
 72
     1
 10
188.7151544338334
 20
46.5994807859186
 11
190.6151544338513
 21
47.29102423103065
 72
     2
 10
190.7177604768489
 20
47.00911644479472
 40
0.3000000000001339
 50
250.0000000000197
 51
360.0000000001737
 73
     0
 72
     1
 10
191.0177604768491
 20
47.00911644479382
 11
191.0177604768459
 21
45.82782623302117
 72
     2
 10
191.3177604768456
 20
45.82782623302025
 40
0.2999999999999545
 50
180.0
 51
270.0000000002606
 73
     1
 72
     1
 10
191.3177604768461
 20
45.52782623302007
 11
191.7177604768475
 21
45.52782623302007
 72
     2
 10
191.7177604768475
 20
46.02782623302006
 40
0.5000000000001137
 50
270.0
 51
359.5129314751954
 73
     1
 72
     1
 10
192.2177424104209
 20
46.02357580949389
 11
192.2177424104209
 21
47.72782619974512
 72
     2
 10
192.5177424104217
 20
47.72782619974512
 40
0.3000000000004093
 50
180.0
 51
269.9999999999566
 73
     0
 72
     1
 10
192.5177424104212
 20
48.02782619974529
 11
200.7007786939539
 21
48.02782619974529
 72
     2
 10
200.7007786939543
 20
49.02782619974394
 40
0.9999999999987494
 50
269.9999999999739
 51
320.0000000000455
 73
     1
 72
     1
 10
201.4668231370728
 20
48.38503859005894
 11
206.365883285689
 21
54.22351112250707
 72
     2
 10
206.5956966186263
 20
54.03067483959946
 40
0.3000000000019455
 50
220.000000000038
 51
269.999999992748
 73
     0
 72
     1
 10
206.5956966185881
 20
54.33067483960147
 11
207.4612719847827
 21
54.33067483970696
 72
     2
 10
207.4612719847832
 20
53.53062644075615
 40
0.8000483989510485
 50
269.9999999999512
 51
299.9996960154561
 73
     0
 72
     1
 10
207.8612925082511
 20
54.22349080083566
 11
209.3613056031267
 21
53.35746844772055
 72
     2
 10
209.4613046841909
 20
53.5306740590229
 40
0.2000000000004638
 50
240.0003039812029
 51
270.0000000000651
 73
     1
 72
     1
 10
209.4613046841909
 20
53.33067405902219
 11
209.6676178301054
 21
53.33067405902219
 72
     2
 10
209.6676178301054
 20
53.73067405902181
 40
0.3999999999995225
 50
269.9999999999674
 51
360.0000000000814
 73
     1
 72
     1
 10
210.067617830105
 20
53.73067405902228
 11
210.067617830105
 21
57.13067493097722
 72
     2
 10
209.6676178301054
 20
57.13067493097722
 40
0.3999999999998636
 50
0.0
 51
89.99999999996743
 73
     1
 72
     1
 10
209.6676178301054
 20
57.53067493097731
 11
209.46130468419
 21
57.53067493097685
 72
     2
 10
209.4613046841891
 20
57.33067493097975
 40
0.1999999999969759
 50
89.99999999973944
 51
119.9996960156909
 73
     1
 72
     1
 10
209.3613056031363
 20
57.50388054228441
 11
207.8612695454534
 21
56.63784493187066
 72
     2
 10
207.4612732212376
 20
57.33066737710149
 40
0.8000000000009315
 50
60.00030398449295
 51
89.99999999998371
 73
     0
 72
     1
 10
207.4612732212381
 20
56.5306673771004
 11
205.7656881406773
 21
56.53066737709995
 72
     2
 10
205.7656881406769
 20
55.53066737710132
 40
0.9999999999987494
 50
89.99999999997395
 51
140.0000000000455
 73
     1
 72
     1
 10
204.9996436975584
 20
56.17345498678631
 11
203.8011049745068
 21
54.74509215772675
 72
     2
 10
202.2690160882689
 20
56.0306673771004
 40
2.00000000000035
 50
40.00000000001256
 51
90.0
 73
     0
 72
     1
 10
202.2690160882689
 20
54.03066737709995
 11
177.8663143684147
 21
54.03066737709995
 72
     2
 10
177.8663143684143
 20
56.0306673770995
 40
1.99999999999943
 50
89.99999999998697
 51
139.999999999999
 73
     0
 72
     1
 10
176.3342254821768
 20
54.74509215772675
 11
175.1356867591256
 21
56.17345498678631
 72
     2
 10
174.3696423160058
 20
55.53066737709812
 40
1.000000000001502
 50
40.00000000004233
 51
89.99999999996092
 73
     1
 72
     1
 10
174.3696423160067
 20
56.53066737709995
 11
172.674057235446
 21
56.5306673771004
 72
     2
 10
172.674057235446
 20
57.33066737710149
 40
0.8000000000009777
 50
90.00000000001628
 51
119.999696015507
 73
     0
 72
     1
 10
172.2740609112306
 20
56.63784493187066
 11
170.7740248535478
 21
57.50388054228441
 72
     2
 10
170.6740257724936
 20
57.33067493097522
 40
0.200000000001778
 50
60.00030398465451
 51
90.0
 73
     1
 72
     1
 10
170.6740257724936
 20
57.53067493097685
 11
170.4677126265782
 21
57.53067493097685
 72
     2
 10
170.4677126265782
 20
57.13067493097767
 40
0.3999999999992951
 50
89.99999999996743
 51
180.0000000000488
 73
     1
 72
     1
 10
170.0677126265786
 20
57.13067493097722
 11
170.0677126265786
 21
53.53067493097686
 72
     1
 10
170.0677126265786
 20
53.53067493097686
 11
170.1677604767227
 21
53.53067493097686
 72
     1
 10
170.1677604767227
 20
53.53067493097686
 11
170.1677604767227
 21
45.43049888529483
 72
     1
 10
170.1677604767227
 20
45.43049888529483
 11
170.067712626579
 21
45.43049888529483
 72
     1
 10
170.067712626579
 20
45.43049888529483
 11
170.067712626579
 21
41.83049888529493
 72
     2
 10
170.4677126265791
 20
41.83049888529493
 40
0.3999999999998636
 50
180.0
 51
269.9999999999674
 73
     1
 72
     1
 10
170.4677126265787
 20
41.43049888529529
 11
170.6740257724927
 21
41.43049888529529
 72
     2
 10
170.6740257724927
 20
41.63049888529693
 40
0.2000000000017508
 50
270.0
 51
299.9996960153455
 73
     1
 72
     1
 10
170.7740248535469
 20
41.45729327398774
 11
172.274037948433
 21
42.32331562710878
 72
     2
 10
172.6740584719008
 20
41.63045126702743
 40
0.8000483989523932
 50
240.0003039845827
 51
270.0000000000326
 73
     0
 72
     1
 10
172.6740584719013
 20
42.43049966598007
 11
173.5365370608382
 21
42.43049966587503
 72
     2
 10
173.5365370608019
 20
42.13049966587576
 40
0.2999999999992724
 50
270.0000000069914
 51
320.9677623450188
 73
     0
 72
     1
 10
173.7695745855957
 20
42.31942693240287
 11
175.8211142760069
 21
39.78889896649233
 72
     2
 10
176.0541518008015
 20
39.97782623302081
 40
0.3000000000006699
 50
219.0322376551184
 51
269.9999999999132
 73
     1
 72
     1
 10
176.0541518008012
 20
39.67782623302017
 11
176.7261524987693
 21
39.67782623302017
 72
     2
 10
176.7261524987684
 20
39.37782623326828
 40
0.2999999997518898
 50
270.0000000001303
 51
350.4059317931949
 73
     0
 72
     2
 10
177.3177604768697
 20
39.47782623302035
 40
0.3000000000008076
 50
189.5940682068528
 51
269.9999999999131
 73
     1
 72
     1
 10
177.3177604768693
 20
39.17782623301972
 11
191.7177604768475
 21
39.17782623302063
 72
     2
 10
191.717760476848
 20
39.67782623302017
 40
0.4999999999995454
 50
269.9999999999739
 51
360.0000000000521
 73
     1
 72
     1
 10
192.2177604768471
 20
39.67782623302062
 11
192.2177604768475
 21
41.02782623302007
 72
     2
 10
191.717760476847
 20
41.02782623302007
 40
0.5000000000004548
 50
0.0
 51
89.99999999997395
 73
     1
 97
        0
 75
     0
 76
     1
 52
0.0
 41
0.5
 77
     0
 78
     2
 53
45.0
 43
-84.16372602782974
 44
0.0
 45
-1.122532015133643
 46
1.122532015133643
 79
     0
 53
135.0
 43
-84.16372602782974
 44
0.0
 45
-1.122532015133643
 46
-1.122532015133643
 79
     0
 98
        1
 10
-2035.078853740673
 20
-2558.960446843887
1001
GradientColor1ACI
1070
     5
1001
GradientColor2ACI
1070
     2
1001
ACAD
1010
0.0
1020
0.0
1030
0.0
  0
HATCH
  5
26A8
330
1F
100
AcDbEntity
  8
0
 62
     8
370
   100
100
AcDbHatch
 10
0.0
 20
0.0
 30
0.0
210
0.0
220
0.0
230
1.0
  2
ANSI37
 70
     0
 71
     0
 91
        1
 92
        7
 72
     1
 73
     1
 93
       63
 10
203.1106514447346
 20
65.67729904794868
 42
0.1989123673796452
 10
202.4035446635481
 20
65.97019226676209
 42
0.0
 10
190.0677613949813
 20
65.97019226676209
 42
0.0
 10
177.7319781264141
 20
65.97019226676209
 42
0.1989123673796707
 10
177.0248713452275
 20
65.67729904794859
 42
0.0
 10
174.7106577828549
 20
63.36308548557575
 42
-0.1989123673797133
 10
174.0035510016681
 20
63.07019226676223
 42
0.0
 10
172.6089156681685
 20
63.07019226676246
 42
-0.1316524975873633
 10
172.0089156681686
 20
63.23096178222114
 42
0.0
 10
170.7749410719533
 20
63.94339734751932
 42
0.1316524975874048
 10
170.6749410719536
 20
63.97019226676232
 42
0.0
 10
170.4677613950034
 20
63.97019226676232
 42
0.4142135623728277
 10
170.0677613950035
 20
63.57019226676285
 42
0.0
 10
170.0677612838202
 20
63.07012444106852
 42
0.414213627495453
 10
170.1677612838201
 20
62.97012441883547
 42
0.0
 10
170.1677612838201
 20
62.59512441883444
 42
0.4998423624325067
 10
170.4236644180694
 20
62.40309619283411
 42
0.1763753732529953
 10
170.5602109916124
 20
62.41210355745824
 42
-0.5510053841381997
 10
171.41776128382
 20
61.87019226676219
 42
-0.548703924753906
 10
170.5641094873077
 20
61.32637744978524
 42
0.1818979393713868
 10
170.4236644180229
 20
61.33715264484962
 42
0.4998423623570446
 10
170.1677612838201
 20
61.14512441883582
 42
0.0
 10
170.1677612838201
 20
60.77012441883542
 42
0.4142135623746921
 10
170.0677612838197
 20
60.67012441883543
 42
0.0
 10
170.0677612838202
 20
60.17019226676175
 42
0.4142135623728282
 10
170.46776128382
 20
59.77019226676229
 42
0.0
 10
170.6749410719541
 20
59.77019226676229
 42
0.1316524975874448
 10
170.7749410719537
 20
59.79698718600531
 42
0.0
 10
172.0089156681691
 20
60.5094227513037
 42
-0.1316524975874796
 10
172.608915668169
 20
60.67019226676237
 42
0.0
 10
174.3006072765154
 20
60.67019226676214
 42
0.1989123673796809
 10
175.7148208388887
 20
61.25597870438898
 42
0.0
 10
178.1896945730421
 20
63.73085243854213
 42
-0.198912367379646
 10
179.2503547448215
 20
64.17019226676214
 42
0.0
 10
190.0677613949813
 20
64.17019226676214
 42
0.0
 10
200.8851680451403
 20
64.17019226676237
 42
-0.1989123673796644
 10
201.9458282169204
 20
63.73085243854209
 42
0.0
 10
204.4207019510733
 20
61.2559787043892
 42
0.198912367379693
 10
205.834915513447
 20
60.67019226676214
 42
0.0
 10
207.5266071217935
 20
60.67019226676237
 42
-0.1316524975875201
 10
208.1266071217939
 20
60.5094227513035
 42
0.0
 10
209.3605817180085
 20
59.79698718600531
 42
0.131652497587487
 10
209.4605817180081
 20
59.77019226676229
 42
0.0
 10
209.6677615061423
 20
59.77019226676229
 42
0.4142135623728255
 10
210.0677615061421
 20
60.17019226676175
 42
0.0
 10
210.0677615061425
 20
60.67012441883543
 42
0.414213562374692
 10
209.9677615061422
 20
60.77012441883542
 42
0.0
 10
209.9677615061422
 20
61.14512441883582
 42
0.4998423623566871
 10
209.7118583719395
 20
61.33715264484954
 42
0.1819246658960685
 10
209.5713903089703
 20
61.32642404112751
 42
-1.575630677433571
 10
209.5749917544978
 20
62.4122449109695
 42
0.1768263501918004
 10
209.7118583718929
 20
62.40309619283411
 42
0.4998423624324988
 10
209.9677615061422
 20
62.59512441883444
 42
0.0
 10
209.9677615061422
 20
62.97012441883547
 42
0.4142135623748606
 10
210.0677615061421
 20
63.07012441883495
 42
0.0
 10
210.0677613949587
 20
63.57019226676285
 42
0.4142135623728275
 10
209.6677613949589
 20
63.97019226676232
 42
0.0
 10
209.4605817180089
 20
63.97019226676232
 42
0.1316524975873623
 10
209.3605817180094
 20
63.94339734751935
 42
0.0
 10
208.126607121793
 20
63.23096178222083
 42
-0.1316524975873226
 10
207.5266071217933
 20
63.07019226676223
 42
0.0
 10
206.1319717882946
 20
63.07019226676199
 42
-0.1989123673796878
 10
205.4248650071082
 20
63.36308548557531
 42
0.0
 97
        0
 75
     0
 76
     1
 52
0.0
 41
0.5
 77
     0
 78
     2
 53
45.0
 43
-84.16372602782974
 44
0.0
 45
-1.122532015133643
 46
1.122532015133643
 79
     0
 53
135.0
 43
-84.16372602782974
 44
0.0
 45
-1.122532015133643
 46
-1.122532015133643
 79
     0
 47
0.0755680176693932
 98
        1
 10
179.0945478504366
 20
64.76039850151576
1001
GradientColor1ACI
1070
     5
1001
GradientColor2ACI
1070
     2
1001
ACAD
1010
0.0
1020
0.0
1030
0.0
  0
CIRCLE
  5
26A9
330
1F
100
AcDbEntity
  8
0
 62
     8
370
   100
100
AcDbCircle
 10
170.8177612838199
 20
61.87019226676219
 30
0.0
 40
0.6
  0
CIRCLE
  5
26AD
330
1F
100
AcDbEntity
  8
0
 62
     8
370
   100
100
AcDbCircle
 10
209.3177615061423
 20
61.87019226676219
 30
0.0
 40
0.6
  0
HATCH
  5
26B0
330
1F
100
AcDbEntity
  8
0
 62
     8
370
   100
100
AcDbHatch
 10
0.0
 20
0.0
 30
0.0
210
0.0
220
0.0
230
1.0
  2
AR-CONC
 70
     0
 71
     0
 91
        1
 92
        1
 93
        8
 72
     1
 10
179.5676652283418
 20
64.03066737709949
 11
200.5676652283419
 21
64.03066737709949
 72
     2
 10
200.5676652283419
 20
63.53066737709949
 40
0.5
 50
270.0
 51
359.9999999999992
 73
     0
 72
     1
 10
201.0676652283418
 20
63.5306673770995
 11
201.0676652283418
 21
54.53066737709949
 72
     2
 10
200.5676652283419
 20
54.53066737709949
 40
0.5
 50
360.0
 51
450.0
 73
     0
 72
     1
 10
200.5676652283419
 20
54.03066737709949
 11
179.5676652283418
 21
54.03066737709949
 72
     2
 10
179.5676652283418
 20
54.53066737709949
 40
0.5
 50
90.0
 51
180.0
 73
     0
 72
     1
 10
179.0676652283418
 20
54.53066737709949
 11
179.0676652283418
 21
63.5306673770995
 72
     2
 10
179.5676652283418
 20
63.53066737709949
 40
0.5
 50
180.0000000000008
 51
270.0
 73
     0
 97
        0
 75
     0
 76
     1
 52
0.0
 41
0.02
 77
     0
 78
    13
 53
50.0
 43
-84.16372602782974
 44
0.0
 45
3.64369337992008
 46
-0.3187817107780617
 79
     2
 49
0.381
 49
-4.190999999999999
 53
355.0
 43
-84.16372602782974
 44
0.0
 45
-0.704868428499387
 46
3.821136904780701
 79
     2
 49
0.3048
 49
-3.352811683399999
 53
100.4514447
 43
-83.86008588782972
 44
-0.02656507
 45
2.938824941807065
 46
3.502355038243901
 79
     2
 49
0.323800176
 49
-3.561804891999998
 53
46.18419999999999
 43
-84.16372602782974
 44
1.016
 45
5.421580817842597
 46
-0.8408465586545428
 79
     2
 49
0.5715
 49
-6.2865
 53
96.63555760999997
 43
-83.71192802782973
 44
0.9459299999999998
 45
4.748082681030059
 46
4.948522491954429
 79
     2
 49
0.4857004628000002
 49
-5.342712163199998
 53
351.18415117
 43
-84.16372602782974
 44
1.016
 45
4.748082681299539
 46
4.948522491710653
 79
     2
 49
0.4571993414000002
 49
-5.029194638399999
 53
21.0
 43
-83.65572602782973
 44
0.762
 45
3.032287825382648
 46
-2.045303963741751
 79
     2
 49
0.381
 49
-4.190999999999999
 53
326.0
 43
-83.65572602782973
 44
0.762
 45
1.236040566952941
 46
3.683759322446384
 79
     2
 49
0.3048
 49
-3.352799999999998
 53
71.45144499999998
 43
-83.40303537582974
 44
0.5915580020000001
 45
4.268328385574323
 46
1.638455377718104
 79
     2
 49
0.323800176
 49
-3.561798751999998
 53
37.5
 43
-84.16372602782974
 44
0.0
 45
0.0617720650118363
 46
1.691100777463061
 79
     6
 49
0.0
 49
-3.312159999999998
 49
0.0
 49
-3.403599999999999
 49
0.0
 49
-3.365499999999999
 53
7.499999999999999
 43
-84.16372602782974
 44
0.0
 45
1.336393250206113
 46
2.00361149636239
 79
     6
 49
0.0
 49
-1.940559999999999
 49
0.0
 49
-3.235959999999998
 49
0.0
 49
-1.282699999999999
 53
327.5
 43
-85.29656602782972
 44
0.0
 45
2.711811903337426
 46
-0.1145748798534689
 79
     6
 49
0.0
 49
-1.27
 49
0.0
 49
-3.9624
 49
0.0
 49
-5.257799999999998
 53
317.5
 43
-85.80456602782973
 44
0.0
 45
2.962583627720361
 46
0.5085298206666608
 79
     6
 49
0.0
 49
-1.650999999999999
 49
0.0
 49
-2.63144
 49
0.0
 49
-3.7338
 98
        1
 10
-2379.299388278555
 20
-2667.422043917813
1001
GradientColor1ACI
1070
     5
1001
GradientColor2ACI
1070
     2
1001
ACAD
1010
0.0
1020
0.0
1030
0.0
  0
ARC
  5
273B
330
1F
100
AcDbEntity
  8
0
 48
10.0
370
   100
100
AcDbCircle
 10
140.2706733753867
 20
20.67782623301512
 30
0.0
 40
0.2999999999987715
100
AcDbArc
 50
270.0000000000108
 51
348.6900675259729
  0
LINE
  5
273C
330
1F
100
AcDbEntity
  8
0
 48
10.0
370
   100
100
AcDbLine
 10
140.5648475780928
 20
20.61899139247387
 30
0.0
 11
140.5706733753842
 21
21.52782623301417
 31
0.0
  0
LINE
  5
273D
330
1F
100
AcDbEntity
  8
0
 48
10.0
370
   100
100
AcDbLine
 10
140.5706733753842
 20
21.52782623301417
 30
0.0
 11
141.2677604767061
 21
21.52782623301508
 31
0.0
  0
ARC
  5
273E
330
1F
100
AcDbEntity
  8
0
 48
10.0
370
   100
100
AcDbCircle
 10
141.2677604767061
 20
21.02782623301508
 30
0.0
 40
0.5000000000000036
100
AcDbArc
 50
0.0
 51
90.0
  0
LINE
  5
273F
330
1F
100
AcDbEntity
  8
0
 48
10.0
370
   100
100
AcDbLine
 10
141.7677604767061
 20
21.02782623301508
 30
0.0
 11
141.7677604767061
 21
19.47782623301489
 31
0.0
  0
ARC
  5
2740
330
1F
100
AcDbEntity
  8
0
 48
10.0
370
   100
100
AcDbCircle
 10
141.4677604767059
 20
19.47782623301489
 30
0.0
 40
0.3000000000001819
100
AcDbArc
 50
270.0
 51
0.0
  0
LINE
  5
2741
330
1F
100
AcDbEntity
  8
0
 48
10.0
370
   100
100
AcDbLine
 10
141.4677604767059
 20
19.17782623301471
 30
0.0
 11
137.2677604767379
 21
19.17782623301471
 31
0.0
  0
ARC
  5
2742
330
1F
100
AcDbEntity
  8
0
 48
10.0
370
   100
100
AcDbCircle
 10
137.2677604767379
 20
19.67782623301471
 30
0.0
 40
0.5
100
AcDbArc
 50
180.0
 51
270.0
  0
LINE
  5
2743
330
1F
100
AcDbEntity
  8
0
 48
10.0
370
   100
100
AcDbLine
 10
136.7677604767379
 20
19.67782623301471
 30
0.0
 11
136.7677604767379
 21
70.8778262330118
 31
0.0
  0
ARC
  5
2744
330
1F
100
AcDbEntity
  8
0
 48
10.0
370
   100
100
AcDbCircle
 10
137.0677604767376
 20
70.87782623301224
 30
0.0
 40
0.2999999999997556
100
AcDbArc
 50
90.00000000008686
 51
180.0000000000841
  0
LINE
  5
2745
330
1F
100
AcDbEntity
  8
0
 48
10.0
370
   100
100
AcDbLine
 10
137.0677604767372
 20
71.17782623301199
 30
0.0
 11
139.0606536955512
 21
71.17782623301199
 31
0.0
  0
ARC
  5
2746
330
1F
100
AcDbEntity
  8
0
 48
10.0
370
   100
100
AcDbCircle
 10
139.0606536955521
 20
70.67782623301408
 30
0.0
 40
0.4999999999978968
100
AcDbArc
 50
45.00000000005758
 51
90.00000000011073
  0
LINE
  5
2747
330
1F
100
AcDbEntity
  8
0
 48
10.0
370
   100
100
AcDbLine
 10
139.4142070861436
 20
71.03137962360623
 30
0.0
 11
140.1213138673312
 21
70.32427284241865
 31
0.0
  0
ARC
  5
2748
330
1F
100
AcDbEntity
  8
0
 48
10.0
370
   100
100
AcDbCircle
 10
139.7677604767386
 20
69.97071945182516
 30
0.0
 40
0.4999999999996322
100
AcDbArc
 50
0.0000000001205049
 51
45.00000000007715
  0
LINE
  5
2749
330
1F
100
AcDbEntity
  8
0
 48
10.0
370
   100
100
AcDbLine
 10
140.2677604767383
 20
69.97071945182621
 30
0.0
 11
140.2677604767379
 21
69.17782623301198
 31
0.0
  0
LINE
  5
274A
330
1F
100
AcDbEntity
  8
0
 48
10.0
370
   100
100
AcDbLine
 10
140.2677604767379
 20
69.17782623301198
 30
0.0
 11
138.5677604767381
 21
69.17782623301198
 31
0.0
  0
ARC
  5
274B
330
1F
100
AcDbEntity
  8
0
 48
10.0
370
   100
100
AcDbCircle
 10
138.5677604767372
 20
68.8778262330118
 30
0.0
 40
0.3000000000001819
100
AcDbArc
 50
89.9999999998263
 51
180.0
  0
LINE
  5
274C
330
1F
100
AcDbEntity
  8
0
 48
10.0
370
   100
100
AcDbLine
 10
138.267760476737
 20
68.8778262330118
 30
0.0
 11
138.2677604767375
 21
66.47782623301217
 31
0.0
  0
ARC
  5
274D
330
1F
100
AcDbEntity
  8
0
 48
10.0
370
   100
100
AcDbCircle
 10
138.5677604767381
 20
66.47782623301258
 30
0.0
 40
0.3000000000006082
100
AcDbArc
 50
180.0000000000787
 51
270.000000000076
  0
LINE
  5
274E
330
1F
100
AcDbEntity
  8
0
 48
10.0
370
   100
100
AcDbLine
 10
138.5677604767385
 20
66.17782623301199
 30
0.0
 11
155.9677604767373
 21
66.17782623301287
 31
0.0
  0
ARC
  5
274F
330
1F
100
AcDbEntity
  8
0
 48
10.0
370
   100
100
AcDbCircle
 10
155.9677604767382
 20
66.47782623301352
 30
0.0
 40
0.3000000000006366
100
AcDbArc
 50
269.9999999998317
 51
359.9999999997422
  0
LINE
  5
2750
330
1F
100
AcDbEntity
  8
0
 48
10.0
370
   100
100
AcDbLine
 10
156.2677604767388
 20
66.47782623301217
 30
0.0
 11
156.2677604767379
 21
68.87782623301271
 31
0.0
  0
ARC
  5
2751
330
1F
100
AcDbEntity
  8
0
 48
10.0
370
   100
100
AcDbCircle
 10
155.9677604767379
 20
68.87782623301203
 30
0.0
 40
0.2999999999999545
100
AcDbArc
 50
0.0000000001302755
 51
90.00000000021712
  0
LINE
  5
2752
330
1F
100
AcDbEntity
  8
0
 48
10.0
370
   100
100
AcDbLine
 10
155.9677604767368
 20
69.17782623301198
 30
0.0
 11
154.267760476737
 21
69.17782623301198
 31
0.0
  0
LINE
  5
2753
330
1F
100
AcDbEntity
  8
0
 48
10.0
370
   100
100
AcDbLine
 10
154.267760476737
 20
69.17782623301198
 30
0.0
 11
154.2677604767374
 21
69.97071945182621
 31
0.0
  0
ARC
  5
2754
330
1F
100
AcDbEntity
  8
0
 48
10.0
370
   100
100
AcDbCircle
 10
154.7677604767382
 20
69.97071945182639
 30
0.0
 40
0.5000000000008243
100
AcDbArc
 50
135.0000000001128
 51
180.0000000000212
  0
LINE
  5
2755
330
1F
100
AcDbEntity
  8
0
 48
10.0
370
   100
100
AcDbLine
 10
154.4142070861437
 20
70.32427284241956
 30
0.0
 11
155.1213138673311
 21
71.03137962360623
 31
0.0
  0
ARC
  5
2756
330
1F
100
AcDbEntity
  8
0
 48
10.0
370
   100
100
AcDbCircle
 10
155.4748672579226
 20
70.6778262330141
 30
0.0
 40
0.4999999999978838
100
AcDbArc
 50
89.99999999988601
 51
134.9999999999436
  0
LINE
  5
2757
330
1F
100
AcDbEntity
  8
0
 48
10.0
370
   100
100
AcDbLine
 10
155.4748672579236
 20
71.17782623301199
 30
0.0
 11
157.5677604767381
 21
71.17782623301199
 31
0.0
  0
ARC
  5
2758
330
1F
100
AcDbEntity
  8
0
 48
10.0
370
   100
100
AcDbCircle
 10
157.5677604767379
 20
70.67782623301176
 30
0.0
 40
0.5000000000002274
100
AcDbArc
 50
0.0000000000260551
 51
89.99999999997395
  0
LINE
  5
2759
330
1F
100
AcDbEntity
  8
0
 48
10.0
370
   100
100
AcDbLine
 10
158.0677604767381
 20
70.67782623301198
 30
0.0
 11
158.0677604767381
 21
66.67782572669174
 31
0.0
  0
ARC
  5
275A
330
1F
100
AcDbEntity
  8
0
 48
10.0
370
   100
100
AcDbCircle
 10
158.5677604767383
 20
66.67782572669195
 30
0.0
 40
0.5000000000002274
100
AcDbArc
 50
180.0000000000244
 51
270.0000034186087
  0
LINE
  5
275B
330
1F
100
AcDbEntity
  8
0
 48
10.0
370
   100
100
AcDbLine
 10
158.5677605065713
 20
66.17782572669174
 30
0.0
 11
169.7677604588336
 21
66.17782639493707
 31
0.0
  0
ARC
  5
275C
330
1F
100
AcDbEntity
  8
0
 48
10.0
370
   100
100
AcDbCircle
 10
169.7677604767442
 20
65.87782639491233
 30
0.0
 40
0.3000000000247388
100
AcDbArc
 50
48.45808603685485
 51
90.00000342066602
  0
ARC
  5
275D
330
1F
100
AcDbEntity
  8
0
 48
10.0
370
   100
100
AcDbCircle
 10
170.1656611324195
 20
66.3269088686779
 30
0.0
 40
0.3000000000004943
100
AcDbArc
 50
228.4580860372729
 51
253.5806341059091
  0
LINE
  5
275E
330
1F
100
AcDbEntity
  8
0
 48
10.0
370
   100
100
AcDbLine
 10
170.0808614261684
 20
66.03914332206048
 30
0.0
 11
172.0656033274419
 21
65.4542729920552
 31
0.0
  0
ARC
  5
275F
330
1F
100
AcDbEntity
  8
0
 48
10.0
370
   100
100
AcDbCircle
 10
172.1504030336937
 20
65.74203853867236
 30
0.0
 40
0.300000000000433
100
AcDbArc
 50
253.5806341057644
 51
312.000000000042
  0
LINE
  5
2760
330
1F
100
AcDbEntity
  8
0
 48
10.0
370
   100
100
AcDbLine
 10
172.3511422156018
 20
65.51909509102896
 30
0.0
 11
172.9136643576823
 21
66.02559230276509
 31
0.0
  0
ARC
  5
2761
330
1F
100
AcDbEntity
  8
0
 48
10.0
370
   100
100
AcDbCircle
 10
173.1144035395905
 20
65.80264885512176
 30
0.0
 40
0.300000000000469
100
AcDbArc
 50
90.00000000006513
 51
132.0000000000672
  0
LINE
  5
2762
330
1F
100
AcDbEntity
  8
0
 48
10.0
370
   100
100
AcDbLine
 10
173.1144035395902
 20
66.10264885512222
 30
0.0
 11
174.8995466462621
 21
66.10264885512222
 31
0.0
  0
ARC
  5
2763
330
1F
100
AcDbEntity
  8
0
 48
10.0
370
   100
100
AcDbCircle
 10
174.8995466462621
 20
65.80264885512223
 30
0.0
 40
0.2999999999999971
100
AcDbArc
 50
324.7087732959059
 51
89.99999999998371
  0
LINE
  5
2764
330
1F
100
AcDbEntity
  8
0
 48
10.0
370
   100
100
AcDbLine
 10
175.1444144653862
 20
65.62932906064569
 30
0.0
 11
173.562417793036
 21
63.3942694346495
 31
0.0
  0
ARC
  5
2765
330
1F
100
AcDbEntity
  8
0
 48
10.0
370
   100
100
AcDbCircle
 10
173.3175499739114
 20
63.56758922912584
 30
0.0
 40
0.3000000000002523
100
AcDbArc
 50
288.9999999984768
 51
324.708773295986
  0
LINE
  5
2766
330
1F
100
AcDbEntity
  8
0
 48
10.0
370
   100
100
AcDbLine
 10
173.4152204202411
 20
63.28393365644322
 30
0.0
 11
172.2519729399193
 21
62.88339542791415
 31
0.0
  0
ARC
  5
2767
330
1F
100
AcDbEntity
  8
0
 48
10.0
370
   100
100
AcDbCircle
 10
172.1868593090331
 20
63.07249914303588
 30
0.0
 40
0.2000000000000667
100
AcDbArc
 50
178.9999999985812
 51
288.9999999984176
  0
LINE
  5
2768
330
1F
100
AcDbEntity
  8
0
 48
10.0
370
   100
100
AcDbLine
 10
171.9868897700018
 20
63.07598962432829
 30
0.0
 11
171.9902231854418
 21
63.26696086672179
 31
0.0
  0
ARC
  5
2769
330
1F
100
AcDbEntity
  8
0
 48
10.0
370
   100
100
AcDbCircle
 10
171.7902536464101
 20
63.2704513480141
 30
0.0
 40
0.2000000000005476
100
AcDbArc
 50
358.9999999986142
 51
51.05936171330891
  0
LINE
  5
276A
330
1F
100
AcDbEntity
  8
0
 48
10.0
370
   100
100
AcDbLine
 10
171.9159566235404
 20
63.42601085926553
 30
0.0
 11
170.6920528896764
 21
64.41500942218842
 31
0.0
  0
ARC
  5
276B
330
1F
100
AcDbEntity
  8
0
 48
10.0
370
   100
100
AcDbCircle
 10
170.8177557630085
 20
64.57056901731566
 30
0.0
 40
0.2000000000002641
100
AcDbArc
 50
180.3350146286404
 51
231.0593999442609
  0
ARC
  5
276C
330
1F
100
AcDbEntity
  8
0
 48
10.0
370
   100
100
AcDbCircle
 10
170.2677652243335
 20
64.56734298115837
 30
0.0
 40
0.3499999999998617
100
AcDbArc
 50
0.336675401565836
 51
223.3396820766121
  0
ARC
  5
276D
330
1F
100
AcDbEntity
  8
0
 48
10.0
370
   100
100
AcDbCircle
 10
169.8677537966645
 20
64.18985197532903
 30
0.0
 40
0.20000781992807
100
AcDbArc
 50
0.0005805117898453
 51
43.34299532035458
  0
LINE
  5
276E
330
1F
100
AcDbEntity
  8
0
 48
10.0
370
   100
100
AcDbLine
 10
170.0677616165823
 20
64.18985400177668
 30
0.0
 11
170.0677616165823
 21
64.18985400177668
 31
0.0
  0
LINE
  5
276F
330
1F
100
AcDbEntity
  8
0
 48
10.0
370
   100
100
AcDbLine
 10
170.0677616165823
 20
64.18985400177668
 30
0.0
 11
170.067760476724
 21
59.66735030027419
 31
0.0
  0
ARC
  5
2770
330
1F
100
AcDbEntity
  8
0
 48
10.0
370
   100
100
AcDbCircle
 10
170.2677604767247
 20
59.66735030027416
 30
0.0
 40
0.2000000000006992
100
AcDbArc
 50
179.9999999999918
 51
269.9999999999919
  0
LINE
  5
2771
330
1F
100
AcDbEntity
  8
0
 48
10.0
370
   100
100
AcDbLine
 10
170.2677604767246
 20
59.46735030027347
 30
0.0
 11
170.3356492198961
 21
59.46735030027436
 31
0.0
  0
ARC
  5
2772
330
1F
100
AcDbEntity
  8
0
 48
10.0
370
   100
100
AcDbCircle
 10
170.3356492198959
 20
59.76735030027552
 30
0.0
 40
0.3000000000011624
100
AcDbArc
 50
270.000000000038
 51
301.3801319349686
  0
LINE
  5
2773
330
1F
100
AcDbEntity
  8
0
 48
10.0
370
   100
100
AcDbLine
 10
170.491863306064
 20
59.51123087640579
 30
0.0
 11
172.1733865242988
 21
60.53683685715558
 31
0.0
  0
ARC
  5
2774
330
1F
100
AcDbEntity
  8
0
 48
10.0
370
   100
100
AcDbCircle
 10
172.3677604766822
 20
60.48973307119379
 30
0.0
 40
0.2000000000426811
100
AcDbArc
 50
359.9999999982413
 51
166.3777861281028
  0
LINE
  5
2775
330
1F
100
AcDbEntity
  8
0
 48
10.0
370
   100
100
AcDbLine
 10
172.5677604767249
 20
60.48973307118766
 30
0.0
 11
172.5677604767249
 21
56.76591943631436
 31
0.0
  0
ARC
  5
2776
330
1F
100
AcDbEntity
  8
0
 48
10.0
370
   100
100
AcDbCircle
 10
172.3677604766822
 20
56.76591943630778
 30
0.0
 40
0.2000000000426212
100
AcDbArc
 50
193.6222138717687
 51
0.0000000018869595
  0
LINE
  5
2777
330
1F
100
AcDbEntity
  8
0
 48
10.0
370
   100
100
AcDbLine
 10
172.1733865242988
 20
56.71881565034644
 30
0.0
 11
170.491863306064
 21
57.74442163109623
 31
0.0
  0
ARC
  5
2778
330
1F
100
AcDbEntity
  8
0
 48
10.0
370
   100
100
AcDbCircle
 10
170.3356492198959
 20
57.48830220722648
 30
0.0
 40
0.300000000001152
100
AcDbArc
 50
58.61986806504137
 51
89.99999999997285
  0
LINE
  5
2779
330
1F
100
AcDbEntity
  8
0
 48
10.0
370
   100
100
AcDbLine
 10
170.3356492198961
 20
57.78830220722763
 30
0.0
 11
170.2677604767246
 21
57.78830220722763
 31
0.0
  0
ARC
  5
277A
330
1F
100
AcDbEntity
  8
0
 48
10.0
370
   100
100
AcDbCircle
 10
170.2677604767241
 20
57.5883022072275
 30
0.0
 40
0.2000000000001307
100
AcDbArc
 50
89.99999999984529
 51
179.9999999999104
  0
LINE
  5
277B
330
1F
100
AcDbEntity
  8
0
 48
10.0
370
   100
100
AcDbLine
 10
170.067760476724
 20
57.58830220722781
 30
0.0
 11
170.0677573512564
 21
41.16561868664738
 31
0.0
  0
ARC
  5
277C
330
1F
100
AcDbEntity
  8
0
 48
10.0
370
   100
100
AcDbCircle
 10
169.8677573512592
 20
41.16561760607306
 30
0.0
 40
0.2000000000000655
100
AcDbArc
 50
316.657894753182
 51
0.0003095617383487
  0
ARC
  5
277D
330
1F
100
AcDbEntity
  8
0
 48
10.0
370
   100
100
AcDbCircle
 10
170.2677652243007
 20
40.78813422712832
 30
0.0
 40
0.3499999999998559
100
AcDbArc
 50
136.6603179233832
 51
359.6633245984307
  0
ARC
  5
277E
330
1F
100
AcDbEntity
  8
0
 48
10.0
370
   100
100
AcDbCircle
 10
170.8177557629757
 20
40.78490819097101
 30
0.0
 40
0.2000000000002639
100
AcDbArc
 50
128.9406000557403
 51
179.6649853713616
  0
LINE
  5
277F
330
1F
100
AcDbEntity
  8
0
 48
10.0
370
   100
100
AcDbLine
 10
170.6920528896436
 20
40.94046778609825
 30
0.0
 11
171.9159566235077
 21
41.92946634902115
 31
0.0
  0
ARC
  5
2780
330
1F
100
AcDbEntity
  8
0
 48
10.0
370
   100
100
AcDbCircle
 10
171.7902536463774
 20
42.08502586027258
 30
0.0
 40
0.2000000000005182
100
AcDbArc
 50
308.9406382866848
 51
1.00000000138601
  0
LINE
  5
2781
330
1F
100
AcDbEntity
  8
0
 48
10.0
370
   100
100
AcDbLine
 10
171.9902231854091
 20
42.08851634156488
 30
0.0
 11
171.986889769969
 21
42.27948758395839
 31
0.0
  0
ARC
  5
2782
330
1F
100
AcDbEntity
  8
0
 48
10.0
370
   100
100
AcDbCircle
 10
172.1868593090003
 20
42.2829780652508
 30
0.0
 40
0.2000000000000946
100
AcDbArc
 50
71.00000000158302
 51
181.0000000014166
  0
LINE
  5
2783
330
1F
100
AcDbEntity
  8
0
 48
10.0
370
   100
100
AcDbLine
 10
172.2519729398865
 20
42.47208178037253
 30
0.0
 11
173.4152204202084
 21
42.07154355184345
 31
0.0
  0
ARC
  5
2784
330
1F
100
AcDbEntity
  8
0
 48
10.0
370
   100
100
AcDbCircle
 10
173.3175499738786
 20
41.78788797916096
 30
0.0
 40
0.3000000000001298
100
AcDbArc
 50
35.29122670400141
 51
71.00000000150966
  0
LINE
  5
2785
330
1F
100
AcDbEntity
  8
0
 48
10.0
370
   100
100
AcDbLine
 10
173.5624177930032
 20
41.96120777363719
 30
0.0
 11
175.1444144653534
 21
39.726148147641
 31
0.0
  0
ARC
  5
2786
330
1F
100
AcDbEntity
  8
0
 48
10.0
370
   100
100
AcDbCircle
 10
174.8995466462293
 20
39.55282835316446
 30
0.0
 40
0.2999999999999919
100
AcDbArc
 50
270.0000000000216
 51
35.29122670409405
  0
LINE
  5
2787
330
1F
100
AcDbEntity
  8
0
 48
10.0
370
   100
100
AcDbLine
 10
174.8995466462294
 20
39.25282835316446
 30
0.0
 11
173.1144035395575
 21
39.25282835316446
 31
0.0
  0
ARC
  5
2788
330
1F
100
AcDbEntity
  8
0
 48
10.0
370
   100
100
AcDbCircle
 10
173.1144035395578
 20
39.55282835316504
 30
0.0
 40
0.3000000000005798
100
AcDbArc
 50
227.9999999999383
 51
269.9999999999402
  0
LINE
  5
2789
330
1F
100
AcDbEntity
  8
0
 48
10.0
370
   100
100
AcDbLine
 10
172.9136643576495
 20
39.3298849055216
 30
0.0
 11
172.351142215569
 21
39.83638211725773
 31
0.0
  0
ARC
  5
278A
330
1F
100
AcDbEntity
  8
0
 48
10.0
370
   100
100
AcDbCircle
 10
172.1504030336609
 20
39.61343866961441
 30
0.0
 40
0.3000000000003496
100
AcDbArc
 50
47.99999999995605
 51
106.4193658942338
  0
LINE
  5
278B
330
1F
100
AcDbEntity
  8
0
 48
10.0
370
   100
100
AcDbLine
 10
172.0656033274092
 20
39.90120421623149
 30
0.0
 11
170.0808614267036
 21
39.31633388639355
 31
0.0
  0
ARC
  5
278C
330
1F
100
AcDbEntity
  8
0
 48
10.0
370
   100
100
AcDbCircle
 10
170.1656611329546
 20
39.02856833977643
 30
0.0
 40
0.3000000000001901
100
AcDbArc
 50
106.4193658941021
 51
131.5419224338108
  0
ARC
  5
278D
330
1F
100
AcDbEntity
  8
0
 48
10.0
370
   100
100
AcDbCircle
 10
169.7677604109001
 20
39.47765075469579
 30
0.0
 40
0.3000000000008893
100
AcDbArc
 50
269.9999688777591
 51
311.5419224339968
  0
LINE
  5
278E
330
1F
100
AcDbEntity
  8
0
 48
10.0
370
   100
100
AcDbLine
 10
169.7677602479445
 20
39.17765075469495
 30
0.0
 11
168.9670243824932
 21
39.17765118964715
 31
0.0
  0
ARC
  5
278F
330
1F
100
AcDbEntity
  8
0
 48
10.0
370
   100
100
AcDbCircle
 10
168.9670245454498
 20
39.47765118964755
 30
0.0
 40
0.3000000000004393
100
AcDbArc
 50
224.9999999999376
 51
269.9999688775745
  0
LINE
  5
2790
330
1F
100
AcDbEntity
  8
0
 48
10.0
370
   100
100
AcDbLine
 10
168.7548925110933
 20
39.26551915529151
 30
0.0
 11
168.4892070861453
 21
39.53120458024049
 31
0.0
  0
ARC
  5
2791
330
1F
100
AcDbEntity
  8
0
 48
10.0
370
   100
100
AcDbCircle
 10
168.8427604767377
 20
39.88475797083211
 30
0.0
 40
0.4999999999982104
100
AcDbArc
 50
180.0000000001164
 51
224.9999999999372
  0
LINE
  5
2792
330
1F
100
AcDbEntity
  8
0
 48
10.0
370
   100
100
AcDbLine
 10
168.3427604767395
 20
39.8847579708311
 30
0.0
 11
168.3427604767377
 21
41.37782623301361
 31
0.0
  0
LINE
  5
2793
330
1F
100
AcDbEntity
  8
0
 48
10.0
370
   100
100
AcDbLine
 10
168.3427604767377
 20
41.37782623301361
 30
0.0
 11
166.7531706733627
 21
41.37782623301361
 31
0.0
  0
ARC
  5
2794
330
1F
100
AcDbEntity
  8
0
 48
10.0
370
   100
100
AcDbCircle
 10
166.7531706733628
 20
41.67782623301324
 30
0.0
 40
0.2999999999996277
100
AcDbArc
 50
186.3793702084255
 51
269.9999999999783
  0
LINE
  5
2795
330
1F
100
AcDbEntity
  8
0
 48
10.0
370
   100
100
AcDbLine
 10
166.4550282763632
 20
41.64449289968003
 30
0.0
 11
166.2677604767379
 21
42.27782623301417
 31
0.0
  0
LINE
  5
2796
330
1F
100
AcDbEntity
  8
0
 48
10.0
370
   100
100
AcDbLine
 10
166.2677604767379
 20
42.27782623301417
 30
0.0
 11
166.267760476737
 21
42.97782623301396
 31
0.0
  0
LINE
  5
2797
330
1F
100
AcDbEntity
  8
0
 48
10.0
370
   100
100
AcDbLine
 10
166.267760476737
 20
42.97782623301396
 30
0.0
 11
167.9677604767386
 21
42.97782623301396
 31
0.0
  0
ARC
  5
2798
330
1F
100
AcDbEntity
  8
0
 48
10.0
370
   100
100
AcDbCircle
 10
167.9677604767386
 20
43.27782623301418
 30
0.0
 40
0.3000000000002103
100
AcDbArc
 50
269.9999999999945
 51
359.9999999999945
  0
LINE
  5
2799
330
1F
100
AcDbEntity
  8
0
 48
10.0
370
   100
100
AcDbLine
 10
168.2677604767388
 20
43.27782623301415
 30
0.0
 11
168.267760476737
 21
50.77782623301415
 31
0.0
  0
ARC
  5
279A
330
1F
100
AcDbEntity
  8
0
 48
10.0
370
   100
100
AcDbCircle
 10
167.9677604767377
 20
50.77782623301413
 30
0.0
 40
0.2999999999993008
100
AcDbArc
 50
0.0000000000040711
 51
90.00000000000543
  0
LINE
  5
279B
330
1F
100
AcDbEntity
  8
0
 48
10.0
370
   100
100
AcDbLine
 10
167.9677604767377
 20
51.07782623301344
 30
0.0
 11
164.1677604767384
 21
51.07782623301435
 31
0.0
  0
LINE
  5
279C
330
1F
100
AcDbEntity
  8
0
 48
10.0
370
   100
100
AcDbLine
 10
164.1677604767384
 20
51.07782623301435
 30
0.0
 11
164.1677604767384
 21
50.67782623301289
 31
0.0
  0
LINE
  5
279D
330
1F
100
AcDbEntity
  8
0
 48
10.0
370
   100
100
AcDbLine
 10
164.1677604767384
 20
50.67782623301289
 30
0.0
 11
160.4677604767377
 21
50.67782623301289
 31
0.0
  0
LINE
  5
279E
330
1F
100
AcDbEntity
  8
0
 48
10.0
370
   100
100
AcDbLine
 10
160.4677604767377
 20
50.67782623301289
 30
0.0
 11
160.1677604767384
 21
50.97782623301397
 31
0.0
  0
LINE
  5
279F
330
1F
100
AcDbEntity
  8
0
 48
10.0
370
   100
100
AcDbLine
 10
160.1677604767384
 20
50.97782623301397
 30
0.0
 11
159.8677604767374
 21
50.67782623301107
 31
0.0
  0
LINE
  5
27A0
330
1F
100
AcDbEntity
  8
0
 48
10.0
370
   100
100
AcDbLine
 10
159.8677604767374
 20
50.67782623301107
 30
0.0
 11
156.1677604767384
 21
50.6778262330138
 31
0.0
  0
LINE
  5
27A1
330
1F
100
AcDbEntity
  8
0
 48
10.0
370
   100
100
AcDbLine
 10
156.1677604767384
 20
50.6778262330138
 30
0.0
 11
156.1677604767384
 21
51.07782623301526
 31
0.0
  0
LINE
  5
27A2
330
1F
100
AcDbEntity
  8
0
 48
10.0
370
   100
100
AcDbLine
 10
156.1677604767384
 20
51.07782623301526
 30
0.0
 11
152.367760476741
 21
51.07782623301344
 31
0.0
  0
ARC
  5
27A3
330
1F
100
AcDbEntity
  8
0
 48
10.0
370
   100
100
AcDbCircle
 10
152.367760476741
 20
50.77782623301233
 30
0.0
 40
0.3000000000011056
100
AcDbArc
 50
90.0
 51
179.9999999999959
  0
LINE
  5
27A4
330
1F
100
AcDbEntity
  8
0
 48
10.0
370
   100
100
AcDbLine
 10
152.0677604767399
 20
50.77782623301235
 30
0.0
 11
152.0677604767399
 21
43.27782623301415
 31
0.0
  0
ARC
  5
27A5
330
1F
100
AcDbEntity
  8
0
 48
10.0
370
   100
100
AcDbCircle
 10
152.3677604767401
 20
43.27782623301416
 30
0.0
 40
0.3000000000002103
100
AcDbArc
 50
180.0000000000027
 51
270.0
  0
LINE
  5
27A6
330
1F
100
AcDbEntity
  8
0
 48
10.0
370
   100
100
AcDbLine
 10
152.3677604767401
 20
42.97782623301396
 30
0.0
 11
154.0677604767399
 21
42.97782623301396
 31
0.0
  0
LINE
  5
27A7
330
1F
100
AcDbEntity
  8
0
 48
10.0
370
   100
100
AcDbLine
 10
154.0677604767399
 20
42.97782623301396
 30
0.0
 11
154.067760476739
 21
42.27782623301417
 31
0.0
  0
LINE
  5
27A8
330
1F
100
AcDbEntity
  8
0
 48
10.0
370
   100
100
AcDbLine
 10
154.067760476739
 20
42.27782623301417
 30
0.0
 11
153.8506784374132
 21
41.54366215436247
 31
0.0
  0
ARC
  5
27A9
330
1F
100
AcDbEntity
  8
0
 48
10.0
370
   100
100
AcDbCircle
 10
153.5823502801142
 20
41.67782623301291
 30
0.0
 40
0.2999999999993182
100
AcDbArc
 50
269.9999999999945
 51
333.4349488227581
  0
LINE
  5
27AA
330
1F
100
AcDbEntity
  8
0
 48
10.0
370
   100
100
AcDbLine
 10
153.5823502801141
 20
41.37782623301361
 30
0.0
 11
151.9927604767392
 21
41.37782623301361
 31
0.0
  0
LINE
  5
27AB
330
1F
100
AcDbEntity
  8
0
 48
10.0
370
   100
100
AcDbLine
 10
151.9927604767392
 20
41.37782623301361
 30
0.0
 11
151.9927604767383
 21
39.88493301420047
 31
0.0
  0
ARC
  5
27AC
330
1F
100
AcDbEntity
  8
0
 48
10.0
370
   100
100
AcDbCircle
 10
151.4927604767391
 20
39.88493301420098
 30
0.0
 40
0.4999999999991758
100
AcDbArc
 50
314.9999999999614
 51
359.9999999999422
  0
LINE
  5
27AD
330
1F
100
AcDbEntity
  8
0
 48
10.0
370
   100
100
AcDbLine
 10
151.8463138673316
 20
39.53137962360805
 30
0.0
 11
151.5806284423826
 21
39.26569419865908
 31
0.0
  0
ARC
  5
27AE
330
1F
100
AcDbEntity
  8
0
 48
10.0
370
   100
100
AcDbCircle
 10
151.3684964080261
 20
39.47782623301506
 30
0.0
 40
0.3000000000003511
100
AcDbArc
 50
270.0000000001248
 51
315.0000000000624
  0
LINE
  5
27AF
330
1F
100
AcDbEntity
  8
0
 48
10.0
370
   100
100
AcDbLine
 10
151.3684964080268
 20
39.17782623301472
 30
0.0
 11
140.9677604767368
 21
39.17782623301562
 31
0.0
  0
ARC
  5
27B0
330
1F
100
AcDbEntity
  8
0
 48
10.0
370
   100
100
AcDbCircle
 10
140.967760476737
 20
38.8778262330152
 30
0.0
 40
0.3000000000004164
100
AcDbArc
 50
90.00000000003801
 51
180.0000000001275
  0
LINE
  5
27B1
330
1F
100
AcDbEntity
  8
0
 48
10.0
370
   100
100
AcDbLine
 10
140.6677604767366
 20
38.87782623301453
 30
0.0
 11
140.6677604767375
 21
38.5778262330189
 31
0.0
  0
ARC
  5
27B2
330
1F
100
AcDbEntity
  8
0
 48
10.0
370
   100
100
AcDbCircle
 10
140.0677604767371
 20
38.5778262330189
 30
0.0
 40
0.6000000000003638
100
AcDbArc
 50
180.0
 51
0.0
  0
LINE
  5
27B3
330
1F
100
AcDbEntity
  8
0
 48
10.0
370
   100
100
AcDbLine
 10
139.4677604767368
 20
38.5778262330189
 30
0.0
 11
139.4677604767377
 21
38.92782623301471
 31
0.0
  0
ARC
  5
27B4
330
1F
100
AcDbEntity
  8
0
 48
10.0
370
   100
100
AcDbCircle
 10
139.2177604767377
 20
38.92782623301562
 30
0.0
 40
0.25
100
AcDbArc
 50
359.9999999997915
 51
90.0
  0
LINE
  5
27B5
330
1F
100
AcDbEntity
  8
0
 48
10.0
370
   100
100
AcDbLine
 10
139.2177604767377
 20
39.17782623301562
 30
0.0
 11
138.5177604767379
 21
39.17782623301562
 31
0.0
  0
ARC
  5
27B6
330
1F
100
AcDbEntity
  8
0
 48
10.0
370
   100
100
AcDbCircle
 10
138.5177604767379
 20
38.92782623301562
 30
0.0
 40
0.25
100
AcDbArc
 50
90.0
 51
180.0
  0
LINE
  5
27B7
330
1F
100
AcDbEntity
  8
0
 48
10.0
370
   100
100
AcDbLine
 10
138.2677604767379
 20
38.92782623301562
 30
0.0
 11
138.2677604767379
 21
28.42782623301744
 31
0.0
  0
ARC
  5
27B8
330
1F
100
AcDbEntity
  8
0
 48
10.0
370
   100
100
AcDbCircle
 10
138.5177604767379
 20
28.42782623301744
 30
0.0
 40
0.25
100
AcDbArc
 50
180.0
 51
270.0
  0
LINE
  5
27B9
330
1F
100
AcDbEntity
  8
0
 48
10.0
370
   100
100
AcDbLine
 10
138.5177604767379
 20
28.17782623301744
 30
0.0
 11
139.2177604767377
 21
28.17782623301835
 31
0.0
  0
ARC
  5
27BA
330
1F
100
AcDbEntity
  8
0
 48
10.0
370
   100
100
AcDbCircle
 10
139.2177604767377
 20
28.42782623301835
 30
0.0
 40
0.25
100
AcDbArc
 50
270.0
 51
0.0000000002084408
  0
LINE
  5
27BB
330
1F
100
AcDbEntity
  8
0
 48
10.0
370
   100
100
AcDbLine
 10
139.4677604767377
 20
28.42782623301926
 30
0.0
 11
139.4677604767368
 21
28.77782623301508
 31
0.0
  0
ARC
  5
27BC
330
1F
100
AcDbEntity
  8
0
 48
10.0
370
   100
100
AcDbCircle
 10
140.0727098308005
 20
28.65897583433098
 30
0.0
 40
0.6165136967249511
100
AcDbArc
 50
351.9548110341623
 51
168.8850388337056
  0
ARC
  5
27BD
330
1F
100
AcDbEntity
  8
0
 48
10.0
370
   100
100
AcDbCircle
 10
140.9677604767258
 20
28.47782296954972
 30
0.0
 40
0.2999999999893431
100
AcDbArc
 50
161.5648641942769
 51
270.0000000000216
  0
LINE
  5
27BE
330
1F
100
AcDbEntity
  8
0
 48
10.0
370
   100
100
AcDbLine
 10
140.9677604767259
 20
28.17782296956037
 30
0.0
 11
141.4677837702713
 21
28.17782623301926
 31
0.0
  0
ARC
  5
27BF
330
1F
100
AcDbEntity
  8
0
 48
10.0
370
   100
100
AcDbCircle
 10
141.467783770271
 20
27.8778262330187
 30
0.0
 40
0.300000000000562
100
AcDbArc
 50
359.9987219862806
 51
89.99999999993486
  0
LINE
  5
27C0
330
1F
100
AcDbEntity
  8
0
 48
10.0
370
   100
100
AcDbLine
 10
141.7677837701969
 20
27.87781954135451
 30
0.0
 11
141.7677424102796
 21
26.02357580949163
 31
0.0
  0
ARC
  5
27C1
330
1F
100
AcDbEntity
  8
0
 48
10.0
370
   100
100
AcDbCircle
 10
141.2677604767063
 20
26.02782623301762
 30
0.0
 40
0.499999999999827
100
AcDbArc
 50
269.9999999999739
 51
359.5129314752294
  0
LINE
  5
27C2
330
1F
100
AcDbEntity
  8
0
 48
10.0
370
   100
100
AcDbLine
 10
141.2677604767061
 20
25.5278262330178
 30
0.0
 11
140.5706733753842
 21
25.5278262330178
 31
0.0
  0
LINE
  5
27C3
330
1F
100
AcDbEntity
  8
0
 48
10.0
370
   100
100
AcDbLine
 10
140.5706733753842
 20
25.5278262330178
 30
0.0
 11
140.5706733753842
 21
26.37782623301817
 31
0.0
  0
ARC
  5
27C4
330
1F
100
AcDbEntity
  8
0
 48
10.0
370
   100
100
AcDbCircle
 10
140.2706733753845
 20
26.37782623301776
 30
0.0
 40
0.2999999999996987
100
AcDbArc
 50
0.0000000000793866
 51
89.99999999990228
  0
LINE
  5
27C5
330
1F
100
AcDbEntity
  8
0
 48
10.0
370
   100
100
AcDbLine
 10
140.270673375385
 20
26.67782623301744
 30
0.0
 11
138.4677604767214
 21
26.67782623301835
 31
0.0
  0
ARC
  5
27C6
330
1F
100
AcDbEntity
  8
0
 48
10.0
370
   100
100
AcDbCircle
 10
138.4677604767214
 20
26.47782623301849
 30
0.0
 40
0.1999999999998607
100
AcDbArc
 50
89.99999999999186
 51
180.0000000002493
  0
LINE
  5
27C7
330
1F
100
AcDbEntity
  8
0
 48
10.0
370
   100
100
AcDbLine
 10
138.2677604767215
 20
26.47782623301762
 30
0.0
 11
138.2677604767543
 21
20.57782623300434
 31
0.0
  0
ARC
  5
27C8
330
1F
100
AcDbEntity
  8
0
 48
10.0
370
   100
100
AcDbCircle
 10
138.467760476745
 20
20.57782623300524
 30
0.0
 40
0.1999999999907231
100
AcDbArc
 50
180.0000000002575
 51
269.9999999999919
  0
LINE
  5
27C9
330
1F
100
AcDbEntity
  8
0
 48
10.0
370
   100
100
AcDbLine
 10
138.467760476745
 20
20.37782623301453
 30
0.0
 11
140.2706733753868
 21
20.37782623301636
 31
0.0
  0
ARC
  5
27CA
330
1F
100
AcDbEntity
  8
0
 48
10.0
370
   100
100
AcDbCircle
 10
167.9677604767382
 20
64.32782623301355
 30
0.0
 40
0.3000000000000682
100
AcDbArc
 50
359.9999999999783
 51
89.99999999993486
  0
LINE
  5
27CB
330
1F
100
AcDbEntity
  8
0
 48
10.0
370
   100
100
AcDbLine
 10
167.9677604767386
 20
64.62782623301362
 30
0.0
 11
138.5677604767381
 21
64.6278262330118
 31
0.0
  0
ARC
  5
27CC
330
1F
100
AcDbEntity
  8
0
 48
10.0
370
   100
100
AcDbCircle
 10
138.5677604767382
 20
64.32782623301149
 30
0.0
 40
0.3000000000003098
100
AcDbArc
 50
90.00000000002172
 51
179.9999999999756
  0
LINE
  5
27CD
330
1F
100
AcDbEntity
  8
0
 48
10.0
370
   100
100
AcDbLine
 10
138.2677604767379
 20
64.32782623301162
 30
0.0
 11
138.2677604767379
 21
52.9278262330147
 31
0.0
  0
ARC
  5
27CE
330
1F
100
AcDbEntity
  8
0
 48
10.0
370
   100
100
AcDbCircle
 10
138.5677604767381
 20
52.92782623301473
 30
0.0
 40
0.3000000000002103
100
AcDbArc
 50
180.000000000004
 51
270.0
  0
LINE
  5
27CF
330
1F
100
AcDbEntity
  8
0
 48
10.0
370
   100
100
AcDbLine
 10
138.5677604767381
 20
52.62782623301454
 30
0.0
 11
140.4677604767377
 21
52.62782623301454
 31
0.0
  0
ARC
  5
27D0
330
1F
100
AcDbEntity
  8
0
 48
10.0
370
   100
100
AcDbCircle
 10
140.4677604767377
 20
52.32782623301435
 30
0.0
 40
0.3000000000001819
100
AcDbArc
 50
0.0
 51
90.0
  0
LINE
  5
27D1
330
1F
100
AcDbEntity
  8
0
 48
10.0
370
   100
100
AcDbLine
 10
140.7677604767379
 20
52.32782623301435
 30
0.0
 11
140.7677604767379
 21
51.4278262330129
 31
0.0
  0
ARC
  5
27D2
330
1F
100
AcDbEntity
  8
0
 48
10.0
370
   100
100
AcDbCircle
 10
140.4677604767377
 20
51.4278262330129
 30
0.0
 40
0.3000000000001819
100
AcDbArc
 50
270.0
 51
0.0
  0
LINE
  5
27D3
330
1F
100
AcDbEntity
  8
0
 48
10.0
370
   100
100
AcDbLine
 10
140.4677604767377
 20
51.12782623301271
 30
0.0
 11
138.5677604767381
 21
51.12782623301271
 31
0.0
  0
ARC
  5
27D4
330
1F
100
AcDbEntity
  8
0
 48
10.0
370
   100
100
AcDbCircle
 10
138.5677604767381
 20
50.82782623301252
 30
0.0
 40
0.3000000000001961
100
AcDbArc
 50
90.0
 51
179.9999999999973
  0
LINE
  5
27D5
330
1F
100
AcDbEntity
  8
0
 48
10.0
370
   100
100
AcDbLine
 10
138.2677604767379
 20
50.82782623301253
 30
0.0
 11
138.267760476737
 21
40.97782623301579
 31
0.0
  0
ARC
  5
27D6
330
1F
100
AcDbEntity
  8
0
 48
10.0
370
   100
100
AcDbCircle
 10
138.5677604767372
 20
40.97782623301579
 30
0.0
 40
0.3000000000001819
100
AcDbArc
 50
180.0
 51
270.0
  0
LINE
  5
27D7
330
1F
100
AcDbEntity
  8
0
 48
10.0
370
   100
100
AcDbLine
 10
138.5677604767372
 20
40.67782623301561
 30
0.0
 11
150.2677604767397
 21
40.67782623301471
 31
0.0
  0
ARC
  5
27D8
330
1F
100
AcDbEntity
  8
0
 48
10.0
370
   100
100
AcDbCircle
 10
150.2677604767397
 20
40.9778262330149
 30
0.0
 40
0.3000000000001961
100
AcDbArc
 50
270.0
 51
359.9999999999973
  0
LINE
  5
27D9
330
1F
100
AcDbEntity
  8
0
 48
10.0
370
   100
100
AcDbLine
 10
150.5677604767399
 20
40.9778262330149
 30
0.0
 11
150.5677604767399
 21
51.62782623301179
 31
0.0
  0
ARC
  5
27DA
330
1F
100
AcDbEntity
  8
0
 48
10.0
370
   100
100
AcDbCircle
 10
151.5677604767399
 20
51.62782623301179
 30
0.0
 40
1.0
100
AcDbArc
 50
90.0
 51
180.0
  0
LINE
  5
27DB
330
1F
100
AcDbEntity
  8
0
 48
10.0
370
   100
100
AcDbLine
 10
151.5677604767399
 20
52.6278262330118
 30
0.0
 11
167.9677604767386
 21
52.62782623301271
 31
0.0
  0
ARC
  5
27DC
330
1F
100
AcDbEntity
  8
0
 48
10.0
370
   100
100
AcDbCircle
 10
167.9677604767382
 20
52.92782623301278
 30
0.0
 40
0.3000000000000682
100
AcDbArc
 50
270.0000000000652
 51
0.0000000000203555
  0
LINE
  5
27DD
330
1F
100
AcDbEntity
  8
0
 48
10.0
370
   100
100
AcDbLine
 10
168.2677604767383
 20
52.92782623301288
 30
0.0
 11
168.2677604767383
 21
64.32782623301344
 31
0.0
  0
LINE
  5
27DE
330
1F
100
AcDbEntity
  8
0
 48
10.0
370
   100
100
AcDbLine
 10
222.5676604766962
 20
66.97782607982029
 30
0.0
 11
223.1676604766947
 21
66.97782607982118
 31
0.0
  0
ARC
  5
27DF
330
1F
100
AcDbEntity
  8
0
 48
10.0
370
   100
100
AcDbCircle
 10
223.167660476695
 20
66.77782607982066
 30
0.0
 40
0.2000000000005286
100
AcDbArc
 50
0.0000000002076266
 51
90.00000000007329
  0
LINE
  5
27E0
330
1F
100
AcDbEntity
  8
0
 48
10.0
370
   100
100
AcDbLine
 10
223.3676604766955
 20
66.77782607982138
 30
0.0
 11
223.3676604766955
 21
66.07782607981974
 31
0.0
  0
ARC
  5
27E1
330
1F
100
AcDbEntity
  8
0
 48
10.0
370
   100
100
AcDbCircle
 10
223.5676604766955
 20
66.07782607981995
 30
0.0
 40
0.2000000000000455
100
AcDbArc
 50
180.0000000000611
 51
270.0000000001872
  0
LINE
  5
27E2
330
1F
100
AcDbEntity
  8
0
 48
10.0
370
   100
100
AcDbLine
 10
223.5676604766962
 20
65.87782607981991
 30
0.0
 11
225.3676604766918
 21
65.87782607981991
 31
0.0
  0
ARC
  5
27E3
330
1F
100
AcDbEntity
  8
0
 48
10.0
370
   100
100
AcDbCircle
 10
225.3676604766918
 20
66.07782607982064
 30
0.0
 40
0.2000000000007276
100
AcDbArc
 50
270.0
 51
0.0000000000040711
  0
LINE
  5
27E4
330
1F
100
AcDbEntity
  8
0
 48
10.0
370
   100
100
AcDbLine
 10
225.5676604766925
 20
66.07782607982065
 30
0.0
 11
225.5676604766962
 21
79.17782607982466
 31
0.0
  0
ARC
  5
27E5
330
1F
100
AcDbEntity
  8
0
 48
10.0
370
   100
100
AcDbCircle
 10
225.3676604766957
 20
79.17782607982399
 30
0.0
 40
0.2000000000004718
100
AcDbArc
 50
0.0000000001913422
 51
90.00000000006513
  0
LINE
  5
27E6
330
1F
100
AcDbEntity
  8
0
 48
10.0
370
   100
100
AcDbLine
 10
225.3676604766955
 20
79.37782607982447
 30
0.0
 11
224.5676604766962
 21
79.37782607982447
 31
0.0
  0
ARC
  5
27E7
330
1F
100
AcDbEntity
  8
0
 48
10.0
370
   100
100
AcDbCircle
 10
224.5676604766955
 20
79.17782607982438
 30
0.0
 40
0.2000000000000881
100
AcDbArc
 50
89.99999999979644
 51
179.9999999999226
  0
LINE
  5
27E8
330
1F
100
AcDbEntity
  8
0
 48
10.0
370
   100
100
AcDbLine
 10
224.3676604766954
 20
79.17782607982466
 30
0.0
 11
224.3676604766954
 21
78.5778260798252
 31
0.0
  0
ARC
  5
27E9
330
1F
100
AcDbEntity
  8
0
 48
10.0
370
   100
100
AcDbCircle
 10
224.1676604766947
 20
78.57782607982518
 30
0.0
 40
0.2000000000007276
100
AcDbArc
 50
270.0000000000081
 51
0.0000000000040711
  0
LINE
  5
27EA
330
1F
100
AcDbEntity
  8
0
 48
10.0
370
   100
100
AcDbLine
 10
224.1676604766947
 20
78.37782607982447
 30
0.0
 11
223.7676604766932
 21
78.37782607982447
 31
0.0
  0
ARC
  5
27EB
330
1F
100
AcDbEntity
  8
0
 48
10.0
370
   100
100
AcDbCircle
 10
223.7676604766932
 20
78.87782607982441
 30
0.0
 40
0.4999999999999432
100
AcDbArc
 50
179.9999999999918
 51
269.9999999999935
  0
LINE
  5
27EC
330
1F
100
AcDbEntity
  8
0
 48
10.0
370
   100
100
AcDbLine
 10
223.2676604766933
 20
78.87782607982448
 30
0.0
 11
223.2676604766933
 21
79.77782607982319
 31
0.0
  0
ARC
  5
27ED
330
1F
100
AcDbEntity
  8
0
 48
10.0
370
   100
100
AcDbCircle
 10
224.2676604766933
 20
79.77782607982411
 30
0.0
 40
1.0
100
AcDbArc
 50
90.0
 51
180.0000000000529
  0
LINE
  5
27EE
330
1F
100
AcDbEntity
  8
0
 48
10.0
370
   100
100
AcDbLine
 10
224.2676604766933
 20
80.77782607982411
 30
0.0
 11
225.3676604767027
 21
80.77782607982411
 31
0.0
  0
ARC
  5
27EF
330
1F
100
AcDbEntity
  8
0
 48
10.0
370
   100
100
AcDbCircle
 10
225.3676604767025
 20
81.07782607982365
 30
0.0
 40
0.2999999999995424
100
AcDbArc
 50
270.0000000000434
 51
0.000000000037997
  0
LINE
  5
27F0
330
1F
100
AcDbEntity
  8
0
 48
10.0
370
   100
100
AcDbLine
 10
225.667660476702
 20
81.07782607982384
 30
0.0
 11
225.6676604767057
 21
89.27782623301395
 31
0.0
  0
ARC
  5
27F1
330
1F
100
AcDbEntity
  8
0
 48
10.0
370
   100
100
AcDbCircle
 10
225.3676604767048
 20
89.27782623301322
 30
0.0
 40
0.3000000000009209
100
AcDbArc
 50
0.0000000001411318
 51
90.00000000039625
  0
LINE
  5
27F2
330
1F
100
AcDbEntity
  8
0
 48
10.0
370
   100
100
AcDbLine
 10
225.3676604767027
 20
89.57782623301412
 30
0.0
 11
216.9676770077352
 21
89.57782623301412
 31
0.0
  0
ARC
  5
27F3
330
1F
100
AcDbEntity
  8
0
 48
10.0
370
   100
100
AcDbCircle
 10
216.9676770077349
 20
89.27782623301327
 30
0.0
 40
0.3000000000008498
100
AcDbArc
 50
89.99999999995656
 51
180.0000000002198
  0
LINE
  5
27F4
330
1F
100
AcDbEntity
  8
0
 48
10.0
370
   100
100
AcDbLine
 10
216.6676770077341
 20
89.27782623301212
 30
0.0
 11
216.6676770077686
 21
83.57783537038498
 31
0.0
  0
ARC
  5
27F5
330
1F
100
AcDbEntity
  8
0
 48
10.0
370
   100
100
AcDbCircle
 10
215.6676770077683
 20
83.57783537037974
 30
0.0
 40
1.000000000000312
100
AcDbArc
 50
270.0001246494102
 51
0.0000000003004479
  0
LINE
  5
27F6
330
1F
100
AcDbEntity
  8
0
 48
10.0
370
   100
100
AcDbLine
 10
215.6676791833109
 20
82.57783537038179
 30
0.0
 11
212.9676452208008
 21
82.57782906123251
 31
0.0
  0
LINE
  5
27F7
330
1F
100
AcDbEntity
  8
0
 48
10.0
370
   100
100
AcDbLine
 10
212.9676452208008
 20
82.57782906123251
 30
0.0
 11
212.9676258787607
 21
81.87782011918811
 31
0.0
  0
ARC
  5
27F8
330
1F
100
AcDbEntity
  8
0
 48
10.0
370
   100
100
AcDbCircle
 10
212.6676258788745
 20
81.87782840852909
 30
0.0
 40
0.3000000000007328
100
AcDbArc
 50
270.0001246493
 51
359.998416852489
  0
LINE
  5
27F9
330
1F
100
AcDbEntity
  8
0
 48
10.0
370
   100
100
AcDbLine
 10
212.6676265315367
 20
81.57782840852908
 30
0.0
 11
212.0676265317291
 21
81.57782710320319
 31
0.0
  0
ARC
  5
27FA
330
1F
100
AcDbEntity
  8
0
 48
10.0
370
   100
100
AcDbCircle
 10
212.0676258790665
 20
81.87782710320162
 30
0.0
 40
0.2999999999991297
100
AcDbArc
 50
179.9984168524646
 51
270.0001246493652
  0
LINE
  5
27FB
330
1F
100
AcDbEntity
  8
0
 48
10.0
370
   100
100
AcDbLine
 10
211.7676258791819
 20
81.87783539254272
 30
0.0
 11
211.7676950742082
 21
84.38207665653683
 31
0.0
  0
ARC
  5
27FC
330
1F
100
AcDbEntity
  8
0
 48
10.0
370
   100
100
AcDbCircle
 10
212.2676770077819
 20
84.37782623301039
 30
0.0
 40
0.5000000000002571
100
AcDbArc
 50
90.00000000002279
 51
179.5129314751793
  0
LINE
  5
27FD
330
1F
100
AcDbEntity
  8
0
 48
10.0
370
   100
100
AcDbLine
 10
212.2676770077817
 20
84.87782623301065
 30
0.0
 11
212.9647641091036
 21
84.87782623301065
 31
0.0
  0
LINE
  5
27FE
330
1F
100
AcDbEntity
  8
0
 48
10.0
370
   100
100
AcDbLine
 10
212.9647641091036
 20
84.87782623301065
 30
0.0
 11
212.9647641091036
 21
84.07782623301049
 31
0.0
  0
ARC
  5
27FF
330
1F
100
AcDbEntity
  8
0
 48
10.0
370
   100
100
AcDbCircle
 10
213.2647641091028
 20
84.07782623301047
 30
0.0
 40
0.299999999999244
100
AcDbArc
 50
179.9999999999973
 51
270.0
  0
LINE
  5
2800
330
1F
100
AcDbEntity
  8
0
 48
10.0
370
   100
100
AcDbLine
 10
213.2647641091028
 20
83.7778262330112
 30
0.0
 11
215.0676770077665
 21
83.7778262330103
 31
0.0
  0
ARC
  5
2801
330
1F
100
AcDbEntity
  8
0
 48
10.0
370
   100
100
AcDbCircle
 10
215.0676770077663
 20
83.97782623300944
 30
0.0
 40
0.199999999999136
100
AcDbArc
 50
270.0000000000652
 51
0.0000000004518932
  0
LINE
  5
2802
330
1F
100
AcDbEntity
  8
0
 48
10.0
370
   100
100
AcDbLine
 10
215.2676770077654
 20
83.97782623301102
 30
0.0
 11
215.2676770077326
 21
89.77782623302394
 31
0.0
  0
ARC
  5
2803
330
1F
100
AcDbEntity
  8
0
 48
10.0
370
   100
100
AcDbCircle
 10
215.0676770077426
 20
89.77782623302372
 30
0.0
 40
0.1999999999900126
100
AcDbArc
 50
0.0000000000569955
 51
89.99999999992672
  0
LINE
  5
2804
330
1F
100
AcDbEntity
  8
0
 48
10.0
370
   100
100
AcDbLine
 10
215.0676770077428
 20
89.97782623301374
 30
0.0
 11
213.264764109101
 21
89.97782623301285
 31
0.0
  0
ARC
  5
2805
330
1F
100
AcDbEntity
  8
0
 48
10.0
370
   100
100
AcDbCircle
 10
213.2647641091007
 20
89.67782623301337
 30
0.0
 40
0.2999999999994713
100
AcDbArc
 50
89.99999999995656
 51
168.6900675258675
  0
LINE
  5
2806
330
1F
100
AcDbEntity
  8
0
 48
10.0
370
   100
100
AcDbLine
 10
212.9705899063941
 20
89.73666107355532
 30
0.0
 11
212.9647641091036
 21
88.87782623301431
 31
0.0
  0
LINE
  5
2807
330
1F
100
AcDbEntity
  8
0
 48
10.0
370
   100
100
AcDbLine
 10
212.9647641091036
 20
88.87782623301431
 30
0.0
 11
212.2676770077817
 21
88.87782623301431
 31
0.0
  0
ARC
  5
2808
330
1F
100
AcDbEntity
  8
0
 48
10.0
370
   100
100
AcDbCircle
 10
212.2676770077817
 20
89.3778262330143
 30
0.0
 40
0.4999999999999858
100
AcDbArc
 50
180.0
 51
270.0
  0
LINE
  5
2809
330
1F
100
AcDbEntity
  8
0
 48
10.0
370
   100
100
AcDbLine
 10
211.7676770077817
 20
89.3778262330143
 30
0.0
 11
211.7676770077817
 21
90.8778262330134
 31
0.0
  0
ARC
  5
280A
330
1F
100
AcDbEntity
  8
0
 48
10.0
370
   100
100
AcDbCircle
 10
212.0676770077812
 20
90.87782623301405
 30
0.0
 40
0.2999999999994998
100
AcDbArc
 50
90.00000000003801
 51
180.0000000001248
  0
LINE
  5
280B
330
1F
100
AcDbEntity
  8
0
 48
10.0
370
   100
100
AcDbLine
 10
212.067677007781
 20
91.17782623301355
 30
0.0
 11
226.767660476686
 21
91.17782623301355
 31
0.0
  0
ARC
  5
280C
330
1F
100
AcDbEntity
  8
0
 48
10.0
370
   100
100
AcDbCircle
 10
226.7676604766863
 20
90.67782623301379
 30
0.0
 40
0.4999999999997585
100
AcDbArc
 50
359.9999999999756
 51
90.00000000002932
  0
LINE
  5
280D
330
1F
100
AcDbEntity
  8
0
 48
10.0
370
   100
100
AcDbLine
 10
227.267660476686
 20
90.67782623301358
 30
0.0
 11
227.2676604767042
 21
54.67780816660073
 31
0.0
  0
ARC
  5
280E
330
1F
100
AcDbEntity
  8
0
 48
10.0
370
   100
100
AcDbCircle
 10
226.9676604767042
 20
54.67780816660007
 30
0.0
 40
0.3000000000000114
100
AcDbArc
 50
209.9999999999789
 51
0.0000000001248474
  0
LINE
  5
280F
330
1F
100
AcDbEntity
  8
0
 48
10.0
370
   100
100
AcDbLine
 10
226.7078528555688
 20
54.52780816660018
 30
0.0
 11
226.0150325325415
 21
55.72780816659999
 31
0.0
  0
ARC
  5
2810
330
1F
100
AcDbEntity
  8
0
 48
10.0
370
   100
100
AcDbCircle
 10
225.7552249114056
 20
55.57780816660022
 30
0.0
 40
0.3000000000003336
100
AcDbArc
 50
29.99999999991276
 51
90.00000000004886
  0
LINE
  5
2811
330
1F
100
AcDbEntity
  8
0
 48
10.0
370
   100
100
AcDbLine
 10
225.7552249114054
 20
55.87780816660054
 30
0.0
 11
222.0676604766944
 21
55.87780816660054
 31
0.0
  0
ARC
  5
2812
330
1F
100
AcDbEntity
  8
0
 48
10.0
370
   100
100
AcDbCircle
 10
222.0676604766949
 20
55.57780816660081
 30
0.0
 40
0.2999999999997413
100
AcDbArc
 50
90.00000000008686
 51
180.0000000000841
  0
LINE
  5
2813
330
1F
100
AcDbEntity
  8
0
 48
10.0
370
   100
100
AcDbLine
 10
221.7676604766951
 20
55.57780816660036
 30
0.0
 11
221.7676604766951
 21
47.47782619974898
 31
0.0
  0
ARC
  5
2814
330
1F
100
AcDbEntity
  8
0
 48
10.0
370
   100
100
AcDbCircle
 10
221.4676604766954
 20
47.47782619974853
 30
0.0
 40
0.2999999999997556
100
AcDbArc
 50
270.0000000000868
 51
0.0000000000841363
  0
LINE
  5
2815
330
1F
100
AcDbEntity
  8
0
 48
10.0
370
   100
100
AcDbLine
 10
221.4676604766958
 20
47.17782619974879
 30
0.0
 11
220.5676604766944
 21
47.17782619974879
 31
0.0
  0
ARC
  5
2816
330
1F
100
AcDbEntity
  8
0
 48
10.0
370
   100
100
AcDbCircle
 10
220.5676604766946
 20
47.4778261997483
 30
0.0
 40
0.299999999999514
100
AcDbArc
 50
179.9999999998724
 51
269.9999999999566
  0
LINE
  5
2817
330
1F
100
AcDbEntity
  8
0
 48
10.0
370
   100
100
AcDbLine
 10
220.2676604766951
 20
47.47782619974898
 30
0.0
 11
220.2676604766951
 21
50.37782625409002
 31
0.0
  0
ARC
  5
2818
330
1F
100
AcDbEntity
  8
0
 48
10.0
370
   100
100
AcDbCircle
 10
219.9676604766954
 20
50.37782625409048
 30
0.0
 40
0.2999999999997271
100
AcDbArc
 50
359.9999999999131
 51
90.00000333045024
  0
LINE
  5
2819
330
1F
100
AcDbEntity
  8
0
 48
10.0
370
   100
100
AcDbLine
 10
219.9676604592572
 20
50.6778262540902
 30
0.0
 11
211.9677031054274
 21
50.67782590555
 31
0.0
  0
ARC
  5
281A
330
1F
100
AcDbEntity
  8
0
 48
10.0
370
   100
100
AcDbCircle
 10
211.9677031233278
 20
50.37782590554909
 30
0.0
 40
0.3000000000009072
100
AcDbArc
 50
90.00000341872278
 51
179.9999999998616
  0
LINE
  5
281B
330
1F
100
AcDbEntity
  8
0
 48
10.0
370
   100
100
AcDbLine
 10
211.6677031233269
 20
50.37782590554982
 30
0.0
 11
211.6677031233269
 21
48.37782613070797
 31
0.0
  0
ARC
  5
281C
330
1F
100
AcDbEntity
  8
0
 48
10.0
370
   100
100
AcDbCircle
 10
211.3677031233263
 20
48.37782613070841
 30
0.0
 40
0.3000000000006082
100
AcDbArc
 50
270.0000034186902
 51
359.9999999999159
  0
LINE
  5
281D
330
1F
100
AcDbEntity
  8
0
 48
10.0
370
   100
100
AcDbLine
 10
211.3677031412265
 20
48.07782613070779
 30
0.0
 11
210.3676604945961
 21
48.07782607103312
 31
0.0
  0
ARC
  5
281E
330
1F
100
AcDbEntity
  8
0
 48
10.0
370
   100
100
AcDbCircle
 10
210.3676604766943
 20
48.37782607103299
 30
0.0
 40
0.2999999999998769
100
AcDbArc
 50
180.0000000000271
 51
270.0000034189941
  0
LINE
  5
281F
330
1F
100
AcDbEntity
  8
0
 48
10.0
370
   100
100
AcDbLine
 10
210.0676604766944
 20
48.37782607103285
 30
0.0
 11
210.0676604766944
 21
50.98830237516453
 31
0.0
  0
ARC
  5
2820
330
1F
100
AcDbEntity
  8
0
 48
10.0
370
   100
100
AcDbCircle
 10
209.7676604766942
 20
50.9883023751637
 30
0.0
 40
0.3000000000002387
100
AcDbArc
 50
0.0000000001587733
 51
73.58063410591173
  0
LINE
  5
2821
330
1F
100
AcDbEntity
  8
0
 48
10.0
370
   100
100
AcDbLine
 10
209.8524601829452
 20
51.27606792178088
 30
0.0
 11
208.0698139306281
 21
51.80138403527873
 31
0.0
  0
ARC
  5
2822
330
1F
100
AcDbEntity
  8
0
 48
10.0
370
   100
100
AcDbCircle
 10
207.9850142243759
 20
51.51361848866182
 30
0.0
 40
0.3000000000003206
100
AcDbArc
 50
73.58063410567884
 51
131.9999999999592
  0
LINE
  5
2823
330
1F
100
AcDbEntity
  8
0
 48
10.0
370
   100
100
AcDbLine
 10
207.7842750424682
 20
51.73656193630542
 30
0.0
 11
207.2217529003886
 21
51.2300647245693
 31
0.0
  0
ARC
  5
2824
330
1F
100
AcDbEntity
  8
0
 48
10.0
370
   100
100
AcDbCircle
 10
207.0210137184805
 20
51.45300817221229
 30
0.0
 40
0.3000000000001151
100
AcDbArc
 50
270.0000000000326
 51
312.0000000000916
  0
LINE
  5
2825
330
1F
100
AcDbEntity
  8
0
 48
10.0
370
   100
100
AcDbLine
 10
207.0210137184807
 20
51.15300817221218
 30
0.0
 11
205.2358706118087
 21
51.15300817221218
 31
0.0
  0
ARC
  5
2826
330
1F
100
AcDbEntity
  8
0
 48
10.0
370
   100
100
AcDbCircle
 10
205.2358706118086
 20
51.45300817221264
 30
0.0
 40
0.3000000000004661
100
AcDbArc
 50
144.7087732959751
 51
270.0000000000271
  0
LINE
  5
2827
330
1F
100
AcDbEntity
  8
0
 48
10.0
370
   100
100
AcDbLine
 10
204.9910027926838
 20
51.62632796668916
 30
0.0
 11
206.572999465034
 21
53.8613875926849
 31
0.0
  0
ARC
  5
2828
330
1F
100
AcDbEntity
  8
0
 48
10.0
370
   100
100
AcDbCircle
 10
206.8178672841587
 20
53.6880677982056
 30
0.0
 40
0.3000000000020487
100
AcDbArc
 50
108.9999999980193
 51
144.7087732955389
  0
LINE
  5
2829
330
1F
100
AcDbEntity
  8
0
 48
10.0
370
   100
100
AcDbLine
 10
206.7201968378307
 20
53.97172337089071
 30
0.0
 11
207.8834443181516
 21
54.37226159942022
 31
0.0
  0
ARC
  5
282A
330
1F
100
AcDbEntity
  8
0
 48
10.0
370
   100
100
AcDbCircle
 10
207.9485579490377
 20
54.18315788429843
 30
0.0
 40
0.200000000000102
100
AcDbArc
 50
358.9999999987341
 51
108.9999999983969
  0
LINE
  5
282B
330
1F
100
AcDbEntity
  8
0
 48
10.0
370
   100
100
AcDbLine
 10
208.1485274880691
 20
54.17966740300656
 30
0.0
 11
208.1451940726295
 21
53.98869616061259
 31
0.0
  0
ARC
  5
282C
330
1F
100
AcDbEntity
  8
0
 48
10.0
370
   100
100
AcDbCircle
 10
208.3451636116592
 20
53.98520567931864
 30
0.0
 40
0.1999999999984733
100
AcDbArc
 50
178.9999999981335
 51
231.0593617130822
  0
LINE
  5
282D
330
1F
100
AcDbEntity
  8
0
 48
10.0
370
   100
100
AcDbLine
 10
208.2194606345295
 20
53.82964616806932
 30
0.0
 11
209.4433643683936
 21
52.84064760514596
 31
0.0
  0
ARC
  5
282E
330
1F
100
AcDbEntity
  8
0
 48
10.0
370
   100
100
AcDbCircle
 10
209.3176614950628
 20
52.68508801001932
 30
0.0
 40
0.1999999999989548
100
AcDbArc
 50
0.3350146285998808
 51
51.05939994444987
  0
ARC
  5
282F
330
1F
100
AcDbEntity
  8
0
 48
10.0
370
   100
100
AcDbCircle
 10
209.8676520337374
 20
52.68831404617576
 30
0.0
 40
0.3500000000007671
100
AcDbArc
 50
180.3366754014509
 51
43.33968207654039
  0
ARC
  5
2830
330
1F
100
AcDbEntity
  8
0
 48
10.0
370
   100
100
AcDbCircle
 10
210.2676599067801
 20
53.06579742512294
 30
0.0
 40
0.2000000000017678
100
AcDbArc
 50
179.9996904388825
 51
223.3421052472066
  0
LINE
  5
2831
330
1F
100
AcDbEntity
  8
0
 48
10.0
370
   100
100
AcDbLine
 10
210.0676599067813
 20
53.06579850569509
 30
0.0
 11
210.0676610466055
 21
57.58830220723033
 31
0.0
  0
ARC
  5
2832
330
1F
100
AcDbEntity
  8
0
 48
10.0
370
   100
100
AcDbCircle
 10
209.8676610466064
 20
57.58830220723107
 30
0.0
 40
0.1999999999990791
100
AcDbArc
 50
359.9999999997883
 51
89.99999999991857
  0
LINE
  5
2833
330
1F
100
AcDbEntity
  8
0
 48
10.0
370
   100
100
AcDbLine
 10
209.8676610466067
 20
57.78830220723015
 30
0.0
 11
209.7997723034353
 21
57.78830220723015
 31
0.0
  0
ARC
  5
2834
330
1F
100
AcDbEntity
  8
0
 48
10.0
370
   100
100
AcDbCircle
 10
209.7997723034354
 20
57.48830220722904
 30
0.0
 40
0.3000000000010985
100
AcDbArc
 50
90.00000000002172
 51
121.3801319349596
  0
LINE
  5
2835
330
1F
100
AcDbEntity
  8
0
 48
10.0
370
   100
100
AcDbLine
 10
209.6435582172674
 20
57.74442163109873
 30
0.0
 11
207.9620349990312
 21
56.71881565034894
 31
0.0
  0
ARC
  5
2836
330
1F
100
AcDbEntity
  8
0
 48
10.0
370
   100
100
AcDbCircle
 10
207.7676610466766
 20
56.76591943630283
 30
0.0
 40
0.200000000012787
100
AcDbArc
 50
179.9999999985832
 51
346.3777861283523
  0
LINE
  5
2837
330
1F
100
AcDbEntity
  8
0
 48
10.0
370
   100
100
AcDbLine
 10
207.5676610466638
 20
56.76591943630778
 30
0.0
 11
207.5676610466056
 21
60.48973307118925
 31
0.0
  0
ARC
  5
2838
330
1F
100
AcDbEntity
  8
0
 48
10.0
370
   100
100
AcDbCircle
 10
207.7676610466481
 20
60.48973307119471
 30
0.0
 40
0.2000000000425359
100
AcDbArc
 50
13.62221387211012
 51
180.0000000015653
  0
LINE
  5
2839
330
1F
100
AcDbEntity
  8
0
 48
10.0
370
   100
100
AcDbLine
 10
207.9620349990312
 20
60.53683685715718
 30
0.0
 11
209.6435582172674
 21
59.51123087640738
 31
0.0
  0
ARC
  5
283A
330
1F
100
AcDbEntity
  8
0
 48
10.0
370
   100
100
AcDbCircle
 10
209.7997723034354
 20
59.76735030027707
 30
0.0
 40
0.3000000000010886
100
AcDbArc
 50
238.6198680650403
 51
269.9999999999783
  0
LINE
  5
283B
330
1F
100
AcDbEntity
  8
0
 48
10.0
370
   100
100
AcDbLine
 10
209.7997723034353
 20
59.46735030027596
 30
0.0
 11
209.8676610466067
 21
59.46735030027506
 31
0.0
  0
ARC
  5
283C
330
1F
100
AcDbEntity
  8
0
 48
10.0
370
   100
100
AcDbCircle
 10
209.8676610466067
 20
59.66735030027578
 30
0.0
 40
0.2000000000007276
100
AcDbArc
 50
270.0
 51
0.0
  0
LINE
  5
283D
330
1F
100
AcDbEntity
  8
0
 48
10.0
370
   100
100
AcDbLine
 10
210.0676610466074
 20
59.66735030027578
 30
0.0
 11
210.0676599067813
 21
64.18985400180194
 31
0.0
  0
ARC
  5
283E
330
1F
100
AcDbEntity
  8
0
 48
10.0
370
   100
100
AcDbCircle
 10
210.2676599067801
 20
64.18985508237408
 30
0.0
 40
0.2000000000017424
100
AcDbArc
 50
136.6578947527893
 51
180.0003095611175
  0
ARC
  5
283F
330
1F
100
AcDbEntity
  8
0
 48
10.0
370
   100
100
AcDbCircle
 10
209.8676520337376
 20
64.56733846132164
 30
0.0
 40
0.350000000000904
100
AcDbArc
 50
316.660317923398
 51
179.6633245984631
  0
ARC
  5
2840
330
1F
100
AcDbEntity
  8
0
 48
10.0
370
   100
100
AcDbCircle
 10
209.3176614950611
 20
64.57056449747849
 30
0.0
 40
0.2000000000006034
100
AcDbArc
 50
308.9406000557754
 51
359.6649853714375
  0
LINE
  5
2841
330
1F
100
AcDbEntity
  8
0
 48
10.0
370
   100
100
AcDbLine
 10
209.4433643683936
 20
64.41500490235106
 30
0.0
 11
208.2194606345295
 21
63.4260063394286
 31
0.0
  0
ARC
  5
2842
330
1F
100
AcDbEntity
  8
0
 48
10.0
370
   100
100
AcDbCircle
 10
208.3451636116608
 20
63.27044682817849
 30
0.0
 40
0.200000000000121
100
AcDbArc
 50
128.9406382871431
 51
181.0000000018908
  0
LINE
  5
2843
330
1F
100
AcDbEntity
  8
0
 48
10.0
370
   100
100
AcDbLine
 10
208.1451940726295
 20
63.26695634688443
 30
0.0
 11
208.1485274880691
 21
63.07598510449135
 31
0.0
  0
ARC
  5
2844
330
1F
100
AcDbEntity
  8
0
 48
10.0
370
   100
100
AcDbCircle
 10
207.9485579490376
 20
63.07249462319888
 30
0.0
 40
0.2000000000003232
100
AcDbArc
 50
251.000000001686
 51
1.000000001435851
  0
LINE
  5
2845
330
1F
100
AcDbEntity
  8
0
 48
10.0
370
   100
100
AcDbLine
 10
207.8834443181516
 20
62.88339090807679
 30
0.0
 11
206.7201968378307
 21
63.28392913660628
 31
0.0
  0
ARC
  5
2846
330
1F
100
AcDbEntity
  8
0
 48
10.0
370
   100
100
AcDbCircle
 10
206.8178672841587
 20
63.5675847092914
 30
0.0
 40
0.3000000000020536
100
AcDbArc
 50
215.2912267044611
 51
251.0000000019806
  0
LINE
  5
2847
330
1F
100
AcDbEntity
  8
0
 48
10.0
370
   100
100
AcDbLine
 10
206.572999465034
 20
63.3942649148121
 30
0.0
 11
204.9910027926838
 21
65.62932454080875
 31
0.0
  0
ARC
  5
2848
330
1F
100
AcDbEntity
  8
0
 48
10.0
370
   100
100
AcDbCircle
 10
205.2358706118085
 20
65.80264433528474
 30
0.0
 40
0.3000000000001357
100
AcDbArc
 50
89.99999999996743
 51
215.2912267039449
  0
LINE
  5
2849
330
1F
100
AcDbEntity
  8
0
 48
10.0
370
   100
100
AcDbLine
 10
205.2358706118087
 20
66.10264433528485
 30
0.0
 11
207.0210137184807
 21
66.10264433528485
 31
0.0
  0
ARC
  5
284A
330
1F
100
AcDbEntity
  8
0
 48
10.0
370
   100
100
AcDbCircle
 10
207.0210137184805
 20
65.80264433528474
 30
0.0
 40
0.3000000000001108
100
AcDbArc
 50
47.99999999990752
 51
89.99999999996743
  0
LINE
  5
284B
330
1F
100
AcDbEntity
  8
0
 48
10.0
370
   100
100
AcDbLine
 10
207.2217529003886
 20
66.02558778292771
 30
0.0
 11
207.7842750424682
 21
65.51909057119158
 31
0.0
  0
ARC
  5
284C
330
1F
100
AcDbEntity
  8
0
 48
10.0
370
   100
100
AcDbCircle
 10
207.9850142243759
 20
65.74203401883519
 30
0.0
 40
0.3000000000003273
100
AcDbArc
 50
228.0000000000399
 51
286.4193658943216
  0
LINE
  5
284D
330
1F
100
AcDbEntity
  8
0
 48
10.0
370
   100
100
AcDbLine
 10
208.0698139306281
 20
65.45426847221827
 30
0.0
 11
210.0545545794651
 21
66.03913843315061
 31
0.0
  0
ARC
  5
284E
330
1F
100
AcDbEntity
  8
0
 48
10.0
370
   100
100
AcDbCircle
 10
209.9697548732116
 20
66.32690397976519
 30
0.0
 40
0.2999999999984639
100
AcDbArc
 50
286.4193658946973
 51
311.542617942397
  0
ARC
  5
284F
330
1F
100
AcDbEntity
  8
0
 48
10.0
370
   100
100
AcDbCircle
 10
210.3676610466055
 20
65.8778263949592
 30
0.0
 40
0.3000000000017247
100
AcDbArc
 50
89.99999658101128
 51
131.5426179416195
  0
LINE
  5
2850
330
1F
100
AcDbEntity
  8
0
 48
10.0
370
   100
100
AcDbLine
 10
210.3676610645073
 20
66.17782639496093
 30
0.0
 11
211.3677031408573
 21
66.1778263365168
 31
0.0
  0
ARC
  5
2851
330
1F
100
AcDbEntity
  8
0
 48
10.0
370
   100
100
AcDbCircle
 10
211.3677031233272
 20
65.87782633651706
 30
0.0
 40
0.2999999999997418
100
AcDbArc
 50
359.9999509744558
 51
89.99999665200599
  0
LINE
  5
2852
330
1F
100
AcDbEntity
  8
0
 48
10.0
370
   100
100
AcDbLine
 10
211.6677031233269
 20
65.87782607981991
 30
0.0
 11
221.7676604766969
 21
65.87782607981991
 31
0.0
  0
ARC
  5
2853
330
1F
100
AcDbEntity
  8
0
 48
10.0
370
   100
100
AcDbCircle
 10
221.7676604766962
 20
66.1778260798199
 30
0.0
 40
0.2999999999999829
100
AcDbArc
 50
270.0000000001303
 51
0.0000000000407111
  0
LINE
  5
2854
330
1F
100
AcDbEntity
  8
0
 48
10.0
370
   100
100
AcDbLine
 10
222.0676604766962
 20
66.17782607982011
 30
0.0
 11
222.0676604766962
 21
66.47782607982029
 31
0.0
  0
ARC
  5
2855
330
1F
100
AcDbEntity
  8
0
 48
10.0
370
   100
100
AcDbCircle
 10
222.5676604766962
 20
66.47782607982029
 30
0.0
 40
0.5
100
AcDbArc
 50
90.0
 51
180.0
  0
ARC
  5
2856
330
1F
100
AcDbEntity
  8
0
 48
10.0
370
   100
100
AcDbCircle
 10
218.6676604767396
 20
52.47782631034774
 30
0.0
 40
0.1999999999994701
100
AcDbArc
 50
270.000002296676
 51
0.0000000000997422
  0
LINE
  5
2857
330
1F
100
AcDbEntity
  8
0
 48
10.0
370
   100
100
AcDbLine
 10
218.8676604767391
 20
52.47782631034809
 30
0.0
 11
218.8676604767391
 21
53.57782631836474
 31
0.0
  0
ARC
  5
2858
330
1F
100
AcDbEntity
  8
0
 48
10.0
370
   100
100
AcDbCircle
 10
219.1676604767388
 20
53.57782631836517
 30
0.0
 40
0.2999999999997556
100
AcDbArc
 50
90.00000000008141
 51
180.0000000000814
  0
LINE
  5
2859
330
1F
100
AcDbEntity
  8
0
 48
10.0
370
   100
100
AcDbLine
 10
219.1676604767384
 20
53.87782631836492
 30
0.0
 11
219.967660476694
 21
53.87782631836492
 31
0.0
  0
ARC
  5
285A
330
1F
100
AcDbEntity
  8
0
 48
10.0
370
   100
100
AcDbCircle
 10
219.9676604766945
 20
54.17782631836558
 30
0.0
 40
0.3000000000006509
100
AcDbArc
 50
269.9999999999131
 51
359.9999999999091
  0
LINE
  5
285B
330
1F
100
AcDbEntity
  8
0
 48
10.0
370
   100
100
AcDbLine
 10
220.2676604766951
 20
54.1778263183651
 30
0.0
 11
220.2676604766951
 21
56.4778081666
 31
0.0
  0
ARC
  5
285C
330
1F
100
AcDbEntity
  8
0
 48
10.0
370
   100
100
AcDbCircle
 10
221.2676604766951
 20
56.4778081666
 30
0.0
 40
1.0
100
AcDbArc
 50
90.0
 51
180.0
  0
LINE
  5
285D
330
1F
100
AcDbEntity
  8
0
 48
10.0
370
   100
100
AcDbLine
 10
221.2676604766951
 20
57.4778081666
 30
0.0
 11
225.3676604767027
 21
57.47780816660045
 31
0.0
  0
ARC
  5
285E
330
1F
100
AcDbEntity
  8
0
 48
10.0
370
   100
100
AcDbCircle
 10
225.3676604767027
 20
57.77780816659974
 30
0.0
 40
0.2999999999992866
100
AcDbArc
 50
269.9999999999945
 51
0.0000000000841363
  0
LINE
  5
285F
330
1F
100
AcDbEntity
  8
0
 48
10.0
370
   100
100
AcDbLine
 10
225.667660476702
 20
57.77780816660018
 30
0.0
 11
225.6676604766984
 21
63.97782630329222
 31
0.0
  0
ARC
  5
2860
330
1F
100
AcDbEntity
  8
0
 48
10.0
370
   100
100
AcDbCircle
 10
225.3676604766991
 20
63.97782630329305
 30
0.0
 40
0.2999999999993577
100
AcDbArc
 50
359.9999999998426
 51
89.99999999998914
  0
LINE
  5
2861
330
1F
100
AcDbEntity
  8
0
 48
10.0
370
   100
100
AcDbLine
 10
225.3676604766991
 20
64.27782630329241
 30
0.0
 11
220.5676605166539
 21
64.27782630329196
 31
0.0
  0
ARC
  5
2862
330
1F
100
AcDbEntity
  8
0
 48
10.0
370
   100
100
AcDbCircle
 10
220.5676605166546
 20
64.07782630329236
 30
0.0
 40
0.1999999999995907
100
AcDbArc
 50
90.00000000020355
 51
180.0000000001954
  0
LINE
  5
2863
330
1F
100
AcDbEntity
  8
0
 48
10.0
370
   100
100
AcDbLine
 10
220.367660516655
 20
64.07782630329169
 30
0.0
 11
220.367660516655
 21
63.0778264020587
 31
0.0
  0
ARC
  5
2864
330
1F
100
AcDbEntity
  8
0
 48
10.0
370
   100
100
AcDbCircle
 10
220.0676605166541
 20
63.07782640205984
 30
0.0
 40
0.300000000000864
100
AcDbArc
 50
269.9999965686839
 51
359.9999999997828
  0
LINE
  5
2865
330
1F
100
AcDbEntity
  8
0
 48
10.0
370
   100
100
AcDbLine
 10
220.0676604986878
 20
62.77782640205899
 30
0.0
 11
219.1676604588431
 21
62.77782645595564
 31
0.0
  0
ARC
  5
2866
330
1F
100
AcDbEntity
  8
0
 48
10.0
370
   100
100
AcDbCircle
 10
219.167660476741
 20
63.0778264559576
 30
0.0
 40
0.3000000000019588
100
AcDbArc
 50
180.0000000003379
 51
269.999996581744
  0
LINE
  5
2867
330
1F
100
AcDbEntity
  8
0
 48
10.0
370
   100
100
AcDbLine
 10
218.8676604767391
 20
63.07782645595583
 30
0.0
 11
218.8676604767391
 21
64.07782621363279
 31
0.0
  0
ARC
  5
2868
330
1F
100
AcDbEntity
  8
0
 48
10.0
370
   100
100
AcDbCircle
 10
218.6676604767386
 20
64.07782621363167
 30
0.0
 40
0.2000000000004718
100
AcDbArc
 50
0.0000000003216177
 51
89.99999668690625
  0
LINE
  5
2869
330
1F
100
AcDbEntity
  8
0
 48
10.0
370
   100
100
AcDbLine
 10
218.6676604883035
 20
64.27782621363213
 30
0.0
 11
211.8676604882588
 21
64.27782660686265
 31
0.0
  0
ARC
  5
286A
330
1F
100
AcDbEntity
  8
0
 48
10.0
370
   100
100
AcDbCircle
 10
211.867660476693
 20
64.07782660686262
 30
0.0
 40
0.2000000000000316
100
AcDbArc
 50
89.99999668662942
 51
179.9999999999389
  0
LINE
  5
286B
330
1F
100
AcDbEntity
  8
0
 48
10.0
370
   100
100
AcDbLine
 10
211.6676604766929
 20
64.07782660686283
 30
0.0
 11
211.6676604766947
 21
52.47782603778525
 31
0.0
  0
ARC
  5
286C
330
1F
100
AcDbEntity
  8
0
 48
10.0
370
   100
100
AcDbCircle
 10
211.867660476695
 20
52.47782603778535
 30
0.0
 40
0.2000000000003297
100
AcDbArc
 50
180.0000000000285
 51
270.0000022966027
  0
LINE
  5
286D
330
1F
100
AcDbEntity
  8
0
 48
10.0
370
   100
100
AcDbLine
 10
211.8676604847117
 20
52.277826037785
 30
0.0
 11
218.6676604847565
 21
52.27782631034827
 31
0.0
  0
ARC
  5
286E
330
1F
100
AcDbEntity
  8
0
 62
     8
370
   100
100
AcDbCircle
 10
191.3177604768464
 20
41.22782623301904
 30
0.0
 40
0.3000000000005727
100
AcDbArc
 50
90.00000000007601
 51
180.0000000000977
  0
LINE
  5
286F
330
1F
100
AcDbEntity
  8
0
 62
     8
370
   100
100
AcDbLine
 10
191.0177604768459
 20
41.22782623301853
 30
0.0
 11
191.0177604768468
 21
40.87782623302135
 31
0.0
  0
ARC
  5
2870
330
1F
100
AcDbEntity
  8
0
 62
     8
370
   100
100
AcDbCircle
 10
190.5177604768462
 20
40.87782623302106
 30
0.0
 40
0.5000000000006253
100
AcDbArc
 50
270.0000000000716
 51
0.0000000000325689
  0
LINE
  5
2871
330
1F
100
AcDbEntity
  8
0
 62
     8
370
   100
100
AcDbLine
 10
190.5177604768468
 20
40.37782623302043
 30
0.0
 11
189.0177604768609
 21
40.37782623302043
 31
0.0
  0
ARC
  5
2872
330
1F
100
AcDbEntity
  8
0
 62
     8
370
   100
100
AcDbCircle
 10
189.0177604768609
 20
40.87782623301997
 30
0.0
 40
0.4999999999995382
100
AcDbArc
 50
180.000000000311
 51
270.0
  0
LINE
  5
2873
330
1F
100
AcDbEntity
  8
0
 62
     8
370
   100
100
AcDbLine
 10
188.5177604768614
 20
40.87782623301726
 30
0.0
 11
188.5177604768309
 21
46.3175729996822
 31
0.0
  0
ARC
  5
2874
330
1F
100
AcDbEntity
  8
0
 62
     8
370
   100
100
AcDbCircle
 10
188.8177604768308
 20
46.31757299968284
 30
0.0
 40
0.2999999999998977
100
AcDbArc
 50
109.9999999999506
 51
180.0000000001207
  0
LINE
  5
2875
330
1F
100
AcDbEntity
  8
0
 62
     8
370
   100
100
AcDbLine
 10
188.7151544338334
 20
46.5994807859186
 30
0.0
 11
190.6151544338513
 21
47.29102423103065
 31
0.0
  0
ARC
  5
2876
330
1F
100
AcDbEntity
  8
0
 62
     8
370
   100
100
AcDbCircle
 10
190.717760476849
 20
47.00911644479472
 30
0.0
 40
0.3000000000001273
100
AcDbArc
 50
359.9999999998263
 51
109.9999999999808
  0
LINE
  5
2877
330
1F
100
AcDbEntity
  8
0
 62
     8
370
   100
100
AcDbLine
 10
191.0177604768491
 20
47.00911644479382
 30
0.0
 11
191.0177604768454
 21
45.82782623302025
 31
0.0
  0
ARC
  5
2878
330
1F
100
AcDbEntity
  8
0
 62
     8
370
   100
100
AcDbCircle
 10
191.3177604768451
 20
45.8278262330198
 30
0.0
 40
0.2999999999997271
100
AcDbArc
 50
179.9999999999158
 51
270.0000000001791
  0
LINE
  5
2879
330
1F
100
AcDbEntity
  8
0
 62
     8
370
   100
100
AcDbLine
 10
191.3177604768461
 20
45.52782623302007
 30
0.0
 11
191.7177604768475
 21
45.52782623302007
 31
0.0
  0
ARC
  5
287A
330
1F
100
AcDbEntity
  8
0
 62
     8
370
   100
100
AcDbCircle
 10
191.7177604768474
 20
46.02782623302013
 30
0.0
 40
0.5000000000000711
100
AcDbArc
 50
270.0000000000033
 51
359.5129314752003
  0
LINE
  5
287B
330
1F
100
AcDbEntity
  8
0
 62
     8
370
   100
100
AcDbLine
 10
192.2177424104209
 20
46.02357580949389
 30
0.0
 11
192.2177424104215
 21
47.72782619974512
 31
0.0
  0
ARC
  5
287C
330
1F
100
AcDbEntity
  8
0
 62
     8
370
   100
100
AcDbCircle
 10
192.5177424104215
 20
47.72782619974524
 30
0.0
 40
0.3000000000000398
100
AcDbArc
 50
90.00000000006513
 51
180.000000000023
  0
LINE
  5
287D
330
1F
100
AcDbEntity
  8
0
 62
     8
370
   100
100
AcDbLine
 10
192.5177424104212
 20
48.02782619974529
 30
0.0
 11
200.7007786939539
 21
48.02782619974529
 31
0.0
  0
ARC
  5
287E
330
1F
100
AcDbEntity
  8
0
 62
     8
370
   100
100
AcDbCircle
 10
200.7007786939543
 20
49.02782619974398
 30
0.0
 40
0.9999999999986854
100
AcDbArc
 50
269.9999999999772
 51
320.000000000049
  0
LINE
  5
287F
330
1F
100
AcDbEntity
  8
0
 62
     8
370
   100
100
AcDbLine
 10
201.4668231370728
 20
48.38503859005894
 30
0.0
 11
206.365883285689
 21
54.22351112250661
 31
0.0
  0
ARC
  5
2880
330
1F
100
AcDbEntity
  8
0
 62
     8
370
   100
100
AcDbCircle
 10
206.5956966186264
 20
54.03067483959938
 30
0.0
 40
0.3000000000020937
100
AcDbArc
 50
90.00000000731171
 51
140.0000000000211
  0
LINE
  5
2881
330
1F
100
AcDbEntity
  8
0
 62
     8
370
   100
100
AcDbLine
 10
206.5956966185881
 20
54.33067483960147
 30
0.0
 11
207.4612719847827
 21
54.33067483970696
 31
0.0
  0
ARC
  5
2882
330
1F
100
AcDbEntity
  8
0
 62
     8
370
   100
100
AcDbCircle
 10
207.4612719847833
 20
53.53062644075588
 30
0.0
 40
0.8000483989510769
100
AcDbArc
 50
60.0003039845378
 51
90.00000000004275
  0
LINE
  5
2883
330
1F
100
AcDbEntity
  8
0
 62
     8
370
   100
100
AcDbLine
 10
207.8612925082511
 20
54.22349080083566
 30
0.0
 11
209.3613056031267
 21
53.357468447721
 31
0.0
  0
ARC
  5
2884
330
1F
100
AcDbEntity
  8
0
 62
     8
370
   100
100
AcDbCircle
 10
209.4613046841916
 20
53.53067405902295
 30
0.0
 40
0.2000000000007666
100
AcDbArc
 50
240.0003039809427
 51
269.9999999998046
  0
LINE
  5
2885
330
1F
100
AcDbEntity
  8
0
 62
     8
370
   100
100
AcDbLine
 10
209.4613046841909
 20
53.33067405902219
 30
0.0
 11
209.6676178301049
 21
53.33067405902219
 31
0.0
  0
ARC
  5
2886
330
1F
100
AcDbEntity
  8
0
 62
     8
370
   100
100
AcDbCircle
 10
209.6676178301053
 20
53.73067405902188
 30
0.0
 40
0.399999999999693
100
AcDbArc
 50
269.999999999943
 51
0.0000000000580133
  0
LINE
  5
2887
330
1F
100
AcDbEntity
  8
0
 62
     8
370
   100
100
AcDbLine
 10
210.067617830105
 20
53.73067405902228
 30
0.0
 11
210.067617830105
 21
57.13067493097722
 31
0.0
  0
ARC
  5
2888
330
1F
100
AcDbEntity
  8
0
 62
     8
370
   100
100
AcDbCircle
 10
209.667617830105
 20
57.13067493097735
 30
0.0
 40
0.3999999999999772
100
AcDbArc
 50
359.9999999999817
 51
89.99999999994708
  0
LINE
  5
2889
330
1F
100
AcDbEntity
  8
0
 62
     8
370
   100
100
AcDbLine
 10
209.6676178301054
 20
57.53067493097731
 30
0.0
 11
209.46130468419
 21
57.53067493097685
 31
0.0
  0
ARC
  5
288A
330
1F
100
AcDbEntity
  8
0
 62
     8
370
   100
100
AcDbCircle
 10
209.4613046841891
 20
57.33067493097999
 30
0.0
 40
0.1999999999968551
100
AcDbArc
 50
89.99999999975573
 51
119.9996960157072
  0
LINE
  5
288B
330
1F
100
AcDbEntity
  8
0
 62
     8
370
   100
100
AcDbLine
 10
209.3613056031363
 20
57.50388054228441
 30
0.0
 11
207.8612695454534
 21
56.63784493187066
 31
0.0
  0
ARC
  5
288C
330
1F
100
AcDbEntity
  8
0
 62
     8
370
   100
100
AcDbCircle
 10
207.4612732212377
 20
57.33066737710119
 30
0.0
 40
0.8000000000007858
100
AcDbArc
 50
270.0000000000244
 51
299.9996960155154
  0
LINE
  5
288D
330
1F
100
AcDbEntity
  8
0
 62
     8
370
   100
100
AcDbLine
 10
207.4612732212381
 20
56.5306673771004
 30
0.0
 11
205.7656881406773
 21
56.53066737709995
 31
0.0
  0
ARC
  5
288E
330
1F
100
AcDbEntity
  8
0
 62
     8
370
   100
100
AcDbCircle
 10
205.7656881406769
 20
55.53066737710129
 30
0.0
 40
0.999999999998657
100
AcDbArc
 50
89.99999999997882
 51
140.0000000000499
  0
LINE
  5
288F
330
1F
100
AcDbEntity
  8
0
 62
     8
370
   100
100
AcDbLine
 10
204.9996436975584
 20
56.17345498678631
 30
0.0
 11
203.8011049745068
 21
54.74509215772675
 31
0.0
  0
ARC
  5
2890
330
1F
100
AcDbEntity
  8
0
 62
     8
370
   100
100
AcDbCircle
 10
202.2690160882688
 20
56.03066737710029
 30
0.0
 40
2.000000000000326
100
AcDbArc
 50
270.0000000000033
 51
319.9999999999909
  0
LINE
  5
2891
330
1F
100
AcDbEntity
  8
0
 62
     8
370
   100
100
AcDbLine
 10
202.2690160882689
 20
54.03066737709995
 30
0.0
 11
177.8663143684147
 21
54.03066737709995
 31
0.0
  0
ARC
  5
2892
330
1F
100
AcDbEntity
  8
0
 62
     8
370
   100
100
AcDbCircle
 10
177.8663143684144
 20
56.03066737709936
 30
0.0
 40
1.99999999999941
100
AcDbArc
 50
219.9999999999968
 51
270.000000000009
  0
LINE
  5
2893
330
1F
100
AcDbEntity
  8
0
 62
     8
370
   100
100
AcDbLine
 10
176.3342254821768
 20
54.74509215772675
 30
0.0
 11
175.1356867591252
 21
56.17345498678631
 31
0.0
  0
ARC
  5
2894
330
1F
100
AcDbEntity
  8
0
 62
     8
370
   100
100
AcDbCircle
 10
174.3696423160055
 20
55.53066737709886
 30
0.0
 40
1.000000000001104
100
AcDbArc
 50
40.0000000000152
 51
89.99999999993324
  0
LINE
  5
2895
330
1F
100
AcDbEntity
  8
0
 62
     8
370
   100
100
AcDbLine
 10
174.3696423160067
 20
56.53066737709995
 30
0.0
 11
172.6740572354455
 21
56.5306673771004
 31
0.0
  0
ARC
  5
2896
330
1F
100
AcDbEntity
  8
0
 62
     8
370
   100
100
AcDbCircle
 10
172.674057235446
 20
57.3306673771005
 30
0.0
 40
0.8000000000001037
100
AcDbArc
 50
240.0003039844705
 51
269.9999999999613
  0
LINE
  5
2897
330
1F
100
AcDbEntity
  8
0
 62
     8
370
   100
100
AcDbLine
 10
172.2740609112306
 20
56.63784493187066
 30
0.0
 11
170.7740248535478
 21
57.50388054228441
 31
0.0
  0
ARC
  5
2898
330
1F
100
AcDbEntity
  8
0
 62
     8
370
   100
100
AcDbCircle
 10
170.6740257724937
 20
57.33067493097504
 30
0.0
 40
0.200000000001805
100
AcDbArc
 50
60.00030398467778
 51
90.00000000002442
  0
LINE
  5
2899
330
1F
100
AcDbEntity
  8
0
 62
     8
370
   100
100
AcDbLine
 10
170.6740257724936
 20
57.53067493097685
 30
0.0
 11
170.4677126265787
 21
57.53067493097685
 31
0.0
  0
ARC
  5
289A
330
1F
100
AcDbEntity
  8
0
 62
     8
370
   100
100
AcDbCircle
 10
170.4677126265782
 20
57.13067493097728
 30
0.0
 40
0.3999999999995722
100
AcDbArc
 50
89.99999999992672
 51
180.0000000000081
  0
LINE
  5
289B
330
1F
100
AcDbEntity
  8
0
 62
     8
370
   100
100
AcDbLine
 10
170.0677126265786
 20
57.13067493097722
 30
0.0
 11
170.0677126265786
 21
53.53067493097686
 31
0.0
  0
LINE
  5
289C
330
1F
100
AcDbEntity
  8
0
 62
     8
370
   100
100
AcDbLine
 10
170.0677126265786
 20
53.53067493097686
 30
0.0
 11
170.1677604767227
 21
53.53067493097686
 31
0.0
  0
LINE
  5
289D
330
1F
100
AcDbEntity
  8
0
 62
     8
370
   100
100
AcDbLine
 10
170.1677604767227
 20
53.53067493097686
 30
0.0
 11
170.1677604767227
 21
45.43049888529483
 31
0.0
  0
LINE
  5
289E
330
1F
100
AcDbEntity
  8
0
 62
     8
370
   100
100
AcDbLine
 10
170.1677604767227
 20
45.43049888529483
 30
0.0
 11
170.067712626579
 21
45.43049888529483
 31
0.0
  0
LINE
  5
289F
330
1F
100
AcDbEntity
  8
0
 62
     8
370
   100
100
AcDbLine
 10
170.067712626579
 20
45.43049888529483
 30
0.0
 11
170.0677126265795
 21
41.83049888529493
 31
0.0
  0
ARC
  5
28A0
330
1F
100
AcDbEntity
  8
0
 62
     8
370
   100
100
AcDbCircle
 10
170.467712626579
 20
41.83049888529483
 30
0.0
 40
0.3999999999995509
100
AcDbArc
 50
179.9999999999857
 51
269.9999999999512
  0
LINE
  5
28A1
330
1F
100
AcDbEntity
  8
0
 62
     8
370
   100
100
AcDbLine
 10
170.4677126265787
 20
41.43049888529529
 30
0.0
 11
170.6740257724927
 21
41.43049888529529
 31
0.0
  0
ARC
  5
28A2
330
1F
100
AcDbEntity
  8
0
 62
     8
370
   100
100
AcDbCircle
 10
170.6740257724927
 20
41.63049888529711
 30
0.0
 40
0.2000000000018147
100
AcDbArc
 50
269.9999999999755
 51
299.9996960153222
  0
LINE
  5
28A3
330
1F
100
AcDbEntity
  8
0
 62
     8
370
   100
100
AcDbLine
 10
170.7740248535469
 20
41.45729327398774
 30
0.0
 11
172.274037948433
 21
42.32331562710878
 31
0.0
  0
ARC
  5
28A4
330
1F
100
AcDbEntity
  8
0
 62
     8
370
   100
100
AcDbCircle
 10
172.6740584719011
 20
41.63045126702767
 30
0.0
 40
0.8000483989523941
100
AcDbArc
 50
89.99999999998371
 51
119.9996960154337
  0
LINE
  5
28A5
330
1F
100
AcDbEntity
  8
0
 62
     8
370
   100
100
AcDbLine
 10
172.6740584719013
 20
42.43049966598007
 30
0.0
 11
173.5365370608387
 21
42.43049966587503
 31
0.0
  0
ARC
  5
28A6
330
1F
100
AcDbEntity
  8
0
 62
     8
370
   100
100
AcDbCircle
 10
173.5365370608019
 20
42.13049966587635
 30
0.0
 40
0.2999999999986755
100
AcDbArc
 50
39.03223765494259
 51
89.99999999297056
  0
LINE
  5
28A7
330
1F
100
AcDbEntity
  8
0
 62
     8
370
   100
100
AcDbLine
 10
173.7695745855957
 20
42.31942693240287
 30
0.0
 11
175.8211142760069
 21
39.78889896649233
 31
0.0
  0
ARC
  5
28A8
330
1F
100
AcDbEntity
  8
0
 62
     8
370
   100
100
AcDbCircle
 10
176.0541518008016
 20
39.97782623302082
 30
0.0
 40
0.3000000000006567
100
AcDbArc
 50
219.0322376551239
 51
269.9999999999186
  0
LINE
  5
28A9
330
1F
100
AcDbEntity
  8
0
 62
     8
370
   100
100
AcDbLine
 10
176.0541518008012
 20
39.67782623302017
 30
0.0
 11
176.7261524987693
 21
39.67782623302017
 31
0.0
  0
ARC
  5
28AA
330
1F
100
AcDbEntity
  8
0
 62
     8
370
   100
100
AcDbCircle
 10
176.7261524987686
 20
39.37782623326827
 30
0.0
 40
0.299999999751904
100
AcDbArc
 50
9.594068206809629
 51
89.99999999987515
  0
ARC
  5
28AB
330
1F
100
AcDbEntity
  8
0
 62
     8
370
   100
100
AcDbCircle
 10
177.3177604768696
 20
39.47782623302042
 30
0.0
 40
0.300000000000697
100
AcDbArc
 50
189.5940682068909
 51
269.9999999999512
  0
LINE
  5
28AC
330
1F
100
AcDbEntity
  8
0
 62
     8
370
   100
100
AcDbLine
 10
177.3177604768693
 20
39.17782623301972
 30
0.0
 11
191.7177604768475
 21
39.17782623302063
 31
0.0
  0
ARC
  5
28AD
330
1F
100
AcDbEntity
  8
0
 62
     8
370
   100
100
AcDbCircle
 10
191.7177604768476
 20
39.67782623302007
 30
0.0
 40
0.4999999999994387
100
AcDbArc
 50
269.999999999987
 51
0.0000000000626951
  0
LINE
  5
28AE
330
1F
100
AcDbEntity
  8
0
 62
     8
370
   100
100
AcDbLine
 10
192.2177604768471
 20
39.67782623302062
 30
0.0
 11
192.2177604768475
 21
41.02782623302007
 31
0.0
  0
ARC
  5
28AF
330
1F
100
AcDbEntity
  8
0
 62
     8
370
   100
100
AcDbCircle
 10
191.7177604768471
 20
41.02782623302018
 30
0.0
 40
0.5000000000003411
100
AcDbArc
 50
359.999999999987
 51
89.99999999996092
  0
LINE
  5
28B0
330
1F
100
AcDbEntity
  8
0
 62
     8
370
   100
100
AcDbLine
 10
191.7177604768475
 20
41.52782623302052
 30
0.0
 11
191.3177604768461
 21
41.52782623301962
 31
0.0
  0
LINE
  5
28B1
330
1F
100
AcDbEntity
  8
0
 62
     8
370
   100
100
AcDbLine
 10
177.8663143684147
 20
52.43066737710003
 30
0.0
 11
180.0177604768004
 21
52.43066737710003
 31
0.0
  0
ARC
  5
28B2
330
1F
100
AcDbEntity
  8
0
 62
     8
370
   100
100
AcDbCircle
 10
180.0177604767992
 20
52.13066737710041
 30
0.0
 40
0.2999999999996206
100
AcDbArc
 50
0.0000000002429096
 51
89.9999999997666
  0
LINE
  5
28B3
330
1F
100
AcDbEntity
  8
0
 62
     8
370
   100
100
AcDbLine
 10
180.3177604767988
 20
52.13066737710168
 30
0.0
 11
180.3177604768602
 21
41.07782623302208
 31
0.0
  0
ARC
  5
28B4
330
1F
100
AcDbEntity
  8
0
 62
     8
370
   100
100
AcDbCircle
 10
180.01776047686
 20
41.07782623302026
 30
0.0
 40
0.3000000000001819
100
AcDbArc
 50
270.0
 51
0.0000000003474014
  0
LINE
  5
28B5
330
1F
100
AcDbEntity
  8
0
 62
     8
370
   100
100
AcDbLine
 10
180.01776047686
 20
40.77782623302008
 30
0.0
 11
178.4177604768619
 21
40.77782623302008
 31
0.0
  0
ARC
  5
28B6
330
1F
100
AcDbEntity
  8
0
 62
     8
370
   100
100
AcDbCircle
 10
178.4177604768643
 20
41.07782623302803
 30
0.0
 40
0.3000000000079552
100
AcDbArc
 50
254.9999999999407
 51
269.9999999995494
  0
LINE
  5
28B7
330
1F
100
AcDbEntity
  8
0
 62
     8
370
   100
100
AcDbLine
 10
178.3401147633312
 20
40.7880484851337
 30
0.0
 11
176.8126631024729
 21
41.19732792413812
 31
0.0
  0
ARC
  5
28B8
330
1F
100
AcDbEntity
  8
0
 62
     8
370
   100
100
AcDbCircle
 10
176.8903088160054
 20
41.4871056720274
 30
0.0
 40
0.3000000000029089
100
AcDbArc
 50
219.0322376552173
 51
254.9999999998115
  0
LINE
  5
28B9
330
1F
100
AcDbEntity
  8
0
 62
     8
370
   100
100
AcDbLine
 10
176.6572712912092
 20
41.2981784054971
 30
0.0
 11
175.0124413845005
 21
43.32703902055007
 31
0.0
  0
ARC
  5
28BA
330
1F
100
AcDbEntity
  8
0
 62
     8
370
   100
100
AcDbCircle
 10
173.536537060801
 20
42.13049966587413
 30
0.0
 40
1.900000000000811
100
AcDbArc
 50
39.03223765502975
 51
89.99999999997429
  0
LINE
  5
28BB
330
1F
100
AcDbEntity
  8
0
 62
     8
370
   100
100
AcDbLine
 10
173.5365370608019
 20
44.03049966587494
 30
0.0
 11
172.867760476723
 21
44.03049966587494
 31
0.0
  0
ARC
  5
28BC
330
1F
100
AcDbEntity
  8
0
 62
     8
370
   100
100
AcDbCircle
 10
172.8677604767231
 20
44.33049966587525
 30
0.0
 40
0.3000000000003098
100
AcDbArc
 50
180.0000000000244
 51
269.9999999999783
  0
LINE
  5
28BD
330
1F
100
AcDbEntity
  8
0
 62
     8
370
   100
100
AcDbLine
 10
172.5677604767227
 20
44.33049966587512
 30
0.0
 11
172.5677604767227
 21
54.03066737709995
 31
0.0
  0
ARC
  5
28BE
330
1F
100
AcDbEntity
  8
0
 62
     8
370
   100
100
AcDbCircle
 10
172.8677604767231
 20
54.03066737709977
 30
0.0
 40
0.3000000000003808
100
AcDbArc
 50
90.00000000003257
 51
179.9999999999647
  0
LINE
  5
28BF
330
1F
100
AcDbEntity
  8
0
 62
     8
370
   100
100
AcDbLine
 10
172.867760476723
 20
54.33066737710014
 30
0.0
 11
174.3601636707424
 21
54.33066737709967
 31
0.0
  0
ARC
  5
28C0
330
1F
100
AcDbEntity
  8
0
 62
     8
370
   100
100
AcDbCircle
 10
174.3601636707425
 20
53.83066737709992
 30
0.0
 40
0.4999999999997656
100
AcDbArc
 50
40.00000000007524
 51
90.00000000000325
  0
LINE
  5
28C1
330
1F
100
AcDbEntity
  8
0
 62
     8
370
   100
100
AcDbLine
 10
174.7431858923014
 20
54.15206118194354
 30
0.0
 11
175.1085543731864
 21
53.71663198222839
 31
0.0
  0
ARC
  5
28C2
330
1F
100
AcDbEntity
  8
0
 62
     8
370
   100
100
AcDbCircle
 10
177.8663143684141
 20
56.03066737709888
 30
0.0
 40
3.599999999998852
100
AcDbArc
 50
219.9999999999936
 51
270.000000000009
  0
ARC
  5
28C3
330
1F
100
AcDbEntity
  8
0
 62
     8
370
   100
100
AcDbCircle
 10
192.4177424104214
 20
52.13066737709922
 30
0.0
 40
0.3000000000003524
100
AcDbArc
 50
90.00000000003257
 51
179.9999999999674
  0
LINE
  5
28C4
330
1F
100
AcDbEntity
  8
0
 62
     8
370
   100
100
AcDbLine
 10
192.1177424104211
 20
52.1306673770994
 30
0.0
 11
192.1177424104211
 21
49.9278261997454
 31
0.0
  0
ARC
  5
28C5
330
1F
100
AcDbEntity
  8
0
 62
     8
370
   100
100
AcDbCircle
 10
192.4177424104216
 20
49.92782619974528
 30
0.0
 40
0.300000000000523
100
AcDbArc
 50
179.9999999999783
 51
269.9999999999349
  0
LINE
  5
28C6
330
1F
100
AcDbEntity
  8
0
 62
     8
370
   100
100
AcDbLine
 10
192.4177424104213
 20
49.62782619974476
 30
0.0
 11
200.281101801615
 21
49.62782619974522
 31
0.0
  0
ARC
  5
28C7
330
1F
100
AcDbEntity
  8
0
 62
     8
370
   100
100
AcDbCircle
 10
200.2811018016143
 20
49.92782619974555
 30
0.0
 40
0.3000000000003311
100
AcDbArc
 50
270.0000000001411
 51
320.0000000000603
  0
LINE
  5
28C8
330
1F
100
AcDbEntity
  8
0
 62
     8
370
   100
100
AcDbLine
 10
200.5109151345504
 20
49.73498991683961
 30
0.0
 11
202.0836258585322
 21
51.60927357225663
 31
0.0
  0
ARC
  5
28C9
330
1F
100
AcDbEntity
  8
0
 62
     8
370
   100
100
AcDbCircle
 10
201.7006036369729
 20
51.93066737710009
 30
0.0
 40
0.4999999999999457
100
AcDbArc
 50
319.9999999999663
 51
90.00000000004559
  0
LINE
  5
28CA
330
1F
100
AcDbEntity
  8
0
 62
     8
370
   100
100
AcDbLine
 10
201.7006036369725
 20
52.43066737710003
 30
0.0
 11
192.4177424104213
 21
52.43066737709958
 31
0.0
  0
LINE
  5
28CB
330
1F
100
AcDbEntity
  8
0
 62
     8
370
   100
100
AcDbLine
 10
186.9177604768569
 20
46.31757299968264
 30
0.0
 11
186.9177604768569
 21
41.07782623302026
 31
0.0
  0
ARC
  5
28CC
330
1F
100
AcDbEntity
  8
0
 62
     8
370
   100
100
AcDbCircle
 10
186.6177604768568
 20
41.07782623302021
 30
0.0
 40
0.300000000000125
100
AcDbArc
 50
270.0000000000705
 51
0.0000000000081422
  0
LINE
  5
28CD
330
1F
100
AcDbEntity
  8
0
 62
     8
370
   100
100
AcDbLine
 10
186.6177604768571
 20
40.77782623302008
 30
0.0
 11
181.617760476859
 21
40.77782623301962
 31
0.0
  0
ARC
  5
28CE
330
1F
100
AcDbEntity
  8
0
 62
     8
370
   100
100
AcDbCircle
 10
181.6177604768604
 20
41.07782623301949
 30
0.0
 40
0.2999999999998835
100
AcDbArc
 50
180.0000000002035
 51
269.9999999997286
  0
LINE
  5
28CF
330
1F
100
AcDbEntity
  8
0
 62
     8
370
   100
100
AcDbLine
 10
181.3177604768605
 20
41.07782623301843
 30
0.0
 11
181.3177604767988
 21
52.13066737709758
 31
0.0
  0
ARC
  5
28D0
330
1F
100
AcDbEntity
  8
0
 62
     8
370
   100
100
AcDbCircle
 10
181.617760476799
 20
52.13066737709938
 30
0.0
 40
0.3000000000001819
100
AcDbArc
 50
89.99999999999458
 51
180.0000000003447
  0
LINE
  5
28D1
330
1F
100
AcDbEntity
  8
0
 62
     8
370
   100
100
AcDbLine
 10
181.617760476799
 20
52.43066737709958
 30
0.0
 11
190.8177604768474
 21
52.43066737710003
 31
0.0
  0
ARC
  5
28D2
330
1F
100
AcDbEntity
  8
0
 62
     8
370
   100
100
AcDbCircle
 10
190.8177604768463
 20
52.13066737709962
 30
0.0
 40
0.3000000000004022
100
AcDbArc
 50
359.9999999999566
 51
89.99999999978289
  0
LINE
  5
28D3
330
1F
100
AcDbEntity
  8
0
 62
     8
370
   100
100
AcDbLine
 10
191.1177604768466
 20
52.1306673770994
 30
0.0
 11
191.1177604768476
 21
49.38670456766775
 31
0.0
  0
ARC
  5
28D4
330
1F
100
AcDbEntity
  8
0
 62
     8
370
   100
100
AcDbCircle
 10
190.8177604768473
 20
49.38670456766802
 30
0.0
 40
0.3000000000002956
100
AcDbArc
 50
289.9999999999117
 51
359.9999999999484
  0
LINE
  5
28D5
330
1F
100
AcDbEntity
  8
0
 62
     8
370
   100
100
AcDbLine
 10
190.9203665198447
 20
49.10479678143182
 30
0.0
 11
188.1679222045121
 21
48.102988979176
 31
0.0
  0
ARC
  5
28D6
330
1F
100
AcDbEntity
  8
0
 62
     8
370
   100
100
AcDbCircle
 10
188.8177604768361
 20
46.31757299970678
 30
0.0
 40
1.899999999979214
100
AcDbArc
 50
110.0000000003956
 51
180.0000000007281
  0
ARC
  5
28D7
330
1F
100
AcDbEntity
  8
0
 62
     8
370
   100
100
AcDbCircle
 10
170.8177613949005
 20
61.87018168385975
 30
0.0
 40
0.6000000000001267
100
AcDbArc
 50
241.0441094046519
 51
118.9541581505458
1001
ACAD_STEPID
1071
       14
  0
ARC
  5
28D8
330
1F
100
AcDbEntity
  8
0
 62
     8
370
   100
100
AcDbCircle
 10
170.4795675523193
 20
62.59512441884083
 30
0.0
 40
0.2000000000056272
100
AcDbArc
 50
270.0000000001629
 51
295.0078332367552
1001
ACAD_STEPID
1071
        2
  0
LINE
  5
28D9
330
1F
100
AcDbEntity
  8
0
 62
     8
370
   100
100
AcDbLine
 10
170.4795675523199
 20
62.39512441883519
 30
0.0
 11
170.3677612838199
 21
62.39512441883498
 31
0.0
1001
ACAD_STEPID
1071
        2
  0
ARC
  5
28DA
330
1F
100
AcDbEntity
  8
0
 62
     8
370
   100
100
AcDbCircle
 10
170.3677612838195
 20
62.59512441883445
 30
0.0
 40
0.199999999999477
100
AcDbArc
 50
179.9999999999023
 51
270.0000000000977
1001
ACAD_STEPID
1071
        2
  0
LINE
  5
28DB
330
1F
100
AcDbEntity
  8
0
 62
     8
370
   100
100
AcDbLine
 10
170.1677612838201
 20
62.59512441883479
 30
0.0
 11
170.1677612838201
 21
62.97012441883547
 31
0.0
1001
ACAD_STEPID
1071
        2
  0
ARC
  5
28DC
330
1F
100
AcDbEntity
  8
0
 62
     8
370
   100
100
AcDbCircle
 10
170.1677612838196
 20
63.07012441883485
 30
0.0
 40
0.0999999999993833
100
AcDbArc
 50
180.0000000000936
 51
270.0000000002932
1001
ACAD_STEPID
1071
        2
  0
LINE
  5
28DD
330
1F
100
AcDbEntity
  8
0
 62
     8
370
   100
100
AcDbLine
 10
170.0677612838202
 20
63.07012441883468
 30
0.0
 11
170.0677612838206
 21
63.57012441883514
 31
0.0
1001
ACAD_STEPID
1071
        2
  0
ARC
  5
28DE
330
1F
100
AcDbEntity
  8
0
 62
     8
370
   100
100
AcDbCircle
 10
209.6677613949589
 20
63.57019226676252
 30
0.0
 40
0.39999999999981
100
AcDbArc
 50
359.9993936442448
 51
89.99999999998371
1001
ACAD_STEPID
1071
       14
  0
LINE
  5
28DF
330
1F
100
AcDbEntity
  8
0
 62
     8
370
   100
100
AcDbLine
 10
209.667761394959
 20
63.97019226676232
 30
0.0
 11
209.4605817180089
 21
63.97019226676232
 31
0.0
1001
ACAD_STEPID
1071
       14
  0
ARC
  5
28E0
330
1F
100
AcDbEntity
  8
0
 62
     8
370
   100
100
AcDbCircle
 10
209.460581718009
 20
63.77019226676327
 30
0.0
 40
0.1999999999990578
100
AcDbArc
 50
90.00000000001628
 51
120.0000000001433
1001
ACAD_STEPID
1071
       14
  0
LINE
  5
28E1
330
1F
100
AcDbEntity
  8
0
 62
     8
370
   100
100
AcDbLine
 10
209.360581718009
 20
63.94339734751909
 30
0.0
 11
208.1266071217931
 21
63.23096178222092
 31
0.0
1001
ACAD_STEPID
1071
       14
  0
ARC
  5
28E2
330
1F
100
AcDbEntity
  8
0
 62
     8
370
   100
100
AcDbCircle
 10
207.526607121793
 20
64.27019226676225
 30
0.0
 40
1.200000000000026
100
AcDbArc
 50
270.0000000000068
 51
300.0000000000021
1001
ACAD_STEPID
1071
       14
  0
LINE
  5
28E3
330
1F
100
AcDbEntity
  8
0
 62
     8
370
   100
100
AcDbLine
 10
207.5266071217932
 20
63.07019226676223
 30
0.0
 11
206.1319717882942
 21
63.07019226676199
 31
0.0
1001
ACAD_STEPID
1071
       14
  0
ARC
  5
28E4
330
1F
100
AcDbEntity
  8
0
 62
     8
370
   100
100
AcDbCircle
 10
206.1319717882945
 20
64.07019226676175
 30
0.0
 40
0.9999999999997513
100
AcDbArc
 50
224.9999999999836
 51
269.9999999999838
1001
ACAD_STEPID
1071
       14
  0
LINE
  5
28E5
330
1F
100
AcDbEntity
  8
0
 62
     8
370
   100
100
AcDbLine
 10
205.4248650071079
 20
63.36308548557557
 30
0.0
 11
203.1106514447345
 21
65.67729904794877
 31
0.0
1001
ACAD_STEPID
1071
       14
  0
ARC
  5
28E6
330
1F
100
AcDbEntity
  8
0
 62
     8
370
   100
100
AcDbCircle
 10
202.4035446635481
 20
64.97019226676208
 30
0.0
 40
1.000000000000017
100
AcDbArc
 50
45.00000000000979
 51
90.00000000001303
1001
ACAD_STEPID
1071
       14
  0
LINE
  5
28E7
330
1F
100
AcDbEntity
  8
0
 62
     8
370
   100
100
AcDbLine
 10
202.4035446635478
 20
65.97019226676209
 30
0.0
 11
190.0677613949813
 21
65.97019226676209
 31
0.0
1001
ACAD_STEPID
1071
       14
  0
LINE
  5
28E8
330
1F
100
AcDbEntity
  8
0
 62
     8
370
   100
100
AcDbLine
 10
190.0677613949813
 20
65.97019226676209
 30
0.0
 11
177.7319781264144
 21
65.97019226676209
 31
0.0
1001
ACAD_STEPID
1071
       14
  0
ARC
  5
28E9
330
1F
100
AcDbEntity
  8
0
 62
     8
370
   100
100
AcDbCircle
 10
177.7319781264141
 20
64.97019226676201
 30
0.0
 40
1.000000000000085
100
AcDbArc
 50
89.99999999998534
 51
134.9999999999885
1001
ACAD_STEPID
1071
       14
  0
LINE
  5
28EA
330
1F
100
AcDbEntity
  8
0
 62
     8
370
   100
100
AcDbLine
 10
177.0248713452277
 20
65.67729904794877
 30
0.0
 11
174.7106577828547
 21
63.36308548557557
 31
0.0
1001
ACAD_STEPID
1071
       14
  0
ARC
  5
28EB
330
1F
100
AcDbEntity
  8
0
 62
     8
370
   100
100
AcDbCircle
 10
174.0035510016682
 20
64.07019226676225
 30
0.0
 40
1.000000000000013
100
AcDbArc
 50
269.9999999999902
 51
314.9999999999905
1001
ACAD_STEPID
1071
       14
  0
LINE
  5
28EC
330
1F
100
AcDbEntity
  8
0
 62
     8
370
   100
100
AcDbLine
 10
174.0035510016681
 20
63.07019226676223
 30
0.0
 11
172.608915668169
 21
63.07019226676246
 31
0.0
1001
ACAD_STEPID
1071
       14
  0
ARC
  5
28ED
330
1F
100
AcDbEntity
  8
0
 62
     8
370
   100
100
AcDbCircle
 10
172.6089156681687
 20
64.27019226676229
 30
0.0
 40
1.199999999999839
100
AcDbArc
 50
240.0000000000166
 51
270.0000000000122
1001
ACAD_STEPID
1071
       14
  0
LINE
  5
28EE
330
1F
100
AcDbEntity
  8
0
 62
     8
370
   100
100
AcDbLine
 10
172.0089156681691
 20
63.23096178222092
 30
0.0
 11
170.7749410719537
 21
63.94339734751909
 31
0.0
1001
ACAD_STEPID
1071
       14
  0
ARC
  5
28EF
330
1F
100
AcDbEntity
  8
0
 62
     8
370
   100
100
AcDbCircle
 10
170.6749410719537
 20
63.77019226676331
 30
0.0
 40
0.199999999999008
100
AcDbArc
 50
59.99999999985661
 51
89.99999999998371
1001
ACAD_STEPID
1071
       14
  0
LINE
  5
28F0
330
1F
100
AcDbEntity
  8
0
 62
     8
370
   100
100
AcDbLine
 10
170.6749410719538
 20
63.97019226676232
 30
0.0
 11
170.4677613950032
 21
63.97019226676232
 31
0.0
1001
ACAD_STEPID
1071
       14
  0
ARC
  5
28F1
330
1F
100
AcDbEntity
  8
0
 62
     8
370
   100
100
AcDbCircle
 10
170.4677613950033
 20
63.57019226676253
 30
0.0
 40
0.3999999999997925
100
AcDbArc
 50
90.00000000001628
 51
180.0006063557572
1001
ACAD_STEPID
1071
       14
  0
ARC
  5
28F2
330
1F
100
AcDbEntity
  8
0
 62
     8
370
   100
100
AcDbCircle
 10
209.3177613950618
 20
61.87018168385976
 30
0.0
 40
0.6000000000001198
100
AcDbArc
 50
61.04584184945387
 51
298.9558905953455
1001
ACAD_STEPID
1071
       14
  0
ARC
  5
28F3
330
1F
100
AcDbEntity
  8
0
 62
     8
370
   100
100
AcDbCircle
 10
170.4795675522833
 20
61.14512441884176
 30
0.0
 40
0.2000000000096155
100
AcDbArc
 50
64.99216675254712
 51
89.99999998939882
1001
ACAD_STEPID
1071
        2
  0
LINE
  5
28F4
330
1F
100
AcDbEntity
  8
0
 62
     8
370
   100
100
AcDbLine
 10
170.4795675523203
 20
61.34512441885139
 30
0.0
 11
170.3677612838199
 21
61.34512441883524
 31
0.0
1001
ACAD_STEPID
1071
        2
  0
ARC
  5
28F5
330
1F
100
AcDbEntity
  8
0
 62
     8
370
   100
100
AcDbCircle
 10
170.3677612838195
 20
61.14512441883582
 30
0.0
 40
0.1999999999994202
100
AcDbArc
 50
89.99999999988601
 51
180.0000000001791
1001
ACAD_STEPID
1071
        2
  0
LINE
  5
28F6
330
1F
100
AcDbEntity
  8
0
 62
     8
370
   100
100
AcDbLine
 10
170.1677612838201
 20
61.14512441883519
 30
0.0
 11
170.1677612838201
 21
60.77012441883542
 31
0.0
1001
ACAD_STEPID
1071
        2
  0
ARC
  5
28F7
330
1F
100
AcDbEntity
  8
0
 62
     8
370
   100
100
AcDbCircle
 10
170.1677612838196
 20
60.6701244188355
 30
0.0
 40
0.0999999999999233
100
AcDbArc
 50
89.99999999973944
 51
180.0000000001262
1001
ACAD_STEPID
1071
        2
  0
LINE
  5
28F8
330
1F
100
AcDbEntity
  8
0
 62
     8
370
   100
100
AcDbLine
 10
170.0677612838197
 20
60.67012441883528
 30
0.0
 11
170.0677612838202
 21
60.1701922667619
 31
0.0
1001
ACAD_STEPID
1071
        2
  0
ARC
  5
28F9
330
1F
100
AcDbEntity
  8
0
 62
     8
370
   100
100
AcDbCircle
 10
170.46776128382
 20
60.17019226676208
 30
0.0
 40
0.3999999999997783
100
AcDbArc
 50
180.0000000000265
 51
269.9999999999755
1001
ACAD_STEPID
1071
        2
  0
LINE
  5
28FA
330
1F
100
AcDbEntity
  8
0
 62
     8
370
   100
100
AcDbLine
 10
170.4677612838198
 20
59.77019226676229
 30
0.0
 11
170.6749410719538
 21
59.77019226676229
 31
0.0
1001
ACAD_STEPID
1071
        2
  0
ARC
  5
28FB
330
1F
100
AcDbEntity
  8
0
 62
     8
370
   100
100
AcDbCircle
 10
170.6749410719541
 20
59.97019226676139
 30
0.0
 40
0.1999999999991004
100
AcDbArc
 50
269.9999999999023
 51
299.9999999999968
1001
ACAD_STEPID
1071
        2
  0
LINE
  5
28FC
330
1F
100
AcDbEntity
  8
0
 62
     8
370
   100
100
AcDbLine
 10
170.7749410719537
 20
59.79698718600527
 30
0.0
 11
172.0089156681686
 21
60.50942275130346
 31
0.0
1001
ACAD_STEPID
1071
        2
  0
ARC
  5
28FD
330
1F
100
AcDbEntity
  8
0
 62
     8
370
   100
100
AcDbCircle
 10
172.6089156681687
 20
59.47019226676337
 30
0.0
 40
1.199999999998992
100
AcDbArc
 50
90.0000000000122
 51
120.0000000000353
1001
ACAD_STEPID
1071
        2
  0
LINE
  5
28FE
330
1F
100
AcDbEntity
  8
0
 62
     8
370
   100
100
AcDbLine
 10
172.6089156681685
 20
60.67019226676237
 30
0.0
 11
174.3006072765159
 21
60.67019226676214
 31
0.0
1001
ACAD_STEPID
1071
        2
  0
ARC
  5
28FF
330
1F
100
AcDbEntity
  8
0
 62
     8
370
   100
100
AcDbCircle
 10
174.3006072765157
 20
62.67019226676214
 30
0.0
 40
1.999999999999992
100
AcDbArc
 50
270.0000000000057
 51
314.9999999999995
1001
ACAD_STEPID
1071
        2
  0
LINE
  5
2900
330
1F
100
AcDbEntity
  8
0
 62
     8
370
   100
100
AcDbLine
 10
175.7148208388888
 20
61.25597870438904
 30
0.0
 11
178.1896945730421
 21
63.73085243854213
 31
0.0
1001
ACAD_STEPID
1071
        2
  0
ARC
  5
2901
330
1F
100
AcDbEntity
  8
0
 62
     8
370
   100
100
AcDbCircle
 10
179.2503547448215
 20
62.67019226676267
 30
0.0
 40
1.499999999999474
100
AcDbArc
 50
89.99999999999891
 51
134.999999999999
1001
ACAD_STEPID
1071
        2
  0
LINE
  5
2902
330
1F
100
AcDbEntity
  8
0
 62
     8
370
   100
100
AcDbLine
 10
179.2503547448216
 20
64.17019226676214
 30
0.0
 11
190.0677613949813
 21
64.17019226676214
 31
0.0
1001
ACAD_STEPID
1071
        2
  0
LINE
  5
2903
330
1F
100
AcDbEntity
  8
0
 62
     8
370
   100
100
AcDbLine
 10
190.0677613949813
 20
64.17019226676214
 30
0.0
 11
200.8851680451406
 21
64.17019226676237
 31
0.0
1001
ACAD_STEPID
1071
        2
  0
ARC
  5
2904
330
1F
100
AcDbEntity
  8
0
 62
     8
370
   100
100
AcDbCircle
 10
200.8851680451403
 20
62.67019226676206
 30
0.0
 40
1.500000000000312
100
AcDbArc
 50
44.99999999998906
 51
89.99999999998914
1001
ACAD_STEPID
1071
        2
  0
LINE
  5
2905
330
1F
100
AcDbEntity
  8
0
 62
     8
370
   100
100
AcDbLine
 10
201.9458282169206
 20
63.73085243854191
 30
0.0
 11
204.4207019510734
 21
61.25597870438904
 31
0.0
1001
ACAD_STEPID
1071
        2
  0
ARC
  5
2906
330
1F
100
AcDbEntity
  8
0
 62
     8
370
   100
100
AcDbCircle
 10
205.8349155134468
 20
62.67019226676275
 30
0.0
 40
2.000000000000603
100
AcDbArc
 50
225.0000000000076
 51
270.0000000000017
1001
ACAD_STEPID
1071
        2
  0
LINE
  5
2907
330
1F
100
AcDbEntity
  8
0
 62
     8
370
   100
100
AcDbLine
 10
205.8349155134468
 20
60.67019226676214
 30
0.0
 11
207.5266071217936
 21
60.67019226676237
 31
0.0
1001
ACAD_STEPID
1071
        2
  0
ARC
  5
2908
330
1F
100
AcDbEntity
  8
0
 62
     8
370
   100
100
AcDbCircle
 10
207.5266071217936
 20
59.47019226676237
 30
0.0
 40
1.199999999999995
100
AcDbArc
 50
59.9999999999767
 51
90.0
1001
ACAD_STEPID
1071
        2
  0
LINE
  5
2909
330
1F
100
AcDbEntity
  8
0
 62
     8
370
   100
100
AcDbLine
 10
208.1266071217941
 20
60.50942275130346
 30
0.0
 11
209.3605817180085
 21
59.79698718600527
 31
0.0
1001
ACAD_STEPID
1071
        2
  0
ARC
  5
290A
330
1F
100
AcDbEntity
  8
0
 62
     8
370
   100
100
AcDbCircle
 10
209.4605817180081
 20
59.97019226676149
 30
0.0
 40
0.199999999999219
100
AcDbArc
 50
240.0000000000043
 51
270.0000000000977
1001
ACAD_STEPID
1071
        2
  0
LINE
  5
290B
330
1F
100
AcDbEntity
  8
0
 62
     8
370
   100
100
AcDbLine
 10
209.4605817180084
 20
59.77019226676229
 30
0.0
 11
209.6677615061424
 21
59.77019226676229
 31
0.0
1001
ACAD_STEPID
1071
        2
  0
ARC
  5
290C
330
1F
100
AcDbEntity
  8
0
 62
     8
370
   100
100
AcDbCircle
 10
209.6677615061423
 20
60.17019226676213
 30
0.0
 40
0.3999999999998422
100
AcDbArc
 50
270.0000000000204
 51
359.9999999999675
1001
ACAD_STEPID
1071
        2
  0
LINE
  5
290D
330
1F
100
AcDbEntity
  8
0
 62
     8
370
   100
100
AcDbLine
 10
210.0677615061421
 20
60.1701922667619
 30
0.0
 11
210.0677615061425
 21
60.67012441883528
 31
0.0
1001
ACAD_STEPID
1071
        2
  0
ARC
  5
290E
330
1F
100
AcDbEntity
  8
0
 62
     8
370
   100
100
AcDbCircle
 10
209.9677615061426
 20
60.67012441883555
 30
0.0
 40
0.0999999999998806
100
AcDbArc
 50
359.9999999998412
 51
90.00000000022799
1001
ACAD_STEPID
1071
        2
  0
LINE
  5
290F
330
1F
100
AcDbEntity
  8
0
 62
     8
370
   100
100
AcDbLine
 10
209.9677615061422
 20
60.77012441883542
 30
0.0
 11
209.9677615061422
 21
61.14512441883519
 31
0.0
1001
ACAD_STEPID
1071
        2
  0
ARC
  5
2910
330
1F
100
AcDbEntity
  8
0
 62
     8
370
   100
100
AcDbCircle
 10
209.7677615061428
 20
61.14512441883582
 30
0.0
 40
0.1999999999994202
100
AcDbArc
 50
359.9999999998209
 51
90.00000000011398
1001
ACAD_STEPID
1071
        2
  0
LINE
  5
2911
330
1F
100
AcDbEntity
  8
0
 62
     8
370
   100
100
AcDbLine
 10
209.7677615061424
 20
61.34512441883524
 30
0.0
 11
209.6559552376419
 21
61.34512441885139
 31
0.0
1001
ACAD_STEPID
1071
        2
  0
ARC
  5
2912
330
1F
100
AcDbEntity
  8
0
 62
     8
370
   100
100
AcDbCircle
 10
209.6559552376789
 20
61.14512441884164
 30
0.0
 40
0.2000000000097515
100
AcDbArc
 50
90.00000001059303
 51
115.0078332474447
1001
ACAD_STEPID
1071
        2
  0
ARC
  5
2913
330
1F
100
AcDbEntity
  8
0
 62
     8
370
   100
100
AcDbCircle
 10
209.6559552376429
 20
62.59512441884096
 30
0.0
 40
0.2000000000057672
100
AcDbArc
 50
244.9921667632455
 51
269.9999999998372
1001
ACAD_STEPID
1071
        2
  0
LINE
  5
2914
330
1F
100
AcDbEntity
  8
0
 62
     8
370
   100
100
AcDbLine
 10
209.6559552376423
 20
62.39512441883519
 30
0.0
 11
209.7677615061424
 21
62.39512441883498
 31
0.0
1001
ACAD_STEPID
1071
        2
  0
ARC
  5
2915
330
1F
100
AcDbEntity
  8
0
 62
     8
370
   100
100
AcDbCircle
 10
209.7677615061428
 20
62.59512441883445
 30
0.0
 40
0.199999999999477
100
AcDbArc
 50
269.9999999999023
 51
0.0000000000977066
1001
ACAD_STEPID
1071
        2
  0
LINE
  5
2916
330
1F
100
AcDbEntity
  8
0
 62
     8
370
   100
100
AcDbLine
 10
209.9677615061422
 20
62.59512441883479
 30
0.0
 11
209.9677615061422
 21
62.97012441883547
 31
0.0
1001
ACAD_STEPID
1071
        2
  0
ARC
  5
2917
330
1F
100
AcDbEntity
  8
0
 62
     8
370
   100
100
AcDbCircle
 10
209.9677615061427
 20
63.07012441883485
 30
0.0
 40
0.0999999999993833
100
AcDbArc
 50
269.9999999997069
 51
359.9999999999064
1001
ACAD_STEPID
1071
        2
  0
LINE
  5
2918
330
1F
100
AcDbEntity
  8
0
 62
     8
370
   100
100
AcDbLine
 10
210.0677615061421
 20
63.07012441883468
 30
0.0
 11
210.0677615061416
 21
63.57012441883514
 31
0.0
1001
ACAD_STEPID
1071
        2
  0
LINE
  5
2919
330
1F
100
AcDbEntity
  8
0
 62
     8
370
   100
100
AcDbLine
 10
179.5676652283418
 20
64.03066737709949
 30
0.0
 11
200.5676652283419
 21
64.03066737709949
 31
0.0
  0
ARC
  5
291A
330
1F
100
AcDbEntity
  8
0
 62
     8
370
   100
100
AcDbCircle
 10
200.5676652283419
 20
63.53066737709949
 30
0.0
 40
0.5
100
AcDbArc
 50
0.0000000000008142
 51
90.0
  0
LINE
  5
291B
330
1F
100
AcDbEntity
  8
0
 62
     8
370
   100
100
AcDbLine
 10
201.0676652283418
 20
63.5306673770995
 30
0.0
 11
201.0676652283418
 21
54.53066737709949
 31
0.0
  0
ARC
  5
291C
330
1F
100
AcDbEntity
  8
0
 62
     8
370
   100
100
AcDbCircle
 10
200.5676652283419
 20
54.53066737709949
 30
0.0
 40
0.5
100
AcDbArc
 50
270.0
 51
0.0
  0
LINE
  5
291D
330
1F
100
AcDbEntity
  8
0
 62
     8
370
   100
100
AcDbLine
 10
200.5676652283419
 20
54.03066737709949
 30
0.0
 11
179.5676652283418
 21
54.03066737709949
 31
0.0
  0
ARC
  5
291E
330
1F
100
AcDbEntity
  8
0
 62
     8
370
   100
100
AcDbCircle
 10
179.5676652283418
 20
54.53066737709949
 30
0.0
 40
0.5
100
AcDbArc
 50
180.0
 51
270.0
  0
LINE
  5
291F
330
1F
100
AcDbEntity
  8
0
 62
     8
370
   100
100
AcDbLine
 10
179.0676652283418
 20
54.53066737709949
 30
0.0
 11
179.0676652283418
 21
63.5306673770995
 31
0.0
  0
ARC
  5
2920
330
1F
100
AcDbEntity
  8
0
 62
     8
370
   100
100
AcDbCircle
 10
179.5676652283418
 20
63.53066737709949
 30
0.0
 40
0.5
100
AcDbArc
 50
90.0
 51
179.9999999999992
  0
ENDSEC
  0
SECTION
  2
OBJECTS
  0
DICTIONARY
  5
C
330
0
100
AcDbDictionary
281
     1
  3
ACAD_2007HEADERVARS_RT
350
2927
  3
ACAD_ASSOCPERSSUBENTMANAGER
350
2298
  3
ACAD_CIP_PREVIOUS_PRODUCT_INFO
350
20A9
  3
ACAD_COLOR
350
6B
  3
ACAD_DETAILVIEWSTYLE
350
20A4
  3
ACAD_GROUP
350
D
  3
ACAD_LAST_SAVED_VERSION_INFO
350
26B2
  3
ACAD_LAYOUT
350
1A
  3
ACAD_MATERIAL
350
6A
  3
ACAD_MLEADERSTYLE
350
12D
  3
ACAD_MLINESTYLE
350
17
  3
ACAD_PLOTSETTINGS
350
19
  3
ACAD_PLOTSTYLENAME
350
E
  3
ACAD_RENDER_ACTIVE_RAPIDRT_SETTINGS
350
255B
  3
ACAD_RENDER_ACTIVE_SETTINGS
350
25F5
  3
ACAD_RENDER_RAPIDRT_SETTINGS
350
25FD
  3
ACAD_SCALELIST
350
10C
  3
ACAD_SECTIONVIEWSTYLE
350
20A2
  3
ACAD_TABLESTYLE
350
7E
  3
ACAD_VISUALSTYLE
350
EF
  3
ACDB_RECOMPOSE_DATA
350
2926
  3
AcDbVariableDictionary
350
2668
  3
AEC_PROPERTY_SET_DEFS
350
200
  0
DICTIONARY
  5
1F8
330
2
100
AcDbDictionary
280
     1
281
     1
  3
ACAD_LAYERSTATES
360
1F9
  0
DICTIONARY
  5
13C
330
10
100
AcDbDictionary
280
     1
281
     1
  0
DICTIONARY
  5
2600
330
25FF
100
AcDbDictionary
280
     1
281
     1
  0
DICTIONARY
  5
2602
330
2601
100
AcDbDictionary
280
     1
281
     1
  0
DICTIONARY
  5
2604
330
2603
100
AcDbDictionary
280
     1
281
     1
  0
DICTIONARY
  5
2606
330
2605
100
AcDbDictionary
280
     1
281
     1
  0
DICTIONARY
  5
2608
330
2607
100
AcDbDictionary
280
     1
281
     1
  0
DICTIONARY
  5
1CE
330
1F
100
AcDbDictionary
280
     1
281
     1
  3
ACAD_SORTENTS
360
207
  0
DICTIONARY
  5
2927
102
{ACAD_REACTORS
330
C
102
}
330
C
100
AcDbDictionary
281
     1
  3
DIMFXL
350
2928
  3
DIMJOGANG
350
2929
  0
ACDBASSOCPERSSUBENTMANAGER
  5
2298
102
{ACAD_REACTORS
330
C
102
}
330
C
100
AcDbAssocPersSubentManager
 90
        1
 90
        3
 90
        0
 90
        2
 90
        4
 90
        0
 90
        4
 90
        1
 90
        2
 90
        3
 90
        4
 90
        0
290
     0
  0
XRECORD
  5
20A9
102
{ACAD_REACTORS
330
C
102
}
330
C
100
AcDbXrecord
280
     1
300
ACD
300
2024
300

  0
DICTIONARY
  5
6B
102
{ACAD_REACTORS
330
C
102
}
330
C
100
AcDbDictionary
281
     1
  0
DICTIONARY
  5
20A4
102
{ACAD_REACTORS
330
C
102
}
330
C
100
AcDbDictionary
281
     1
  3
Metric50
350
20A5
  0
DICTIONARY
  5
D
102
{ACAD_REACTORS
330
C
102
}
330
C
100
AcDbDictionary
281
     1
  0
XRECORD
  5
26B2
102
{ACAD_REACTORS
330
C
102
}
330
C
100
AcDbXrecord
280
     1
300
{9B2E81AC-8E65-0341-9826-9E1FD117F9EB}
301
{5483A2D0-230F-3A47-87E9-C6B1CF57DED2}
302
{9B2E81AC-8E65-0341-9826-9E1FD117F9EB}
303
\\ficpa01\grupocortizo\z_prog\catalogos\Perfiles\COR-5690\COR-5690_SinCotas.dxf
  0
DICTIONARY
  5
1A
102
{ACAD_REACTORS
330
C
102
}
330
C
100
AcDbDictionary
281
     1
  3
Model
350
22
  3
Presentación1
350
D3
  3
Presentación2
350
D7
  0
DICTIONARY
  5
6A
102
{ACAD_REACTORS
330
C
102
}
330
C
100
AcDbDictionary
281
     1
  3
ByBlock
350
ED
  3
ByLayer
350
EC
  3
Global
350
EE
  0
DICTIONARY
  5
12D
102
{ACAD_REACTORS
330
C
102
}
330
C
100
AcDbDictionary
281
     1
  3
Standard
350
12E
  0
DICTIONARY
  5
17
102
{ACAD_REACTORS
330
C
102
}
330
C
100
AcDbDictionary
281
     1
  3
Standard
350
18
  0
DICTIONARY
  5
19
102
{ACAD_REACTORS
330
C
102
}
330
C
100
AcDbDictionary
281
     1
  0
ACDBDICTIONARYWDFLT
  5
E
102
{ACAD_REACTORS
330
C
102
}
330
C
100
AcDbDictionary
281
     1
  3
Normal
350
F
100
AcDbDictionaryWithDefault
340
F
  0
RAPIDRTRENDERSETTINGS
  5
255B
102
{ACAD_REACTORS
330
C
102
}
330
C
100
AcDbRenderSettings
 90
        2
  1
Medio
290
     1
290
     0
290
     1
290
     1
  1

  1
Aplica 5 niveles de renderización
 90
        0
100
AcDbRapidRTRenderSettings
 90
        3
 70
     0
 90
        5
 90
        1
 70
     1
 70
     2
 40
3.0
 40
3.0
290
     1
  0
MENTALRAYRENDERSETTINGS
  5
25F5
102
{ACAD_XDICTIONARY
360
25F6
102
}
102
{ACAD_REACTORS
330
C
102
}
330
C
100
AcDbRenderSettings
 90
        2
  1
Medio
290
     1
290
     1
290
     1
290
     1
  1

  1

 90
        0
100
AcDbMentalRayRenderSettings
 90
        2
 90
        0
 90
        1
 70
     2
 40
3.0
 40
3.0
 40
0.0500000007450581
 40
0.0500000007450581
 40
0.0500000007450581
 40
0.0500000007450581
 70
     0
290
     0
290
     1
 90
        5
 90
        5
 90
        5
290
     0
 90
      500
290
     0
 40
1.0
 90
    10000
 90
        5
 90
        5
 90
        5
290
     0
 90
      200
290
     0
290
     0
290
     0
 40
1.0
 40
1.0
 40
1500.0
 70
     0
 70
     0
 40
10.0
 70
     0
 70
     0
290
     0
  1

 90
       32
 70
     0
 90
     1048
290
     0
 40
1.0
  0
DICTIONARY
  5
25FD
102
{ACAD_REACTORS
330
C
102
}
330
C
100
AcDbDictionary
281
     1
  0
DICTIONARY
  5
10C
102
{ACAD_REACTORS
330
C
102
}
330
C
100
AcDbDictionary
281
     1
  3
A0
350
10D
  3
A1
350
1BE
  3
A2
350
1BF
  3
A3
350
1C0
  3
A4
350
1C1
  3
A5
350
1C2
  3
A6
350
1C3
  3
A7
350
1C4
  3
A8
350
1C5
  3
A9
350
1C6
  3
B0
350
1C7
  3
B1
350
1C8
  3
B2
350
1C9
  3
B3
350
1CA
  3
B4
350
1CB
  3
B5
350
1CC
  3
B6
350
1CD
  0
DICTIONARY
  5
20A2
102
{ACAD_REACTORS
330
C
102
}
330
C
100
AcDbDictionary
281
     1
  3
Metric50
350
20A3
  0
DICTIONARY
  5
7E
102
{ACAD_REACTORS
330
C
102
}
330
C
100
AcDbDictionary
281
     1
  3
Cortizo Industrial
350
260D
  3
Standard
350
7F
  0
DICTIONARY
  5
EF
102
{ACAD_REACTORS
330
C
102
}
330
C
100
AcDbDictionary
281
     1
  3
2dWireframe
350
F5
  3
3D Hidden
350
F7
  3
3dWireframe
350
F6
  3
Basic
350
F4
  3
Brighten
350
FB
  3
ColorChange
350
FF
  3
Conceptual
350
F8
  3
Dim
350
FA
  3
EdgeColorOff
350
1E6
  3
Facepattern
350
FE
  3
Flat
350
F0
  3
FlatWithEdges
350
F1
  3
Gouraud
350
F2
  3
GouraudWithEdges
350
F3
  3
Hidden
350
209C
  3
JitterOff
350
1E4
  3
Linepattern
350
FD
  3
OverhangOff
350
1E5
  3
Realistic
350
F9
  3
Shaded
350
20A1
  3
Shaded with edges
350
20A0
  3
Shades of Gray
350
209D
  3
Sketchy
350
209E
  3
Thicken
350
FC
  3
Wireframe
350
209B
  3
X-Ray
350
209F
  0
XRECORD
  5
2926
102
{ACAD_REACTORS
330
C
102
}
330
C
100
AcDbXrecord
280
     1
 90
        1
330
7F
330
260D
  0
DICTIONARY
  5
2668
102
{ACAD_REACTORS
330
C
102
}
330
C
100
AcDbDictionary
281
     2
  3
#REVCLOUDAPPROXARCLEN
350
2669
  3
ANNOALLVISIBLE
350
266A
  3
CANNOSCALE
350
266B
  3
CMLEADERSTYLE
350
266C
  3
CTABLESTYLE
350
266D
  3
CVIEWDETAILSTYLE
350
266E
  3
CVIEWSECTIONSTYLE
350
266F
  3
DIMADEC
350
2670
  3
DIMASSOC
350
2671
  3
DRAWORDERCTL
350
2672
  3
EXPORTPAPERSPACE
350
2673
  3
HPCOLOR
350
2674
  3
HPINHERIT
350
2675
  3
HPTRANSPARENCY
350
2676
  3
INDEXCTL
350
2677
  3
LAYEREVAL
350
2678
  3
LAYERNOTIFY
350
2679
  3
LIGHTINGUNITS
350
267A
  3
MLEADERSCALE
350
267B
  3
MSLTSCALE
350
267C
  3
OLEFRAME
350
267D
  3
PSOLHEIGHT
350
2922
  3
PSOLWIDTH
350
2921
  3
SOLIDHIST
350
267E
  3
SORTENTS
350
267F
  3
XCLIPFRAME
350
2923
  0
DICTIONARY
  5
200
102
{ACAD_REACTORS
330
C
102
}
330
C
100
AcDbDictionary
281
     1
  0
DICTIONARY
  5
1F9
102
{ACAD_REACTORS
330
1F8
102
}
330
1F8
100
AcDbDictionary
281
     1
  0
SORTENTSTABLE
  5
207
102
{ACAD_REACTORS
330
1CE
102
}
330
1CE
100
AcDbSortentsTable
330
1F
331
26A2
  5
2869
331
26A8
  5
28D4
331
26A9
  5
28D5
331
26AD
  5
28F1
331
26B0
  5
2918
331
273B
  5
26A2
331
273C
  5
26A8
331
273D
  5
26A9
331
273E
  5
26AD
331
273F
  5
26B0
331
2740
  5
273B
331
2741
  5
273C
331
2742
  5
273D
331
2743
  5
273E
331
2744
  5
273F
331
2745
  5
2740
331
2746
  5
2741
331
2747
  5
2742
331
2748
  5
2743
331
2749
  5
2744
331
274A
  5
2745
331
274B
  5
2746
331
274C
  5
2747
331
274D
  5
2748
331
274E
  5
2749
331
274F
  5
274A
331
2750
  5
274B
331
2751
  5
274C
331
2752
  5
274D
331
2753
  5
274E
331
2754
  5
274F
331
2755
  5
2750
331
2756
  5
2751
331
2757
  5
2752
331
2758
  5
2753
331
2759
  5
2754
331
275A
  5
2755
331
275B
  5
2756
331
275C
  5
2757
331
275D
  5
2758
331
275E
  5
2759
331
275F
  5
275A
331
2760
  5
275B
331
2761
  5
275C
331
2762
  5
275D
331
2763
  5
275E
331
2764
  5
275F
331
2765
  5
2760
331
2766
  5
2761
331
2767
  5
2762
331
2768
  5
2763
331
2769
  5
2764
331
276A
  5
2765
331
276B
  5
2766
331
276C
  5
2767
331
276D
  5
2768
331
276E
  5
2769
331
276F
  5
276A
331
2770
  5
276B
331
2771
  5
276C
331
2772
  5
276D
331
2773
  5
276E
331
2774
  5
276F
331
2775
  5
2770
331
2776
  5
2771
331
2777
  5
2772
331
2778
  5
2773
331
2779
  5
2774
331
277A
  5
2775
331
277B
  5
2776
331
277C
  5
2777
331
277D
  5
2778
331
277E
  5
2779
331
277F
  5
277A
331
2780
  5
277B
331
2781
  5
277C
331
2782
  5
277D
331
2783
  5
277E
331
2784
  5
277F
331
2785
  5
2780
331
2786
  5
2781
331
2787
  5
2782
331
2788
  5
2783
331
2789
  5
2784
331
278A
  5
2785
331
278B
  5
2786
331
278C
  5
2787
331
278D
  5
2788
331
278E
  5
2789
331
278F
  5
278A
331
2790
  5
278B
331
2791
  5
278C
331
2792
  5
278D
331
2793
  5
278E
331
2794
  5
278F
331
2795
  5
2790
331
2796
  5
2791
331
2797
  5
2792
331
2798
  5
2793
331
2799
  5
2794
331
279A
  5
2795
331
279B
  5
2796
331
279C
  5
2797
331
279D
  5
2798
331
279E
  5
2799
331
279F
  5
279A
331
27A0
  5
279B
331
27A1
  5
279C
331
27A2
  5
279D
331
27A3
  5
279E
331
27A4
  5
279F
331
27A5
  5
27A0
331
27A6
  5
27A1
331
27A7
  5
27A2
331
27A8
  5
27A3
331
27A9
  5
27A4
331
27AA
  5
27A5
331
27AB
  5
27A6
331
27AC
  5
27A7
331
27AD
  5
27A8
331
27AE
  5
27A9
331
27AF
  5
27AA
331
27B0
  5
27AB
331
27B1
  5
27AC
331
27B2
  5
27AD
331
27B3
  5
27AE
331
27B4
  5
27AF
331
27B5
  5
27B0
331
27B6
  5
27B1
331
27B7
  5
27B2
331
27B8
  5
27B3
331
27B9
  5
27B4
331
27BA
  5
27B5
331
27BB
  5
27B6
331
27BC
  5
27B7
331
27BD
  5
27B8
331
27BE
  5
27B9
331
27BF
  5
27BA
331
27C0
  5
27BB
331
27C1
  5
27BC
331
27C2
  5
27BD
331
27C3
  5
27BE
331
27C4
  5
27BF
331
27C5
  5
27C0
331
27C6
  5
27C1
331
27C7
  5
27C2
331
27C8
  5
27C3
331
27C9
  5
27C4
331
27CA
  5
27C5
331
27CB
  5
27C6
331
27CC
  5
27C7
331
27CD
  5
27C8
331
27CE
  5
27C9
331
27CF
  5
27CA
331
27D0
  5
27CB
331
27D1
  5
27CC
331
27D2
  5
27CD
331
27D3
  5
27CE
331
27D4
  5
27CF
331
27D5
  5
27D0
331
27D6
  5
27D1
331
27D7
  5
27D2
331
27D8
  5
27D3
331
27D9
  5
27D4
331
27DA
  5
27D5
331
27DB
  5
27D6
331
27DC
  5
27D7
331
27DD
  5
27D8
331
27DE
  5
27D9
331
27DF
  5
27DA
331
27E0
  5
27DB
331
27E1
  5
27DC
331
27E2
  5
27DD
331
27E3
  5
27DE
331
27E4
  5
27DF
331
27E5
  5
27E0
331
27E6
  5
27E1
331
27E7
  5
27E2
331
27E8
  5
27E3
331
27E9
  5
27E4
331
27EA
  5
27E5
331
27EB
  5
27E6
331
27EC
  5
27E7
331
27ED
  5
27E8
331
27EE
  5
27E9
331
27EF
  5
27EA
331
27F0
  5
27EB
331
27F1
  5
27EC
331
27F2
  5
27ED
331
27F3
  5
27EE
331
27F4
  5
27EF
331
27F5
  5
27F0
331
27F6
  5
27F1
331
27F7
  5
27F2
331
27F8
  5
27F3
331
27F9
  5
27F4
331
27FA
  5
27F5
331
27FB
  5
27F6
331
27FC
  5
27F7
331
27FD
  5
27F8
331
27FE
  5
27F9
331
27FF
  5
27FA
331
2800
  5
27FB
331
2801
  5
27FC
331
2802
  5
27FD
331
2803
  5
27FE
331
2804
  5
27FF
331
2805
  5
2800
331
2806
  5
2801
331
2807
  5
2802
331
2808
  5
2803
331
2809
  5
2804
331
280A
  5
2805
331
280B
  5
2806
331
280C
  5
2807
331
280D
  5
2808
331
280E
  5
2809
331
280F
  5
280A
331
2810
  5
280B
331
2811
  5
280C
331
2812
  5
280D
331
2813
  5
280E
331
2814
  5
280F
331
2815
  5
2810
331
2816
  5
2811
331
2817
  5
2812
331
2818
  5
2813
331
2819
  5
2814
331
281A
  5
2815
331
281B
  5
2816
331
281C
  5
2817
331
281D
  5
2818
331
281E
  5
2819
331
281F
  5
281A
331
2820
  5
281B
331
2821
  5
281C
331
2822
  5
281D
331
2823
  5
281E
331
2824
  5
281F
331
2825
  5
2820
331
2826
  5
2821
331
2827
  5
2822
331
2828
  5
2823
331
2829
  5
2824
331
282A
  5
2825
331
282B
  5
2826
331
282C
  5
2827
331
282D
  5
2828
331
282E
  5
2829
331
282F
  5
282A
331
2830
  5
282B
331
2831
  5
282C
331
2832
  5
282D
331
2833
  5
282E
331
2834
  5
282F
331
2835
  5
2830
331
2836
  5
2831
331
2837
  5
2832
331
2838
  5
2833
331
2839
  5
2834
331
283A
  5
2835
331
283B
  5
2836
331
283C
  5
2837
331
283D
  5
2838
331
283E
  5
2839
331
283F
  5
283A
331
2840
  5
283B
331
2841
  5
283C
331
2842
  5
283D
331
2843
  5
283E
331
2844
  5
283F
331
2845
  5
2840
331
2846
  5
2841
331
2847
  5
2842
331
2848
  5
2843
331
2849
  5
2844
331
284A
  5
2845
331
284B
  5
2846
331
284C
  5
2847
331
284D
  5
2848
331
284E
  5
2849
331
284F
  5
284A
331
2850
  5
284B
331
2851
  5
284C
331
2852
  5
284D
331
2853
  5
284E
331
2854
  5
284F
331
2855
  5
2850
331
2856
  5
2851
331
2857
  5
2852
331
2858
  5
2853
331
2859
  5
2854
331
285A
  5
2855
331
285B
  5
2856
331
285C
  5
2857
331
285D
  5
2858
331
285E
  5
2859
331
285F
  5
285A
331
2860
  5
285B
331
2861
  5
285C
331
2862
  5
285D
331
2863
  5
285E
331
2864
  5
285F
331
2865
  5
2860
331
2866
  5
2861
331
2867
  5
2862
331
2868
  5
2863
331
2869
  5
2864
331
286A
  5
2865
331
286B
  5
2866
331
286C
  5
2867
331
286D
  5
2868
331
286E
  5
286A
331
286F
  5
286B
331
2870
  5
286C
331
2871
  5
286D
331
2872
  5
286E
331
2873
  5
286F
331
2874
  5
2870
331
2875
  5
2871
331
2876
  5
2872
331
2877
  5
2873
331
2878
  5
2874
331
2879
  5
2875
331
287A
  5
2876
331
287B
  5
2877
331
287C
  5
2878
331
287D
  5
2879
331
287E
  5
287A
331
287F
  5
287B
331
2880
  5
287C
331
2881
  5
287D
331
2882
  5
287E
331
2883
  5
287F
331
2884
  5
2880
331
2885
  5
2881
331
2886
  5
2882
331
2887
  5
2883
331
2888
  5
2884
331
2889
  5
2885
331
288A
  5
2886
331
288B
  5
2887
331
288C
  5
2888
331
288D
  5
2889
331
288E
  5
288A
331
288F
  5
288B
331
2890
  5
288C
331
2891
  5
288D
331
2892
  5
288E
331
2893
  5
288F
331
2894
  5
2890
331
2895
  5
2891
331
2896
  5
2892
331
2897
  5
2893
331
2898
  5
2894
331
2899
  5
2895
331
289A
  5
2896
331
289B
  5
2897
331
289C
  5
2898
331
289D
  5
2899
331
289E
  5
289A
331
289F
  5
289B
331
28A0
  5
289C
331
28A1
  5
289D
331
28A2
  5
289E
331
28A3
  5
289F
331
28A4
  5
28A0
331
28A5
  5
28A1
331
28A6
  5
28A2
331
28A7
  5
28A3
331
28A8
  5
28A4
331
28A9
  5
28A5
331
28AA
  5
28A6
331
28AB
  5
28A7
331
28AC
  5
28A8
331
28AD
  5
28A9
331
28AE
  5
28AA
331
28AF
  5
28AB
331
28B0
  5
28AC
331
28B1
  5
28AD
331
28B2
  5
28AE
331
28B3
  5
28AF
331
28B4
  5
28B0
331
28B5
  5
28B1
331
28B6
  5
28B2
331
28B7
  5
28B3
331
28B8
  5
28B4
331
28B9
  5
28B5
331
28BA
  5
28B6
331
28BB
  5
28B7
331
28BC
  5
28B8
331
28BD
  5
28B9
331
28BE
  5
28BA
331
28BF
  5
28BB
331
28C0
  5
28BC
331
28C1
  5
28BD
331
28C2
  5
28BE
331
28C3
  5
28BF
331
28C4
  5
28C0
331
28C5
  5
28C1
331
28C6
  5
28C2
331
28C7
  5
28C3
331
28C8
  5
28C4
331
28C9
  5
28C5
331
28CA
  5
28C6
331
28CB
  5
28C7
331
28CC
  5
28C8
331
28CD
  5
28C9
331
28CE
  5
28CA
331
28CF
  5
28CB
331
28D0
  5
28CC
331
28D1
  5
28CD
331
28D2
  5
28CE
331
28D3
  5
28CF
331
28D4
  5
28D0
331
28D5
  5
28D1
331
28D6
  5
28D2
331
28D7
  5
28D3
331
28D8
  5
28D6
331
28D9
  5
28D7
331
28DA
  5
28D8
331
28DB
  5
28D9
331
28DC
  5
28DA
331
28DD
  5
28DB
331
28DE
  5
28DC
331
28DF
  5
28DD
331
28E0
  5
28DE
331
28E1
  5
28DF
331
28E2
  5
28E0
331
28E3
  5
28E1
331
28E4
  5
28E2
331
28E5
  5
28E3
331
28E6
  5
28E4
331
28E7
  5
28E5
331
28E8
  5
28E6
331
28E9
  5
28E7
331
28EA
  5
28E8
331
28EB
  5
28E9
331
28EC
  5
28EA
331
28ED
  5
28EB
331
28EE
  5
28EC
331
28EF
  5
28ED
331
28F0
  5
28EE
331
28F1
  5
28EF
331
28F2
  5
28F0
331
28F3
  5
28F2
331
28F4
  5
28F3
331
28F5
  5
28F4
331
28F6
  5
28F5
331
28F7
  5
28F6
331
28F8
  5
28F7
331
28F9
  5
28F8
331
28FA
  5
28F9
331
28FB
  5
28FA
331
28FC
  5
28FB
331
28FD
  5
28FC
331
28FE
  5
28FD
331
28FF
  5
28FE
331
2900
  5
28FF
331
2901
  5
2900
331
2902
  5
2901
331
2903
  5
2902
331
2904
  5
2903
331
2905
  5
2904
331
2906
  5
2905
331
2907
  5
2906
331
2908
  5
2907
331
2909
  5
2908
331
290A
  5
2909
331
290B
  5
290A
331
290C
  5
290B
331
290D
  5
290C
331
290E
  5
290D
331
290F
  5
290E
331
2910
  5
290F
331
2911
  5
2910
331
2912
  5
2911
331
2913
  5
2912
331
2914
  5
2913
331
2915
  5
2914
331
2916
  5
2915
331
2917
  5
2916
331
2918
  5
2917
  0
XRECORD
  5
2928
102
{ACAD_REACTORS
330
2927
102
}
330
2927
100
AcDbXrecord
280
     1
 40
0.5
  0
XRECORD
  5
2929
102
{ACAD_REACTORS
330
2927
102
}
330
2927
100
AcDbXrecord
280
     1
 40
1.570796326794896
  0
ACDBDETAILVIEWSTYLE
  5
20A5
102
{ACAD_XDICTIONARY
360
2961
102
}
102
{ACAD_REACTORS
330
20A4
102
}
330
20A4
100
AcDbModelDocViewStyle
 70
     0
  3
Metric50
290
     0
100
AcDbDetailViewStyle
 70
     0
 71
     0
 90
        3
 71
     1
340
11
 62
   256
 40
5.0
340
0
 62
   256
 40
5.0
300

 40
0.0
280
     1
 71
     2
340
16
 90
       25
 62
   256
 71
     3
340
11
 62
   256
 40
5.0
 90
        0
 40
15.0
 90
        1
300
%<\AcVar ViewDetailId>% (%<\AcVar ViewScale \f "%sn">%)
 71
     4
340
16
 90
       25
 62
   256
340
16
 90
       25
 62
   256
280
     0
  0
LAYOUT
  5
22
102
{ACAD_XDICTIONARY
360
16D0
102
}
102
{ACAD_REACTORS
330
1A
102
}
330
1A
100
AcDbPlotSettings
  1

  2
none_device
  4
ISO_A4_(210.00_x_297.00_MM)
  6

 40
7.5
 41
20.0
 42
7.5
 43
20.0
 44
210.0
 45
297.0
 46
11.54999923706054
 47
-13.65000009536743
 48
0.0
 49
0.0
140
0.0
141
0.0
142
1.0
143
8.704084754739808
 70
 11952
 72
     1
 73
     0
 74
     0
  7

 75
     0
147
0.1148885871608098
 76
     0
 77
     2
 78
   300
148
0.0
149
0.0
100
AcDbLayout
  1
Model
 70
     1
 71
     0
 10
0.0
 20
0.0
 11
12.0
 21
9.0
 12
0.0
 22
0.0
 32
0.0
 14
0.0
 24
0.0
 34
0.0
 15
0.0
 25
0.0
 35
0.0
146
0.0
 13
0.0
 23
0.0
 33
0.0
 16
1.0
 26
0.0
 36
0.0
 17
0.0
 27
1.0
 37
0.0
 76
     0
330
1F
331
EA
1001
ACAD_PSEXT
1000
None
1000
None
1000
Not applicable
1000
The layout will not be plotted unless a new plotter configuration name is selected.
1070
     0
  0
LAYOUT
  5
D3
102
{ACAD_REACTORS
330
1A
102
}
330
1A
100
AcDbPlotSettings
  1

  2
C:\Documents and Settings\basas\Application Data\Autodesk\AutoCAD 2005\R16.1\enu\plotters\Default Windows System Printer.pc3
  4

  6

 40
0.0
 41
0.0
 42
0.0
 43
0.0
 44
0.0
 45
0.0
 46
0.0
 47
0.0
 48
0.0
 49
0.0
140
0.0
141
0.0
142
1.0
143
1.0
 70
   688
 72
     0
 73
     0
 74
     5
  7

 75
    16
147
1.0
 76
     0
 77
     2
 78
   300
148
0.0
149
0.0
100
AcDbLayout
  1
Presentación1
 70
     1
 71
     1
 10
0.0
 20
0.0
 11
12.0
 21
9.0
 12
0.0
 22
0.0
 32
0.0
 14
0.0
 24
0.0
 34
0.0
 15
0.0
 25
0.0
 35
0.0
146
0.0
 13
0.0
 23
0.0
 33
0.0
 16
1.0
 26
0.0
 36
0.0
 17
0.0
 27
1.0
 37
0.0
 76
     0
330
D2
  0
LAYOUT
  5
D7
102
{ACAD_REACTORS
330
1A
102
}
330
1A
100
AcDbPlotSettings
  1

  2
C:\Documents and Settings\basas\Application Data\Autodesk\AutoCAD 2005\R16.1\enu\plotters\Default Windows System Printer.pc3
  4

  6

 40
0.0
 41
0.0
 42
0.0
 43
0.0
 44
0.0
 45
0.0
 46
0.0
 47
0.0
 48
0.0
 49
0.0
140
0.0
141
0.0
142
1.0
143
1.0
 70
   688
 72
     0
 73
     0
 74
     5
  7

 75
    16
147
1.0
 76
     0
 77
     2
 78
   300
148
0.0
149
0.0
100
AcDbLayout
  1
Presentación2
 70
     1
 71
     2
 10
0.0
 20
0.0
 11
12.0
 21
9.0
 12
0.0
 22
0.0
 32
0.0
 14
0.0
 24
0.0
 34
0.0
 15
0.0
 25
0.0
 35
0.0
146
0.0
 13
0.0
 23
0.0
 33
0.0
 16
1.0
 26
0.0
 36
0.0
 17
0.0
 27
1.0
 37
0.0
 76
     0
330
D6
  0
MATERIAL
  5
ED
102
{ACAD_XDICTIONARY
360
350
102
}
102
{ACAD_REACTORS
330
6A
102
}
330
6A
100
AcDbMaterial
  1
ByBlock
  0
MATERIAL
  5
EC
102
{ACAD_XDICTIONARY
360
34E
102
}
102
{ACAD_REACTORS
330
6A
102
}
330
6A
100
AcDbMaterial
  1
ByLayer
  0
MATERIAL
  5
EE
102
{ACAD_XDICTIONARY
360
173
102
}
102
{ACAD_REACTORS
330
6A
102
}
330
6A
100
AcDbMaterial
  1
Global
 43
0.0007999999797903
 43
0.0
 43
0.0
 43
0.0
 43
0.0
 43
0.0007999999797903
 43
0.0
 43
0.0
 43
0.0
 43
0.0
 43
1.0
 43
0.0
 43
0.0
 43
0.0
 43
0.0
 43
1.0
 49
0.0007999999797903
 49
0.0
 49
0.0
 49
0.0
 49
0.0
 49
0.0007999999797903
 49
0.0
 49
0.0
 49
0.0
 49
0.0
 49
1.0
 49
0.0
 49
0.0
 49
0.0
 49
0.0
 49
1.0
142
0.0007999999797903
142
0.0
142
0.0
142
0.0
142
0.0
142
0.0007999999797903
142
0.0
142
0.0
142
0.0
142
0.0
142
1.0
142
0.0
142
0.0
142
0.0
142
0.0
142
1.0
144
0.0007999999797903
144
0.0
144
0.0
144
0.0
144
0.0
144
0.0007999999797903
144
0.0
144
0.0
144
0.0
144
0.0
144
1.0
144
0.0
144
0.0
144
0.0
144
0.0
144
1.0
1001
ACAD
1070
    -1
1070
     3
1070
     0
1000

1071
        0
1070
     0
  0
MLEADERSTYLE
  5
12E
102
{ACAD_REACTORS
330
12D
102
}
330
12D
100
AcDbMLeaderStyle
170
     2
171
     1
172
     0
 90
        2
 40
0.0
 41
0.0
173
     1
 91
-1056964608
340
14
 92
       -2
290
     1
 42
2.0
291
     1
 43
8.0
  3
Standard
 44
4.0
300

342
11
174
     1
178
     1
175
     1
176
     0
 93
-1056964608
 45
4.0
292
     0
297
     0
 46
4.0
 94
-1056964608
 47
1.0
 49
1.0
140
1.0
293
     1
141
0.0
294
     1
177
     0
142
1.0
295
     0
296
     0
143
3.75
1001
ACAD_MLEADERVER
1070
     2
  0
MLINESTYLE
  5
18
102
{ACAD_REACTORS
330
17
102
}
330
17
100
AcDbMlineStyle
  2
STANDARD
 70
     0
  3

 62
   256
 51
90.0
 52
90.0
 71
     2
 49
0.5
 62
   256
  6
BYLAYER
 49
-0.5
 62
   256
  6
BYLAYER
  0
ACDBPLACEHOLDER
  5
F
102
{ACAD_REACTORS
330
E
102
}
330
E
  0
DICTIONARY
  5
25F6
330
25F5
100
AcDbDictionary
280
     1
281
     1
  3
ADSK_XREC_MENTALRAYSETTINGSINFO
360
25F7
  0
SCALE
  5
10D
102
{ACAD_REACTORS
330
10C
102
}
330
10C
100
AcDbScale
 70
     0
300
1:1
140
1.0
141
1.0
290
     1
  0
SCALE
  5
1BE
102
{ACAD_REACTORS
330
10C
102
}
330
10C
100
AcDbScale
 70
     0
300
1:2
140
1.0
141
2.0
290
     0
  0
SCALE
  5
1BF
102
{ACAD_REACTORS
330
10C
102
}
330
10C
100
AcDbScale
 70
     0
300
1:4
140
1.0
141
4.0
290
     0
  0
SCALE
  5
1C0
102
{ACAD_REACTORS
330
10C
102
}
330
10C
100
AcDbScale
 70
     0
300
1:5
140
1.0
141
5.0
290
     0
  0
SCALE
  5
1C1
102
{ACAD_REACTORS
330
10C
102
}
330
10C
100
AcDbScale
 70
     0
300
1:8
140
1.0
141
8.0
290
     0
  0
SCALE
  5
1C2
102
{ACAD_REACTORS
330
10C
102
}
330
10C
100
AcDbScale
 70
     0
300
1:10
140
1.0
141
10.0
290
     0
  0
SCALE
  5
1C3
102
{ACAD_REACTORS
330
10C
102
}
330
10C
100
AcDbScale
 70
     0
300
1:16
140
1.0
141
16.0
290
     0
  0
SCALE
  5
1C4
102
{ACAD_REACTORS
330
10C
102
}
330
10C
100
AcDbScale
 70
     0
300
1:20
140
1.0
141
20.0
290
     0
  0
SCALE
  5
1C5
102
{ACAD_REACTORS
330
10C
102
}
330
10C
100
AcDbScale
 70
     0
300
1:30
140
1.0
141
30.0
290
     0
  0
SCALE
  5
1C6
102
{ACAD_REACTORS
330
10C
102
}
330
10C
100
AcDbScale
 70
     0
300
1:40
140
1.0
141
40.0
290
     0
  0
SCALE
  5
1C7
102
{ACAD_REACTORS
330
10C
102
}
330
10C
100
AcDbScale
 70
     0
300
1:50
140
1.0
141
50.0
290
     0
  0
SCALE
  5
1C8
102
{ACAD_REACTORS
330
10C
102
}
330
10C
100
AcDbScale
 70
     0
300
1:100
140
1.0
141
100.0
290
     0
  0
SCALE
  5
1C9
102
{ACAD_REACTORS
330
10C
102
}
330
10C
100
AcDbScale
 70
     0
300
2:1
140
2.0
141
1.0
290
     0
  0
SCALE
  5
1CA
102
{ACAD_REACTORS
330
10C
102
}
330
10C
100
AcDbScale
 70
     0
300
4:1
140
4.0
141
1.0
290
     0
  0
SCALE
  5
1CB
102
{ACAD_REACTORS
330
10C
102
}
330
10C
100
AcDbScale
 70
     0
300
8:1
140
8.0
141
1.0
290
     0
  0
SCALE
  5
1CC
102
{ACAD_REACTORS
330
10C
102
}
330
10C
100
AcDbScale
 70
     0
300
10:1
140
10.0
141
1.0
290
     0
  0
SCALE
  5
1CD
102
{ACAD_REACTORS
330
10C
102
}
330
10C
100
AcDbScale
 70
     0
300
100:1
140
100.0
141
1.0
290
     0
  0
ACDBSECTIONVIEWSTYLE
  5
20A3
102
{ACAD_XDICTIONARY
360
295F
102
}
102
{ACAD_REACTORS
330
20A2
102
}
330
20A2
100
AcDbModelDocViewStyle
 70
     0
  3
Metric50
290
     0
100
AcDbSectionViewStyle
 70
     0
 71
     0
 90
      102
 71
     1
340
11
 62
   256
 40
5.0
340
0
340
0
 62
   256
 40
5.0
300
I, O, Q, S, X, Z
 40
10.0
 90
        0
 40
2.5
 90
        0
 71
     2
340
16
 90
       25
 62
   256
340
16
 90
       50
 62
   256
 40
5.0
 40
2.5
 40
5.0
 71
     3
340
11
 62
   256
 40
5.0
 90
        0
 40
15.0
 90
        1
300
%<\AcVar ViewSectionStartId>%-%<\AcVar ViewSectionEndId>% (%<\AcVar ViewScale \f "%sn">%)
 71
     4
 62
   256
 62
   257
300
ANSI31
 40
1.0
 90
        0
290
     0
290
     0
 90
        6
 40
0.0
 40
1.570796326794896
 40
0.2617993877991494
 40
1.308996938995747
 40
-0.2617993877991494
 40
1.832595714594044
  0
TABLESTYLE
  5
260D
102
{ACAD_XDICTIONARY
360
260E
102
}
102
{ACAD_REACTORS
330
7E
102
}
330
7E
100
AcDbTableStyle
  3
Standard
 70
     0
 71
     0
 40
1.5
 41
1.5
280
     0
281
     0
  7
Cortizo Industrial
140
2.0
170
     5
 62
     0
 63
     7
283
     0
274
    -2
284
     1
 64
     0
275
    -2
285
     1
 65
     0
276
    -2
286
     1
 66
     0
277
    -2
287
     1
 67
     0
278
    -2
288
     1
 68
     0
279
    -2
289
     1
 69
     0
  7
Standard
140
3.0
170
     5
 62
     0
 63
     7
283
     0
274
    -2
284
     1
 64
     0
275
    -2
285
     1
 65
     0
276
    -2
286
     1
 66
     0
277
    -2
287
     1
 67
     0
278
    -2
288
     1
 68
     0
279
    -2
289
     1
 69
     0
  7
Cortizo Industrial
140
2.299999999999998
170
     5
 62
     0
 63
     7
283
     0
274
    -2
284
     1
 64
     0
275
    -2
285
     1
 65
     0
276
    -2
286
     1
 66
     0
277
    -2
287
     1
 67
     0
278
    -2
288
     1
 68
     0
279
    -2
289
     1
 69
     0
  0
TABLESTYLE
  5
7F
102
{ACAD_XDICTIONARY
360
162
102
}
102
{ACAD_REACTORS
330
7E
102
}
330
7E
100
AcDbTableStyle
  3
Standard
 70
     0
 71
     0
 40
1.5
 41
1.5
280
     0
281
     0
  7
Standard
140
4.5
170
     2
 62
     0
 63
     7
283
     0
274
    -2
284
     1
 64
     0
275
    -2
285
     1
 65
     0
276
    -2
286
     1
 66
     0
277
    -2
287
     1
 67
     0
278
    -2
288
     1
 68
     0
279
    -2
289
     1
 69
     0
  7
Standard
140
6.0
170
     5
 62
     0
 63
     7
283
     0
274
    -2
284
     1
 64
     0
275
    -2
285
     1
 65
     0
276
    -2
286
     1
 66
     0
277
    -2
287
     1
 67
     0
278
    -2
288
     1
 68
     0
279
    -2
289
     1
 69
     0
  7
Standard
140
4.5
170
     5
 62
     0
 63
     7
283
     0
274
    -2
284
     1
 64
     0
275
    -2
285
     1
 65
     0
276
    -2
286
     1
 66
     0
277
    -2
287
     1
 67
     0
278
    -2
288
     1
 68
     0
279
    -2
289
     1
 69
     0
  0
VISUALSTYLE
  5
F5
102
{ACAD_XDICTIONARY
360
2935
102
}
102
{ACAD_REACTORS
330
EF
102
}
330
EF
100
AcDbVisualStyle
  2

 70
     4
 71
     0
 72
     2
 73
     1
 90
        0
 40
-0.6
 41
-30.0
 62
     5
 63
     7
 74
     1
 91
        4
 64
     7
 65
   257
 75
     1
175
     1
 42
1.0
 92
        0
 66
   257
 43
1.0
 76
     1
 77
     6
 78
     2
 67
     7
 79
     5
170
     0
171
     0
290
     0
174
     0
 93
        1
 44
0.0
173
     0
291
     0
 45
0.0
1001
ACAD
1000
AcDbSavedByObjectVersion
1070
     0
  0
VISUALSTYLE
  5
F7
102
{ACAD_XDICTIONARY
360
2939
102
}
102
{ACAD_REACTORS
330
EF
102
}
330
EF
100
AcDbVisualStyle
  2

 70
     6
 71
     1
 72
     2
 73
     2
 90
        0
 40
-0.6
 41
-30.0
 62
     5
 63
     7
 74
     2
 91
        2
 64
     7
 65
   257
 75
     2
175
     1
 42
40.0
 92
        0
 66
   257
 43
1.0
 76
     1
 77
     6
 78
     2
 67
     7
 79
     3
170
     0
171
     0
290
     0
174
     0
 93
        1
 44
0.0
173
     0
291
     0
 45
0.0
1001
ACAD
1000
AcDbSavedByObjectVersion
1070
     0
  0
VISUALSTYLE
  5
F6
102
{ACAD_XDICTIONARY
360
2937
102
}
102
{ACAD_REACTORS
330
EF
102
}
330
EF
100
AcDbVisualStyle
  2

 70
     5
 71
     0
 72
     2
 73
     1
 90
        0
 40
-0.6
 41
-30.0
 62
     5
 63
     7
 74
     1
 91
        4
 64
     7
 65
   257
 75
     1
175
     1
 42
1.0
 92
        0
 66
   257
 43
1.0
 76
     1
 77
     6
 78
     2
 67
     7
 79
     5
170
     0
171
     0
290
     0
174
     0
 93
        1
 44
0.0
173
     0
291
     0
 45
0.0
1001
ACAD
1000
AcDbSavedByObjectVersion
1070
     0
  0
VISUALSTYLE
  5
F4
102
{ACAD_XDICTIONARY
360
2933
102
}
102
{ACAD_REACTORS
330
EF
102
}
330
EF
100
AcDbVisualStyle
  2

 70
     7
 71
     1
 72
     0
 73
     1
 90
        0
 40
-0.6
 41
-30.0
 62
     5
 63
     7
 74
     0
 91
        4
 64
     7
 65
   257
 75
     1
175
     1
 42
1.0
 92
        8
 66
     7
 43
1.0
 76
     1
 77
     6
 78
     2
 67
     7
 79
     5
170
     0
171
     0
290
     0
174
     0
 93
        1
 44
0.0
173
     0
291
     1
 45
0.0
1001
ACAD
1000
AcDbSavedByObjectVersion
1070
     0
  0
VISUALSTYLE
  5
FB
102
{ACAD_XDICTIONARY
360
2941
102
}
102
{ACAD_REACTORS
330
EF
102
}
330
EF
100
AcDbVisualStyle
  2

 70
    12
 71
     2
 72
     2
 73
     1
 90
        0
 40
-0.6
 41
-30.0
 62
     5
 63
     7
 74
     1
 91
        4
 64
     7
 65
   257
 75
     1
175
     1
 42
1.0
 92
        8
 66
     7
 43
1.0
 76
     1
 77
     6
 78
     2
 67
     7
 79
     5
170
     0
171
     0
290
     0
174
     0
 93
        1
 44
50.0
173
     0
291
     1
 45
0.0
1001
ACAD
1000
AcDbSavedByObjectVersion
1070
     0
  0
VISUALSTYLE
  5
FF
102
{ACAD_XDICTIONARY
360
2949
102
}
102
{ACAD_REACTORS
330
EF
102
}
330
EF
100
AcDbVisualStyle
  2

 70
    16
 71
     2
 72
     2
 73
     3
 90
        0
 40
-0.6
 41
-30.0
 62
     5
 63
     8
 74
     1
 91
        4
 64
     7
 65
   257
 75
     1
175
     1
 42
1.0
 92
        8
 66
     8
 43
1.0
 76
     1
 77
     6
 78
     2
 67
     7
 79
     5
170
     0
171
     0
290
     0
174
     0
 93
        1
 44
0.0
173
     0
291
     1
 45
0.0
1001
ACAD
1000
AcDbSavedByObjectVersion
1070
     0
  0
VISUALSTYLE
  5
F8
102
{ACAD_XDICTIONARY
360
293B
102
}
102
{ACAD_REACTORS
330
EF
102
}
330
EF
100
AcDbVisualStyle
  2

 70
     9
 71
     3
 72
     2
 73
     1
 90
        0
 40
-0.6
 41
-30.0
 62
     5
 63
     7
 74
     2
 91
        2
 64
     7
 65
   257
 75
     1
175
     1
 42
40.0
 92
        8
 66
     7
 43
1.0
 76
     1
 77
     6
 78
     2
 67
     7
 79
     3
170
     0
171
     0
290
     0
174
     0
 93
        1
 44
0.0
173
     0
291
     0
 45
0.0
1001
ACAD
1000
AcDbSavedByObjectVersion
1070
     0
  0
VISUALSTYLE
  5
FA
102
{ACAD_XDICTIONARY
360
293F
102
}
102
{ACAD_REACTORS
330
EF
102
}
330
EF
100
AcDbVisualStyle
  2

 70
    11
 71
     2
 72
     2
 73
     1
 90
        0
 40
-0.6
 41
-30.0
 62
     5
 63
     7
 74
     1
 91
        4
 64
     7
 65
   257
 75
     1
175
     1
 42
1.0
 92
        8
 66
     7
 43
1.0
 76
     1
 77
     6
 78
     2
 67
     7
 79
     5
170
     0
171
     0
290
     0
174
     0
 93
        1
 44
-50.0
173
     0
291
     1
 45
0.0
1001
ACAD
1000
AcDbSavedByObjectVersion
1070
     0
  0
VISUALSTYLE
  5
1E6
102
{ACAD_XDICTIONARY
360
294F
102
}
102
{ACAD_REACTORS
330
EF
102
}
330
EF
100
AcDbVisualStyle
  2

 70
    22
 71
     2
 72
     2
 73
     0
 90
        0
 40
-0.6
 41
-30.0
 62
     5
 63
     7
 74
     1
 91
        4
 64
     7
 65
   257
 75
     1
175
     1
 42
1.0
 92
        8
 66
     7
 43
1.0
 76
     1
 77
     6
 78
     2
 67
     7
 79
     5
170
     0
171
     0
290
     0
174
     0
 93
        1
 44
0.0
173
     0
291
     1
 45
0.0
1001
ACAD
1000
AcDbSavedByObjectVersion
1070
     0
  0
VISUALSTYLE
  5
FE
102
{ACAD_XDICTIONARY
360
2947
102
}
102
{ACAD_REACTORS
330
EF
102
}
330
EF
100
AcDbVisualStyle
  2

 70
    15
 71
     2
 72
     2
 73
     1
 90
        0
 40
-0.6
 41
-30.0
 62
     5
 63
     7
 74
     1
 91
        4
 64
     7
 65
   257
 75
     1
175
     1
 42
1.0
 92
        8
 66
     7
 43
1.0
 76
     1
 77
     6
 78
     2
 67
     7
 79
     5
170
     0
171
     0
290
     0
174
     0
 93
        1
 44
0.0
173
     0
291
     1
 45
0.0
1001
ACAD
1000
AcDbSavedByObjectVersion
1070
     0
  0
VISUALSTYLE
  5
F0
102
{ACAD_XDICTIONARY
360
292B
102
}
102
{ACAD_REACTORS
330
EF
102
}
330
EF
100
AcDbVisualStyle
  2

 70
     0
 71
     2
 72
     1
 73
     1
 90
        2
 40
-0.6
 41
30.0
 62
     5
 63
     7
 74
     0
 91
        4
 64
     7
 65
   257
 75
     1
175
     1
 42
1.0
 92
        8
 66
     7
 43
1.0
 76
     1
 77
     6
 78
     2
 67
     7
 79
     5
170
     0
171
     0
290
     0
174
     0
 93
        1
 44
0.0
173
     0
291
     1
 45
0.0
1001
ACAD
1000
AcDbSavedByObjectVersion
1070
     0
  0
VISUALSTYLE
  5
F1
102
{ACAD_XDICTIONARY
360
292D
102
}
102
{ACAD_REACTORS
330
EF
102
}
330
EF
100
AcDbVisualStyle
  2

 70
     1
 71
     2
 72
     1
 73
     1
 90
        2
 40
-0.6
 41
30.0
 62
     5
 63
     7
 74
     1
 91
        4
 64
     7
 65
   257
 75
     1
175
     1
 42
1.0
 92
        0
 66
   257
 43
1.0
 76
     1
 77
     6
 78
     2
 67
     7
 79
     5
170
     0
171
     0
290
     0
174
     0
 93
        1
 44
0.0
173
     0
291
     1
 45
0.0
1001
ACAD
1000
AcDbSavedByObjectVersion
1070
     0
  0
VISUALSTYLE
  5
F2
102
{ACAD_XDICTIONARY
360
292F
102
}
102
{ACAD_REACTORS
330
EF
102
}
330
EF
100
AcDbVisualStyle
  2

 70
     2
 71
     2
 72
     2
 73
     1
 90
        2
 40
-0.6
 41
30.0
 62
     5
 63
     7
 74
     0
 91
        4
 64
     7
 65
   257
 75
     1
175
     1
 42
1.0
 92
        0
 66
     7
 43
1.0
 76
     1
 77
     6
 78
     2
 67
     7
 79
     5
170
     0
171
     0
290
     0
174
     0
 93
        1
 44
0.0
173
     0
291
     1
 45
0.0
1001
ACAD
1000
AcDbSavedByObjectVersion
1070
     0
  0
VISUALSTYLE
  5
F3
102
{ACAD_XDICTIONARY
360
2931
102
}
102
{ACAD_REACTORS
330
EF
102
}
330
EF
100
AcDbVisualStyle
  2

 70
     3
 71
     2
 72
     2
 73
     1
 90
        2
 40
-0.6
 41
30.0
 62
     5
 63
     7
 74
     1
 91
        4
 64
     7
 65
   257
 75
     1
175
     1
 42
1.0
 92
        0
 66
   257
 43
1.0
 76
     1
 77
     6
 78
     2
 67
     7
 79
     5
170
     0
171
     0
290
     0
174
     0
 93
        1
 44
0.0
173
     0
291
     1
 45
0.0
1001
ACAD
1000
AcDbSavedByObjectVersion
1070
     0
  0
VISUALSTYLE
  5
209C
102
{ACAD_XDICTIONARY
360
2953
102
}
102
{ACAD_REACTORS
330
EF
102
}
330
EF
100
AcDbVisualStyle
  2

 70
     6
 71
     1
 72
     2
 73
     2
 90
        0
 40
-0.6
 41
-30.0
 62
     5
 63
     7
421
 16777215
 74
     2
 91
        2
 64
     7
 65
   257
 75
     2
175
     1
 42
40.0
 92
        0
 66
   257
 43
1.0
 76
     1
 77
     6
 78
     2
 67
     7
 79
     3
170
     0
171
     0
290
     0
174
     0
 93
        1
 44
0.0
173
     0
291
     0
 45
0.0
1001
ACAD
1000
AcDbSavedByObjectVersion
1070
     0
  0
VISUALSTYLE
  5
1E4
102
{ACAD_XDICTIONARY
360
294B
102
}
102
{ACAD_REACTORS
330
EF
102
}
330
EF
100
AcDbVisualStyle
  2

 70
    20
 71
     2
 72
     2
 73
     0
 90
        0
 40
-0.6
 41
-30.0
 62
     5
 63
     7
 74
     1
 91
        4
 64
     7
 65
   257
 75
     1
175
     1
 42
1.0
 92
       10
 66
     7
 43
1.0
 76
     1
 77
     6
 78
     2
 67
     7
 79
     5
170
     0
171
     0
290
     0
174
     0
 93
        1
 44
0.0
173
     0
291
     1
 45
0.0
1001
ACAD
1000
AcDbSavedByObjectVersion
1070
     0
  0
VISUALSTYLE
  5
FD
102
{ACAD_XDICTIONARY
360
2945
102
}
102
{ACAD_REACTORS
330
EF
102
}
330
EF
100
AcDbVisualStyle
  2

 70
    14
 71
     2
 72
     2
 73
     1
 90
        0
 40
-0.6
 41
-30.0
 62
     5
 63
     7
 74
     1
 91
        4
 64
     7
 65
   257
 75
     7
175
     7
 42
1.0
 92
        8
 66
     7
 43
1.0
 76
     1
 77
     6
 78
     2
 67
     7
 79
     5
170
     0
171
     0
290
     0
174
     0
 93
        1
 44
0.0
173
     0
291
     1
 45
0.0
1001
ACAD
1000
AcDbSavedByObjectVersion
1070
     0
  0
VISUALSTYLE
  5
1E5
102
{ACAD_XDICTIONARY
360
294D
102
}
102
{ACAD_REACTORS
330
EF
102
}
330
EF
100
AcDbVisualStyle
  2

 70
    21
 71
     2
 72
     2
 73
     0
 90
        0
 40
-0.6
 41
-30.0
 62
     5
 63
     7
 74
     1
 91
        4
 64
     7
 65
   257
 75
     1
175
     1
 42
1.0
 92
        9
 66
     7
 43
1.0
 76
     1
 77
     6
 78
     2
 67
     7
 79
     5
170
     0
171
     0
290
     0
174
     0
 93
        1
 44
0.0
173
     0
291
     1
 45
0.0
1001
ACAD
1000
AcDbSavedByObjectVersion
1070
     0
  0
VISUALSTYLE
  5
F9
102
{ACAD_XDICTIONARY
360
293D
102
}
102
{ACAD_REACTORS
330
EF
102
}
330
EF
100
AcDbVisualStyle
  2

 70
     8
 71
     2
 72
     2
 73
     1
 90
        0
 40
-0.6
 41
-30.0
 62
     5
 63
     7
 74
     1
 91
        0
 64
     7
 65
   257
 75
     1
175
     1
 42
1.0
 92
        8
 66
     8
 43
1.0
 76
     1
 77
     6
 78
     2
 67
     7
 79
     5
170
     0
171
     0
290
     0
174
     0
 93
       13
 44
0.0
173
     0
291
     0
 45
0.0
1001
ACAD
1000
AcDbSavedByObjectVersion
1070
     0
  0
VISUALSTYLE
  5
20A1
102
{ACAD_XDICTIONARY
360
295D
102
}
102
{ACAD_REACTORS
330
EF
102
}
330
EF
100
AcDbVisualStyle
  2

 70
    27
 71
     2
 72
     2
 73
     1
 90
        2
 40
-0.6
 41
30.0
 62
     5
 63
     7
421
 16777215
 74
     0
 91
        4
 64
     7
 65
   257
 75
     1
175
     1
 42
1.0
 92
        8
 66
   257
 43
1.0
 76
     1
 77
     6
 78
     2
 67
     8
425
  7895160
 79
     3
170
     0
171
     0
290
     0
174
     0
 93
        5
 44
0.0
173
     0
291
     0
 45
0.0
1001
ACAD
1000
AcDbSavedByObjectVersion
1070
     0
  0
VISUALSTYLE
  5
20A0
102
{ACAD_XDICTIONARY
360
295B
102
}
102
{ACAD_REACTORS
330
EF
102
}
330
EF
100
AcDbVisualStyle
  2

 70
    26
 71
     2
 72
     2
 73
     1
 90
        2
 40
-0.6
 41
30.0
 62
     5
 63
     7
421
 16777215
 74
     1
 91
        2
 64
     7
 65
   257
 75
     2
175
     1
 42
1.0
 92
        8
 66
   257
 43
1.0
 76
     1
 77
     6
 78
     2
 67
     7
 79
     3
170
     0
171
     0
290
     0
174
     0
 93
        5
 44
0.0
173
     0
291
     0
 45
0.0
1001
ACAD
1000
AcDbSavedByObjectVersion
1070
     0
  0
VISUALSTYLE
  5
209D
102
{ACAD_XDICTIONARY
360
2955
102
}
102
{ACAD_REACTORS
330
EF
102
}
330
EF
100
AcDbVisualStyle
  2

 70
    23
 71
     2
 72
     2
 73
     3
 90
        0
 40
-0.6
 41
-30.0
 62
     5
 63
     7
421
 16777215
 74
     2
 91
        2
 64
     7
 65
     7
 75
     1
175
     1
 42
40.0
 92
        8
 66
     7
 43
1.0
 76
     1
 77
     6
 78
     2
 67
     7
 79
     3
170
     0
171
     0
290
     0
174
     0
 93
        1
 44
0.0
173
     0
291
     0
 45
0.0
1001
ACAD
1000
AcDbSavedByObjectVersion
1070
     0
  0
VISUALSTYLE
  5
209E
102
{ACAD_XDICTIONARY
360
2957
102
}
102
{ACAD_REACTORS
330
EF
102
}
330
EF
100
AcDbVisualStyle
  2

 70
    24
 71
     1
 72
     2
 73
     2
 90
        0
 40
-0.6
 41
-30.0
 62
     5
 63
     7
421
 16777215
 74
     2
 91
        2
 64
     7
 65
     7
 75
     1
175
     1
 42
40.0
 92
       11
 66
     7
 43
1.0
 76
     1
 77
     6
 78
     2
 67
     7
 79
     6
170
     0
171
     0
290
     0
174
     0
 93
        1
 44
0.0
173
     0
291
     0
 45
0.0
1001
ACAD
1000
AcDbSavedByObjectVersion
1070
     0
  0
VISUALSTYLE
  5
FC
102
{ACAD_XDICTIONARY
360
2943
102
}
102
{ACAD_REACTORS
330
EF
102
}
330
EF
100
AcDbVisualStyle
  2

 70
    13
 71
     2
 72
     2
 73
     1
 90
        0
 40
-0.6
 41
-30.0
 62
     5
 63
     7
 74
     1
 91
        4
 64
     7
 65
   257
 75
     1
175
     1
 42
1.0
 92
       12
 66
     7
 43
1.0
 76
     1
 77
     6
 78
     2
 67
     7
 79
     5
170
     0
171
     0
290
     0
174
     0
 93
        1
 44
0.0
173
     0
291
     1
 45
0.0
1001
ACAD
1000
AcDbSavedByObjectVersion
1070
     0
  0
VISUALSTYLE
  5
209B
102
{ACAD_XDICTIONARY
360
2951
102
}
102
{ACAD_REACTORS
330
EF
102
}
330
EF
100
AcDbVisualStyle
  2

 70
     5
 71
     0
 72
     2
 73
     0
 90
        0
 40
-0.6
 41
-30.0
 62
     5
 63
     7
421
 16777215
 74
     1
 91
        4
 64
     7
 65
   257
 75
     1
175
     1
 42
1.0
 92
        0
 66
   257
 43
1.0
 76
     1
 77
     6
 78
     2
 67
     7
 79
     3
170
     0
171
     0
290
     0
174
     0
 93
        1
 44
0.0
173
     0
291
     0
 45
0.0
1001
ACAD
1000
AcDbSavedByObjectVersion
1070
     0
  0
VISUALSTYLE
  5
209F
102
{ACAD_XDICTIONARY
360
2959
102
}
102
{ACAD_REACTORS
330
EF
102
}
330
EF
100
AcDbVisualStyle
  2

 70
    25
 71
     2
 72
     2
 73
     1
 90
        1
 40
0.5
 41
-30.0
 62
     5
 63
     7
421
 16777215
 74
     1
 91
        0
 64
     7
 65
   257
 75
     1
175
     1
 42
1.0
 92
        8
 66
     7
 43
1.0
 76
     1
 77
     6
 78
     2
 67
     7
 79
     3
170
     0
171
     0
290
     0
174
     0
 93
       13
 44
0.0
173
     0
291
     0
 45
0.0
1001
ACAD
1000
AcDbSavedByObjectVersion
1070
     0
  0
DICTIONARYVAR
  5
2669
102
{ACAD_REACTORS
330
2668
102
}
330
2668
100
DictionaryVariables
280
     0
  1
10.000000
  0
DICTIONARYVAR
  5
266A
102
{ACAD_REACTORS
330
2668
102
}
330
2668
100
DictionaryVariables
280
     0
  1
1
  0
DICTIONARYVAR
  5
266B
102
{ACAD_REACTORS
330
2668
102
}
330
2668
100
DictionaryVariables
280
     0
  1
1:1
  0
DICTIONARYVAR
  5
266C
102
{ACAD_REACTORS
330
2668
102
}
330
2668
100
DictionaryVariables
280
     0
  1
STANDARD
  0
DICTIONARYVAR
  5
266D
102
{ACAD_REACTORS
330
2668
102
}
330
2668
100
DictionaryVariables
280
     0
  1
STANDARD
  0
DICTIONARYVAR
  5
266E
102
{ACAD_REACTORS
330
2668
102
}
330
2668
100
DictionaryVariables
280
     0
  1
Metric50
  0
DICTIONARYVAR
  5
266F
102
{ACAD_REACTORS
330
2668
102
}
330
2668
100
DictionaryVariables
280
     0
  1
Metric50
  0
DICTIONARYVAR
  5
2670
102
{ACAD_REACTORS
330
2668
102
}
330
2668
100
DictionaryVariables
280
     0
  1
0
  0
DICTIONARYVAR
  5
2671
102
{ACAD_REACTORS
330
2668
102
}
330
2668
100
DictionaryVariables
280
     0
  1
2
  0
DICTIONARYVAR
  5
2672
102
{ACAD_REACTORS
330
2668
102
}
330
2668
100
DictionaryVariables
280
     0
  1
3
  0
DICTIONARYVAR
  5
2673
102
{ACAD_REACTORS
330
2668
102
}
330
2668
100
DictionaryVariables
280
     0
  1
1
  0
DICTIONARYVAR
  5
2674
102
{ACAD_REACTORS
330
2668
102
}
330
2668
100
DictionaryVariables
280
     0
  1
BYLAYER
  0
DICTIONARYVAR
  5
2675
102
{ACAD_REACTORS
330
2668
102
}
330
2668
100
DictionaryVariables
280
     0
  1
0
  0
DICTIONARYVAR
  5
2676
102
{ACAD_REACTORS
330
2668
102
}
330
2668
100
DictionaryVariables
280
     0
  1
.
  0
DICTIONARYVAR
  5
2677
102
{ACAD_REACTORS
330
2668
102
}
330
2668
100
DictionaryVariables
280
     0
  1
0
  0
DICTIONARYVAR
  5
2678
102
{ACAD_REACTORS
330
2668
102
}
330
2668
100
DictionaryVariables
280
     0
  1
0
  0
DICTIONARYVAR
  5
2679
102
{ACAD_REACTORS
330
2668
102
}
330
2668
100
DictionaryVariables
280
     0
  1
0
  0
DICTIONARYVAR
  5
267A
102
{ACAD_REACTORS
330
2668
102
}
330
2668
100
DictionaryVariables
280
     0
  1
2
  0
DICTIONARYVAR
  5
267B
102
{ACAD_REACTORS
330
2668
102
}
330
2668
100
DictionaryVariables
280
     0
  1
1.000000
  0
DICTIONARYVAR
  5
267C
102
{ACAD_REACTORS
330
2668
102
}
330
2668
100
DictionaryVariables
280
     0
  1
1
  0
DICTIONARYVAR
  5
267D
102
{ACAD_REACTORS
330
2668
102
}
330
2668
100
DictionaryVariables
280
     0
  1
2
  0
DICTIONARYVAR
  5
2922
102
{ACAD_REACTORS
330
2668
102
}
330
2668
100
DictionaryVariables
280
     0
  1
80.000000
  0
DICTIONARYVAR
  5
2921
102
{ACAD_REACTORS
330
2668
102
}
330
2668
100
DictionaryVariables
280
     0
  1
5.000000
  0
DICTIONARYVAR
  5
267E
102
{ACAD_REACTORS
330
2668
102
}
330
2668
100
DictionaryVariables
280
     0
  1
0
  0
DICTIONARYVAR
  5
267F
102
{ACAD_REACTORS
330
2668
102
}
330
2668
100
DictionaryVariables
280
     0
  1
127
  0
DICTIONARYVAR
  5
2923
102
{ACAD_REACTORS
330
2668
102
}
330
2668
100
DictionaryVariables
280
     0
  1
2
  0
DICTIONARY
  5
2961
330
20A5
100
AcDbDictionary
280
     1
281
     1
  3
ACAD_XREC_ROUNDTRIP
360
2962
  0
DICTIONARY
  5
16D0
330
22
100
AcDbDictionary
280
     1
281
     1
  0
DICTIONARY
  5
350
330
ED
100
AcDbDictionary
280
     1
281
     1
  3
ACAD_XREC_ROUNDTRIP
360
351
  0
DICTIONARY
  5
34E
330
EC
100
AcDbDictionary
280
     1
281
     1
  3
ACAD_XREC_ROUNDTRIP
360
34F
  0
DICTIONARY
  5
173
330
EE
100
AcDbDictionary
280
     1
281
     1
  3
ACAD_XREC_ROUNDTRIP
360
352
  3
BUMPTILE
360
175
  3
DIFFUSETILE
360
174
  3
OPACITYTILE
360
176
  3
REFLECTIONTILE
360
177
  0
XRECORD
  5
25F7
102
{ACAD_REACTORS
330
25F6
102
}
330
25F6
100
AcDbXrecord
280
     1
 70
     2
 71
     3
 72
     0
  0
DICTIONARY
  5
295F
330
20A3
100
AcDbDictionary
280
     1
281
     1
  3
ACAD_XREC_ROUNDTRIP
360
2960
  0
DICTIONARY
  5
260E
330
260D
100
AcDbDictionary
280
     1
281
     1
  3
ACAD_ROUNDTRIP_2008_TABLESTYLE_CELLSTYLEMAP
360
2925
  3
ACAD_XREC_ROUNDTRIP
360
2963
  0
DICTIONARY
  5
162
330
7F
100
AcDbDictionary
280
     1
281
     1
  3
ACAD_ROUNDTRIP_2008_TABLESTYLE_CELLSTYLEMAP
360
2924
  3
ACAD_XREC_ROUNDTRIP
360
292A
  0
DICTIONARY
  5
2935
330
F5
100
AcDbDictionary
280
     1
281
     1
  3
ACAD_XREC_ROUNDTRIP
360
2936
  0
DICTIONARY
  5
2939
330
F7
100
AcDbDictionary
280
     1
281
     1
  3
ACAD_XREC_ROUNDTRIP
360
293A
  0
DICTIONARY
  5
2937
330
F6
100
AcDbDictionary
280
     1
281
     1
  3
ACAD_XREC_ROUNDTRIP
360
2938
  0
DICTIONARY
  5
2933
330
F4
100
AcDbDictionary
280
     1
281
     1
  3
ACAD_XREC_ROUNDTRIP
360
2934
  0
DICTIONARY
  5
2941
330
FB
100
AcDbDictionary
280
     1
281
     1
  3
ACAD_XREC_ROUNDTRIP
360
2942
  0
DICTIONARY
  5
2949
330
FF
100
AcDbDictionary
280
     1
281
     1
  3
ACAD_XREC_ROUNDTRIP
360
294A
  0
DICTIONARY
  5
293B
330
F8
100
AcDbDictionary
280
     1
281
     1
  3
ACAD_XREC_ROUNDTRIP
360
293C
  0
DICTIONARY
  5
293F
330
FA
100
AcDbDictionary
280
     1
281
     1
  3
ACAD_XREC_ROUNDTRIP
360
2940
  0
DICTIONARY
  5
294F
330
1E6
100
AcDbDictionary
280
     1
281
     1
  3
ACAD_XREC_ROUNDTRIP
360
2950
  0
DICTIONARY
  5
2947
330
FE
100
AcDbDictionary
280
     1
281
     1
  3
ACAD_XREC_ROUNDTRIP
360
2948
  0
DICTIONARY
  5
292B
330
F0
100
AcDbDictionary
280
     1
281
     1
  3
ACAD_XREC_ROUNDTRIP
360
292C
  0
DICTIONARY
  5
292D
330
F1
100
AcDbDictionary
280
     1
281
     1
  3
ACAD_XREC_ROUNDTRIP
360
292E
  0
DICTIONARY
  5
292F
330
F2
100
AcDbDictionary
280
     1
281
     1
  3
ACAD_XREC_ROUNDTRIP
360
2930
  0
DICTIONARY
  5
2931
330
F3
100
AcDbDictionary
280
     1
281
     1
  3
ACAD_XREC_ROUNDTRIP
360
2932
  0
DICTIONARY
  5
2953
330
209C
100
AcDbDictionary
280
     1
281
     1
  3
ACAD_XREC_ROUNDTRIP
360
2954
  0
DICTIONARY
  5
294B
330
1E4
100
AcDbDictionary
280
     1
281
     1
  3
ACAD_XREC_ROUNDTRIP
360
294C
  0
DICTIONARY
  5
2945
330
FD
100
AcDbDictionary
280
     1
281
     1
  3
ACAD_XREC_ROUNDTRIP
360
2946
  0
DICTIONARY
  5
294D
330
1E5
100
AcDbDictionary
280
     1
281
     1
  3
ACAD_XREC_ROUNDTRIP
360
294E
  0
DICTIONARY
  5
293D
330
F9
100
AcDbDictionary
280
     1
281
     1
  3
ACAD_XREC_ROUNDTRIP
360
293E
  0
DICTIONARY
  5
295D
330
20A1
100
AcDbDictionary
280
     1
281
     1
  3
ACAD_XREC_ROUNDTRIP
360
295E
  0
DICTIONARY
  5
295B
330
20A0
100
AcDbDictionary
280
     1
281
     1
  3
ACAD_XREC_ROUNDTRIP
360
295C
  0
DICTIONARY
  5
2955
330
209D
100
AcDbDictionary
280
     1
281
     1
  3
ACAD_XREC_ROUNDTRIP
360
2956
  0
DICTIONARY
  5
2957
330
209E
100
AcDbDictionary
280
     1
281
     1
  3
ACAD_XREC_ROUNDTRIP
360
2958
  0
DICTIONARY
  5
2943
330
FC
100
AcDbDictionary
280
     1
281
     1
  3
ACAD_XREC_ROUNDTRIP
360
2944
  0
DICTIONARY
  5
2951
330
209B
100
AcDbDictionary
280
     1
281
     1
  3
ACAD_XREC_ROUNDTRIP
360
2952
  0
DICTIONARY
  5
2959
330
209F
100
AcDbDictionary
280
     1
281
     1
  3
ACAD_XREC_ROUNDTRIP
360
295A
  0
XRECORD
  5
2962
102
{ACAD_REACTORS
330
2961
102
}
330
2961
100
AcDbXrecord
280
     1
102
DISPLAYNAME
  1
Metric50
102
FLAGS
 90
        0
  0
XRECORD
  5
351
102
{ACAD_REACTORS
330
350
102
}
330
350
100
AcDbXrecord
280
     1
102
MATERIAL
148
0.0
149
0.0
149
0.0
 93
        0
 94
      127
282
     0
 72
     1
 77
     1
171
     1
175
     1
179
     1
273
     0
  0
XRECORD
  5
34F
102
{ACAD_REACTORS
330
34E
102
}
330
34E
100
AcDbXrecord
280
     1
102
MATERIAL
148
0.0
149
0.0
149
0.0
 93
        0
 94
      127
282
     0
 72
     1
 77
     1
171
     1
175
     1
179
     1
273
     0
  0
XRECORD
  5
352
102
{ACAD_REACTORS
330
173
102
}
330
173
100
AcDbXrecord
280
     1
102
MATERIAL
148
0.0
149
0.0
149
0.0
 93
        0
 94
      127
282
     0
 72
     1
 77
     1
171
     1
175
     1
179
     1
273
     0
  0
XRECORD
  5
175
102
{ACAD_REACTORS
330
173
102
}
330
173
100
AcDbXrecord
280
     1
270
     1
271
     1
  0
XRECORD
  5
174
102
{ACAD_REACTORS
330
173
102
}
330
173
100
AcDbXrecord
280
     1
270
     1
271
     1
  0
XRECORD
  5
176
102
{ACAD_REACTORS
330
173
102
}
330
173
100
AcDbXrecord
280
     1
270
     1
271
     1
  0
XRECORD
  5
177
102
{ACAD_REACTORS
330
173
102
}
330
173
100
AcDbXrecord
280
     1
270
     1
271
     1
  0
XRECORD
  5
2960
102
{ACAD_REACTORS
330
295F
102
}
330
295F
100
AcDbXrecord
280
     1
102
DISPLAYNAME
  1
Metric50
102
FLAGS
 90
        0
  0
CELLSTYLEMAP
  5
2925
102
{ACAD_REACTORS
330
260E
102
}
330
260E
100
AcDbCellStyleMap
 90
        3
300
CELLSTYLE
  1
TABLEFORMAT_BEGIN
 90
        5
170
     1
 91
        0
 92
    32768
 62
   257
 93
        1
300
CONTENTFORMAT
  1
CONTENTFORMAT_BEGIN
 90
        0
 91
        0
 92
        4
 93
        0
300

 40
0.0
140
1.0
 94
        5
 62
     0
340
11
144
3.0
309
CONTENTFORMAT_END
171
     1
301
MARGIN
  1
CELLMARGIN_BEGIN
 40
1.5
 40
1.5
 40
1.5
 40
1.5
 40
0.18
 40
0.18
309
CELLMARGIN_END
 94
        6
 95
        1
302
GRIDFORMAT
  1
GRIDFORMAT_BEGIN
 90
        0
 91
        1
 62
     0
 92
       -2
340
0
 93
        0
 40
0.045
309
GRIDFORMAT_END
 95
        2
302
GRIDFORMAT
  1
GRIDFORMAT_BEGIN
 90
        0
 91
        1
 62
     0
 92
       -2
340
0
 93
        0
 40
0.045
309
GRIDFORMAT_END
 95
        4
302
GRIDFORMAT
  1
GRIDFORMAT_BEGIN
 90
        0
 91
        1
 62
     0
 92
       -2
340
0
 93
        0
 40
0.045
309
GRIDFORMAT_END
 95
        8
302
GRIDFORMAT
  1
GRIDFORMAT_BEGIN
 90
        0
 91
        1
 62
     0
 92
       -2
340
0
 93
        0
 40
0.045
309
GRIDFORMAT_END
 95
       16
302
GRIDFORMAT
  1
GRIDFORMAT_BEGIN
 90
        0
 91
        1
 62
     0
 92
       -2
340
0
 93
        0
 40
0.045
309
GRIDFORMAT_END
 95
       32
302
GRIDFORMAT
  1
GRIDFORMAT_BEGIN
 90
        0
 91
        1
 62
     0
 92
       -2
340
0
 93
        0
 40
0.045
309
GRIDFORMAT_END
309
TABLEFORMAT_END
  1
CELLSTYLE_BEGIN
 90
        1
 91
        1
300
_TITLE
309
CELLSTYLE_END
300
CELLSTYLE
  1
TABLEFORMAT_BEGIN
 90
        5
170
     1
 91
        0
 92
        0
 62
   257
 93
        1
300
CONTENTFORMAT
  1
CONTENTFORMAT_BEGIN
 90
        0
 91
        0
 92
        4
 93
        0
300

 40
0.0
140
1.0
 94
        5
 62
     0
340
260A
144
2.299999999999998
309
CONTENTFORMAT_END
171
     1
301
MARGIN
  1
CELLMARGIN_BEGIN
 40
1.5
 40
1.5
 40
1.5
 40
1.5
 40
0.18
 40
0.18
309
CELLMARGIN_END
 94
        6
 95
        1
302
GRIDFORMAT
  1
GRIDFORMAT_BEGIN
 90
        0
 91
        1
 62
     0
 92
       -2
340
0
 93
        0
 40
0.045
309
GRIDFORMAT_END
 95
        2
302
GRIDFORMAT
  1
GRIDFORMAT_BEGIN
 90
        0
 91
        1
 62
     0
 92
       -2
340
0
 93
        0
 40
0.045
309
GRIDFORMAT_END
 95
        4
302
GRIDFORMAT
  1
GRIDFORMAT_BEGIN
 90
        0
 91
        1
 62
     0
 92
       -2
340
0
 93
        0
 40
0.045
309
GRIDFORMAT_END
 95
        8
302
GRIDFORMAT
  1
GRIDFORMAT_BEGIN
 90
        0
 91
        1
 62
     0
 92
       -2
340
0
 93
        0
 40
0.045
309
GRIDFORMAT_END
 95
       16
302
GRIDFORMAT
  1
GRIDFORMAT_BEGIN
 90
        0
 91
        1
 62
     0
 92
       -2
340
0
 93
        0
 40
0.045
309
GRIDFORMAT_END
 95
       32
302
GRIDFORMAT
  1
GRIDFORMAT_BEGIN
 90
        0
 91
        1
 62
     0
 92
       -2
340
0
 93
        0
 40
0.045
309
GRIDFORMAT_END
309
TABLEFORMAT_END
  1
CELLSTYLE_BEGIN
 90
        2
 91
        1
300
_HEADER
309
CELLSTYLE_END
300
CELLSTYLE
  1
TABLEFORMAT_BEGIN
 90
        5
170
     1
 91
        0
 92
        0
 62
   257
 93
        1
300
CONTENTFORMAT
  1
CONTENTFORMAT_BEGIN
 90
        0
 91
        0
 92
        4
 93
        0
300

 40
0.0
140
1.0
 94
        5
 62
     0
340
260A
144
2.0
309
CONTENTFORMAT_END
171
     1
301
MARGIN
  1
CELLMARGIN_BEGIN
 40
1.5
 40
1.5
 40
1.5
 40
1.5
 40
0.18
 40
0.18
309
CELLMARGIN_END
 94
        6
 95
        1
302
GRIDFORMAT
  1
GRIDFORMAT_BEGIN
 90
        0
 91
        1
 62
     0
 92
       -2
340
0
 93
        0
 40
0.045
309
GRIDFORMAT_END
 95
        2
302
GRIDFORMAT
  1
GRIDFORMAT_BEGIN
 90
        0
 91
        1
 62
     0
 92
       -2
340
0
 93
        0
 40
0.045
309
GRIDFORMAT_END
 95
        4
302
GRIDFORMAT
  1
GRIDFORMAT_BEGIN
 90
        0
 91
        1
 62
     0
 92
       -2
340
0
 93
        0
 40
0.045
309
GRIDFORMAT_END
 95
        8
302
GRIDFORMAT
  1
GRIDFORMAT_BEGIN
 90
        0
 91
        1
 62
     0
 92
       -2
340
0
 93
        0
 40
0.045
309
GRIDFORMAT_END
 95
       16
302
GRIDFORMAT
  1
GRIDFORMAT_BEGIN
 90
        0
 91
        1
 62
     0
 92
       -2
340
0
 93
        0
 40
0.045
309
GRIDFORMAT_END
 95
       32
302
GRIDFORMAT
  1
GRIDFORMAT_BEGIN
 90
        0
 91
        1
 62
     0
 92
       -2
340
0
 93
        0
 40
0.045
309
GRIDFORMAT_END
309
TABLEFORMAT_END
  1
CELLSTYLE_BEGIN
 90
        3
 91
        2
300
_DATA
309
CELLSTYLE_END
  0
XRECORD
  5
2963
102
{ACAD_REACTORS
330
260E
102
}
330
260E
100
AcDbXrecord
280
     1
102
ACAD_ROUNDTRIP_PRE2007_TABLESTYLE
 90
        4
 91
        0
  1

 92
        4
 93
        0
  2

 94
        4
 95
        0
  3

  0
CELLSTYLEMAP
  5
2924
102
{ACAD_REACTORS
330
162
102
}
330
162
100
AcDbCellStyleMap
 90
        3
300
CELLSTYLE
  1
TABLEFORMAT_BEGIN
 90
        5
170
     1
 91
        0
 92
    32768
 62
   257
 93
        1
300
CONTENTFORMAT
  1
CONTENTFORMAT_BEGIN
 90
        0
 91
        0
 92
      512
 93
        0
300

 40
0.0
140
1.0
 94
        5
 62
     0
340
11
144
6.0
309
CONTENTFORMAT_END
171
     1
301
MARGIN
  1
CELLMARGIN_BEGIN
 40
1.5
 40
1.5
 40
1.5
 40
1.5
 40
0.18
 40
0.18
309
CELLMARGIN_END
 94
        6
 95
        1
302
GRIDFORMAT
  1
GRIDFORMAT_BEGIN
 90
        0
 91
        1
 62
     0
 92
       -2
340
14
 93
        0
 40
1.125
309
GRIDFORMAT_END
 95
        2
302
GRIDFORMAT
  1
GRIDFORMAT_BEGIN
 90
        0
 91
        1
 62
     0
 92
       -2
340
14
 93
        0
 40
1.125
309
GRIDFORMAT_END
 95
        4
302
GRIDFORMAT
  1
GRIDFORMAT_BEGIN
 90
        0
 91
        1
 62
     0
 92
       -2
340
14
 93
        0
 40
1.125
309
GRIDFORMAT_END
 95
        8
302
GRIDFORMAT
  1
GRIDFORMAT_BEGIN
 90
        0
 91
        1
 62
     0
 92
       -2
340
14
 93
        0
 40
1.125
309
GRIDFORMAT_END
 95
       16
302
GRIDFORMAT
  1
GRIDFORMAT_BEGIN
 90
        0
 91
        1
 62
     0
 92
       -2
340
14
 93
        0
 40
1.125
309
GRIDFORMAT_END
 95
       32
302
GRIDFORMAT
  1
GRIDFORMAT_BEGIN
 90
        0
 91
        1
 62
     0
 92
       -2
340
14
 93
        0
 40
1.125
309
GRIDFORMAT_END
309
TABLEFORMAT_END
  1
CELLSTYLE_BEGIN
 90
        1
 91
        1
300
_TITLE
309
CELLSTYLE_END
300
CELLSTYLE
  1
TABLEFORMAT_BEGIN
 90
        5
170
     1
 91
        0
 92
        0
 62
   257
 93
        1
300
CONTENTFORMAT
  1
CONTENTFORMAT_BEGIN
 90
        0
 91
        0
 92
      512
 93
        0
300

 40
0.0
140
1.0
 94
        5
 62
     0
340
11
144
4.5
309
CONTENTFORMAT_END
171
     1
301
MARGIN
  1
CELLMARGIN_BEGIN
 40
1.5
 40
1.5
 40
1.5
 40
1.5
 40
0.18
 40
0.18
309
CELLMARGIN_END
 94
        6
 95
        1
302
GRIDFORMAT
  1
GRIDFORMAT_BEGIN
 90
        0
 91
        1
 62
     0
 92
       -2
340
14
 93
        0
 40
1.125
309
GRIDFORMAT_END
 95
        2
302
GRIDFORMAT
  1
GRIDFORMAT_BEGIN
 90
        0
 91
        1
 62
     0
 92
       -2
340
14
 93
        0
 40
1.125
309
GRIDFORMAT_END
 95
        4
302
GRIDFORMAT
  1
GRIDFORMAT_BEGIN
 90
        0
 91
        1
 62
     0
 92
       -2
340
14
 93
        0
 40
1.125
309
GRIDFORMAT_END
 95
        8
302
GRIDFORMAT
  1
GRIDFORMAT_BEGIN
 90
        0
 91
        1
 62
     0
 92
       -2
340
14
 93
        0
 40
1.125
309
GRIDFORMAT_END
 95
       16
302
GRIDFORMAT
  1
GRIDFORMAT_BEGIN
 90
        0
 91
        1
 62
     0
 92
       -2
340
14
 93
        0
 40
1.125
309
GRIDFORMAT_END
 95
       32
302
GRIDFORMAT
  1
GRIDFORMAT_BEGIN
 90
        0
 91
        1
 62
     0
 92
       -2
340
14
 93
        0
 40
1.125
309
GRIDFORMAT_END
309
TABLEFORMAT_END
  1
CELLSTYLE_BEGIN
 90
        2
 91
        1
300
_HEADER
309
CELLSTYLE_END
300
CELLSTYLE
  1
TABLEFORMAT_BEGIN
 90
        5
170
     1
 91
        0
 92
        0
 62
   257
 93
        1
300
CONTENTFORMAT
  1
CONTENTFORMAT_BEGIN
 90
        0
 91
        0
 92
      512
 93
        0
300

 40
0.0
140
1.0
 94
        2
 62
     0
340
11
144
4.5
309
CONTENTFORMAT_END
171
     1
301
MARGIN
  1
CELLMARGIN_BEGIN
 40
1.5
 40
1.5
 40
1.5
 40
1.5
 40
0.18
 40
0.18
309
CELLMARGIN_END
 94
        6
 95
        1
302
GRIDFORMAT
  1
GRIDFORMAT_BEGIN
 90
        0
 91
        1
 62
     0
 92
       -2
340
14
 93
        0
 40
1.125
309
GRIDFORMAT_END
 95
        2
302
GRIDFORMAT
  1
GRIDFORMAT_BEGIN
 90
        0
 91
        1
 62
     0
 92
       -2
340
14
 93
        0
 40
1.125
309
GRIDFORMAT_END
 95
        4
302
GRIDFORMAT
  1
GRIDFORMAT_BEGIN
 90
        0
 91
        1
 62
     0
 92
       -2
340
14
 93
        0
 40
1.125
309
GRIDFORMAT_END
 95
        8
302
GRIDFORMAT
  1
GRIDFORMAT_BEGIN
 90
        0
 91
        1
 62
     0
 92
       -2
340
14
 93
        0
 40
1.125
309
GRIDFORMAT_END
 95
       16
302
GRIDFORMAT
  1
GRIDFORMAT_BEGIN
 90
        0
 91
        1
 62
     0
 92
       -2
340
14
 93
        0
 40
1.125
309
GRIDFORMAT_END
 95
       32
302
GRIDFORMAT
  1
GRIDFORMAT_BEGIN
 90
        0
 91
        1
 62
     0
 92
       -2
340
14
 93
        0
 40
1.125
309
GRIDFORMAT_END
309
TABLEFORMAT_END
  1
CELLSTYLE_BEGIN
 90
        3
 91
        2
300
_DATA
309
CELLSTYLE_END
  0
XRECORD
  5
292A
102
{ACAD_REACTORS
330
162
102
}
330
162
100
AcDbXrecord
280
     1
102
ACAD_ROUNDTRIP_PRE2007_TABLESTYLE
 90
      512
 91
        0
  1

 92
      512
 93
        0
  2

 94
      512
 95
        0
  3

  0
XRECORD
  5
2936
102
{ACAD_REACTORS
330
2935
102
}
330
2935
100
AcDbXrecord
280
     1
102
RTVSPost2010Prop28
280
     1
102
RTVSPost2010PropOp28
 70
     1
102
RTVSPost2010Prop29
280
     1
102
RTVSPost2010PropOp29
 70
     1
102
RTVSPost2010Prop30
280
     0
102
RTVSPost2010PropOp30
 70
     1
102
RTVSPost2010Prop31
280
     0
102
RTVSPost2010PropOp31
 70
     1
102
RTVSPost2010Prop32
280
     0
102
RTVSPost2010PropOp32
 70
     1
102
RTVSPost2010Prop33
280
     0
102
RTVSPost2010PropOp33
 70
     1
102
RTVSPost2010Prop34
280
     0
102
RTVSPost2010PropOp34
 70
     1
102
RTVSPost2010Prop35
280
     0
102
RTVSPost2010PropOp35
 70
     1
102
RTVSPost2010Prop36
280
     0
102
RTVSPost2010PropOp36
 70
     1
102
RTVSPost2010Prop37
 90
       50
102
RTVSPost2010PropOp37
 70
     1
102
RTVSPost2010Prop38
140
0.0
102
RTVSPost2010PropOp38
 70
     1
102
RTVSPost2010Prop39
140
1.0
102
RTVSPost2010PropOp39
 70
     1
102
RTVSPost2010Prop40
 90
        0
102
RTVSPost2010PropOp40
 70
     1
102
RTVSPost2010Prop41ColorIndex
 90
       18
102
RTVSPost2010Prop41ColorRGB
 90
        0
102
RTVSPost2010PropOp41
 70
     1
102
RTVSPost2010Prop42
 90
       50
102
RTVSPost2010PropOp42
 70
     1
102
RTVSPost2010Prop43
 90
        3
102
RTVSPost2010PropOp43
 70
     1
102
RTVSPost2010Prop44ColorIndex
 90
        5
102
RTVSPost2010Prop44ColorRGB
 90
      255
102
RTVSPost2010PropOp44
 70
     1
102
RTVSPost2010Prop45
280
     0
102
RTVSPost2010PropOp45
 70
     1
102
RTVSPost2010Prop46
 90
       50
102
RTVSPost2010PropOp46
 70
     1
102
RTVSPost2010Prop47
 90
       50
102
RTVSPost2010PropOp47
 70
     1
102
RTVSPost2010Prop48
 90
       50
102
RTVSPost2010PropOp48
 70
     1
102
RTVSPost2010Prop49
280
     0
102
RTVSPost2010PropOp49
 70
     1
102
RTVSPost2010Prop50
 90
       50
102
RTVSPost2010PropOp50
 70
     1
102
RTVSPost2010Prop51ColorIndex
 90
      256
102
RTVSPost2010Prop51ColorRGB
 90
-16777216
102
RTVSPost2010PropOp51
 70
     0
102
RTVSPost2010Prop52
140
1.0
102
RTVSPost2010PropOp52
 70
     0
102
RTVSPost2010Prop53
 90
        2
102
RTVSPost2010PropOp53
 70
     1
102
RTVSPost2010Prop54
  1
strokes_ogs.tif
102
RTVSPost2010PropOp54
 70
     1
102
RTVSPost2010Prop55
280
     0
102
RTVSPost2010PropOp55
 70
     1
102
RTVSPost2010Prop56
140
1.0
102
RTVSPost2010PropOp56
 70
     1
102
RTVSPost2010Prop57
140
1.0
102
RTVSPost2010PropOp57
 70
     1
102
RTVSPropertyOp0
 70
     1
102
RTVSPropertyOp1
 70
     1
102
RTVSPropertyOp2
 70
     1
102
RTVSPropertyOp3
 70
     1
102
RTVSPropertyOp4
 70
     1
102
RTVSPropertyOp5
 70
     1
102
RTVSPropertyOp6
 70
     1
102
RTVSPropertyOp7
 70
     1
102
RTVSPropertyOp8
 70
     1
102
RTVSPropertyOp9
 70
     1
102
RTVSPropertyOp10
 70
     1
102
RTVSPropertyOp11
 70
     1
102
RTVSPropertyOp12
 70
     1
102
RTVSPropertyOp13
 70
     1
102
RTVSPropertyOp14
 70
     1
102
RTVSPropertyOp15
 70
     1
102
RTVSPropertyOp16
 70
     1
102
RTVSPropertyOp17
 70
     1
102
RTVSPropertyOp18
 70
     1
102
RTVSPropertyOp19
 70
     1
102
RTVSPropertyOp20
 70
     1
102
RTVSPropertyOp21
 70
     1
102
RTVSPropertyOp22
 70
     1
102
RTVSPropertyOp23
 70
     1
102
RTVSPropertyOp24
 70
     1
102
RTVSPropertyOp25
 70
     1
102
RTVSPropertyOp26
 70
     1
102
RTVSPropertyOp27
 70
     1
102
RTVSPropertyOp28
 70
     1
102
RTVSPropertyOp29
 70
     1
102
RTVSPropertyOp30
 70
     1
102
RTVSPropertyOp31
 70
     1
102
RTVSPropertyOp32
 70
     1
102
RTVSPropertyOp33
 70
     1
102
RTVSPropertyOp34
 70
     1
102
RTVSPropertyOp35
 70
     1
102
RTVSPropertyOp36
 70
     1
102
RTVSPropertyOp37
 70
     1
102
RTVSPropertyOp38
 70
     1
102
RTVSPropertyOp39
 70
     1
102
RTVSPropertyOp40
 70
     1
102
RTVSPropertyOp41
 70
     1
102
RTVSPropertyOp42
 70
     1
102
RTVSPropertyOp43
 70
     1
102
RTVSPropertyOp44
 70
     1
102
RTVSPropertyOp45
 70
     1
102
RTVSPropertyOp46
 70
     1
102
RTVSPropertyOp47
 70
     1
102
RTVSPropertyOp48
 70
     1
102
RTVSPropertyOp49
 70
     1
102
RTVSPropertyOp50
 70
     1
102
RTVSPropertyOp51
 70
     0
102
RTVSPropertyOp52
 70
     0
102
RTVSPropertyOp53
 70
     1
102
RTVSPropertyOp54
 70
     1
102
RTVSPropertyOp55
 70
     1
102
RTVSPropertyOp56
 70
     1
102
RTVSPropertyOp57
 70
     1
102
RTVSPropertyOp58
 70
     1
102
RTVSPropertyOp59
 70
     1
102
RTVSPropertyOp60
 70
     1
102
RTVSPropertyOp61
 70
     1
102
RTVSPropertyOp62
 70
     1
  0
XRECORD
  5
293A
102
{ACAD_REACTORS
330
2939
102
}
330
2939
100
AcDbXrecord
280
     1
102
RTVSPost2010Prop28
280
     0
102
RTVSPost2010PropOp28
 70
     1
102
RTVSPost2010Prop29
280
     1
102
RTVSPost2010PropOp29
 70
     1
102
RTVSPost2010Prop30
280
     1
102
RTVSPost2010PropOp30
 70
     1
102
RTVSPost2010Prop31
280
     0
102
RTVSPost2010PropOp31
 70
     1
102
RTVSPost2010Prop32
280
     0
102
RTVSPost2010PropOp32
 70
     1
102
RTVSPost2010Prop33
280
     0
102
RTVSPost2010PropOp33
 70
     1
102
RTVSPost2010Prop34
280
     0
102
RTVSPost2010PropOp34
 70
     1
102
RTVSPost2010Prop35
280
     0
102
RTVSPost2010PropOp35
 70
     1
102
RTVSPost2010Prop36
280
     0
102
RTVSPost2010PropOp36
 70
     1
102
RTVSPost2010Prop37
 90
       50
102
RTVSPost2010PropOp37
 70
     1
102
RTVSPost2010Prop38
140
0.0
102
RTVSPost2010PropOp38
 70
     1
102
RTVSPost2010Prop39
140
1.0
102
RTVSPost2010PropOp39
 70
     1
102
RTVSPost2010Prop40
 90
        0
102
RTVSPost2010PropOp40
 70
     1
102
RTVSPost2010Prop41ColorIndex
 90
       18
102
RTVSPost2010Prop41ColorRGB
 90
        0
102
RTVSPost2010PropOp41
 70
     1
102
RTVSPost2010Prop42
 90
       50
102
RTVSPost2010PropOp42
 70
     1
102
RTVSPost2010Prop43
 90
        3
102
RTVSPost2010PropOp43
 70
     1
102
RTVSPost2010Prop44ColorIndex
 90
        5
102
RTVSPost2010Prop44ColorRGB
 90
      255
102
RTVSPost2010PropOp44
 70
     1
102
RTVSPost2010Prop45
280
     0
102
RTVSPost2010PropOp45
 70
     1
102
RTVSPost2010Prop46
 90
       50
102
RTVSPost2010PropOp46
 70
     1
102
RTVSPost2010Prop47
 90
       50
102
RTVSPost2010PropOp47
 70
     1
102
RTVSPost2010Prop48
 90
       50
102
RTVSPost2010PropOp48
 70
     1
102
RTVSPost2010Prop49
280
     0
102
RTVSPost2010PropOp49
 70
     1
102
RTVSPost2010Prop50
 90
       50
102
RTVSPost2010PropOp50
 70
     1
102
RTVSPost2010Prop51ColorIndex
 90
      256
102
RTVSPost2010Prop51ColorRGB
 90
-16777216
102
RTVSPost2010PropOp51
 70
     0
102
RTVSPost2010Prop52
140
1.0
102
RTVSPost2010PropOp52
 70
     0
102
RTVSPost2010Prop53
 90
        2
102
RTVSPost2010PropOp53
 70
     1
102
RTVSPost2010Prop54
  1
strokes_ogs.tif
102
RTVSPost2010PropOp54
 70
     1
102
RTVSPost2010Prop55
280
     0
102
RTVSPost2010PropOp55
 70
     1
102
RTVSPost2010Prop56
140
1.0
102
RTVSPost2010PropOp56
 70
     1
102
RTVSPost2010Prop57
140
1.0
102
RTVSPost2010PropOp57
 70
     1
102
RTVSPropertyOp0
 70
     1
102
RTVSPropertyOp1
 70
     1
102
RTVSPropertyOp2
 70
     1
102
RTVSPropertyOp3
 70
     1
102
RTVSPropertyOp4
 70
     1
102
RTVSPropertyOp5
 70
     1
102
RTVSPropertyOp6
 70
     1
102
RTVSPropertyOp7
 70
     1
102
RTVSPropertyOp8
 70
     1
102
RTVSPropertyOp9
 70
     1
102
RTVSPropertyOp10
 70
     1
102
RTVSPropertyOp11
 70
     1
102
RTVSPropertyOp12
 70
     1
102
RTVSPropertyOp13
 70
     1
102
RTVSPropertyOp14
 70
     1
102
RTVSPropertyOp15
 70
     1
102
RTVSPropertyOp16
 70
     1
102
RTVSPropertyOp17
 70
     1
102
RTVSPropertyOp18
 70
     1
102
RTVSPropertyOp19
 70
     1
102
RTVSPropertyOp20
 70
     1
102
RTVSPropertyOp21
 70
     1
102
RTVSPropertyOp22
 70
     1
102
RTVSPropertyOp23
 70
     1
102
RTVSPropertyOp24
 70
     1
102
RTVSPropertyOp25
 70
     1
102
RTVSPropertyOp26
 70
     1
102
RTVSPropertyOp27
 70
     1
102
RTVSPropertyOp28
 70
     1
102
RTVSPropertyOp29
 70
     1
102
RTVSPropertyOp30
 70
     1
102
RTVSPropertyOp31
 70
     1
102
RTVSPropertyOp32
 70
     1
102
RTVSPropertyOp33
 70
     1
102
RTVSPropertyOp34
 70
     1
102
RTVSPropertyOp35
 70
     1
102
RTVSPropertyOp36
 70
     1
102
RTVSPropertyOp37
 70
     1
102
RTVSPropertyOp38
 70
     1
102
RTVSPropertyOp39
 70
     1
102
RTVSPropertyOp40
 70
     1
102
RTVSPropertyOp41
 70
     1
102
RTVSPropertyOp42
 70
     1
102
RTVSPropertyOp43
 70
     1
102
RTVSPropertyOp44
 70
     1
102
RTVSPropertyOp45
 70
     1
102
RTVSPropertyOp46
 70
     1
102
RTVSPropertyOp47
 70
     1
102
RTVSPropertyOp48
 70
     1
102
RTVSPropertyOp49
 70
     1
102
RTVSPropertyOp50
 70
     1
102
RTVSPropertyOp51
 70
     0
102
RTVSPropertyOp52
 70
     0
102
RTVSPropertyOp53
 70
     1
102
RTVSPropertyOp54
 70
     1
102
RTVSPropertyOp55
 70
     1
102
RTVSPropertyOp56
 70
     1
102
RTVSPropertyOp57
 70
     1
102
RTVSPropertyOp58
 70
     1
102
RTVSPropertyOp59
 70
     1
102
RTVSPropertyOp60
 70
     1
102
RTVSPropertyOp61
 70
     1
102
RTVSPropertyOp62
 70
     1
  0
XRECORD
  5
2938
102
{ACAD_REACTORS
330
2937
102
}
330
2937
100
AcDbXrecord
280
     1
102
RTVSPost2010Prop28
280
     0
102
RTVSPost2010PropOp28
 70
     1
102
RTVSPost2010Prop29
280
     1
102
RTVSPost2010PropOp29
 70
     1
102
RTVSPost2010Prop30
280
     1
102
RTVSPost2010PropOp30
 70
     1
102
RTVSPost2010Prop31
280
     0
102
RTVSPost2010PropOp31
 70
     1
102
RTVSPost2010Prop32
280
     0
102
RTVSPost2010PropOp32
 70
     1
102
RTVSPost2010Prop33
280
     0
102
RTVSPost2010PropOp33
 70
     1
102
RTVSPost2010Prop34
280
     0
102
RTVSPost2010PropOp34
 70
     1
102
RTVSPost2010Prop35
280
     0
102
RTVSPost2010PropOp35
 70
     1
102
RTVSPost2010Prop36
280
     0
102
RTVSPost2010PropOp36
 70
     1
102
RTVSPost2010Prop37
 90
       50
102
RTVSPost2010PropOp37
 70
     1
102
RTVSPost2010Prop38
140
0.0
102
RTVSPost2010PropOp38
 70
     1
102
RTVSPost2010Prop39
140
1.0
102
RTVSPost2010PropOp39
 70
     1
102
RTVSPost2010Prop40
 90
        0
102
RTVSPost2010PropOp40
 70
     1
102
RTVSPost2010Prop41ColorIndex
 90
       18
102
RTVSPost2010Prop41ColorRGB
 90
        0
102
RTVSPost2010PropOp41
 70
     1
102
RTVSPost2010Prop42
 90
       50
102
RTVSPost2010PropOp42
 70
     1
102
RTVSPost2010Prop43
 90
        3
102
RTVSPost2010PropOp43
 70
     1
102
RTVSPost2010Prop44ColorIndex
 90
        5
102
RTVSPost2010Prop44ColorRGB
 90
      255
102
RTVSPost2010PropOp44
 70
     1
102
RTVSPost2010Prop45
280
     0
102
RTVSPost2010PropOp45
 70
     1
102
RTVSPost2010Prop46
 90
       50
102
RTVSPost2010PropOp46
 70
     1
102
RTVSPost2010Prop47
 90
       50
102
RTVSPost2010PropOp47
 70
     1
102
RTVSPost2010Prop48
 90
       50
102
RTVSPost2010PropOp48
 70
     1
102
RTVSPost2010Prop49
280
     0
102
RTVSPost2010PropOp49
 70
     1
102
RTVSPost2010Prop50
 90
       50
102
RTVSPost2010PropOp50
 70
     1
102
RTVSPost2010Prop51ColorIndex
 90
      256
102
RTVSPost2010Prop51ColorRGB
 90
-16777216
102
RTVSPost2010PropOp51
 70
     0
102
RTVSPost2010Prop52
140
1.0
102
RTVSPost2010PropOp52
 70
     0
102
RTVSPost2010Prop53
 90
        2
102
RTVSPost2010PropOp53
 70
     1
102
RTVSPost2010Prop54
  1
strokes_ogs.tif
102
RTVSPost2010PropOp54
 70
     1
102
RTVSPost2010Prop55
280
     0
102
RTVSPost2010PropOp55
 70
     1
102
RTVSPost2010Prop56
140
1.0
102
RTVSPost2010PropOp56
 70
     1
102
RTVSPost2010Prop57
140
1.0
102
RTVSPost2010PropOp57
 70
     1
102
RTVSPropertyOp0
 70
     1
102
RTVSPropertyOp1
 70
     1
102
RTVSPropertyOp2
 70
     1
102
RTVSPropertyOp3
 70
     1
102
RTVSPropertyOp4
 70
     1
102
RTVSPropertyOp5
 70
     1
102
RTVSPropertyOp6
 70
     1
102
RTVSPropertyOp7
 70
     1
102
RTVSPropertyOp8
 70
     1
102
RTVSPropertyOp9
 70
     1
102
RTVSPropertyOp10
 70
     1
102
RTVSPropertyOp11
 70
     1
102
RTVSPropertyOp12
 70
     1
102
RTVSPropertyOp13
 70
     1
102
RTVSPropertyOp14
 70
     1
102
RTVSPropertyOp15
 70
     1
102
RTVSPropertyOp16
 70
     1
102
RTVSPropertyOp17
 70
     1
102
RTVSPropertyOp18
 70
     1
102
RTVSPropertyOp19
 70
     1
102
RTVSPropertyOp20
 70
     1
102
RTVSPropertyOp21
 70
     1
102
RTVSPropertyOp22
 70
     1
102
RTVSPropertyOp23
 70
     1
102
RTVSPropertyOp24
 70
     1
102
RTVSPropertyOp25
 70
     1
102
RTVSPropertyOp26
 70
     1
102
RTVSPropertyOp27
 70
     1
102
RTVSPropertyOp28
 70
     1
102
RTVSPropertyOp29
 70
     1
102
RTVSPropertyOp30
 70
     1
102
RTVSPropertyOp31
 70
     1
102
RTVSPropertyOp32
 70
     1
102
RTVSPropertyOp33
 70
     1
102
RTVSPropertyOp34
 70
     1
102
RTVSPropertyOp35
 70
     1
102
RTVSPropertyOp36
 70
     1
102
RTVSPropertyOp37
 70
     1
102
RTVSPropertyOp38
 70
     1
102
RTVSPropertyOp39
 70
     1
102
RTVSPropertyOp40
 70
     1
102
RTVSPropertyOp41
 70
     1
102
RTVSPropertyOp42
 70
     1
102
RTVSPropertyOp43
 70
     1
102
RTVSPropertyOp44
 70
     1
102
RTVSPropertyOp45
 70
     1
102
RTVSPropertyOp46
 70
     1
102
RTVSPropertyOp47
 70
     1
102
RTVSPropertyOp48
 70
     1
102
RTVSPropertyOp49
 70
     1
102
RTVSPropertyOp50
 70
     1
102
RTVSPropertyOp51
 70
     0
102
RTVSPropertyOp52
 70
     0
102
RTVSPropertyOp53
 70
     1
102
RTVSPropertyOp54
 70
     1
102
RTVSPropertyOp55
 70
     1
102
RTVSPropertyOp56
 70
     1
102
RTVSPropertyOp57
 70
     1
102
RTVSPropertyOp58
 70
     1
102
RTVSPropertyOp59
 70
     1
102
RTVSPropertyOp60
 70
     1
102
RTVSPropertyOp61
 70
     1
102
RTVSPropertyOp62
 70
     1
  0
XRECORD
  5
2934
102
{ACAD_REACTORS
330
2933
102
}
330
2933
100
AcDbXrecord
280
     1
102
RTVSPost2010Prop28
280
     0
102
RTVSPost2010PropOp28
 70
     1
102
RTVSPost2010Prop29
280
     1
102
RTVSPost2010PropOp29
 70
     1
102
RTVSPost2010Prop30
280
     1
102
RTVSPost2010PropOp30
 70
     1
102
RTVSPost2010Prop31
280
     0
102
RTVSPost2010PropOp31
 70
     1
102
RTVSPost2010Prop32
280
     0
102
RTVSPost2010PropOp32
 70
     1
102
RTVSPost2010Prop33
280
     0
102
RTVSPost2010PropOp33
 70
     1
102
RTVSPost2010Prop34
280
     0
102
RTVSPost2010PropOp34
 70
     1
102
RTVSPost2010Prop35
280
     0
102
RTVSPost2010PropOp35
 70
     1
102
RTVSPost2010Prop36
280
     0
102
RTVSPost2010PropOp36
 70
     1
102
RTVSPost2010Prop37
 90
       50
102
RTVSPost2010PropOp37
 70
     1
102
RTVSPost2010Prop38
140
0.0
102
RTVSPost2010PropOp38
 70
     1
102
RTVSPost2010Prop39
140
1.0
102
RTVSPost2010PropOp39
 70
     1
102
RTVSPost2010Prop40
 90
        0
102
RTVSPost2010PropOp40
 70
     1
102
RTVSPost2010Prop41ColorIndex
 90
       18
102
RTVSPost2010Prop41ColorRGB
 90
        0
102
RTVSPost2010PropOp41
 70
     1
102
RTVSPost2010Prop42
 90
       50
102
RTVSPost2010PropOp42
 70
     1
102
RTVSPost2010Prop43
 90
        3
102
RTVSPost2010PropOp43
 70
     1
102
RTVSPost2010Prop44ColorIndex
 90
        5
102
RTVSPost2010Prop44ColorRGB
 90
      255
102
RTVSPost2010PropOp44
 70
     1
102
RTVSPost2010Prop45
280
     0
102
RTVSPost2010PropOp45
 70
     1
102
RTVSPost2010Prop46
 90
       50
102
RTVSPost2010PropOp46
 70
     1
102
RTVSPost2010Prop47
 90
       50
102
RTVSPost2010PropOp47
 70
     1
102
RTVSPost2010Prop48
 90
       50
102
RTVSPost2010PropOp48
 70
     1
102
RTVSPost2010Prop49
280
     0
102
RTVSPost2010PropOp49
 70
     1
102
RTVSPost2010Prop50
 90
       50
102
RTVSPost2010PropOp50
 70
     1
102
RTVSPost2010Prop51ColorIndex
 90
      256
102
RTVSPost2010Prop51ColorRGB
 90
-16777216
102
RTVSPost2010PropOp51
 70
     0
102
RTVSPost2010Prop52
140
1.0
102
RTVSPost2010PropOp52
 70
     0
102
RTVSPost2010Prop53
 90
        2
102
RTVSPost2010PropOp53
 70
     1
102
RTVSPost2010Prop54
  1
strokes_ogs.tif
102
RTVSPost2010PropOp54
 70
     1
102
RTVSPost2010Prop55
280
     0
102
RTVSPost2010PropOp55
 70
     1
102
RTVSPost2010Prop56
140
1.0
102
RTVSPost2010PropOp56
 70
     1
102
RTVSPost2010Prop57
140
1.0
102
RTVSPost2010PropOp57
 70
     1
102
RTVSPropertyOp0
 70
     1
102
RTVSPropertyOp1
 70
     1
102
RTVSPropertyOp2
 70
     1
102
RTVSPropertyOp3
 70
     1
102
RTVSPropertyOp4
 70
     1
102
RTVSPropertyOp5
 70
     1
102
RTVSPropertyOp6
 70
     1
102
RTVSPropertyOp7
 70
     1
102
RTVSPropertyOp8
 70
     1
102
RTVSPropertyOp9
 70
     1
102
RTVSPropertyOp10
 70
     1
102
RTVSPropertyOp11
 70
     1
102
RTVSPropertyOp12
 70
     1
102
RTVSPropertyOp13
 70
     1
102
RTVSPropertyOp14
 70
     1
102
RTVSPropertyOp15
 70
     1
102
RTVSPropertyOp16
 70
     1
102
RTVSPropertyOp17
 70
     1
102
RTVSPropertyOp18
 70
     1
102
RTVSPropertyOp19
 70
     1
102
RTVSPropertyOp20
 70
     1
102
RTVSPropertyOp21
 70
     1
102
RTVSPropertyOp22
 70
     1
102
RTVSPropertyOp23
 70
     1
102
RTVSPropertyOp24
 70
     1
102
RTVSPropertyOp25
 70
     1
102
RTVSPropertyOp26
 70
     1
102
RTVSPropertyOp27
 70
     1
102
RTVSPropertyOp28
 70
     1
102
RTVSPropertyOp29
 70
     1
102
RTVSPropertyOp30
 70
     1
102
RTVSPropertyOp31
 70
     1
102
RTVSPropertyOp32
 70
     1
102
RTVSPropertyOp33
 70
     1
102
RTVSPropertyOp34
 70
     1
102
RTVSPropertyOp35
 70
     1
102
RTVSPropertyOp36
 70
     1
102
RTVSPropertyOp37
 70
     1
102
RTVSPropertyOp38
 70
     1
102
RTVSPropertyOp39
 70
     1
102
RTVSPropertyOp40
 70
     1
102
RTVSPropertyOp41
 70
     1
102
RTVSPropertyOp42
 70
     1
102
RTVSPropertyOp43
 70
     1
102
RTVSPropertyOp44
 70
     1
102
RTVSPropertyOp45
 70
     1
102
RTVSPropertyOp46
 70
     1
102
RTVSPropertyOp47
 70
     1
102
RTVSPropertyOp48
 70
     1
102
RTVSPropertyOp49
 70
     1
102
RTVSPropertyOp50
 70
     1
102
RTVSPropertyOp51
 70
     0
102
RTVSPropertyOp52
 70
     0
102
RTVSPropertyOp53
 70
     1
102
RTVSPropertyOp54
 70
     1
102
RTVSPropertyOp55
 70
     1
102
RTVSPropertyOp56
 70
     1
102
RTVSPropertyOp57
 70
     1
102
RTVSPropertyOp58
 70
     1
102
RTVSPropertyOp59
 70
     1
102
RTVSPropertyOp60
 70
     1
102
RTVSPropertyOp61
 70
     1
102
RTVSPropertyOp62
 70
     1
  0
XRECORD
  5
2942
102
{ACAD_REACTORS
330
2941
102
}
330
2941
100
AcDbXrecord
280
     1
102
RTVSPost2010Prop28
280
     0
102
RTVSPost2010PropOp28
 70
     1
102
RTVSPost2010Prop29
280
     1
102
RTVSPost2010PropOp29
 70
     1
102
RTVSPost2010Prop30
280
     1
102
RTVSPost2010PropOp30
 70
     1
102
RTVSPost2010Prop31
280
     0
102
RTVSPost2010PropOp31
 70
     1
102
RTVSPost2010Prop32
280
     0
102
RTVSPost2010PropOp32
 70
     1
102
RTVSPost2010Prop33
280
     0
102
RTVSPost2010PropOp33
 70
     1
102
RTVSPost2010Prop34
280
     0
102
RTVSPost2010PropOp34
 70
     1
102
RTVSPost2010Prop35
280
     0
102
RTVSPost2010PropOp35
 70
     1
102
RTVSPost2010Prop36
280
     0
102
RTVSPost2010PropOp36
 70
     1
102
RTVSPost2010Prop37
 90
       50
102
RTVSPost2010PropOp37
 70
     1
102
RTVSPost2010Prop38
140
0.0
102
RTVSPost2010PropOp38
 70
     1
102
RTVSPost2010Prop39
140
1.0
102
RTVSPost2010PropOp39
 70
     1
102
RTVSPost2010Prop40
 90
        0
102
RTVSPost2010PropOp40
 70
     1
102
RTVSPost2010Prop41ColorIndex
 90
       18
102
RTVSPost2010Prop41ColorRGB
 90
        0
102
RTVSPost2010PropOp41
 70
     1
102
RTVSPost2010Prop42
 90
       50
102
RTVSPost2010PropOp42
 70
     1
102
RTVSPost2010Prop43
 90
        3
102
RTVSPost2010PropOp43
 70
     1
102
RTVSPost2010Prop44ColorIndex
 90
        5
102
RTVSPost2010Prop44ColorRGB
 90
      255
102
RTVSPost2010PropOp44
 70
     1
102
RTVSPost2010Prop45
280
     0
102
RTVSPost2010PropOp45
 70
     1
102
RTVSPost2010Prop46
 90
       50
102
RTVSPost2010PropOp46
 70
     1
102
RTVSPost2010Prop47
 90
       50
102
RTVSPost2010PropOp47
 70
     1
102
RTVSPost2010Prop48
 90
       50
102
RTVSPost2010PropOp48
 70
     1
102
RTVSPost2010Prop49
280
     0
102
RTVSPost2010PropOp49
 70
     1
102
RTVSPost2010Prop50
 90
       50
102
RTVSPost2010PropOp50
 70
     1
102
RTVSPost2010Prop51ColorIndex
 90
      256
102
RTVSPost2010Prop51ColorRGB
 90
-16777216
102
RTVSPost2010PropOp51
 70
     0
102
RTVSPost2010Prop52
140
1.0
102
RTVSPost2010PropOp52
 70
     0
102
RTVSPost2010Prop53
 90
        2
102
RTVSPost2010PropOp53
 70
     1
102
RTVSPost2010Prop54
  1
strokes_ogs.tif
102
RTVSPost2010PropOp54
 70
     1
102
RTVSPost2010Prop55
280
     0
102
RTVSPost2010PropOp55
 70
     1
102
RTVSPost2010Prop56
140
1.0
102
RTVSPost2010PropOp56
 70
     1
102
RTVSPost2010Prop57
140
1.0
102
RTVSPost2010PropOp57
 70
     1
102
RTVSPropertyOp0
 70
     1
102
RTVSPropertyOp1
 70
     1
102
RTVSPropertyOp2
 70
     1
102
RTVSPropertyOp3
 70
     1
102
RTVSPropertyOp4
 70
     1
102
RTVSPropertyOp5
 70
     1
102
RTVSPropertyOp6
 70
     1
102
RTVSPropertyOp7
 70
     1
102
RTVSPropertyOp8
 70
     1
102
RTVSPropertyOp9
 70
     1
102
RTVSPropertyOp10
 70
     1
102
RTVSPropertyOp11
 70
     1
102
RTVSPropertyOp12
 70
     1
102
RTVSPropertyOp13
 70
     1
102
RTVSPropertyOp14
 70
     1
102
RTVSPropertyOp15
 70
     1
102
RTVSPropertyOp16
 70
     1
102
RTVSPropertyOp17
 70
     1
102
RTVSPropertyOp18
 70
     1
102
RTVSPropertyOp19
 70
     1
102
RTVSPropertyOp20
 70
     1
102
RTVSPropertyOp21
 70
     1
102
RTVSPropertyOp22
 70
     1
102
RTVSPropertyOp23
 70
     1
102
RTVSPropertyOp24
 70
     1
102
RTVSPropertyOp25
 70
     1
102
RTVSPropertyOp26
 70
     1
102
RTVSPropertyOp27
 70
     1
102
RTVSPropertyOp28
 70
     1
102
RTVSPropertyOp29
 70
     1
102
RTVSPropertyOp30
 70
     1
102
RTVSPropertyOp31
 70
     1
102
RTVSPropertyOp32
 70
     1
102
RTVSPropertyOp33
 70
     1
102
RTVSPropertyOp34
 70
     1
102
RTVSPropertyOp35
 70
     1
102
RTVSPropertyOp36
 70
     1
102
RTVSPropertyOp37
 70
     1
102
RTVSPropertyOp38
 70
     1
102
RTVSPropertyOp39
 70
     1
102
RTVSPropertyOp40
 70
     1
102
RTVSPropertyOp41
 70
     1
102
RTVSPropertyOp42
 70
     1
102
RTVSPropertyOp43
 70
     1
102
RTVSPropertyOp44
 70
     1
102
RTVSPropertyOp45
 70
     1
102
RTVSPropertyOp46
 70
     1
102
RTVSPropertyOp47
 70
     1
102
RTVSPropertyOp48
 70
     1
102
RTVSPropertyOp49
 70
     1
102
RTVSPropertyOp50
 70
     1
102
RTVSPropertyOp51
 70
     0
102
RTVSPropertyOp52
 70
     0
102
RTVSPropertyOp53
 70
     1
102
RTVSPropertyOp54
 70
     1
102
RTVSPropertyOp55
 70
     1
102
RTVSPropertyOp56
 70
     1
102
RTVSPropertyOp57
 70
     1
102
RTVSPropertyOp58
 70
     1
102
RTVSPropertyOp59
 70
     1
102
RTVSPropertyOp60
 70
     1
102
RTVSPropertyOp61
 70
     1
102
RTVSPropertyOp62
 70
     1
  0
XRECORD
  5
294A
102
{ACAD_REACTORS
330
2949
102
}
330
2949
100
AcDbXrecord
280
     1
102
RTVSPost2010Prop28
280
     0
102
RTVSPost2010PropOp28
 70
     1
102
RTVSPost2010Prop29
280
     1
102
RTVSPost2010PropOp29
 70
     1
102
RTVSPost2010Prop30
280
     1
102
RTVSPost2010PropOp30
 70
     1
102
RTVSPost2010Prop31
280
     0
102
RTVSPost2010PropOp31
 70
     1
102
RTVSPost2010Prop32
280
     0
102
RTVSPost2010PropOp32
 70
     1
102
RTVSPost2010Prop33
280
     0
102
RTVSPost2010PropOp33
 70
     1
102
RTVSPost2010Prop34
280
     0
102
RTVSPost2010PropOp34
 70
     1
102
RTVSPost2010Prop35
280
     0
102
RTVSPost2010PropOp35
 70
     1
102
RTVSPost2010Prop36
280
     0
102
RTVSPost2010PropOp36
 70
     1
102
RTVSPost2010Prop37
 90
       50
102
RTVSPost2010PropOp37
 70
     1
102
RTVSPost2010Prop38
140
0.0
102
RTVSPost2010PropOp38
 70
     1
102
RTVSPost2010Prop39
140
1.0
102
RTVSPost2010PropOp39
 70
     1
102
RTVSPost2010Prop40
 90
        0
102
RTVSPost2010PropOp40
 70
     1
102
RTVSPost2010Prop41ColorIndex
 90
       18
102
RTVSPost2010Prop41ColorRGB
 90
        0
102
RTVSPost2010PropOp41
 70
     1
102
RTVSPost2010Prop42
 90
       50
102
RTVSPost2010PropOp42
 70
     1
102
RTVSPost2010Prop43
 90
        3
102
RTVSPost2010PropOp43
 70
     1
102
RTVSPost2010Prop44ColorIndex
 90
        5
102
RTVSPost2010Prop44ColorRGB
 90
      255
102
RTVSPost2010PropOp44
 70
     1
102
RTVSPost2010Prop45
280
     0
102
RTVSPost2010PropOp45
 70
     1
102
RTVSPost2010Prop46
 90
       50
102
RTVSPost2010PropOp46
 70
     1
102
RTVSPost2010Prop47
 90
       50
102
RTVSPost2010PropOp47
 70
     1
102
RTVSPost2010Prop48
 90
       50
102
RTVSPost2010PropOp48
 70
     1
102
RTVSPost2010Prop49
280
     0
102
RTVSPost2010PropOp49
 70
     1
102
RTVSPost2010Prop50
 90
       50
102
RTVSPost2010PropOp50
 70
     1
102
RTVSPost2010Prop51ColorIndex
 90
      256
102
RTVSPost2010Prop51ColorRGB
 90
-16777216
102
RTVSPost2010PropOp51
 70
     0
102
RTVSPost2010Prop52
140
1.0
102
RTVSPost2010PropOp52
 70
     0
102
RTVSPost2010Prop53
 90
        2
102
RTVSPost2010PropOp53
 70
     1
102
RTVSPost2010Prop54
  1
strokes_ogs.tif
102
RTVSPost2010PropOp54
 70
     1
102
RTVSPost2010Prop55
280
     0
102
RTVSPost2010PropOp55
 70
     1
102
RTVSPost2010Prop56
140
1.0
102
RTVSPost2010PropOp56
 70
     1
102
RTVSPost2010Prop57
140
1.0
102
RTVSPost2010PropOp57
 70
     1
102
RTVSPropertyOp0
 70
     1
102
RTVSPropertyOp1
 70
     1
102
RTVSPropertyOp2
 70
     1
102
RTVSPropertyOp3
 70
     1
102
RTVSPropertyOp4
 70
     1
102
RTVSPropertyOp5
 70
     1
102
RTVSPropertyOp6
 70
     1
102
RTVSPropertyOp7
 70
     1
102
RTVSPropertyOp8
 70
     1
102
RTVSPropertyOp9
 70
     1
102
RTVSPropertyOp10
 70
     1
102
RTVSPropertyOp11
 70
     1
102
RTVSPropertyOp12
 70
     1
102
RTVSPropertyOp13
 70
     1
102
RTVSPropertyOp14
 70
     1
102
RTVSPropertyOp15
 70
     1
102
RTVSPropertyOp16
 70
     1
102
RTVSPropertyOp17
 70
     1
102
RTVSPropertyOp18
 70
     1
102
RTVSPropertyOp19
 70
     1
102
RTVSPropertyOp20
 70
     1
102
RTVSPropertyOp21
 70
     1
102
RTVSPropertyOp22
 70
     1
102
RTVSPropertyOp23
 70
     1
102
RTVSPropertyOp24
 70
     1
102
RTVSPropertyOp25
 70
     1
102
RTVSPropertyOp26
 70
     1
102
RTVSPropertyOp27
 70
     1
102
RTVSPropertyOp28
 70
     1
102
RTVSPropertyOp29
 70
     1
102
RTVSPropertyOp30
 70
     1
102
RTVSPropertyOp31
 70
     1
102
RTVSPropertyOp32
 70
     1
102
RTVSPropertyOp33
 70
     1
102
RTVSPropertyOp34
 70
     1
102
RTVSPropertyOp35
 70
     1
102
RTVSPropertyOp36
 70
     1
102
RTVSPropertyOp37
 70
     1
102
RTVSPropertyOp38
 70
     1
102
RTVSPropertyOp39
 70
     1
102
RTVSPropertyOp40
 70
     1
102
RTVSPropertyOp41
 70
     1
102
RTVSPropertyOp42
 70
     1
102
RTVSPropertyOp43
 70
     1
102
RTVSPropertyOp44
 70
     1
102
RTVSPropertyOp45
 70
     1
102
RTVSPropertyOp46
 70
     1
102
RTVSPropertyOp47
 70
     1
102
RTVSPropertyOp48
 70
     1
102
RTVSPropertyOp49
 70
     1
102
RTVSPropertyOp50
 70
     1
102
RTVSPropertyOp51
 70
     0
102
RTVSPropertyOp52
 70
     0
102
RTVSPropertyOp53
 70
     1
102
RTVSPropertyOp54
 70
     1
102
RTVSPropertyOp55
 70
     1
102
RTVSPropertyOp56
 70
     1
102
RTVSPropertyOp57
 70
     1
102
RTVSPropertyOp58
 70
     1
102
RTVSPropertyOp59
 70
     1
102
RTVSPropertyOp60
 70
     1
102
RTVSPropertyOp61
 70
     1
102
RTVSPropertyOp62
 70
     1
  0
XRECORD
  5
293C
102
{ACAD_REACTORS
330
293B
102
}
330
293B
100
AcDbXrecord
280
     1
102
RTVSPost2010Prop28
280
     0
102
RTVSPost2010PropOp28
 70
     1
102
RTVSPost2010Prop29
280
     1
102
RTVSPost2010PropOp29
 70
     1
102
RTVSPost2010Prop30
280
     1
102
RTVSPost2010PropOp30
 70
     1
102
RTVSPost2010Prop31
280
     0
102
RTVSPost2010PropOp31
 70
     1
102
RTVSPost2010Prop32
280
     0
102
RTVSPost2010PropOp32
 70
     1
102
RTVSPost2010Prop33
280
     0
102
RTVSPost2010PropOp33
 70
     1
102
RTVSPost2010Prop34
280
     0
102
RTVSPost2010PropOp34
 70
     1
102
RTVSPost2010Prop35
280
     0
102
RTVSPost2010PropOp35
 70
     1
102
RTVSPost2010Prop36
280
     0
102
RTVSPost2010PropOp36
 70
     1
102
RTVSPost2010Prop37
 90
       50
102
RTVSPost2010PropOp37
 70
     1
102
RTVSPost2010Prop38
140
0.0
102
RTVSPost2010PropOp38
 70
     1
102
RTVSPost2010Prop39
140
1.0
102
RTVSPost2010PropOp39
 70
     1
102
RTVSPost2010Prop40
 90
        0
102
RTVSPost2010PropOp40
 70
     1
102
RTVSPost2010Prop41ColorIndex
 90
       18
102
RTVSPost2010Prop41ColorRGB
 90
        0
102
RTVSPost2010PropOp41
 70
     1
102
RTVSPost2010Prop42
 90
       50
102
RTVSPost2010PropOp42
 70
     1
102
RTVSPost2010Prop43
 90
        3
102
RTVSPost2010PropOp43
 70
     1
102
RTVSPost2010Prop44ColorIndex
 90
        5
102
RTVSPost2010Prop44ColorRGB
 90
      255
102
RTVSPost2010PropOp44
 70
     1
102
RTVSPost2010Prop45
280
     0
102
RTVSPost2010PropOp45
 70
     1
102
RTVSPost2010Prop46
 90
       50
102
RTVSPost2010PropOp46
 70
     1
102
RTVSPost2010Prop47
 90
       50
102
RTVSPost2010PropOp47
 70
     1
102
RTVSPost2010Prop48
 90
       50
102
RTVSPost2010PropOp48
 70
     1
102
RTVSPost2010Prop49
280
     0
102
RTVSPost2010PropOp49
 70
     1
102
RTVSPost2010Prop50
 90
       50
102
RTVSPost2010PropOp50
 70
     1
102
RTVSPost2010Prop51ColorIndex
 90
      256
102
RTVSPost2010Prop51ColorRGB
 90
-16777216
102
RTVSPost2010PropOp51
 70
     0
102
RTVSPost2010Prop52
140
1.0
102
RTVSPost2010PropOp52
 70
     0
102
RTVSPost2010Prop53
 90
        2
102
RTVSPost2010PropOp53
 70
     1
102
RTVSPost2010Prop54
  1
strokes_ogs.tif
102
RTVSPost2010PropOp54
 70
     1
102
RTVSPost2010Prop55
280
     0
102
RTVSPost2010PropOp55
 70
     1
102
RTVSPost2010Prop56
140
1.0
102
RTVSPost2010PropOp56
 70
     1
102
RTVSPost2010Prop57
140
1.0
102
RTVSPost2010PropOp57
 70
     1
102
RTVSPropertyOp0
 70
     1
102
RTVSPropertyOp1
 70
     1
102
RTVSPropertyOp2
 70
     1
102
RTVSPropertyOp3
 70
     1
102
RTVSPropertyOp4
 70
     1
102
RTVSPropertyOp5
 70
     1
102
RTVSPropertyOp6
 70
     1
102
RTVSPropertyOp7
 70
     1
102
RTVSPropertyOp8
 70
     1
102
RTVSPropertyOp9
 70
     1
102
RTVSPropertyOp10
 70
     1
102
RTVSPropertyOp11
 70
     1
102
RTVSPropertyOp12
 70
     1
102
RTVSPropertyOp13
 70
     1
102
RTVSPropertyOp14
 70
     1
102
RTVSPropertyOp15
 70
     1
102
RTVSPropertyOp16
 70
     1
102
RTVSPropertyOp17
 70
     1
102
RTVSPropertyOp18
 70
     1
102
RTVSPropertyOp19
 70
     1
102
RTVSPropertyOp20
 70
     1
102
RTVSPropertyOp21
 70
     1
102
RTVSPropertyOp22
 70
     1
102
RTVSPropertyOp23
 70
     1
102
RTVSPropertyOp24
 70
     1
102
RTVSPropertyOp25
 70
     1
102
RTVSPropertyOp26
 70
     1
102
RTVSPropertyOp27
 70
     1
102
RTVSPropertyOp28
 70
     1
102
RTVSPropertyOp29
 70
     1
102
RTVSPropertyOp30
 70
     1
102
RTVSPropertyOp31
 70
     1
102
RTVSPropertyOp32
 70
     1
102
RTVSPropertyOp33
 70
     1
102
RTVSPropertyOp34
 70
     1
102
RTVSPropertyOp35
 70
     1
102
RTVSPropertyOp36
 70
     1
102
RTVSPropertyOp37
 70
     1
102
RTVSPropertyOp38
 70
     1
102
RTVSPropertyOp39
 70
     1
102
RTVSPropertyOp40
 70
     1
102
RTVSPropertyOp41
 70
     1
102
RTVSPropertyOp42
 70
     1
102
RTVSPropertyOp43
 70
     1
102
RTVSPropertyOp44
 70
     1
102
RTVSPropertyOp45
 70
     1
102
RTVSPropertyOp46
 70
     1
102
RTVSPropertyOp47
 70
     1
102
RTVSPropertyOp48
 70
     1
102
RTVSPropertyOp49
 70
     1
102
RTVSPropertyOp50
 70
     1
102
RTVSPropertyOp51
 70
     0
102
RTVSPropertyOp52
 70
     0
102
RTVSPropertyOp53
 70
     1
102
RTVSPropertyOp54
 70
     1
102
RTVSPropertyOp55
 70
     1
102
RTVSPropertyOp56
 70
     1
102
RTVSPropertyOp57
 70
     1
102
RTVSPropertyOp58
 70
     1
102
RTVSPropertyOp59
 70
     1
102
RTVSPropertyOp60
 70
     1
102
RTVSPropertyOp61
 70
     1
102
RTVSPropertyOp62
 70
     1
  0
XRECORD
  5
2940
102
{ACAD_REACTORS
330
293F
102
}
330
293F
100
AcDbXrecord
280
     1
102
RTVSPost2010Prop28
280
     0
102
RTVSPost2010PropOp28
 70
     1
102
RTVSPost2010Prop29
280
     1
102
RTVSPost2010PropOp29
 70
     1
102
RTVSPost2010Prop30
280
     1
102
RTVSPost2010PropOp30
 70
     1
102
RTVSPost2010Prop31
280
     0
102
RTVSPost2010PropOp31
 70
     1
102
RTVSPost2010Prop32
280
     0
102
RTVSPost2010PropOp32
 70
     1
102
RTVSPost2010Prop33
280
     0
102
RTVSPost2010PropOp33
 70
     1
102
RTVSPost2010Prop34
280
     0
102
RTVSPost2010PropOp34
 70
     1
102
RTVSPost2010Prop35
280
     0
102
RTVSPost2010PropOp35
 70
     1
102
RTVSPost2010Prop36
280
     0
102
RTVSPost2010PropOp36
 70
     1
102
RTVSPost2010Prop37
 90
       50
102
RTVSPost2010PropOp37
 70
     1
102
RTVSPost2010Prop38
140
0.0
102
RTVSPost2010PropOp38
 70
     1
102
RTVSPost2010Prop39
140
1.0
102
RTVSPost2010PropOp39
 70
     1
102
RTVSPost2010Prop40
 90
        0
102
RTVSPost2010PropOp40
 70
     1
102
RTVSPost2010Prop41ColorIndex
 90
       18
102
RTVSPost2010Prop41ColorRGB
 90
        0
102
RTVSPost2010PropOp41
 70
     1
102
RTVSPost2010Prop42
 90
       50
102
RTVSPost2010PropOp42
 70
     1
102
RTVSPost2010Prop43
 90
        3
102
RTVSPost2010PropOp43
 70
     1
102
RTVSPost2010Prop44ColorIndex
 90
        5
102
RTVSPost2010Prop44ColorRGB
 90
      255
102
RTVSPost2010PropOp44
 70
     1
102
RTVSPost2010Prop45
280
     0
102
RTVSPost2010PropOp45
 70
     1
102
RTVSPost2010Prop46
 90
       50
102
RTVSPost2010PropOp46
 70
     1
102
RTVSPost2010Prop47
 90
       50
102
RTVSPost2010PropOp47
 70
     1
102
RTVSPost2010Prop48
 90
       50
102
RTVSPost2010PropOp48
 70
     1
102
RTVSPost2010Prop49
280
     0
102
RTVSPost2010PropOp49
 70
     1
102
RTVSPost2010Prop50
 90
       50
102
RTVSPost2010PropOp50
 70
     1
102
RTVSPost2010Prop51ColorIndex
 90
      256
102
RTVSPost2010Prop51ColorRGB
 90
-16777216
102
RTVSPost2010PropOp51
 70
     0
102
RTVSPost2010Prop52
140
1.0
102
RTVSPost2010PropOp52
 70
     0
102
RTVSPost2010Prop53
 90
        2
102
RTVSPost2010PropOp53
 70
     1
102
RTVSPost2010Prop54
  1
strokes_ogs.tif
102
RTVSPost2010PropOp54
 70
     1
102
RTVSPost2010Prop55
280
     0
102
RTVSPost2010PropOp55
 70
     1
102
RTVSPost2010Prop56
140
1.0
102
RTVSPost2010PropOp56
 70
     1
102
RTVSPost2010Prop57
140
1.0
102
RTVSPost2010PropOp57
 70
     1
102
RTVSPropertyOp0
 70
     1
102
RTVSPropertyOp1
 70
     1
102
RTVSPropertyOp2
 70
     1
102
RTVSPropertyOp3
 70
     1
102
RTVSPropertyOp4
 70
     1
102
RTVSPropertyOp5
 70
     1
102
RTVSPropertyOp6
 70
     1
102
RTVSPropertyOp7
 70
     1
102
RTVSPropertyOp8
 70
     1
102
RTVSPropertyOp9
 70
     1
102
RTVSPropertyOp10
 70
     1
102
RTVSPropertyOp11
 70
     1
102
RTVSPropertyOp12
 70
     1
102
RTVSPropertyOp13
 70
     1
102
RTVSPropertyOp14
 70
     1
102
RTVSPropertyOp15
 70
     1
102
RTVSPropertyOp16
 70
     1
102
RTVSPropertyOp17
 70
     1
102
RTVSPropertyOp18
 70
     1
102
RTVSPropertyOp19
 70
     1
102
RTVSPropertyOp20
 70
     1
102
RTVSPropertyOp21
 70
     1
102
RTVSPropertyOp22
 70
     1
102
RTVSPropertyOp23
 70
     1
102
RTVSPropertyOp24
 70
     1
102
RTVSPropertyOp25
 70
     1
102
RTVSPropertyOp26
 70
     1
102
RTVSPropertyOp27
 70
     1
102
RTVSPropertyOp28
 70
     1
102
RTVSPropertyOp29
 70
     1
102
RTVSPropertyOp30
 70
     1
102
RTVSPropertyOp31
 70
     1
102
RTVSPropertyOp32
 70
     1
102
RTVSPropertyOp33
 70
     1
102
RTVSPropertyOp34
 70
     1
102
RTVSPropertyOp35
 70
     1
102
RTVSPropertyOp36
 70
     1
102
RTVSPropertyOp37
 70
     1
102
RTVSPropertyOp38
 70
     1
102
RTVSPropertyOp39
 70
     1
102
RTVSPropertyOp40
 70
     1
102
RTVSPropertyOp41
 70
     1
102
RTVSPropertyOp42
 70
     1
102
RTVSPropertyOp43
 70
     1
102
RTVSPropertyOp44
 70
     1
102
RTVSPropertyOp45
 70
     1
102
RTVSPropertyOp46
 70
     1
102
RTVSPropertyOp47
 70
     1
102
RTVSPropertyOp48
 70
     1
102
RTVSPropertyOp49
 70
     1
102
RTVSPropertyOp50
 70
     1
102
RTVSPropertyOp51
 70
     0
102
RTVSPropertyOp52
 70
     0
102
RTVSPropertyOp53
 70
     1
102
RTVSPropertyOp54
 70
     1
102
RTVSPropertyOp55
 70
     1
102
RTVSPropertyOp56
 70
     1
102
RTVSPropertyOp57
 70
     1
102
RTVSPropertyOp58
 70
     1
102
RTVSPropertyOp59
 70
     1
102
RTVSPropertyOp60
 70
     1
102
RTVSPropertyOp61
 70
     1
102
RTVSPropertyOp62
 70
     1
  0
XRECORD
  5
2950
102
{ACAD_REACTORS
330
294F
102
}
330
294F
100
AcDbXrecord
280
     1
102
RTVSPost2010Prop28
280
     0
102
RTVSPost2010PropOp28
 70
     1
102
RTVSPost2010Prop29
280
     1
102
RTVSPost2010PropOp29
 70
     1
102
RTVSPost2010Prop30
280
     1
102
RTVSPost2010PropOp30
 70
     1
102
RTVSPost2010Prop31
280
     0
102
RTVSPost2010PropOp31
 70
     1
102
RTVSPost2010Prop32
280
     0
102
RTVSPost2010PropOp32
 70
     1
102
RTVSPost2010Prop33
280
     0
102
RTVSPost2010PropOp33
 70
     1
102
RTVSPost2010Prop34
280
     0
102
RTVSPost2010PropOp34
 70
     1
102
RTVSPost2010Prop35
280
     0
102
RTVSPost2010PropOp35
 70
     1
102
RTVSPost2010Prop36
280
     0
102
RTVSPost2010PropOp36
 70
     1
102
RTVSPost2010Prop37
 90
       50
102
RTVSPost2010PropOp37
 70
     1
102
RTVSPost2010Prop38
140
0.0
102
RTVSPost2010PropOp38
 70
     1
102
RTVSPost2010Prop39
140
1.0
102
RTVSPost2010PropOp39
 70
     1
102
RTVSPost2010Prop40
 90
        0
102
RTVSPost2010PropOp40
 70
     1
102
RTVSPost2010Prop41ColorIndex
 90
       18
102
RTVSPost2010Prop41ColorRGB
 90
        0
102
RTVSPost2010PropOp41
 70
     1
102
RTVSPost2010Prop42
 90
       50
102
RTVSPost2010PropOp42
 70
     1
102
RTVSPost2010Prop43
 90
        3
102
RTVSPost2010PropOp43
 70
     1
102
RTVSPost2010Prop44ColorIndex
 90
        5
102
RTVSPost2010Prop44ColorRGB
 90
      255
102
RTVSPost2010PropOp44
 70
     1
102
RTVSPost2010Prop45
280
     0
102
RTVSPost2010PropOp45
 70
     1
102
RTVSPost2010Prop46
 90
       50
102
RTVSPost2010PropOp46
 70
     1
102
RTVSPost2010Prop47
 90
       50
102
RTVSPost2010PropOp47
 70
     1
102
RTVSPost2010Prop48
 90
       50
102
RTVSPost2010PropOp48
 70
     1
102
RTVSPost2010Prop49
280
     0
102
RTVSPost2010PropOp49
 70
     1
102
RTVSPost2010Prop50
 90
       50
102
RTVSPost2010PropOp50
 70
     1
102
RTVSPost2010Prop51ColorIndex
 90
      256
102
RTVSPost2010Prop51ColorRGB
 90
-16777216
102
RTVSPost2010PropOp51
 70
     0
102
RTVSPost2010Prop52
140
1.0
102
RTVSPost2010PropOp52
 70
     0
102
RTVSPost2010Prop53
 90
        2
102
RTVSPost2010PropOp53
 70
     1
102
RTVSPost2010Prop54
  1
strokes_ogs.tif
102
RTVSPost2010PropOp54
 70
     1
102
RTVSPost2010Prop55
280
     0
102
RTVSPost2010PropOp55
 70
     1
102
RTVSPost2010Prop56
140
1.0
102
RTVSPost2010PropOp56
 70
     1
102
RTVSPost2010Prop57
140
1.0
102
RTVSPost2010PropOp57
 70
     1
102
RTVSPropertyOp0
 70
     0
102
RTVSPropertyOp1
 70
     0
102
RTVSPropertyOp2
 70
     0
102
RTVSPropertyOp3
 70
     0
102
RTVSPropertyOp4
 70
     0
102
RTVSPropertyOp5
 70
     0
102
RTVSPropertyOp6
 70
     0
102
RTVSPropertyOp7
 70
     0
102
RTVSPropertyOp8
 70
     0
102
RTVSPropertyOp9
 70
     0
102
RTVSPropertyOp10
 70
     0
102
RTVSPropertyOp11
 70
     0
102
RTVSPropertyOp12
 70
     0
102
RTVSPropertyOp13
 70
     0
102
RTVSPropertyOp14
 70
     2
102
RTVSPropertyOp15
 70
     0
102
RTVSPropertyOp16
 70
     0
102
RTVSPropertyOp17
 70
     0
102
RTVSPropertyOp18
 70
     0
102
RTVSPropertyOp19
 70
     0
102
RTVSPropertyOp20
 70
     0
102
RTVSPropertyOp21
 70
     0
102
RTVSPropertyOp22
 70
     0
102
RTVSPropertyOp23
 70
     0
102
RTVSPropertyOp24
 70
     0
102
RTVSPropertyOp25
 70
     0
102
RTVSPropertyOp26
 70
     0
102
RTVSPropertyOp27
 70
     0
102
RTVSPropertyOp28
 70
     1
102
RTVSPropertyOp29
 70
     1
102
RTVSPropertyOp30
 70
     1
102
RTVSPropertyOp31
 70
     1
102
RTVSPropertyOp32
 70
     1
102
RTVSPropertyOp33
 70
     1
102
RTVSPropertyOp34
 70
     1
102
RTVSPropertyOp35
 70
     1
102
RTVSPropertyOp36
 70
     1
102
RTVSPropertyOp37
 70
     1
102
RTVSPropertyOp38
 70
     1
102
RTVSPropertyOp39
 70
     1
102
RTVSPropertyOp40
 70
     1
102
RTVSPropertyOp41
 70
     1
102
RTVSPropertyOp42
 70
     1
102
RTVSPropertyOp43
 70
     1
102
RTVSPropertyOp44
 70
     1
102
RTVSPropertyOp45
 70
     1
102
RTVSPropertyOp46
 70
     1
102
RTVSPropertyOp47
 70
     1
102
RTVSPropertyOp48
 70
     1
102
RTVSPropertyOp49
 70
     1
102
RTVSPropertyOp50
 70
     1
102
RTVSPropertyOp51
 70
     0
102
RTVSPropertyOp52
 70
     0
102
RTVSPropertyOp53
 70
     1
102
RTVSPropertyOp54
 70
     1
102
RTVSPropertyOp55
 70
     1
102
RTVSPropertyOp56
 70
     1
102
RTVSPropertyOp57
 70
     1
102
RTVSPropertyOp58
 70
     1
102
RTVSPropertyOp59
 70
     1
102
RTVSPropertyOp60
 70
     1
102
RTVSPropertyOp61
 70
     1
102
RTVSPropertyOp62
 70
     1
  0
XRECORD
  5
2948
102
{ACAD_REACTORS
330
2947
102
}
330
2947
100
AcDbXrecord
280
     1
102
RTVSPost2010Prop28
280
     0
102
RTVSPost2010PropOp28
 70
     1
102
RTVSPost2010Prop29
280
     1
102
RTVSPost2010PropOp29
 70
     1
102
RTVSPost2010Prop30
280
     1
102
RTVSPost2010PropOp30
 70
     1
102
RTVSPost2010Prop31
280
     0
102
RTVSPost2010PropOp31
 70
     1
102
RTVSPost2010Prop32
280
     0
102
RTVSPost2010PropOp32
 70
     1
102
RTVSPost2010Prop33
280
     0
102
RTVSPost2010PropOp33
 70
     1
102
RTVSPost2010Prop34
280
     0
102
RTVSPost2010PropOp34
 70
     1
102
RTVSPost2010Prop35
280
     0
102
RTVSPost2010PropOp35
 70
     1
102
RTVSPost2010Prop36
280
     0
102
RTVSPost2010PropOp36
 70
     1
102
RTVSPost2010Prop37
 90
       50
102
RTVSPost2010PropOp37
 70
     1
102
RTVSPost2010Prop38
140
0.0
102
RTVSPost2010PropOp38
 70
     1
102
RTVSPost2010Prop39
140
1.0
102
RTVSPost2010PropOp39
 70
     1
102
RTVSPost2010Prop40
 90
        0
102
RTVSPost2010PropOp40
 70
     1
102
RTVSPost2010Prop41ColorIndex
 90
       18
102
RTVSPost2010Prop41ColorRGB
 90
        0
102
RTVSPost2010PropOp41
 70
     1
102
RTVSPost2010Prop42
 90
       50
102
RTVSPost2010PropOp42
 70
     1
102
RTVSPost2010Prop43
 90
        3
102
RTVSPost2010PropOp43
 70
     1
102
RTVSPost2010Prop44ColorIndex
 90
        5
102
RTVSPost2010Prop44ColorRGB
 90
      255
102
RTVSPost2010PropOp44
 70
     1
102
RTVSPost2010Prop45
280
     0
102
RTVSPost2010PropOp45
 70
     1
102
RTVSPost2010Prop46
 90
       50
102
RTVSPost2010PropOp46
 70
     1
102
RTVSPost2010Prop47
 90
       50
102
RTVSPost2010PropOp47
 70
     1
102
RTVSPost2010Prop48
 90
       50
102
RTVSPost2010PropOp48
 70
     1
102
RTVSPost2010Prop49
280
     0
102
RTVSPost2010PropOp49
 70
     1
102
RTVSPost2010Prop50
 90
       50
102
RTVSPost2010PropOp50
 70
     1
102
RTVSPost2010Prop51ColorIndex
 90
      256
102
RTVSPost2010Prop51ColorRGB
 90
-16777216
102
RTVSPost2010PropOp51
 70
     0
102
RTVSPost2010Prop52
140
1.0
102
RTVSPost2010PropOp52
 70
     0
102
RTVSPost2010Prop53
 90
        2
102
RTVSPost2010PropOp53
 70
     1
102
RTVSPost2010Prop54
  1
strokes_ogs.tif
102
RTVSPost2010PropOp54
 70
     1
102
RTVSPost2010Prop55
280
     0
102
RTVSPost2010PropOp55
 70
     1
102
RTVSPost2010Prop56
140
1.0
102
RTVSPost2010PropOp56
 70
     1
102
RTVSPost2010Prop57
140
1.0
102
RTVSPost2010PropOp57
 70
     1
102
RTVSPropertyOp0
 70
     1
102
RTVSPropertyOp1
 70
     1
102
RTVSPropertyOp2
 70
     1
102
RTVSPropertyOp3
 70
     1
102
RTVSPropertyOp4
 70
     1
102
RTVSPropertyOp5
 70
     1
102
RTVSPropertyOp6
 70
     1
102
RTVSPropertyOp7
 70
     1
102
RTVSPropertyOp8
 70
     1
102
RTVSPropertyOp9
 70
     1
102
RTVSPropertyOp10
 70
     1
102
RTVSPropertyOp11
 70
     1
102
RTVSPropertyOp12
 70
     1
102
RTVSPropertyOp13
 70
     1
102
RTVSPropertyOp14
 70
     1
102
RTVSPropertyOp15
 70
     1
102
RTVSPropertyOp16
 70
     1
102
RTVSPropertyOp17
 70
     1
102
RTVSPropertyOp18
 70
     1
102
RTVSPropertyOp19
 70
     1
102
RTVSPropertyOp20
 70
     1
102
RTVSPropertyOp21
 70
     1
102
RTVSPropertyOp22
 70
     1
102
RTVSPropertyOp23
 70
     1
102
RTVSPropertyOp24
 70
     1
102
RTVSPropertyOp25
 70
     1
102
RTVSPropertyOp26
 70
     1
102
RTVSPropertyOp27
 70
     1
102
RTVSPropertyOp28
 70
     1
102
RTVSPropertyOp29
 70
     1
102
RTVSPropertyOp30
 70
     1
102
RTVSPropertyOp31
 70
     1
102
RTVSPropertyOp32
 70
     1
102
RTVSPropertyOp33
 70
     1
102
RTVSPropertyOp34
 70
     1
102
RTVSPropertyOp35
 70
     1
102
RTVSPropertyOp36
 70
     1
102
RTVSPropertyOp37
 70
     1
102
RTVSPropertyOp38
 70
     1
102
RTVSPropertyOp39
 70
     1
102
RTVSPropertyOp40
 70
     1
102
RTVSPropertyOp41
 70
     1
102
RTVSPropertyOp42
 70
     1
102
RTVSPropertyOp43
 70
     1
102
RTVSPropertyOp44
 70
     1
102
RTVSPropertyOp45
 70
     1
102
RTVSPropertyOp46
 70
     1
102
RTVSPropertyOp47
 70
     1
102
RTVSPropertyOp48
 70
     1
102
RTVSPropertyOp49
 70
     1
102
RTVSPropertyOp50
 70
     1
102
RTVSPropertyOp51
 70
     0
102
RTVSPropertyOp52
 70
     0
102
RTVSPropertyOp53
 70
     1
102
RTVSPropertyOp54
 70
     1
102
RTVSPropertyOp55
 70
     1
102
RTVSPropertyOp56
 70
     1
102
RTVSPropertyOp57
 70
     1
102
RTVSPropertyOp58
 70
     1
102
RTVSPropertyOp59
 70
     1
102
RTVSPropertyOp60
 70
     1
102
RTVSPropertyOp61
 70
     1
102
RTVSPropertyOp62
 70
     1
  0
XRECORD
  5
292C
102
{ACAD_REACTORS
330
292B
102
}
330
292B
100
AcDbXrecord
280
     1
102
RTVSPost2010Prop28
280
     0
102
RTVSPost2010PropOp28
 70
     1
102
RTVSPost2010Prop29
280
     1
102
RTVSPost2010PropOp29
 70
     1
102
RTVSPost2010Prop30
280
     1
102
RTVSPost2010PropOp30
 70
     1
102
RTVSPost2010Prop31
280
     0
102
RTVSPost2010PropOp31
 70
     1
102
RTVSPost2010Prop32
280
     0
102
RTVSPost2010PropOp32
 70
     1
102
RTVSPost2010Prop33
280
     0
102
RTVSPost2010PropOp33
 70
     1
102
RTVSPost2010Prop34
280
     0
102
RTVSPost2010PropOp34
 70
     1
102
RTVSPost2010Prop35
280
     0
102
RTVSPost2010PropOp35
 70
     1
102
RTVSPost2010Prop36
280
     0
102
RTVSPost2010PropOp36
 70
     1
102
RTVSPost2010Prop37
 90
       50
102
RTVSPost2010PropOp37
 70
     1
102
RTVSPost2010Prop38
140
0.0
102
RTVSPost2010PropOp38
 70
     1
102
RTVSPost2010Prop39
140
1.0
102
RTVSPost2010PropOp39
 70
     1
102
RTVSPost2010Prop40
 90
        0
102
RTVSPost2010PropOp40
 70
     1
102
RTVSPost2010Prop41ColorIndex
 90
       18
102
RTVSPost2010Prop41ColorRGB
 90
        0
102
RTVSPost2010PropOp41
 70
     1
102
RTVSPost2010Prop42
 90
       50
102
RTVSPost2010PropOp42
 70
     1
102
RTVSPost2010Prop43
 90
        3
102
RTVSPost2010PropOp43
 70
     1
102
RTVSPost2010Prop44ColorIndex
 90
        5
102
RTVSPost2010Prop44ColorRGB
 90
      255
102
RTVSPost2010PropOp44
 70
     1
102
RTVSPost2010Prop45
280
     0
102
RTVSPost2010PropOp45
 70
     1
102
RTVSPost2010Prop46
 90
       50
102
RTVSPost2010PropOp46
 70
     1
102
RTVSPost2010Prop47
 90
       50
102
RTVSPost2010PropOp47
 70
     1
102
RTVSPost2010Prop48
 90
       50
102
RTVSPost2010PropOp48
 70
     1
102
RTVSPost2010Prop49
280
     0
102
RTVSPost2010PropOp49
 70
     1
102
RTVSPost2010Prop50
 90
       50
102
RTVSPost2010PropOp50
 70
     1
102
RTVSPost2010Prop51ColorIndex
 90
      256
102
RTVSPost2010Prop51ColorRGB
 90
-16777216
102
RTVSPost2010PropOp51
 70
     0
102
RTVSPost2010Prop52
140
1.0
102
RTVSPost2010PropOp52
 70
     0
102
RTVSPost2010Prop53
 90
        2
102
RTVSPost2010PropOp53
 70
     1
102
RTVSPost2010Prop54
  1
strokes_ogs.tif
102
RTVSPost2010PropOp54
 70
     1
102
RTVSPost2010Prop55
280
     0
102
RTVSPost2010PropOp55
 70
     1
102
RTVSPost2010Prop56
140
1.0
102
RTVSPost2010PropOp56
 70
     1
102
RTVSPost2010Prop57
140
1.0
102
RTVSPost2010PropOp57
 70
     1
102
RTVSPropertyOp0
 70
     1
102
RTVSPropertyOp1
 70
     1
102
RTVSPropertyOp2
 70
     1
102
RTVSPropertyOp3
 70
     1
102
RTVSPropertyOp4
 70
     1
102
RTVSPropertyOp5
 70
     1
102
RTVSPropertyOp6
 70
     1
102
RTVSPropertyOp7
 70
     1
102
RTVSPropertyOp8
 70
     1
102
RTVSPropertyOp9
 70
     1
102
RTVSPropertyOp10
 70
     1
102
RTVSPropertyOp11
 70
     1
102
RTVSPropertyOp12
 70
     1
102
RTVSPropertyOp13
 70
     1
102
RTVSPropertyOp14
 70
     1
102
RTVSPropertyOp15
 70
     1
102
RTVSPropertyOp16
 70
     1
102
RTVSPropertyOp17
 70
     1
102
RTVSPropertyOp18
 70
     1
102
RTVSPropertyOp19
 70
     1
102
RTVSPropertyOp20
 70
     1
102
RTVSPropertyOp21
 70
     1
102
RTVSPropertyOp22
 70
     1
102
RTVSPropertyOp23
 70
     1
102
RTVSPropertyOp24
 70
     1
102
RTVSPropertyOp25
 70
     1
102
RTVSPropertyOp26
 70
     1
102
RTVSPropertyOp27
 70
     1
102
RTVSPropertyOp28
 70
     1
102
RTVSPropertyOp29
 70
     1
102
RTVSPropertyOp30
 70
     1
102
RTVSPropertyOp31
 70
     1
102
RTVSPropertyOp32
 70
     1
102
RTVSPropertyOp33
 70
     1
102
RTVSPropertyOp34
 70
     1
102
RTVSPropertyOp35
 70
     1
102
RTVSPropertyOp36
 70
     1
102
RTVSPropertyOp37
 70
     1
102
RTVSPropertyOp38
 70
     1
102
RTVSPropertyOp39
 70
     1
102
RTVSPropertyOp40
 70
     1
102
RTVSPropertyOp41
 70
     1
102
RTVSPropertyOp42
 70
     1
102
RTVSPropertyOp43
 70
     1
102
RTVSPropertyOp44
 70
     1
102
RTVSPropertyOp45
 70
     1
102
RTVSPropertyOp46
 70
     1
102
RTVSPropertyOp47
 70
     1
102
RTVSPropertyOp48
 70
     1
102
RTVSPropertyOp49
 70
     1
102
RTVSPropertyOp50
 70
     1
102
RTVSPropertyOp51
 70
     0
102
RTVSPropertyOp52
 70
     0
102
RTVSPropertyOp53
 70
     1
102
RTVSPropertyOp54
 70
     1
102
RTVSPropertyOp55
 70
     1
102
RTVSPropertyOp56
 70
     1
102
RTVSPropertyOp57
 70
     1
102
RTVSPropertyOp58
 70
     1
102
RTVSPropertyOp59
 70
     1
102
RTVSPropertyOp60
 70
     1
102
RTVSPropertyOp61
 70
     1
102
RTVSPropertyOp62
 70
     1
  0
XRECORD
  5
292E
102
{ACAD_REACTORS
330
292D
102
}
330
292D
100
AcDbXrecord
280
     1
102
RTVSPost2010Prop28
280
     0
102
RTVSPost2010PropOp28
 70
     1
102
RTVSPost2010Prop29
280
     1
102
RTVSPost2010PropOp29
 70
     1
102
RTVSPost2010Prop30
280
     1
102
RTVSPost2010PropOp30
 70
     1
102
RTVSPost2010Prop31
280
     0
102
RTVSPost2010PropOp31
 70
     1
102
RTVSPost2010Prop32
280
     0
102
RTVSPost2010PropOp32
 70
     1
102
RTVSPost2010Prop33
280
     0
102
RTVSPost2010PropOp33
 70
     1
102
RTVSPost2010Prop34
280
     0
102
RTVSPost2010PropOp34
 70
     1
102
RTVSPost2010Prop35
280
     0
102
RTVSPost2010PropOp35
 70
     1
102
RTVSPost2010Prop36
280
     0
102
RTVSPost2010PropOp36
 70
     1
102
RTVSPost2010Prop37
 90
       50
102
RTVSPost2010PropOp37
 70
     1
102
RTVSPost2010Prop38
140
0.0
102
RTVSPost2010PropOp38
 70
     1
102
RTVSPost2010Prop39
140
1.0
102
RTVSPost2010PropOp39
 70
     1
102
RTVSPost2010Prop40
 90
        0
102
RTVSPost2010PropOp40
 70
     1
102
RTVSPost2010Prop41ColorIndex
 90
       18
102
RTVSPost2010Prop41ColorRGB
 90
        0
102
RTVSPost2010PropOp41
 70
     1
102
RTVSPost2010Prop42
 90
       50
102
RTVSPost2010PropOp42
 70
     1
102
RTVSPost2010Prop43
 90
        3
102
RTVSPost2010PropOp43
 70
     1
102
RTVSPost2010Prop44ColorIndex
 90
        5
102
RTVSPost2010Prop44ColorRGB
 90
      255
102
RTVSPost2010PropOp44
 70
     1
102
RTVSPost2010Prop45
280
     0
102
RTVSPost2010PropOp45
 70
     1
102
RTVSPost2010Prop46
 90
       50
102
RTVSPost2010PropOp46
 70
     1
102
RTVSPost2010Prop47
 90
       50
102
RTVSPost2010PropOp47
 70
     1
102
RTVSPost2010Prop48
 90
       50
102
RTVSPost2010PropOp48
 70
     1
102
RTVSPost2010Prop49
280
     0
102
RTVSPost2010PropOp49
 70
     1
102
RTVSPost2010Prop50
 90
       50
102
RTVSPost2010PropOp50
 70
     1
102
RTVSPost2010Prop51ColorIndex
 90
      256
102
RTVSPost2010Prop51ColorRGB
 90
-16777216
102
RTVSPost2010PropOp51
 70
     0
102
RTVSPost2010Prop52
140
1.0
102
RTVSPost2010PropOp52
 70
     0
102
RTVSPost2010Prop53
 90
        2
102
RTVSPost2010PropOp53
 70
     1
102
RTVSPost2010Prop54
  1
strokes_ogs.tif
102
RTVSPost2010PropOp54
 70
     1
102
RTVSPost2010Prop55
280
     0
102
RTVSPost2010PropOp55
 70
     1
102
RTVSPost2010Prop56
140
1.0
102
RTVSPost2010PropOp56
 70
     1
102
RTVSPost2010Prop57
140
1.0
102
RTVSPost2010PropOp57
 70
     1
102
RTVSPropertyOp0
 70
     1
102
RTVSPropertyOp1
 70
     1
102
RTVSPropertyOp2
 70
     1
102
RTVSPropertyOp3
 70
     1
102
RTVSPropertyOp4
 70
     1
102
RTVSPropertyOp5
 70
     1
102
RTVSPropertyOp6
 70
     1
102
RTVSPropertyOp7
 70
     1
102
RTVSPropertyOp8
 70
     1
102
RTVSPropertyOp9
 70
     1
102
RTVSPropertyOp10
 70
     1
102
RTVSPropertyOp11
 70
     1
102
RTVSPropertyOp12
 70
     1
102
RTVSPropertyOp13
 70
     1
102
RTVSPropertyOp14
 70
     1
102
RTVSPropertyOp15
 70
     1
102
RTVSPropertyOp16
 70
     1
102
RTVSPropertyOp17
 70
     1
102
RTVSPropertyOp18
 70
     1
102
RTVSPropertyOp19
 70
     1
102
RTVSPropertyOp20
 70
     1
102
RTVSPropertyOp21
 70
     1
102
RTVSPropertyOp22
 70
     1
102
RTVSPropertyOp23
 70
     1
102
RTVSPropertyOp24
 70
     1
102
RTVSPropertyOp25
 70
     1
102
RTVSPropertyOp26
 70
     1
102
RTVSPropertyOp27
 70
     1
102
RTVSPropertyOp28
 70
     1
102
RTVSPropertyOp29
 70
     1
102
RTVSPropertyOp30
 70
     1
102
RTVSPropertyOp31
 70
     1
102
RTVSPropertyOp32
 70
     1
102
RTVSPropertyOp33
 70
     1
102
RTVSPropertyOp34
 70
     1
102
RTVSPropertyOp35
 70
     1
102
RTVSPropertyOp36
 70
     1
102
RTVSPropertyOp37
 70
     1
102
RTVSPropertyOp38
 70
     1
102
RTVSPropertyOp39
 70
     1
102
RTVSPropertyOp40
 70
     1
102
RTVSPropertyOp41
 70
     1
102
RTVSPropertyOp42
 70
     1
102
RTVSPropertyOp43
 70
     1
102
RTVSPropertyOp44
 70
     1
102
RTVSPropertyOp45
 70
     1
102
RTVSPropertyOp46
 70
     1
102
RTVSPropertyOp47
 70
     1
102
RTVSPropertyOp48
 70
     1
102
RTVSPropertyOp49
 70
     1
102
RTVSPropertyOp50
 70
     1
102
RTVSPropertyOp51
 70
     0
102
RTVSPropertyOp52
 70
     0
102
RTVSPropertyOp53
 70
     1
102
RTVSPropertyOp54
 70
     1
102
RTVSPropertyOp55
 70
     1
102
RTVSPropertyOp56
 70
     1
102
RTVSPropertyOp57
 70
     1
102
RTVSPropertyOp58
 70
     1
102
RTVSPropertyOp59
 70
     1
102
RTVSPropertyOp60
 70
     1
102
RTVSPropertyOp61
 70
     1
102
RTVSPropertyOp62
 70
     1
  0
XRECORD
  5
2930
102
{ACAD_REACTORS
330
292F
102
}
330
292F
100
AcDbXrecord
280
     1
102
RTVSPost2010Prop28
280
     0
102
RTVSPost2010PropOp28
 70
     1
102
RTVSPost2010Prop29
280
     1
102
RTVSPost2010PropOp29
 70
     1
102
RTVSPost2010Prop30
280
     1
102
RTVSPost2010PropOp30
 70
     1
102
RTVSPost2010Prop31
280
     0
102
RTVSPost2010PropOp31
 70
     1
102
RTVSPost2010Prop32
280
     0
102
RTVSPost2010PropOp32
 70
     1
102
RTVSPost2010Prop33
280
     0
102
RTVSPost2010PropOp33
 70
     1
102
RTVSPost2010Prop34
280
     0
102
RTVSPost2010PropOp34
 70
     1
102
RTVSPost2010Prop35
280
     0
102
RTVSPost2010PropOp35
 70
     1
102
RTVSPost2010Prop36
280
     0
102
RTVSPost2010PropOp36
 70
     1
102
RTVSPost2010Prop37
 90
       50
102
RTVSPost2010PropOp37
 70
     1
102
RTVSPost2010Prop38
140
0.0
102
RTVSPost2010PropOp38
 70
     1
102
RTVSPost2010Prop39
140
1.0
102
RTVSPost2010PropOp39
 70
     1
102
RTVSPost2010Prop40
 90
        0
102
RTVSPost2010PropOp40
 70
     1
102
RTVSPost2010Prop41ColorIndex
 90
       18
102
RTVSPost2010Prop41ColorRGB
 90
        0
102
RTVSPost2010PropOp41
 70
     1
102
RTVSPost2010Prop42
 90
       50
102
RTVSPost2010PropOp42
 70
     1
102
RTVSPost2010Prop43
 90
        3
102
RTVSPost2010PropOp43
 70
     1
102
RTVSPost2010Prop44ColorIndex
 90
        5
102
RTVSPost2010Prop44ColorRGB
 90
      255
102
RTVSPost2010PropOp44
 70
     1
102
RTVSPost2010Prop45
280
     0
102
RTVSPost2010PropOp45
 70
     1
102
RTVSPost2010Prop46
 90
       50
102
RTVSPost2010PropOp46
 70
     1
102
RTVSPost2010Prop47
 90
       50
102
RTVSPost2010PropOp47
 70
     1
102
RTVSPost2010Prop48
 90
       50
102
RTVSPost2010PropOp48
 70
     1
102
RTVSPost2010Prop49
280
     0
102
RTVSPost2010PropOp49
 70
     1
102
RTVSPost2010Prop50
 90
       50
102
RTVSPost2010PropOp50
 70
     1
102
RTVSPost2010Prop51ColorIndex
 90
      256
102
RTVSPost2010Prop51ColorRGB
 90
-16777216
102
RTVSPost2010PropOp51
 70
     0
102
RTVSPost2010Prop52
140
1.0
102
RTVSPost2010PropOp52
 70
     0
102
RTVSPost2010Prop53
 90
        2
102
RTVSPost2010PropOp53
 70
     1
102
RTVSPost2010Prop54
  1
strokes_ogs.tif
102
RTVSPost2010PropOp54
 70
     1
102
RTVSPost2010Prop55
280
     0
102
RTVSPost2010PropOp55
 70
     1
102
RTVSPost2010Prop56
140
1.0
102
RTVSPost2010PropOp56
 70
     1
102
RTVSPost2010Prop57
140
1.0
102
RTVSPost2010PropOp57
 70
     1
102
RTVSPropertyOp0
 70
     1
102
RTVSPropertyOp1
 70
     1
102
RTVSPropertyOp2
 70
     1
102
RTVSPropertyOp3
 70
     1
102
RTVSPropertyOp4
 70
     1
102
RTVSPropertyOp5
 70
     1
102
RTVSPropertyOp6
 70
     1
102
RTVSPropertyOp7
 70
     1
102
RTVSPropertyOp8
 70
     1
102
RTVSPropertyOp9
 70
     1
102
RTVSPropertyOp10
 70
     1
102
RTVSPropertyOp11
 70
     1
102
RTVSPropertyOp12
 70
     1
102
RTVSPropertyOp13
 70
     1
102
RTVSPropertyOp14
 70
     1
102
RTVSPropertyOp15
 70
     1
102
RTVSPropertyOp16
 70
     1
102
RTVSPropertyOp17
 70
     1
102
RTVSPropertyOp18
 70
     1
102
RTVSPropertyOp19
 70
     1
102
RTVSPropertyOp20
 70
     1
102
RTVSPropertyOp21
 70
     1
102
RTVSPropertyOp22
 70
     1
102
RTVSPropertyOp23
 70
     1
102
RTVSPropertyOp24
 70
     1
102
RTVSPropertyOp25
 70
     1
102
RTVSPropertyOp26
 70
     1
102
RTVSPropertyOp27
 70
     1
102
RTVSPropertyOp28
 70
     1
102
RTVSPropertyOp29
 70
     1
102
RTVSPropertyOp30
 70
     1
102
RTVSPropertyOp31
 70
     1
102
RTVSPropertyOp32
 70
     1
102
RTVSPropertyOp33
 70
     1
102
RTVSPropertyOp34
 70
     1
102
RTVSPropertyOp35
 70
     1
102
RTVSPropertyOp36
 70
     1
102
RTVSPropertyOp37
 70
     1
102
RTVSPropertyOp38
 70
     1
102
RTVSPropertyOp39
 70
     1
102
RTVSPropertyOp40
 70
     1
102
RTVSPropertyOp41
 70
     1
102
RTVSPropertyOp42
 70
     1
102
RTVSPropertyOp43
 70
     1
102
RTVSPropertyOp44
 70
     1
102
RTVSPropertyOp45
 70
     1
102
RTVSPropertyOp46
 70
     1
102
RTVSPropertyOp47
 70
     1
102
RTVSPropertyOp48
 70
     1
102
RTVSPropertyOp49
 70
     1
102
RTVSPropertyOp50
 70
     1
102
RTVSPropertyOp51
 70
     0
102
RTVSPropertyOp52
 70
     0
102
RTVSPropertyOp53
 70
     1
102
RTVSPropertyOp54
 70
     1
102
RTVSPropertyOp55
 70
     1
102
RTVSPropertyOp56
 70
     1
102
RTVSPropertyOp57
 70
     1
102
RTVSPropertyOp58
 70
     1
102
RTVSPropertyOp59
 70
     1
102
RTVSPropertyOp60
 70
     1
102
RTVSPropertyOp61
 70
     1
102
RTVSPropertyOp62
 70
     1
  0
XRECORD
  5
2932
102
{ACAD_REACTORS
330
2931
102
}
330
2931
100
AcDbXrecord
280
     1
102
RTVSPost2010Prop28
280
     0
102
RTVSPost2010PropOp28
 70
     1
102
RTVSPost2010Prop29
280
     1
102
RTVSPost2010PropOp29
 70
     1
102
RTVSPost2010Prop30
280
     1
102
RTVSPost2010PropOp30
 70
     1
102
RTVSPost2010Prop31
280
     0
102
RTVSPost2010PropOp31
 70
     1
102
RTVSPost2010Prop32
280
     0
102
RTVSPost2010PropOp32
 70
     1
102
RTVSPost2010Prop33
280
     0
102
RTVSPost2010PropOp33
 70
     1
102
RTVSPost2010Prop34
280
     0
102
RTVSPost2010PropOp34
 70
     1
102
RTVSPost2010Prop35
280
     0
102
RTVSPost2010PropOp35
 70
     1
102
RTVSPost2010Prop36
280
     0
102
RTVSPost2010PropOp36
 70
     1
102
RTVSPost2010Prop37
 90
       50
102
RTVSPost2010PropOp37
 70
     1
102
RTVSPost2010Prop38
140
0.0
102
RTVSPost2010PropOp38
 70
     1
102
RTVSPost2010Prop39
140
1.0
102
RTVSPost2010PropOp39
 70
     1
102
RTVSPost2010Prop40
 90
        0
102
RTVSPost2010PropOp40
 70
     1
102
RTVSPost2010Prop41ColorIndex
 90
       18
102
RTVSPost2010Prop41ColorRGB
 90
        0
102
RTVSPost2010PropOp41
 70
     1
102
RTVSPost2010Prop42
 90
       50
102
RTVSPost2010PropOp42
 70
     1
102
RTVSPost2010Prop43
 90
        3
102
RTVSPost2010PropOp43
 70
     1
102
RTVSPost2010Prop44ColorIndex
 90
        5
102
RTVSPost2010Prop44ColorRGB
 90
      255
102
RTVSPost2010PropOp44
 70
     1
102
RTVSPost2010Prop45
280
     0
102
RTVSPost2010PropOp45
 70
     1
102
RTVSPost2010Prop46
 90
       50
102
RTVSPost2010PropOp46
 70
     1
102
RTVSPost2010Prop47
 90
       50
102
RTVSPost2010PropOp47
 70
     1
102
RTVSPost2010Prop48
 90
       50
102
RTVSPost2010PropOp48
 70
     1
102
RTVSPost2010Prop49
280
     0
102
RTVSPost2010PropOp49
 70
     1
102
RTVSPost2010Prop50
 90
       50
102
RTVSPost2010PropOp50
 70
     1
102
RTVSPost2010Prop51ColorIndex
 90
      256
102
RTVSPost2010Prop51ColorRGB
 90
-16777216
102
RTVSPost2010PropOp51
 70
     0
102
RTVSPost2010Prop52
140
1.0
102
RTVSPost2010PropOp52
 70
     0
102
RTVSPost2010Prop53
 90
        2
102
RTVSPost2010PropOp53
 70
     1
102
RTVSPost2010Prop54
  1
strokes_ogs.tif
102
RTVSPost2010PropOp54
 70
     1
102
RTVSPost2010Prop55
280
     0
102
RTVSPost2010PropOp55
 70
     1
102
RTVSPost2010Prop56
140
1.0
102
RTVSPost2010PropOp56
 70
     1
102
RTVSPost2010Prop57
140
1.0
102
RTVSPost2010PropOp57
 70
     1
102
RTVSPropertyOp0
 70
     1
102
RTVSPropertyOp1
 70
     1
102
RTVSPropertyOp2
 70
     1
102
RTVSPropertyOp3
 70
     1
102
RTVSPropertyOp4
 70
     1
102
RTVSPropertyOp5
 70
     1
102
RTVSPropertyOp6
 70
     1
102
RTVSPropertyOp7
 70
     1
102
RTVSPropertyOp8
 70
     1
102
RTVSPropertyOp9
 70
     1
102
RTVSPropertyOp10
 70
     1
102
RTVSPropertyOp11
 70
     1
102
RTVSPropertyOp12
 70
     1
102
RTVSPropertyOp13
 70
     1
102
RTVSPropertyOp14
 70
     1
102
RTVSPropertyOp15
 70
     1
102
RTVSPropertyOp16
 70
     1
102
RTVSPropertyOp17
 70
     1
102
RTVSPropertyOp18
 70
     1
102
RTVSPropertyOp19
 70
     1
102
RTVSPropertyOp20
 70
     1
102
RTVSPropertyOp21
 70
     1
102
RTVSPropertyOp22
 70
     1
102
RTVSPropertyOp23
 70
     1
102
RTVSPropertyOp24
 70
     1
102
RTVSPropertyOp25
 70
     1
102
RTVSPropertyOp26
 70
     1
102
RTVSPropertyOp27
 70
     1
102
RTVSPropertyOp28
 70
     1
102
RTVSPropertyOp29
 70
     1
102
RTVSPropertyOp30
 70
     1
102
RTVSPropertyOp31
 70
     1
102
RTVSPropertyOp32
 70
     1
102
RTVSPropertyOp33
 70
     1
102
RTVSPropertyOp34
 70
     1
102
RTVSPropertyOp35
 70
     1
102
RTVSPropertyOp36
 70
     1
102
RTVSPropertyOp37
 70
     1
102
RTVSPropertyOp38
 70
     1
102
RTVSPropertyOp39
 70
     1
102
RTVSPropertyOp40
 70
     1
102
RTVSPropertyOp41
 70
     1
102
RTVSPropertyOp42
 70
     1
102
RTVSPropertyOp43
 70
     1
102
RTVSPropertyOp44
 70
     1
102
RTVSPropertyOp45
 70
     1
102
RTVSPropertyOp46
 70
     1
102
RTVSPropertyOp47
 70
     1
102
RTVSPropertyOp48
 70
     1
102
RTVSPropertyOp49
 70
     1
102
RTVSPropertyOp50
 70
     1
102
RTVSPropertyOp51
 70
     0
102
RTVSPropertyOp52
 70
     0
102
RTVSPropertyOp53
 70
     1
102
RTVSPropertyOp54
 70
     1
102
RTVSPropertyOp55
 70
     1
102
RTVSPropertyOp56
 70
     1
102
RTVSPropertyOp57
 70
     1
102
RTVSPropertyOp58
 70
     1
102
RTVSPropertyOp59
 70
     1
102
RTVSPropertyOp60
 70
     1
102
RTVSPropertyOp61
 70
     1
102
RTVSPropertyOp62
 70
     1
  0
XRECORD
  5
2954
102
{ACAD_REACTORS
330
2953
102
}
330
2953
100
AcDbXrecord
280
     1
102
RTVSPost2010Prop28
280
     0
102
RTVSPost2010PropOp28
 70
     1
102
RTVSPost2010Prop29
280
     1
102
RTVSPost2010PropOp29
 70
     1
102
RTVSPost2010Prop30
280
     1
102
RTVSPost2010PropOp30
 70
     1
102
RTVSPost2010Prop31
280
     0
102
RTVSPost2010PropOp31
 70
     1
102
RTVSPost2010Prop32
280
     0
102
RTVSPost2010PropOp32
 70
     1
102
RTVSPost2010Prop33
280
     0
102
RTVSPost2010PropOp33
 70
     1
102
RTVSPost2010Prop34
280
     0
102
RTVSPost2010PropOp34
 70
     1
102
RTVSPost2010Prop35
280
     0
102
RTVSPost2010PropOp35
 70
     1
102
RTVSPost2010Prop36
280
     0
102
RTVSPost2010PropOp36
 70
     1
102
RTVSPost2010Prop37
 90
       50
102
RTVSPost2010PropOp37
 70
     1
102
RTVSPost2010Prop38
140
0.0
102
RTVSPost2010PropOp38
 70
     1
102
RTVSPost2010Prop39
140
1.0
102
RTVSPost2010PropOp39
 70
     1
102
RTVSPost2010Prop40
 90
        0
102
RTVSPost2010PropOp40
 70
     1
102
RTVSPost2010Prop41ColorIndex
 90
       18
102
RTVSPost2010Prop41ColorRGB
 90
        0
102
RTVSPost2010PropOp41
 70
     1
102
RTVSPost2010Prop42
 90
       50
102
RTVSPost2010PropOp42
 70
     1
102
RTVSPost2010Prop43
 90
        3
102
RTVSPost2010PropOp43
 70
     1
102
RTVSPost2010Prop44ColorIndex
 90
        5
102
RTVSPost2010Prop44ColorRGB
 90
      255
102
RTVSPost2010PropOp44
 70
     1
102
RTVSPost2010Prop45
280
     0
102
RTVSPost2010PropOp45
 70
     1
102
RTVSPost2010Prop46
 90
       50
102
RTVSPost2010PropOp46
 70
     1
102
RTVSPost2010Prop47
 90
       50
102
RTVSPost2010PropOp47
 70
     1
102
RTVSPost2010Prop48
 90
       50
102
RTVSPost2010PropOp48
 70
     1
102
RTVSPost2010Prop49
280
     0
102
RTVSPost2010PropOp49
 70
     1
102
RTVSPost2010Prop50
 90
       50
102
RTVSPost2010PropOp50
 70
     1
102
RTVSPost2010Prop51ColorIndex
 90
      256
102
RTVSPost2010Prop51ColorRGB
 90
-16777216
102
RTVSPost2010PropOp51
 70
     0
102
RTVSPost2010Prop52
140
1.0
102
RTVSPost2010PropOp52
 70
     0
102
RTVSPost2010Prop53
 90
        2
102
RTVSPost2010PropOp53
 70
     1
102
RTVSPost2010Prop54
  1
strokes_ogs.tif
102
RTVSPost2010PropOp54
 70
     1
102
RTVSPost2010Prop55
280
     0
102
RTVSPost2010PropOp55
 70
     1
102
RTVSPost2010Prop56
140
1.0
102
RTVSPost2010PropOp56
 70
     1
102
RTVSPost2010Prop57
140
1.0
102
RTVSPost2010PropOp57
 70
     1
102
RTVSPropertyOp0
 70
     1
102
RTVSPropertyOp1
 70
     1
102
RTVSPropertyOp2
 70
     1
102
RTVSPropertyOp3
 70
     1
102
RTVSPropertyOp4
 70
     1
102
RTVSPropertyOp5
 70
     1
102
RTVSPropertyOp6
 70
     1
102
RTVSPropertyOp7
 70
     1
102
RTVSPropertyOp8
 70
     1
102
RTVSPropertyOp9
 70
     1
102
RTVSPropertyOp10
 70
     1
102
RTVSPropertyOp11
 70
     1
102
RTVSPropertyOp12
 70
     1
102
RTVSPropertyOp13
 70
     1
102
RTVSPropertyOp14
 70
     1
102
RTVSPropertyOp15
 70
     1
102
RTVSPropertyOp16
 70
     1
102
RTVSPropertyOp17
 70
     1
102
RTVSPropertyOp18
 70
     1
102
RTVSPropertyOp19
 70
     1
102
RTVSPropertyOp20
 70
     1
102
RTVSPropertyOp21
 70
     1
102
RTVSPropertyOp22
 70
     1
102
RTVSPropertyOp23
 70
     1
102
RTVSPropertyOp24
 70
     1
102
RTVSPropertyOp25
 70
     1
102
RTVSPropertyOp26
 70
     1
102
RTVSPropertyOp27
 70
     1
102
RTVSPropertyOp28
 70
     1
102
RTVSPropertyOp29
 70
     1
102
RTVSPropertyOp30
 70
     1
102
RTVSPropertyOp31
 70
     1
102
RTVSPropertyOp32
 70
     1
102
RTVSPropertyOp33
 70
     1
102
RTVSPropertyOp34
 70
     1
102
RTVSPropertyOp35
 70
     1
102
RTVSPropertyOp36
 70
     1
102
RTVSPropertyOp37
 70
     1
102
RTVSPropertyOp38
 70
     1
102
RTVSPropertyOp39
 70
     1
102
RTVSPropertyOp40
 70
     1
102
RTVSPropertyOp41
 70
     1
102
RTVSPropertyOp42
 70
     1
102
RTVSPropertyOp43
 70
     1
102
RTVSPropertyOp44
 70
     1
102
RTVSPropertyOp45
 70
     1
102
RTVSPropertyOp46
 70
     1
102
RTVSPropertyOp47
 70
     1
102
RTVSPropertyOp48
 70
     1
102
RTVSPropertyOp49
 70
     1
102
RTVSPropertyOp50
 70
     1
102
RTVSPropertyOp51
 70
     0
102
RTVSPropertyOp52
 70
     0
102
RTVSPropertyOp53
 70
     1
102
RTVSPropertyOp54
 70
     1
102
RTVSPropertyOp55
 70
     1
102
RTVSPropertyOp56
 70
     1
102
RTVSPropertyOp57
 70
     1
102
RTVSPropertyOp58
 70
     1
102
RTVSPropertyOp59
 70
     1
102
RTVSPropertyOp60
 70
     1
102
RTVSPropertyOp61
 70
     1
102
RTVSPropertyOp62
 70
     1
  0
XRECORD
  5
294C
102
{ACAD_REACTORS
330
294B
102
}
330
294B
100
AcDbXrecord
280
     1
102
RTVSPost2010Prop28
280
     0
102
RTVSPost2010PropOp28
 70
     1
102
RTVSPost2010Prop29
280
     1
102
RTVSPost2010PropOp29
 70
     1
102
RTVSPost2010Prop30
280
     1
102
RTVSPost2010PropOp30
 70
     1
102
RTVSPost2010Prop31
280
     0
102
RTVSPost2010PropOp31
 70
     1
102
RTVSPost2010Prop32
280
     0
102
RTVSPost2010PropOp32
 70
     1
102
RTVSPost2010Prop33
280
     0
102
RTVSPost2010PropOp33
 70
     1
102
RTVSPost2010Prop34
280
     0
102
RTVSPost2010PropOp34
 70
     1
102
RTVSPost2010Prop35
280
     0
102
RTVSPost2010PropOp35
 70
     1
102
RTVSPost2010Prop36
280
     0
102
RTVSPost2010PropOp36
 70
     1
102
RTVSPost2010Prop37
 90
       50
102
RTVSPost2010PropOp37
 70
     1
102
RTVSPost2010Prop38
140
0.0
102
RTVSPost2010PropOp38
 70
     1
102
RTVSPost2010Prop39
140
1.0
102
RTVSPost2010PropOp39
 70
     1
102
RTVSPost2010Prop40
 90
        0
102
RTVSPost2010PropOp40
 70
     1
102
RTVSPost2010Prop41ColorIndex
 90
       18
102
RTVSPost2010Prop41ColorRGB
 90
        0
102
RTVSPost2010PropOp41
 70
     1
102
RTVSPost2010Prop42
 90
       50
102
RTVSPost2010PropOp42
 70
     1
102
RTVSPost2010Prop43
 90
        3
102
RTVSPost2010PropOp43
 70
     1
102
RTVSPost2010Prop44ColorIndex
 90
        5
102
RTVSPost2010Prop44ColorRGB
 90
      255
102
RTVSPost2010PropOp44
 70
     1
102
RTVSPost2010Prop45
280
     0
102
RTVSPost2010PropOp45
 70
     1
102
RTVSPost2010Prop46
 90
       50
102
RTVSPost2010PropOp46
 70
     1
102
RTVSPost2010Prop47
 90
       50
102
RTVSPost2010PropOp47
 70
     1
102
RTVSPost2010Prop48
 90
       50
102
RTVSPost2010PropOp48
 70
     1
102
RTVSPost2010Prop49
280
     0
102
RTVSPost2010PropOp49
 70
     1
102
RTVSPost2010Prop50
 90
       50
102
RTVSPost2010PropOp50
 70
     1
102
RTVSPost2010Prop51ColorIndex
 90
      256
102
RTVSPost2010Prop51ColorRGB
 90
-16777216
102
RTVSPost2010PropOp51
 70
     0
102
RTVSPost2010Prop52
140
1.0
102
RTVSPost2010PropOp52
 70
     0
102
RTVSPost2010Prop53
 90
        2
102
RTVSPost2010PropOp53
 70
     1
102
RTVSPost2010Prop54
  1
strokes_ogs.tif
102
RTVSPost2010PropOp54
 70
     1
102
RTVSPost2010Prop55
280
     0
102
RTVSPost2010PropOp55
 70
     1
102
RTVSPost2010Prop56
140
1.0
102
RTVSPost2010PropOp56
 70
     1
102
RTVSPost2010Prop57
140
1.0
102
RTVSPost2010PropOp57
 70
     1
102
RTVSPropertyOp0
 70
     0
102
RTVSPropertyOp1
 70
     0
102
RTVSPropertyOp2
 70
     0
102
RTVSPropertyOp3
 70
     0
102
RTVSPropertyOp4
 70
     0
102
RTVSPropertyOp5
 70
     0
102
RTVSPropertyOp6
 70
     0
102
RTVSPropertyOp7
 70
     0
102
RTVSPropertyOp8
 70
     0
102
RTVSPropertyOp9
 70
     0
102
RTVSPropertyOp10
 70
     0
102
RTVSPropertyOp11
 70
     0
102
RTVSPropertyOp12
 70
     0
102
RTVSPropertyOp13
 70
     0
102
RTVSPropertyOp14
 70
     2
102
RTVSPropertyOp15
 70
     0
102
RTVSPropertyOp16
 70
     0
102
RTVSPropertyOp17
 70
     0
102
RTVSPropertyOp18
 70
     0
102
RTVSPropertyOp19
 70
     0
102
RTVSPropertyOp20
 70
     0
102
RTVSPropertyOp21
 70
     0
102
RTVSPropertyOp22
 70
     0
102
RTVSPropertyOp23
 70
     0
102
RTVSPropertyOp24
 70
     0
102
RTVSPropertyOp25
 70
     0
102
RTVSPropertyOp26
 70
     0
102
RTVSPropertyOp27
 70
     0
102
RTVSPropertyOp28
 70
     1
102
RTVSPropertyOp29
 70
     1
102
RTVSPropertyOp30
 70
     1
102
RTVSPropertyOp31
 70
     1
102
RTVSPropertyOp32
 70
     1
102
RTVSPropertyOp33
 70
     1
102
RTVSPropertyOp34
 70
     1
102
RTVSPropertyOp35
 70
     1
102
RTVSPropertyOp36
 70
     1
102
RTVSPropertyOp37
 70
     1
102
RTVSPropertyOp38
 70
     1
102
RTVSPropertyOp39
 70
     1
102
RTVSPropertyOp40
 70
     1
102
RTVSPropertyOp41
 70
     1
102
RTVSPropertyOp42
 70
     1
102
RTVSPropertyOp43
 70
     1
102
RTVSPropertyOp44
 70
     1
102
RTVSPropertyOp45
 70
     1
102
RTVSPropertyOp46
 70
     1
102
RTVSPropertyOp47
 70
     1
102
RTVSPropertyOp48
 70
     1
102
RTVSPropertyOp49
 70
     1
102
RTVSPropertyOp50
 70
     1
102
RTVSPropertyOp51
 70
     0
102
RTVSPropertyOp52
 70
     0
102
RTVSPropertyOp53
 70
     1
102
RTVSPropertyOp54
 70
     1
102
RTVSPropertyOp55
 70
     1
102
RTVSPropertyOp56
 70
     1
102
RTVSPropertyOp57
 70
     1
102
RTVSPropertyOp58
 70
     1
102
RTVSPropertyOp59
 70
     1
102
RTVSPropertyOp60
 70
     1
102
RTVSPropertyOp61
 70
     1
102
RTVSPropertyOp62
 70
     1
  0
XRECORD
  5
2946
102
{ACAD_REACTORS
330
2945
102
}
330
2945
100
AcDbXrecord
280
     1
102
RTVSPost2010Prop28
280
     0
102
RTVSPost2010PropOp28
 70
     1
102
RTVSPost2010Prop29
280
     1
102
RTVSPost2010PropOp29
 70
     1
102
RTVSPost2010Prop30
280
     1
102
RTVSPost2010PropOp30
 70
     1
102
RTVSPost2010Prop31
280
     0
102
RTVSPost2010PropOp31
 70
     1
102
RTVSPost2010Prop32
280
     0
102
RTVSPost2010PropOp32
 70
     1
102
RTVSPost2010Prop33
280
     0
102
RTVSPost2010PropOp33
 70
     1
102
RTVSPost2010Prop34
280
     0
102
RTVSPost2010PropOp34
 70
     1
102
RTVSPost2010Prop35
280
     0
102
RTVSPost2010PropOp35
 70
     1
102
RTVSPost2010Prop36
280
     0
102
RTVSPost2010PropOp36
 70
     1
102
RTVSPost2010Prop37
 90
       50
102
RTVSPost2010PropOp37
 70
     1
102
RTVSPost2010Prop38
140
0.0
102
RTVSPost2010PropOp38
 70
     1
102
RTVSPost2010Prop39
140
1.0
102
RTVSPost2010PropOp39
 70
     1
102
RTVSPost2010Prop40
 90
        0
102
RTVSPost2010PropOp40
 70
     1
102
RTVSPost2010Prop41ColorIndex
 90
       18
102
RTVSPost2010Prop41ColorRGB
 90
        0
102
RTVSPost2010PropOp41
 70
     1
102
RTVSPost2010Prop42
 90
       50
102
RTVSPost2010PropOp42
 70
     1
102
RTVSPost2010Prop43
 90
        3
102
RTVSPost2010PropOp43
 70
     1
102
RTVSPost2010Prop44ColorIndex
 90
        5
102
RTVSPost2010Prop44ColorRGB
 90
      255
102
RTVSPost2010PropOp44
 70
     1
102
RTVSPost2010Prop45
280
     0
102
RTVSPost2010PropOp45
 70
     1
102
RTVSPost2010Prop46
 90
       50
102
RTVSPost2010PropOp46
 70
     1
102
RTVSPost2010Prop47
 90
       50
102
RTVSPost2010PropOp47
 70
     1
102
RTVSPost2010Prop48
 90
       50
102
RTVSPost2010PropOp48
 70
     1
102
RTVSPost2010Prop49
280
     0
102
RTVSPost2010PropOp49
 70
     1
102
RTVSPost2010Prop50
 90
       50
102
RTVSPost2010PropOp50
 70
     1
102
RTVSPost2010Prop51ColorIndex
 90
      256
102
RTVSPost2010Prop51ColorRGB
 90
-16777216
102
RTVSPost2010PropOp51
 70
     0
102
RTVSPost2010Prop52
140
1.0
102
RTVSPost2010PropOp52
 70
     0
102
RTVSPost2010Prop53
 90
        2
102
RTVSPost2010PropOp53
 70
     1
102
RTVSPost2010Prop54
  1
strokes_ogs.tif
102
RTVSPost2010PropOp54
 70
     1
102
RTVSPost2010Prop55
280
     0
102
RTVSPost2010PropOp55
 70
     1
102
RTVSPost2010Prop56
140
1.0
102
RTVSPost2010PropOp56
 70
     1
102
RTVSPost2010Prop57
140
1.0
102
RTVSPost2010PropOp57
 70
     1
102
RTVSPropertyOp0
 70
     1
102
RTVSPropertyOp1
 70
     1
102
RTVSPropertyOp2
 70
     1
102
RTVSPropertyOp3
 70
     1
102
RTVSPropertyOp4
 70
     1
102
RTVSPropertyOp5
 70
     1
102
RTVSPropertyOp6
 70
     1
102
RTVSPropertyOp7
 70
     1
102
RTVSPropertyOp8
 70
     1
102
RTVSPropertyOp9
 70
     1
102
RTVSPropertyOp10
 70
     1
102
RTVSPropertyOp11
 70
     1
102
RTVSPropertyOp12
 70
     1
102
RTVSPropertyOp13
 70
     1
102
RTVSPropertyOp14
 70
     1
102
RTVSPropertyOp15
 70
     1
102
RTVSPropertyOp16
 70
     1
102
RTVSPropertyOp17
 70
     1
102
RTVSPropertyOp18
 70
     1
102
RTVSPropertyOp19
 70
     1
102
RTVSPropertyOp20
 70
     1
102
RTVSPropertyOp21
 70
     1
102
RTVSPropertyOp22
 70
     1
102
RTVSPropertyOp23
 70
     1
102
RTVSPropertyOp24
 70
     1
102
RTVSPropertyOp25
 70
     1
102
RTVSPropertyOp26
 70
     1
102
RTVSPropertyOp27
 70
     1
102
RTVSPropertyOp28
 70
     1
102
RTVSPropertyOp29
 70
     1
102
RTVSPropertyOp30
 70
     1
102
RTVSPropertyOp31
 70
     1
102
RTVSPropertyOp32
 70
     1
102
RTVSPropertyOp33
 70
     1
102
RTVSPropertyOp34
 70
     1
102
RTVSPropertyOp35
 70
     1
102
RTVSPropertyOp36
 70
     1
102
RTVSPropertyOp37
 70
     1
102
RTVSPropertyOp38
 70
     1
102
RTVSPropertyOp39
 70
     1
102
RTVSPropertyOp40
 70
     1
102
RTVSPropertyOp41
 70
     1
102
RTVSPropertyOp42
 70
     1
102
RTVSPropertyOp43
 70
     1
102
RTVSPropertyOp44
 70
     1
102
RTVSPropertyOp45
 70
     1
102
RTVSPropertyOp46
 70
     1
102
RTVSPropertyOp47
 70
     1
102
RTVSPropertyOp48
 70
     1
102
RTVSPropertyOp49
 70
     1
102
RTVSPropertyOp50
 70
     1
102
RTVSPropertyOp51
 70
     0
102
RTVSPropertyOp52
 70
     0
102
RTVSPropertyOp53
 70
     1
102
RTVSPropertyOp54
 70
     1
102
RTVSPropertyOp55
 70
     1
102
RTVSPropertyOp56
 70
     1
102
RTVSPropertyOp57
 70
     1
102
RTVSPropertyOp58
 70
     1
102
RTVSPropertyOp59
 70
     1
102
RTVSPropertyOp60
 70
     1
102
RTVSPropertyOp61
 70
     1
102
RTVSPropertyOp62
 70
     1
  0
XRECORD
  5
294E
102
{ACAD_REACTORS
330
294D
102
}
330
294D
100
AcDbXrecord
280
     1
102
RTVSPost2010Prop28
280
     0
102
RTVSPost2010PropOp28
 70
     1
102
RTVSPost2010Prop29
280
     1
102
RTVSPost2010PropOp29
 70
     1
102
RTVSPost2010Prop30
280
     1
102
RTVSPost2010PropOp30
 70
     1
102
RTVSPost2010Prop31
280
     0
102
RTVSPost2010PropOp31
 70
     1
102
RTVSPost2010Prop32
280
     0
102
RTVSPost2010PropOp32
 70
     1
102
RTVSPost2010Prop33
280
     0
102
RTVSPost2010PropOp33
 70
     1
102
RTVSPost2010Prop34
280
     0
102
RTVSPost2010PropOp34
 70
     1
102
RTVSPost2010Prop35
280
     0
102
RTVSPost2010PropOp35
 70
     1
102
RTVSPost2010Prop36
280
     0
102
RTVSPost2010PropOp36
 70
     1
102
RTVSPost2010Prop37
 90
       50
102
RTVSPost2010PropOp37
 70
     1
102
RTVSPost2010Prop38
140
0.0
102
RTVSPost2010PropOp38
 70
     1
102
RTVSPost2010Prop39
140
1.0
102
RTVSPost2010PropOp39
 70
     1
102
RTVSPost2010Prop40
 90
        0
102
RTVSPost2010PropOp40
 70
     1
102
RTVSPost2010Prop41ColorIndex
 90
       18
102
RTVSPost2010Prop41ColorRGB
 90
        0
102
RTVSPost2010PropOp41
 70
     1
102
RTVSPost2010Prop42
 90
       50
102
RTVSPost2010PropOp42
 70
     1
102
RTVSPost2010Prop43
 90
        3
102
RTVSPost2010PropOp43
 70
     1
102
RTVSPost2010Prop44ColorIndex
 90
        5
102
RTVSPost2010Prop44ColorRGB
 90
      255
102
RTVSPost2010PropOp44
 70
     1
102
RTVSPost2010Prop45
280
     0
102
RTVSPost2010PropOp45
 70
     1
102
RTVSPost2010Prop46
 90
       50
102
RTVSPost2010PropOp46
 70
     1
102
RTVSPost2010Prop47
 90
       50
102
RTVSPost2010PropOp47
 70
     1
102
RTVSPost2010Prop48
 90
       50
102
RTVSPost2010PropOp48
 70
     1
102
RTVSPost2010Prop49
280
     0
102
RTVSPost2010PropOp49
 70
     1
102
RTVSPost2010Prop50
 90
       50
102
RTVSPost2010PropOp50
 70
     1
102
RTVSPost2010Prop51ColorIndex
 90
      256
102
RTVSPost2010Prop51ColorRGB
 90
-16777216
102
RTVSPost2010PropOp51
 70
     0
102
RTVSPost2010Prop52
140
1.0
102
RTVSPost2010PropOp52
 70
     0
102
RTVSPost2010Prop53
 90
        2
102
RTVSPost2010PropOp53
 70
     1
102
RTVSPost2010Prop54
  1
strokes_ogs.tif
102
RTVSPost2010PropOp54
 70
     1
102
RTVSPost2010Prop55
280
     0
102
RTVSPost2010PropOp55
 70
     1
102
RTVSPost2010Prop56
140
1.0
102
RTVSPost2010PropOp56
 70
     1
102
RTVSPost2010Prop57
140
1.0
102
RTVSPost2010PropOp57
 70
     1
102
RTVSPropertyOp0
 70
     0
102
RTVSPropertyOp1
 70
     0
102
RTVSPropertyOp2
 70
     0
102
RTVSPropertyOp3
 70
     0
102
RTVSPropertyOp4
 70
     0
102
RTVSPropertyOp5
 70
     0
102
RTVSPropertyOp6
 70
     0
102
RTVSPropertyOp7
 70
     0
102
RTVSPropertyOp8
 70
     0
102
RTVSPropertyOp9
 70
     0
102
RTVSPropertyOp10
 70
     0
102
RTVSPropertyOp11
 70
     0
102
RTVSPropertyOp12
 70
     0
102
RTVSPropertyOp13
 70
     0
102
RTVSPropertyOp14
 70
     2
102
RTVSPropertyOp15
 70
     0
102
RTVSPropertyOp16
 70
     0
102
RTVSPropertyOp17
 70
     0
102
RTVSPropertyOp18
 70
     0
102
RTVSPropertyOp19
 70
     0
102
RTVSPropertyOp20
 70
     0
102
RTVSPropertyOp21
 70
     0
102
RTVSPropertyOp22
 70
     0
102
RTVSPropertyOp23
 70
     0
102
RTVSPropertyOp24
 70
     0
102
RTVSPropertyOp25
 70
     0
102
RTVSPropertyOp26
 70
     0
102
RTVSPropertyOp27
 70
     0
102
RTVSPropertyOp28
 70
     1
102
RTVSPropertyOp29
 70
     1
102
RTVSPropertyOp30
 70
     1
102
RTVSPropertyOp31
 70
     1
102
RTVSPropertyOp32
 70
     1
102
RTVSPropertyOp33
 70
     1
102
RTVSPropertyOp34
 70
     1
102
RTVSPropertyOp35
 70
     1
102
RTVSPropertyOp36
 70
     1
102
RTVSPropertyOp37
 70
     1
102
RTVSPropertyOp38
 70
     1
102
RTVSPropertyOp39
 70
     1
102
RTVSPropertyOp40
 70
     1
102
RTVSPropertyOp41
 70
     1
102
RTVSPropertyOp42
 70
     1
102
RTVSPropertyOp43
 70
     1
102
RTVSPropertyOp44
 70
     1
102
RTVSPropertyOp45
 70
     1
102
RTVSPropertyOp46
 70
     1
102
RTVSPropertyOp47
 70
     1
102
RTVSPropertyOp48
 70
     1
102
RTVSPropertyOp49
 70
     1
102
RTVSPropertyOp50
 70
     1
102
RTVSPropertyOp51
 70
     0
102
RTVSPropertyOp52
 70
     0
102
RTVSPropertyOp53
 70
     1
102
RTVSPropertyOp54
 70
     1
102
RTVSPropertyOp55
 70
     1
102
RTVSPropertyOp56
 70
     1
102
RTVSPropertyOp57
 70
     1
102
RTVSPropertyOp58
 70
     1
102
RTVSPropertyOp59
 70
     1
102
RTVSPropertyOp60
 70
     1
102
RTVSPropertyOp61
 70
     1
102
RTVSPropertyOp62
 70
     1
  0
XRECORD
  5
293E
102
{ACAD_REACTORS
330
293D
102
}
330
293D
100
AcDbXrecord
280
     1
102
RTVSPost2010Prop28
280
     0
102
RTVSPost2010PropOp28
 70
     1
102
RTVSPost2010Prop29
280
     1
102
RTVSPost2010PropOp29
 70
     1
102
RTVSPost2010Prop30
280
     1
102
RTVSPost2010PropOp30
 70
     1
102
RTVSPost2010Prop31
280
     0
102
RTVSPost2010PropOp31
 70
     1
102
RTVSPost2010Prop32
280
     0
102
RTVSPost2010PropOp32
 70
     1
102
RTVSPost2010Prop33
280
     0
102
RTVSPost2010PropOp33
 70
     1
102
RTVSPost2010Prop34
280
     0
102
RTVSPost2010PropOp34
 70
     1
102
RTVSPost2010Prop35
280
     0
102
RTVSPost2010PropOp35
 70
     1
102
RTVSPost2010Prop36
280
     0
102
RTVSPost2010PropOp36
 70
     1
102
RTVSPost2010Prop37
 90
       50
102
RTVSPost2010PropOp37
 70
     1
102
RTVSPost2010Prop38
140
0.0
102
RTVSPost2010PropOp38
 70
     1
102
RTVSPost2010Prop39
140
1.0
102
RTVSPost2010PropOp39
 70
     1
102
RTVSPost2010Prop40
 90
        0
102
RTVSPost2010PropOp40
 70
     1
102
RTVSPost2010Prop41ColorIndex
 90
       18
102
RTVSPost2010Prop41ColorRGB
 90
        0
102
RTVSPost2010PropOp41
 70
     1
102
RTVSPost2010Prop42
 90
       50
102
RTVSPost2010PropOp42
 70
     1
102
RTVSPost2010Prop43
 90
        3
102
RTVSPost2010PropOp43
 70
     1
102
RTVSPost2010Prop44ColorIndex
 90
        5
102
RTVSPost2010Prop44ColorRGB
 90
      255
102
RTVSPost2010PropOp44
 70
     1
102
RTVSPost2010Prop45
280
     0
102
RTVSPost2010PropOp45
 70
     1
102
RTVSPost2010Prop46
 90
       50
102
RTVSPost2010PropOp46
 70
     1
102
RTVSPost2010Prop47
 90
       50
102
RTVSPost2010PropOp47
 70
     1
102
RTVSPost2010Prop48
 90
       50
102
RTVSPost2010PropOp48
 70
     1
102
RTVSPost2010Prop49
280
     0
102
RTVSPost2010PropOp49
 70
     1
102
RTVSPost2010Prop50
 90
       50
102
RTVSPost2010PropOp50
 70
     1
102
RTVSPost2010Prop51ColorIndex
 90
      256
102
RTVSPost2010Prop51ColorRGB
 90
-16777216
102
RTVSPost2010PropOp51
 70
     0
102
RTVSPost2010Prop52
140
1.0
102
RTVSPost2010PropOp52
 70
     0
102
RTVSPost2010Prop53
 90
        2
102
RTVSPost2010PropOp53
 70
     1
102
RTVSPost2010Prop54
  1
strokes_ogs.tif
102
RTVSPost2010PropOp54
 70
     1
102
RTVSPost2010Prop55
280
     0
102
RTVSPost2010PropOp55
 70
     1
102
RTVSPost2010Prop56
140
1.0
102
RTVSPost2010PropOp56
 70
     1
102
RTVSPost2010Prop57
140
1.0
102
RTVSPost2010PropOp57
 70
     1
102
RTVSPropertyOp0
 70
     1
102
RTVSPropertyOp1
 70
     1
102
RTVSPropertyOp2
 70
     1
102
RTVSPropertyOp3
 70
     1
102
RTVSPropertyOp4
 70
     1
102
RTVSPropertyOp5
 70
     1
102
RTVSPropertyOp6
 70
     1
102
RTVSPropertyOp7
 70
     1
102
RTVSPropertyOp8
 70
     1
102
RTVSPropertyOp9
 70
     1
102
RTVSPropertyOp10
 70
     1
102
RTVSPropertyOp11
 70
     1
102
RTVSPropertyOp12
 70
     1
102
RTVSPropertyOp13
 70
     1
102
RTVSPropertyOp14
 70
     1
102
RTVSPropertyOp15
 70
     1
102
RTVSPropertyOp16
 70
     1
102
RTVSPropertyOp17
 70
     1
102
RTVSPropertyOp18
 70
     1
102
RTVSPropertyOp19
 70
     1
102
RTVSPropertyOp20
 70
     1
102
RTVSPropertyOp21
 70
     1
102
RTVSPropertyOp22
 70
     1
102
RTVSPropertyOp23
 70
     1
102
RTVSPropertyOp24
 70
     1
102
RTVSPropertyOp25
 70
     1
102
RTVSPropertyOp26
 70
     1
102
RTVSPropertyOp27
 70
     1
102
RTVSPropertyOp28
 70
     1
102
RTVSPropertyOp29
 70
     1
102
RTVSPropertyOp30
 70
     1
102
RTVSPropertyOp31
 70
     1
102
RTVSPropertyOp32
 70
     1
102
RTVSPropertyOp33
 70
     1
102
RTVSPropertyOp34
 70
     1
102
RTVSPropertyOp35
 70
     1
102
RTVSPropertyOp36
 70
     1
102
RTVSPropertyOp37
 70
     1
102
RTVSPropertyOp38
 70
     1
102
RTVSPropertyOp39
 70
     1
102
RTVSPropertyOp40
 70
     1
102
RTVSPropertyOp41
 70
     1
102
RTVSPropertyOp42
 70
     1
102
RTVSPropertyOp43
 70
     1
102
RTVSPropertyOp44
 70
     1
102
RTVSPropertyOp45
 70
     1
102
RTVSPropertyOp46
 70
     1
102
RTVSPropertyOp47
 70
     1
102
RTVSPropertyOp48
 70
     1
102
RTVSPropertyOp49
 70
     1
102
RTVSPropertyOp50
 70
     1
102
RTVSPropertyOp51
 70
     0
102
RTVSPropertyOp52
 70
     0
102
RTVSPropertyOp53
 70
     1
102
RTVSPropertyOp54
 70
     1
102
RTVSPropertyOp55
 70
     1
102
RTVSPropertyOp56
 70
     1
102
RTVSPropertyOp57
 70
     1
102
RTVSPropertyOp58
 70
     1
102
RTVSPropertyOp59
 70
     1
102
RTVSPropertyOp60
 70
     1
102
RTVSPropertyOp61
 70
     1
102
RTVSPropertyOp62
 70
     1
  0
XRECORD
  5
295E
102
{ACAD_REACTORS
330
295D
102
}
330
295D
100
AcDbXrecord
280
     1
102
RTVSPost2010Prop28
280
     0
102
RTVSPost2010PropOp28
 70
     1
102
RTVSPost2010Prop29
280
     1
102
RTVSPost2010PropOp29
 70
     1
102
RTVSPost2010Prop30
280
     1
102
RTVSPost2010PropOp30
 70
     1
102
RTVSPost2010Prop31
280
     0
102
RTVSPost2010PropOp31
 70
     1
102
RTVSPost2010Prop32
280
     0
102
RTVSPost2010PropOp32
 70
     1
102
RTVSPost2010Prop33
280
     0
102
RTVSPost2010PropOp33
 70
     1
102
RTVSPost2010Prop34
280
     0
102
RTVSPost2010PropOp34
 70
     1
102
RTVSPost2010Prop35
280
     0
102
RTVSPost2010PropOp35
 70
     1
102
RTVSPost2010Prop36
280
     0
102
RTVSPost2010PropOp36
 70
     1
102
RTVSPost2010Prop37
 90
       50
102
RTVSPost2010PropOp37
 70
     1
102
RTVSPost2010Prop38
140
0.0
102
RTVSPost2010PropOp38
 70
     1
102
RTVSPost2010Prop39
140
1.0
102
RTVSPost2010PropOp39
 70
     1
102
RTVSPost2010Prop40
 90
        0
102
RTVSPost2010PropOp40
 70
     1
102
RTVSPost2010Prop41ColorIndex
 90
       18
102
RTVSPost2010Prop41ColorRGB
 90
        0
102
RTVSPost2010PropOp41
 70
     1
102
RTVSPost2010Prop42
 90
       50
102
RTVSPost2010PropOp42
 70
     1
102
RTVSPost2010Prop43
 90
        3
102
RTVSPost2010PropOp43
 70
     1
102
RTVSPost2010Prop44ColorIndex
 90
        5
102
RTVSPost2010Prop44ColorRGB
 90
      255
102
RTVSPost2010PropOp44
 70
     1
102
RTVSPost2010Prop45
280
     0
102
RTVSPost2010PropOp45
 70
     1
102
RTVSPost2010Prop46
 90
       50
102
RTVSPost2010PropOp46
 70
     1
102
RTVSPost2010Prop47
 90
       50
102
RTVSPost2010PropOp47
 70
     1
102
RTVSPost2010Prop48
 90
       50
102
RTVSPost2010PropOp48
 70
     1
102
RTVSPost2010Prop49
280
     0
102
RTVSPost2010PropOp49
 70
     1
102
RTVSPost2010Prop50
 90
       50
102
RTVSPost2010PropOp50
 70
     1
102
RTVSPost2010Prop51ColorIndex
 90
      256
102
RTVSPost2010Prop51ColorRGB
 90
-16777216
102
RTVSPost2010PropOp51
 70
     0
102
RTVSPost2010Prop52
140
1.0
102
RTVSPost2010PropOp52
 70
     0
102
RTVSPost2010Prop53
 90
        2
102
RTVSPost2010PropOp53
 70
     1
102
RTVSPost2010Prop54
  1
strokes_ogs.tif
102
RTVSPost2010PropOp54
 70
     1
102
RTVSPost2010Prop55
280
     0
102
RTVSPost2010PropOp55
 70
     1
102
RTVSPost2010Prop56
140
1.0
102
RTVSPost2010PropOp56
 70
     1
102
RTVSPost2010Prop57
140
1.0
102
RTVSPost2010PropOp57
 70
     1
102
RTVSPropertyOp0
 70
     1
102
RTVSPropertyOp1
 70
     1
102
RTVSPropertyOp2
 70
     1
102
RTVSPropertyOp3
 70
     1
102
RTVSPropertyOp4
 70
     1
102
RTVSPropertyOp5
 70
     1
102
RTVSPropertyOp6
 70
     1
102
RTVSPropertyOp7
 70
     1
102
RTVSPropertyOp8
 70
     1
102
RTVSPropertyOp9
 70
     1
102
RTVSPropertyOp10
 70
     1
102
RTVSPropertyOp11
 70
     1
102
RTVSPropertyOp12
 70
     1
102
RTVSPropertyOp13
 70
     1
102
RTVSPropertyOp14
 70
     1
102
RTVSPropertyOp15
 70
     1
102
RTVSPropertyOp16
 70
     1
102
RTVSPropertyOp17
 70
     1
102
RTVSPropertyOp18
 70
     1
102
RTVSPropertyOp19
 70
     1
102
RTVSPropertyOp20
 70
     1
102
RTVSPropertyOp21
 70
     1
102
RTVSPropertyOp22
 70
     1
102
RTVSPropertyOp23
 70
     1
102
RTVSPropertyOp24
 70
     1
102
RTVSPropertyOp25
 70
     1
102
RTVSPropertyOp26
 70
     1
102
RTVSPropertyOp27
 70
     1
102
RTVSPropertyOp28
 70
     1
102
RTVSPropertyOp29
 70
     1
102
RTVSPropertyOp30
 70
     1
102
RTVSPropertyOp31
 70
     1
102
RTVSPropertyOp32
 70
     1
102
RTVSPropertyOp33
 70
     1
102
RTVSPropertyOp34
 70
     1
102
RTVSPropertyOp35
 70
     1
102
RTVSPropertyOp36
 70
     1
102
RTVSPropertyOp37
 70
     1
102
RTVSPropertyOp38
 70
     1
102
RTVSPropertyOp39
 70
     1
102
RTVSPropertyOp40
 70
     1
102
RTVSPropertyOp41
 70
     1
102
RTVSPropertyOp42
 70
     1
102
RTVSPropertyOp43
 70
     1
102
RTVSPropertyOp44
 70
     1
102
RTVSPropertyOp45
 70
     1
102
RTVSPropertyOp46
 70
     1
102
RTVSPropertyOp47
 70
     1
102
RTVSPropertyOp48
 70
     1
102
RTVSPropertyOp49
 70
     1
102
RTVSPropertyOp50
 70
     1
102
RTVSPropertyOp51
 70
     0
102
RTVSPropertyOp52
 70
     0
102
RTVSPropertyOp53
 70
     1
102
RTVSPropertyOp54
 70
     1
102
RTVSPropertyOp55
 70
     1
102
RTVSPropertyOp56
 70
     1
102
RTVSPropertyOp57
 70
     1
102
RTVSPropertyOp58
 70
     1
102
RTVSPropertyOp59
 70
     1
102
RTVSPropertyOp60
 70
     1
102
RTVSPropertyOp61
 70
     1
102
RTVSPropertyOp62
 70
     1
  0
XRECORD
  5
295C
102
{ACAD_REACTORS
330
295B
102
}
330
295B
100
AcDbXrecord
280
     1
102
RTVSPost2010Prop28
280
     0
102
RTVSPost2010PropOp28
 70
     1
102
RTVSPost2010Prop29
280
     1
102
RTVSPost2010PropOp29
 70
     1
102
RTVSPost2010Prop30
280
     1
102
RTVSPost2010PropOp30
 70
     1
102
RTVSPost2010Prop31
280
     0
102
RTVSPost2010PropOp31
 70
     1
102
RTVSPost2010Prop32
280
     0
102
RTVSPost2010PropOp32
 70
     1
102
RTVSPost2010Prop33
280
     0
102
RTVSPost2010PropOp33
 70
     1
102
RTVSPost2010Prop34
280
     0
102
RTVSPost2010PropOp34
 70
     1
102
RTVSPost2010Prop35
280
     0
102
RTVSPost2010PropOp35
 70
     1
102
RTVSPost2010Prop36
280
     0
102
RTVSPost2010PropOp36
 70
     1
102
RTVSPost2010Prop37
 90
       50
102
RTVSPost2010PropOp37
 70
     1
102
RTVSPost2010Prop38
140
0.0
102
RTVSPost2010PropOp38
 70
     1
102
RTVSPost2010Prop39
140
1.0
102
RTVSPost2010PropOp39
 70
     1
102
RTVSPost2010Prop40
 90
        0
102
RTVSPost2010PropOp40
 70
     1
102
RTVSPost2010Prop41ColorIndex
 90
       18
102
RTVSPost2010Prop41ColorRGB
 90
        0
102
RTVSPost2010PropOp41
 70
     1
102
RTVSPost2010Prop42
 90
       50
102
RTVSPost2010PropOp42
 70
     1
102
RTVSPost2010Prop43
 90
        3
102
RTVSPost2010PropOp43
 70
     1
102
RTVSPost2010Prop44ColorIndex
 90
        5
102
RTVSPost2010Prop44ColorRGB
 90
      255
102
RTVSPost2010PropOp44
 70
     1
102
RTVSPost2010Prop45
280
     0
102
RTVSPost2010PropOp45
 70
     1
102
RTVSPost2010Prop46
 90
       50
102
RTVSPost2010PropOp46
 70
     1
102
RTVSPost2010Prop47
 90
       50
102
RTVSPost2010PropOp47
 70
     1
102
RTVSPost2010Prop48
 90
       50
102
RTVSPost2010PropOp48
 70
     1
102
RTVSPost2010Prop49
280
     0
102
RTVSPost2010PropOp49
 70
     1
102
RTVSPost2010Prop50
 90
       50
102
RTVSPost2010PropOp50
 70
     1
102
RTVSPost2010Prop51ColorIndex
 90
      256
102
RTVSPost2010Prop51ColorRGB
 90
-16777216
102
RTVSPost2010PropOp51
 70
     0
102
RTVSPost2010Prop52
140
1.0
102
RTVSPost2010PropOp52
 70
     0
102
RTVSPost2010Prop53
 90
        2
102
RTVSPost2010PropOp53
 70
     1
102
RTVSPost2010Prop54
  1
strokes_ogs.tif
102
RTVSPost2010PropOp54
 70
     1
102
RTVSPost2010Prop55
280
     0
102
RTVSPost2010PropOp55
 70
     1
102
RTVSPost2010Prop56
140
1.0
102
RTVSPost2010PropOp56
 70
     1
102
RTVSPost2010Prop57
140
1.0
102
RTVSPost2010PropOp57
 70
     1
102
RTVSPropertyOp0
 70
     1
102
RTVSPropertyOp1
 70
     1
102
RTVSPropertyOp2
 70
     1
102
RTVSPropertyOp3
 70
     1
102
RTVSPropertyOp4
 70
     1
102
RTVSPropertyOp5
 70
     1
102
RTVSPropertyOp6
 70
     1
102
RTVSPropertyOp7
 70
     1
102
RTVSPropertyOp8
 70
     1
102
RTVSPropertyOp9
 70
     1
102
RTVSPropertyOp10
 70
     1
102
RTVSPropertyOp11
 70
     1
102
RTVSPropertyOp12
 70
     1
102
RTVSPropertyOp13
 70
     1
102
RTVSPropertyOp14
 70
     1
102
RTVSPropertyOp15
 70
     1
102
RTVSPropertyOp16
 70
     1
102
RTVSPropertyOp17
 70
     1
102
RTVSPropertyOp18
 70
     1
102
RTVSPropertyOp19
 70
     1
102
RTVSPropertyOp20
 70
     1
102
RTVSPropertyOp21
 70
     1
102
RTVSPropertyOp22
 70
     1
102
RTVSPropertyOp23
 70
     1
102
RTVSPropertyOp24
 70
     1
102
RTVSPropertyOp25
 70
     1
102
RTVSPropertyOp26
 70
     1
102
RTVSPropertyOp27
 70
     1
102
RTVSPropertyOp28
 70
     1
102
RTVSPropertyOp29
 70
     1
102
RTVSPropertyOp30
 70
     1
102
RTVSPropertyOp31
 70
     1
102
RTVSPropertyOp32
 70
     1
102
RTVSPropertyOp33
 70
     1
102
RTVSPropertyOp34
 70
     1
102
RTVSPropertyOp35
 70
     1
102
RTVSPropertyOp36
 70
     1
102
RTVSPropertyOp37
 70
     1
102
RTVSPropertyOp38
 70
     1
102
RTVSPropertyOp39
 70
     1
102
RTVSPropertyOp40
 70
     1
102
RTVSPropertyOp41
 70
     1
102
RTVSPropertyOp42
 70
     1
102
RTVSPropertyOp43
 70
     1
102
RTVSPropertyOp44
 70
     1
102
RTVSPropertyOp45
 70
     1
102
RTVSPropertyOp46
 70
     1
102
RTVSPropertyOp47
 70
     1
102
RTVSPropertyOp48
 70
     1
102
RTVSPropertyOp49
 70
     1
102
RTVSPropertyOp50
 70
     1
102
RTVSPropertyOp51
 70
     0
102
RTVSPropertyOp52
 70
     0
102
RTVSPropertyOp53
 70
     1
102
RTVSPropertyOp54
 70
     1
102
RTVSPropertyOp55
 70
     1
102
RTVSPropertyOp56
 70
     1
102
RTVSPropertyOp57
 70
     1
102
RTVSPropertyOp58
 70
     1
102
RTVSPropertyOp59
 70
     1
102
RTVSPropertyOp60
 70
     1
102
RTVSPropertyOp61
 70
     1
102
RTVSPropertyOp62
 70
     1
  0
XRECORD
  5
2956
102
{ACAD_REACTORS
330
2955
102
}
330
2955
100
AcDbXrecord
280
     1
102
RTVSPost2010Prop28
280
     0
102
RTVSPost2010PropOp28
 70
     1
102
RTVSPost2010Prop29
280
     1
102
RTVSPost2010PropOp29
 70
     1
102
RTVSPost2010Prop30
280
     1
102
RTVSPost2010PropOp30
 70
     1
102
RTVSPost2010Prop31
280
     0
102
RTVSPost2010PropOp31
 70
     1
102
RTVSPost2010Prop32
280
     0
102
RTVSPost2010PropOp32
 70
     1
102
RTVSPost2010Prop33
280
     0
102
RTVSPost2010PropOp33
 70
     1
102
RTVSPost2010Prop34
280
     0
102
RTVSPost2010PropOp34
 70
     1
102
RTVSPost2010Prop35
280
     0
102
RTVSPost2010PropOp35
 70
     1
102
RTVSPost2010Prop36
280
     0
102
RTVSPost2010PropOp36
 70
     1
102
RTVSPost2010Prop37
 90
       50
102
RTVSPost2010PropOp37
 70
     1
102
RTVSPost2010Prop38
140
0.0
102
RTVSPost2010PropOp38
 70
     1
102
RTVSPost2010Prop39
140
1.0
102
RTVSPost2010PropOp39
 70
     1
102
RTVSPost2010Prop40
 90
        0
102
RTVSPost2010PropOp40
 70
     1
102
RTVSPost2010Prop41ColorIndex
 90
       18
102
RTVSPost2010Prop41ColorRGB
 90
        0
102
RTVSPost2010PropOp41
 70
     1
102
RTVSPost2010Prop42
 90
       50
102
RTVSPost2010PropOp42
 70
     1
102
RTVSPost2010Prop43
 90
        3
102
RTVSPost2010PropOp43
 70
     1
102
RTVSPost2010Prop44ColorIndex
 90
        5
102
RTVSPost2010Prop44ColorRGB
 90
      255
102
RTVSPost2010PropOp44
 70
     1
102
RTVSPost2010Prop45
280
     0
102
RTVSPost2010PropOp45
 70
     1
102
RTVSPost2010Prop46
 90
       50
102
RTVSPost2010PropOp46
 70
     1
102
RTVSPost2010Prop47
 90
       50
102
RTVSPost2010PropOp47
 70
     1
102
RTVSPost2010Prop48
 90
       50
102
RTVSPost2010PropOp48
 70
     1
102
RTVSPost2010Prop49
280
     0
102
RTVSPost2010PropOp49
 70
     1
102
RTVSPost2010Prop50
 90
       50
102
RTVSPost2010PropOp50
 70
     1
102
RTVSPost2010Prop51ColorIndex
 90
      256
102
RTVSPost2010Prop51ColorRGB
 90
-16777216
102
RTVSPost2010PropOp51
 70
     0
102
RTVSPost2010Prop52
140
1.0
102
RTVSPost2010PropOp52
 70
     0
102
RTVSPost2010Prop53
 90
        2
102
RTVSPost2010PropOp53
 70
     1
102
RTVSPost2010Prop54
  1
strokes_ogs.tif
102
RTVSPost2010PropOp54
 70
     1
102
RTVSPost2010Prop55
280
     0
102
RTVSPost2010PropOp55
 70
     1
102
RTVSPost2010Prop56
140
1.0
102
RTVSPost2010PropOp56
 70
     1
102
RTVSPost2010Prop57
140
1.0
102
RTVSPost2010PropOp57
 70
     1
102
RTVSPropertyOp0
 70
     1
102
RTVSPropertyOp1
 70
     1
102
RTVSPropertyOp2
 70
     1
102
RTVSPropertyOp3
 70
     1
102
RTVSPropertyOp4
 70
     1
102
RTVSPropertyOp5
 70
     1
102
RTVSPropertyOp6
 70
     1
102
RTVSPropertyOp7
 70
     1
102
RTVSPropertyOp8
 70
     1
102
RTVSPropertyOp9
 70
     1
102
RTVSPropertyOp10
 70
     1
102
RTVSPropertyOp11
 70
     1
102
RTVSPropertyOp12
 70
     1
102
RTVSPropertyOp13
 70
     1
102
RTVSPropertyOp14
 70
     1
102
RTVSPropertyOp15
 70
     1
102
RTVSPropertyOp16
 70
     1
102
RTVSPropertyOp17
 70
     1
102
RTVSPropertyOp18
 70
     1
102
RTVSPropertyOp19
 70
     1
102
RTVSPropertyOp20
 70
     1
102
RTVSPropertyOp21
 70
     1
102
RTVSPropertyOp22
 70
     1
102
RTVSPropertyOp23
 70
     1
102
RTVSPropertyOp24
 70
     1
102
RTVSPropertyOp25
 70
     1
102
RTVSPropertyOp26
 70
     1
102
RTVSPropertyOp27
 70
     1
102
RTVSPropertyOp28
 70
     1
102
RTVSPropertyOp29
 70
     1
102
RTVSPropertyOp30
 70
     1
102
RTVSPropertyOp31
 70
     1
102
RTVSPropertyOp32
 70
     1
102
RTVSPropertyOp33
 70
     1
102
RTVSPropertyOp34
 70
     1
102
RTVSPropertyOp35
 70
     1
102
RTVSPropertyOp36
 70
     1
102
RTVSPropertyOp37
 70
     1
102
RTVSPropertyOp38
 70
     1
102
RTVSPropertyOp39
 70
     1
102
RTVSPropertyOp40
 70
     1
102
RTVSPropertyOp41
 70
     1
102
RTVSPropertyOp42
 70
     1
102
RTVSPropertyOp43
 70
     1
102
RTVSPropertyOp44
 70
     1
102
RTVSPropertyOp45
 70
     1
102
RTVSPropertyOp46
 70
     1
102
RTVSPropertyOp47
 70
     1
102
RTVSPropertyOp48
 70
     1
102
RTVSPropertyOp49
 70
     1
102
RTVSPropertyOp50
 70
     1
102
RTVSPropertyOp51
 70
     0
102
RTVSPropertyOp52
 70
     0
102
RTVSPropertyOp53
 70
     1
102
RTVSPropertyOp54
 70
     1
102
RTVSPropertyOp55
 70
     1
102
RTVSPropertyOp56
 70
     1
102
RTVSPropertyOp57
 70
     1
102
RTVSPropertyOp58
 70
     1
102
RTVSPropertyOp59
 70
     1
102
RTVSPropertyOp60
 70
     1
102
RTVSPropertyOp61
 70
     1
102
RTVSPropertyOp62
 70
     1
  0
XRECORD
  5
2958
102
{ACAD_REACTORS
330
2957
102
}
330
2957
100
AcDbXrecord
280
     1
102
RTVSPost2010Prop28
280
     0
102
RTVSPost2010PropOp28
 70
     1
102
RTVSPost2010Prop29
280
     1
102
RTVSPost2010PropOp29
 70
     1
102
RTVSPost2010Prop30
280
     1
102
RTVSPost2010PropOp30
 70
     1
102
RTVSPost2010Prop31
280
     0
102
RTVSPost2010PropOp31
 70
     1
102
RTVSPost2010Prop32
280
     0
102
RTVSPost2010PropOp32
 70
     1
102
RTVSPost2010Prop33
280
     0
102
RTVSPost2010PropOp33
 70
     1
102
RTVSPost2010Prop34
280
     0
102
RTVSPost2010PropOp34
 70
     1
102
RTVSPost2010Prop35
280
     0
102
RTVSPost2010PropOp35
 70
     1
102
RTVSPost2010Prop36
280
     0
102
RTVSPost2010PropOp36
 70
     1
102
RTVSPost2010Prop37
 90
       50
102
RTVSPost2010PropOp37
 70
     1
102
RTVSPost2010Prop38
140
0.0
102
RTVSPost2010PropOp38
 70
     1
102
RTVSPost2010Prop39
140
1.0
102
RTVSPost2010PropOp39
 70
     1
102
RTVSPost2010Prop40
 90
        0
102
RTVSPost2010PropOp40
 70
     1
102
RTVSPost2010Prop41ColorIndex
 90
       18
102
RTVSPost2010Prop41ColorRGB
 90
        0
102
RTVSPost2010PropOp41
 70
     1
102
RTVSPost2010Prop42
 90
       50
102
RTVSPost2010PropOp42
 70
     1
102
RTVSPost2010Prop43
 90
        3
102
RTVSPost2010PropOp43
 70
     1
102
RTVSPost2010Prop44ColorIndex
 90
        5
102
RTVSPost2010Prop44ColorRGB
 90
      255
102
RTVSPost2010PropOp44
 70
     1
102
RTVSPost2010Prop45
280
     0
102
RTVSPost2010PropOp45
 70
     1
102
RTVSPost2010Prop46
 90
       50
102
RTVSPost2010PropOp46
 70
     1
102
RTVSPost2010Prop47
 90
       50
102
RTVSPost2010PropOp47
 70
     1
102
RTVSPost2010Prop48
 90
       50
102
RTVSPost2010PropOp48
 70
     1
102
RTVSPost2010Prop49
280
     0
102
RTVSPost2010PropOp49
 70
     1
102
RTVSPost2010Prop50
 90
       50
102
RTVSPost2010PropOp50
 70
     1
102
RTVSPost2010Prop51ColorIndex
 90
      256
102
RTVSPost2010Prop51ColorRGB
 90
-16777216
102
RTVSPost2010PropOp51
 70
     0
102
RTVSPost2010Prop52
140
1.0
102
RTVSPost2010PropOp52
 70
     0
102
RTVSPost2010Prop53
 90
        2
102
RTVSPost2010PropOp53
 70
     1
102
RTVSPost2010Prop54
  1
strokes_ogs.tif
102
RTVSPost2010PropOp54
 70
     1
102
RTVSPost2010Prop55
280
     0
102
RTVSPost2010PropOp55
 70
     1
102
RTVSPost2010Prop56
140
1.0
102
RTVSPost2010PropOp56
 70
     1
102
RTVSPost2010Prop57
140
1.0
102
RTVSPost2010PropOp57
 70
     1
102
RTVSPropertyOp0
 70
     1
102
RTVSPropertyOp1
 70
     1
102
RTVSPropertyOp2
 70
     1
102
RTVSPropertyOp3
 70
     1
102
RTVSPropertyOp4
 70
     1
102
RTVSPropertyOp5
 70
     1
102
RTVSPropertyOp6
 70
     1
102
RTVSPropertyOp7
 70
     1
102
RTVSPropertyOp8
 70
     1
102
RTVSPropertyOp9
 70
     1
102
RTVSPropertyOp10
 70
     1
102
RTVSPropertyOp11
 70
     1
102
RTVSPropertyOp12
 70
     1
102
RTVSPropertyOp13
 70
     1
102
RTVSPropertyOp14
 70
     1
102
RTVSPropertyOp15
 70
     1
102
RTVSPropertyOp16
 70
     1
102
RTVSPropertyOp17
 70
     1
102
RTVSPropertyOp18
 70
     1
102
RTVSPropertyOp19
 70
     1
102
RTVSPropertyOp20
 70
     1
102
RTVSPropertyOp21
 70
     1
102
RTVSPropertyOp22
 70
     1
102
RTVSPropertyOp23
 70
     1
102
RTVSPropertyOp24
 70
     1
102
RTVSPropertyOp25
 70
     1
102
RTVSPropertyOp26
 70
     1
102
RTVSPropertyOp27
 70
     1
102
RTVSPropertyOp28
 70
     1
102
RTVSPropertyOp29
 70
     1
102
RTVSPropertyOp30
 70
     1
102
RTVSPropertyOp31
 70
     1
102
RTVSPropertyOp32
 70
     1
102
RTVSPropertyOp33
 70
     1
102
RTVSPropertyOp34
 70
     1
102
RTVSPropertyOp35
 70
     1
102
RTVSPropertyOp36
 70
     1
102
RTVSPropertyOp37
 70
     1
102
RTVSPropertyOp38
 70
     1
102
RTVSPropertyOp39
 70
     1
102
RTVSPropertyOp40
 70
     1
102
RTVSPropertyOp41
 70
     1
102
RTVSPropertyOp42
 70
     1
102
RTVSPropertyOp43
 70
     1
102
RTVSPropertyOp44
 70
     1
102
RTVSPropertyOp45
 70
     1
102
RTVSPropertyOp46
 70
     1
102
RTVSPropertyOp47
 70
     1
102
RTVSPropertyOp48
 70
     1
102
RTVSPropertyOp49
 70
     1
102
RTVSPropertyOp50
 70
     1
102
RTVSPropertyOp51
 70
     0
102
RTVSPropertyOp52
 70
     0
102
RTVSPropertyOp53
 70
     1
102
RTVSPropertyOp54
 70
     1
102
RTVSPropertyOp55
 70
     1
102
RTVSPropertyOp56
 70
     1
102
RTVSPropertyOp57
 70
     1
102
RTVSPropertyOp58
 70
     1
102
RTVSPropertyOp59
 70
     1
102
RTVSPropertyOp60
 70
     1
102
RTVSPropertyOp61
 70
     1
102
RTVSPropertyOp62
 70
     1
  0
XRECORD
  5
2944
102
{ACAD_REACTORS
330
2943
102
}
330
2943
100
AcDbXrecord
280
     1
102
RTVSPost2010Prop28
280
     0
102
RTVSPost2010PropOp28
 70
     1
102
RTVSPost2010Prop29
280
     1
102
RTVSPost2010PropOp29
 70
     1
102
RTVSPost2010Prop30
280
     1
102
RTVSPost2010PropOp30
 70
     1
102
RTVSPost2010Prop31
280
     0
102
RTVSPost2010PropOp31
 70
     1
102
RTVSPost2010Prop32
280
     0
102
RTVSPost2010PropOp32
 70
     1
102
RTVSPost2010Prop33
280
     0
102
RTVSPost2010PropOp33
 70
     1
102
RTVSPost2010Prop34
280
     0
102
RTVSPost2010PropOp34
 70
     1
102
RTVSPost2010Prop35
280
     0
102
RTVSPost2010PropOp35
 70
     1
102
RTVSPost2010Prop36
280
     0
102
RTVSPost2010PropOp36
 70
     1
102
RTVSPost2010Prop37
 90
       50
102
RTVSPost2010PropOp37
 70
     1
102
RTVSPost2010Prop38
140
0.0
102
RTVSPost2010PropOp38
 70
     1
102
RTVSPost2010Prop39
140
1.0
102
RTVSPost2010PropOp39
 70
     1
102
RTVSPost2010Prop40
 90
        0
102
RTVSPost2010PropOp40
 70
     1
102
RTVSPost2010Prop41ColorIndex
 90
       18
102
RTVSPost2010Prop41ColorRGB
 90
        0
102
RTVSPost2010PropOp41
 70
     1
102
RTVSPost2010Prop42
 90
       50
102
RTVSPost2010PropOp42
 70
     1
102
RTVSPost2010Prop43
 90
        3
102
RTVSPost2010PropOp43
 70
     1
102
RTVSPost2010Prop44ColorIndex
 90
        5
102
RTVSPost2010Prop44ColorRGB
 90
      255
102
RTVSPost2010PropOp44
 70
     1
102
RTVSPost2010Prop45
280
     0
102
RTVSPost2010PropOp45
 70
     1
102
RTVSPost2010Prop46
 90
       50
102
RTVSPost2010PropOp46
 70
     1
102
RTVSPost2010Prop47
 90
       50
102
RTVSPost2010PropOp47
 70
     1
102
RTVSPost2010Prop48
 90
       50
102
RTVSPost2010PropOp48
 70
     1
102
RTVSPost2010Prop49
280
     0
102
RTVSPost2010PropOp49
 70
     1
102
RTVSPost2010Prop50
 90
       50
102
RTVSPost2010PropOp50
 70
     1
102
RTVSPost2010Prop51ColorIndex
 90
      256
102
RTVSPost2010Prop51ColorRGB
 90
-16777216
102
RTVSPost2010PropOp51
 70
     0
102
RTVSPost2010Prop52
140
1.0
102
RTVSPost2010PropOp52
 70
     0
102
RTVSPost2010Prop53
 90
        2
102
RTVSPost2010PropOp53
 70
     1
102
RTVSPost2010Prop54
  1
strokes_ogs.tif
102
RTVSPost2010PropOp54
 70
     1
102
RTVSPost2010Prop55
280
     0
102
RTVSPost2010PropOp55
 70
     1
102
RTVSPost2010Prop56
140
1.0
102
RTVSPost2010PropOp56
 70
     1
102
RTVSPost2010Prop57
140
1.0
102
RTVSPost2010PropOp57
 70
     1
102
RTVSPropertyOp0
 70
     1
102
RTVSPropertyOp1
 70
     1
102
RTVSPropertyOp2
 70
     1
102
RTVSPropertyOp3
 70
     1
102
RTVSPropertyOp4
 70
     1
102
RTVSPropertyOp5
 70
     1
102
RTVSPropertyOp6
 70
     1
102
RTVSPropertyOp7
 70
     1
102
RTVSPropertyOp8
 70
     1
102
RTVSPropertyOp9
 70
     1
102
RTVSPropertyOp10
 70
     1
102
RTVSPropertyOp11
 70
     1
102
RTVSPropertyOp12
 70
     1
102
RTVSPropertyOp13
 70
     1
102
RTVSPropertyOp14
 70
     1
102
RTVSPropertyOp15
 70
     1
102
RTVSPropertyOp16
 70
     1
102
RTVSPropertyOp17
 70
     1
102
RTVSPropertyOp18
 70
     1
102
RTVSPropertyOp19
 70
     1
102
RTVSPropertyOp20
 70
     1
102
RTVSPropertyOp21
 70
     1
102
RTVSPropertyOp22
 70
     1
102
RTVSPropertyOp23
 70
     1
102
RTVSPropertyOp24
 70
     1
102
RTVSPropertyOp25
 70
     1
102
RTVSPropertyOp26
 70
     1
102
RTVSPropertyOp27
 70
     1
102
RTVSPropertyOp28
 70
     1
102
RTVSPropertyOp29
 70
     1
102
RTVSPropertyOp30
 70
     1
102
RTVSPropertyOp31
 70
     1
102
RTVSPropertyOp32
 70
     1
102
RTVSPropertyOp33
 70
     1
102
RTVSPropertyOp34
 70
     1
102
RTVSPropertyOp35
 70
     1
102
RTVSPropertyOp36
 70
     1
102
RTVSPropertyOp37
 70
     1
102
RTVSPropertyOp38
 70
     1
102
RTVSPropertyOp39
 70
     1
102
RTVSPropertyOp40
 70
     1
102
RTVSPropertyOp41
 70
     1
102
RTVSPropertyOp42
 70
     1
102
RTVSPropertyOp43
 70
     1
102
RTVSPropertyOp44
 70
     1
102
RTVSPropertyOp45
 70
     1
102
RTVSPropertyOp46
 70
     1
102
RTVSPropertyOp47
 70
     1
102
RTVSPropertyOp48
 70
     1
102
RTVSPropertyOp49
 70
     1
102
RTVSPropertyOp50
 70
     1
102
RTVSPropertyOp51
 70
     0
102
RTVSPropertyOp52
 70
     0
102
RTVSPropertyOp53
 70
     1
102
RTVSPropertyOp54
 70
     1
102
RTVSPropertyOp55
 70
     1
102
RTVSPropertyOp56
 70
     1
102
RTVSPropertyOp57
 70
     1
102
RTVSPropertyOp58
 70
     1
102
RTVSPropertyOp59
 70
     1
102
RTVSPropertyOp60
 70
     1
102
RTVSPropertyOp61
 70
     1
102
RTVSPropertyOp62
 70
     1
  0
XRECORD
  5
2952
102
{ACAD_REACTORS
330
2951
102
}
330
2951
100
AcDbXrecord
280
     1
102
RTVSPost2010Prop28
280
     0
102
RTVSPost2010PropOp28
 70
     1
102
RTVSPost2010Prop29
280
     1
102
RTVSPost2010PropOp29
 70
     1
102
RTVSPost2010Prop30
280
     1
102
RTVSPost2010PropOp30
 70
     1
102
RTVSPost2010Prop31
280
     0
102
RTVSPost2010PropOp31
 70
     1
102
RTVSPost2010Prop32
280
     0
102
RTVSPost2010PropOp32
 70
     1
102
RTVSPost2010Prop33
280
     0
102
RTVSPost2010PropOp33
 70
     1
102
RTVSPost2010Prop34
280
     0
102
RTVSPost2010PropOp34
 70
     1
102
RTVSPost2010Prop35
280
     0
102
RTVSPost2010PropOp35
 70
     1
102
RTVSPost2010Prop36
280
     0
102
RTVSPost2010PropOp36
 70
     1
102
RTVSPost2010Prop37
 90
       50
102
RTVSPost2010PropOp37
 70
     1
102
RTVSPost2010Prop38
140
0.0
102
RTVSPost2010PropOp38
 70
     1
102
RTVSPost2010Prop39
140
1.0
102
RTVSPost2010PropOp39
 70
     1
102
RTVSPost2010Prop40
 90
        0
102
RTVSPost2010PropOp40
 70
     1
102
RTVSPost2010Prop41ColorIndex
 90
       18
102
RTVSPost2010Prop41ColorRGB
 90
        0
102
RTVSPost2010PropOp41
 70
     1
102
RTVSPost2010Prop42
 90
       50
102
RTVSPost2010PropOp42
 70
     1
102
RTVSPost2010Prop43
 90
        3
102
RTVSPost2010PropOp43
 70
     1
102
RTVSPost2010Prop44ColorIndex
 90
        5
102
RTVSPost2010Prop44ColorRGB
 90
      255
102
RTVSPost2010PropOp44
 70
     1
102
RTVSPost2010Prop45
280
     0
102
RTVSPost2010PropOp45
 70
     1
102
RTVSPost2010Prop46
 90
       50
102
RTVSPost2010PropOp46
 70
     1
102
RTVSPost2010Prop47
 90
       50
102
RTVSPost2010PropOp47
 70
     1
102
RTVSPost2010Prop48
 90
       50
102
RTVSPost2010PropOp48
 70
     1
102
RTVSPost2010Prop49
280
     0
102
RTVSPost2010PropOp49
 70
     1
102
RTVSPost2010Prop50
 90
       50
102
RTVSPost2010PropOp50
 70
     1
102
RTVSPost2010Prop51ColorIndex
 90
      256
102
RTVSPost2010Prop51ColorRGB
 90
-16777216
102
RTVSPost2010PropOp51
 70
     0
102
RTVSPost2010Prop52
140
1.0
102
RTVSPost2010PropOp52
 70
     0
102
RTVSPost2010Prop53
 90
        2
102
RTVSPost2010PropOp53
 70
     1
102
RTVSPost2010Prop54
  1
strokes_ogs.tif
102
RTVSPost2010PropOp54
 70
     1
102
RTVSPost2010Prop55
280
     0
102
RTVSPost2010PropOp55
 70
     1
102
RTVSPost2010Prop56
140
1.0
102
RTVSPost2010PropOp56
 70
     1
102
RTVSPost2010Prop57
140
1.0
102
RTVSPost2010PropOp57
 70
     1
102
RTVSPropertyOp0
 70
     1
102
RTVSPropertyOp1
 70
     1
102
RTVSPropertyOp2
 70
     1
102
RTVSPropertyOp3
 70
     1
102
RTVSPropertyOp4
 70
     1
102
RTVSPropertyOp5
 70
     1
102
RTVSPropertyOp6
 70
     1
102
RTVSPropertyOp7
 70
     1
102
RTVSPropertyOp8
 70
     1
102
RTVSPropertyOp9
 70
     1
102
RTVSPropertyOp10
 70
     1
102
RTVSPropertyOp11
 70
     1
102
RTVSPropertyOp12
 70
     1
102
RTVSPropertyOp13
 70
     1
102
RTVSPropertyOp14
 70
     1
102
RTVSPropertyOp15
 70
     1
102
RTVSPropertyOp16
 70
     1
102
RTVSPropertyOp17
 70
     1
102
RTVSPropertyOp18
 70
     1
102
RTVSPropertyOp19
 70
     1
102
RTVSPropertyOp20
 70
     1
102
RTVSPropertyOp21
 70
     1
102
RTVSPropertyOp22
 70
     1
102
RTVSPropertyOp23
 70
     1
102
RTVSPropertyOp24
 70
     1
102
RTVSPropertyOp25
 70
     1
102
RTVSPropertyOp26
 70
     1
102
RTVSPropertyOp27
 70
     1
102
RTVSPropertyOp28
 70
     1
102
RTVSPropertyOp29
 70
     1
102
RTVSPropertyOp30
 70
     1
102
RTVSPropertyOp31
 70
     1
102
RTVSPropertyOp32
 70
     1
102
RTVSPropertyOp33
 70
     1
102
RTVSPropertyOp34
 70
     1
102
RTVSPropertyOp35
 70
     1
102
RTVSPropertyOp36
 70
     1
102
RTVSPropertyOp37
 70
     1
102
RTVSPropertyOp38
 70
     1
102
RTVSPropertyOp39
 70
     1
102
RTVSPropertyOp40
 70
     1
102
RTVSPropertyOp41
 70
     1
102
RTVSPropertyOp42
 70
     1
102
RTVSPropertyOp43
 70
     1
102
RTVSPropertyOp44
 70
     1
102
RTVSPropertyOp45
 70
     1
102
RTVSPropertyOp46
 70
     1
102
RTVSPropertyOp47
 70
     1
102
RTVSPropertyOp48
 70
     1
102
RTVSPropertyOp49
 70
     1
102
RTVSPropertyOp50
 70
     1
102
RTVSPropertyOp51
 70
     0
102
RTVSPropertyOp52
 70
     0
102
RTVSPropertyOp53
 70
     1
102
RTVSPropertyOp54
 70
     1
102
RTVSPropertyOp55
 70
     1
102
RTVSPropertyOp56
 70
     1
102
RTVSPropertyOp57
 70
     1
102
RTVSPropertyOp58
 70
     1
102
RTVSPropertyOp59
 70
     1
102
RTVSPropertyOp60
 70
     1
102
RTVSPropertyOp61
 70
     1
102
RTVSPropertyOp62
 70
     1
  0
XRECORD
  5
295A
102
{ACAD_REACTORS
330
2959
102
}
330
2959
100
AcDbXrecord
280
     1
102
RTVSPost2010Prop28
280
     0
102
RTVSPost2010PropOp28
 70
     1
102
RTVSPost2010Prop29
280
     1
102
RTVSPost2010PropOp29
 70
     1
102
RTVSPost2010Prop30
280
     1
102
RTVSPost2010PropOp30
 70
     1
102
RTVSPost2010Prop31
280
     0
102
RTVSPost2010PropOp31
 70
     1
102
RTVSPost2010Prop32
280
     0
102
RTVSPost2010PropOp32
 70
     1
102
RTVSPost2010Prop33
280
     0
102
RTVSPost2010PropOp33
 70
     1
102
RTVSPost2010Prop34
280
     0
102
RTVSPost2010PropOp34
 70
     1
102
RTVSPost2010Prop35
280
     0
102
RTVSPost2010PropOp35
 70
     1
102
RTVSPost2010Prop36
280
     0
102
RTVSPost2010PropOp36
 70
     1
102
RTVSPost2010Prop37
 90
       50
102
RTVSPost2010PropOp37
 70
     1
102
RTVSPost2010Prop38
140
0.0
102
RTVSPost2010PropOp38
 70
     1
102
RTVSPost2010Prop39
140
1.0
102
RTVSPost2010PropOp39
 70
     1
102
RTVSPost2010Prop40
 90
        0
102
RTVSPost2010PropOp40
 70
     1
102
RTVSPost2010Prop41ColorIndex
 90
       18
102
RTVSPost2010Prop41ColorRGB
 90
        0
102
RTVSPost2010PropOp41
 70
     1
102
RTVSPost2010Prop42
 90
       50
102
RTVSPost2010PropOp42
 70
     1
102
RTVSPost2010Prop43
 90
        3
102
RTVSPost2010PropOp43
 70
     1
102
RTVSPost2010Prop44ColorIndex
 90
        5
102
RTVSPost2010Prop44ColorRGB
 90
      255
102
RTVSPost2010PropOp44
 70
     1
102
RTVSPost2010Prop45
280
     0
102
RTVSPost2010PropOp45
 70
     1
102
RTVSPost2010Prop46
 90
       50
102
RTVSPost2010PropOp46
 70
     1
102
RTVSPost2010Prop47
 90
       50
102
RTVSPost2010PropOp47
 70
     1
102
RTVSPost2010Prop48
 90
       50
102
RTVSPost2010PropOp48
 70
     1
102
RTVSPost2010Prop49
280
     0
102
RTVSPost2010PropOp49
 70
     1
102
RTVSPost2010Prop50
 90
       50
102
RTVSPost2010PropOp50
 70
     1
102
RTVSPost2010Prop51ColorIndex
 90
      256
102
RTVSPost2010Prop51ColorRGB
 90
-16777216
102
RTVSPost2010PropOp51
 70
     0
102
RTVSPost2010Prop52
140
1.0
102
RTVSPost2010PropOp52
 70
     0
102
RTVSPost2010Prop53
 90
        2
102
RTVSPost2010PropOp53
 70
     1
102
RTVSPost2010Prop54
  1
strokes_ogs.tif
102
RTVSPost2010PropOp54
 70
     1
102
RTVSPost2010Prop55
280
     0
102
RTVSPost2010PropOp55
 70
     1
102
RTVSPost2010Prop56
140
1.0
102
RTVSPost2010PropOp56
 70
     1
102
RTVSPost2010Prop57
140
1.0
102
RTVSPost2010PropOp57
 70
     1
102
RTVSPropertyOp0
 70
     1
102
RTVSPropertyOp1
 70
     1
102
RTVSPropertyOp2
 70
     1
102
RTVSPropertyOp3
 70
     1
102
RTVSPropertyOp4
 70
     1
102
RTVSPropertyOp5
 70
     1
102
RTVSPropertyOp6
 70
     1
102
RTVSPropertyOp7
 70
     1
102
RTVSPropertyOp8
 70
     1
102
RTVSPropertyOp9
 70
     1
102
RTVSPropertyOp10
 70
     1
102
RTVSPropertyOp11
 70
     1
102
RTVSPropertyOp12
 70
     1
102
RTVSPropertyOp13
 70
     1
102
RTVSPropertyOp14
 70
     1
102
RTVSPropertyOp15
 70
     1
102
RTVSPropertyOp16
 70
     1
102
RTVSPropertyOp17
 70
     1
102
RTVSPropertyOp18
 70
     1
102
RTVSPropertyOp19
 70
     1
102
RTVSPropertyOp20
 70
     1
102
RTVSPropertyOp21
 70
     1
102
RTVSPropertyOp22
 70
     1
102
RTVSPropertyOp23
 70
     1
102
RTVSPropertyOp24
 70
     1
102
RTVSPropertyOp25
 70
     1
102
RTVSPropertyOp26
 70
     1
102
RTVSPropertyOp27
 70
     1
102
RTVSPropertyOp28
 70
     1
102
RTVSPropertyOp29
 70
     1
102
RTVSPropertyOp30
 70
     1
102
RTVSPropertyOp31
 70
     1
102
RTVSPropertyOp32
 70
     1
102
RTVSPropertyOp33
 70
     1
102
RTVSPropertyOp34
 70
     1
102
RTVSPropertyOp35
 70
     1
102
RTVSPropertyOp36
 70
     1
102
RTVSPropertyOp37
 70
     1
102
RTVSPropertyOp38
 70
     1
102
RTVSPropertyOp39
 70
     1
102
RTVSPropertyOp40
 70
     1
102
RTVSPropertyOp41
 70
     1
102
RTVSPropertyOp42
 70
     1
102
RTVSPropertyOp43
 70
     1
102
RTVSPropertyOp44
 70
     1
102
RTVSPropertyOp45
 70
     1
102
RTVSPropertyOp46
 70
     1
102
RTVSPropertyOp47
 70
     1
102
RTVSPropertyOp48
 70
     1
102
RTVSPropertyOp49
 70
     1
102
RTVSPropertyOp50
 70
     1
102
RTVSPropertyOp51
 70
     0
102
RTVSPropertyOp52
 70
     0
102
RTVSPropertyOp53
 70
     1
102
RTVSPropertyOp54
 70
     1
102
RTVSPropertyOp55
 70
     1
102
RTVSPropertyOp56
 70
     1
102
RTVSPropertyOp57
 70
     1
102
RTVSPropertyOp58
 70
     1
102
RTVSPropertyOp59
 70
     1
102
RTVSPropertyOp60
 70
     1
102
RTVSPropertyOp61
 70
     1
102
RTVSPropertyOp62
 70
     1
  0
ENDSEC
  0
EOF
