codice;descrizione;um;prezzo_listino;pz_conf;min_vend;prezzo_unitario;stato;note;pagina
606022C;CF VITI M 5X10 UNI EN ISO 7046/1/2 INOX;CF;21.75;100.0;1.0;0.218;Attivo - gestito;;2
619005C;CF ROND. PER M8 UNI EN ISO 7089 INOX;CF;11.91;100.0;1.0;0.119;Attivo - gestito;;2
620010C;CF AUTOF. TC 3.5X13 UNI EN ISO 7049 INOX;CF;11.81;100.0;1.0;0.118;Attivo - gestito;;2
620015C;CF AUTOF.TC 3.9X9.5 UNI EN ISO 7049 INOX;CF;6.79;100.0;1.0;0.068;Attivo - gestito;;2
620022C;CF AUTOF.TC 4.2X9.5 UNI EN ISO 7049 INOX;CF;25.49;100.0;1.0;0.255;Attivo - gestito;;2
620023C;CF AUTOF. TC 4.2X13 UNI EN ISO 7049 INOX;CF;16.22;100.0;1.0;0.162;Attivo - gestito;;2
620024C;CF AUTOF. TC 4.2X16 UNI EN ISO 7049 INOX;CF;7.78;100.0;1.0;0.078;Attivo - gestito;;2
620026C;CF AUTOF. TC 4.2X22 UNI EN ISO 7049 INOX;CF;17.55;100.0;1.0;0.176;Attivo - gestito;;2
620028C;CF AUTOF. TC 4.2X32 UNI EN ISO 7049 INOX;CF;18.99;100.0;1.0;0.19;Attivo - gestito;;2
620035C;CF AUTOF. TC 4.8X16 UNI EN ISO 7049 INOX;CF;15.33;100.0;1.0;0.153;Attivo - gestito;;2
620039C;CF AUTOF. TC 4.8X32 UNI EN ISO 7049 INOX;CF;15.54;100.0;1.0;0.155;Attivo - gestito;;2
621017C;CF.AUTOF.TSP 3.9X16 UNI EN ISO 7050 INOX;CF;19.98;100.0;1.0;0.2;Attivo - gestito;;2
621020C;CF AUTOF.TSP 3.9X25 UNI EN ISO 7050 INOX;CF;28.14;100.0;1.0;0.281;Attivo - gestito;;2
621024C;CF AUTOF.TSP 4.2X16 UNI EN ISO 7050 INOX;CF;17.0;100.0;1.0;0.17;Attivo - gestito;;2
621027C;CF AUTOF.TSP 4.2X25 UNI EN ISO 7050 INOX;CF;19.32;100.0;1.0;0.193;Attivo - gestito;;2
621037C;CF AUTOF.TSP 4.8X32 UNI EN ISO 7050 INOX;CF;17.66;100.0;1.0;0.177;Attivo - gestito;;2
621039C;CF AUTOF.TSP 4.8X25 UNI EN ISO 7050 INOX;CF;17.0;100.0;1.0;0.17;Attivo - gestito;;2
621049C;CF AUTOF.TSP 5.5X25 UNI EN ISO 7050 INOX;CF;24.75;100.0;1.0;0.248;Attivo - gestito;;2
699100C;CF AUTOF. 4.8X19 TESTA 1/2 TONDA TC ZINC;CF;19.32;100.0;1.0;0.193;Attivo - gestito;;2
699138C;CF AUTOF. TCEI 4.8X19 INOX;CF;60.03;100.0;1.0;0.6;Attivo - gestito;;2
699152C;CF AUTOF. TPS TORX TX25 5.5X45 INOX A2;CF;39.39;100.0;1.0;0.394;Attivo - gestito;;2
699157C;CF AUTOF.4.8X13 T.1/2 TONDA TC;CF;12.14;100.0;1.0;0.121;Attivo - gestito;;2
699203C;CF AUTOF 4.8X16 TESTA 1/2 TONDA TC;CF;13.91;100.0;1.0;0.139;Attivo - gestito;;2
699204C;CF AUTOF 4.8X50 TESTA 1/2 TONDA TC;CF;32.66;100.0;1.0;0.327;Attivo - gestito;;2
700044;SQUADRETTE ALLIN. DA 29.5;CF;9.88;10.0;1.0;0.988;Attivo - gestito;;2
700049;SQUADRETTE ALLIN. DA 44;CF;8.99;10.0;1.0;0.899;Attivo - gestito;;2
700050;SQUADRETTA D`ALLINEAMENTO PER K440 SV30;CF;8.94;10.0;1.0;0.894;Attivo - gestito;;2
700094;SQUADR. 14.6X34.2 PULSANTE ESTERNO;CF;73.5;50.0;1.0;1.47;Attivo - gestito;;2
700095;SQUADR. 14.6X42 PULSANTE ESTERNO;CF;59.03;50.0;1.0;1.181;Attivo - gestito;;2
700100;SQUADRETTA  14.5X36 PUL. INT.;CF;1.99;1.0;1.0;1.987;Attivo - gestito;;2
700102;SQUADR. 14.5X36 PUL. EST.;CF;363.15;250.0;1.0;1.453;Attivo - gestito;;2
700151;SQUADR. ALLIN. DA 18.5 AG;CF;5.36;10.0;1.0;0.536;Attivo - gestito;;2
700262;GRUPPO CHIUSURA INTERM.  PIAN;CF;25.49;10.0;1.0;2.549;Attivo - gestito;;2
700314;SQUADRETTE ALLINEAM. 18.1 X 2.5 SV30;CF;6.85;10.0;1.0;0.685;Attivo - gestito;;2
700319;CP TAPPI PERSIANE BATTENTE K575 45P;CF;12.59;10.0;1.0;1.259;Attivo - gestito;;2
700320;CP TAPPI INF. BATT.PERS. RUSTICA;CF;8.61;10.0;1.0;0.861;Attivo - gestito;;2
700321;CP TAPPI PERSIANA K549;CF;8.06;10.0;1.0;0.806;Attivo - gestito;;2
700322;TAPPI TERMINALI PERS. K496 K543;CF;8.22;20.0;1.0;0.411;Attivo - gestito;;2
700323;CP TAPPI INF. BATT.PERSIANA;CF;8.84;10.0;1.0;0.884;Attivo - gestito;;2
700324;CP TAPPI SUP. 2 ANTE PERSIANA;CF;7.68;10.0;1.0;0.768;Attivo - gestito;;2
700325;KIT SQUADRETTE ALLINEAM PERSIANA;CF;26.05;5.0;1.0;5.21;Attivo - gestito;;2
700326;CP CARRELLI PERSIANA SCORREVOLE;CF;15.56;1.0;1.0;15.556;Attivo - gestito;;2
700327;CP TAPPI SUPERIORI STULP K547 45P;CF;31.12;10.0;1.0;3.112;Attivo - gestito;;2
700328;TAPPO INFERIORE REVERSIB. STULP K547 45P;CF;14.24;10.0;1.0;1.424;Attivo - gestito;;2
700372;CP TAPPI PERSIANE BATTENTE K564 45P;CF;12.59;10.0;1.0;1.259;Attivo - gestito;;2
700373;CP TAPPI PERSIANE STIPITE K567 45P;CF;6.73;10.0;1.0;0.673;Attivo - gestito;;2
700374;CP TAPPI PERSIANE BATTENTE K568 45P;CF;13.13;10.0;1.0;1.313;Attivo - gestito;;2
700375;CP TAPPI AGG. ZOCCOLO BATT. K538 45P;CF;9.39;10.0;1.0;0.939;Attivo - gestito;;2
700376;"COPPIA DI TAPPI PER PERSIANE ""RUSTICO""";CF;10.93;20.0;1.0;0.547;Attivo - gestito;;2
700378;"PUNTALE Ø 5X113MM  45P""FI""";CF;4.19;10.0;1.0;0.419;Attivo - gestito;;2
700386;CP TAPPI GUIDA TAPPARELLA;CF;49.88;10.0;1.0;4.988;Attivo - gestito;;2
700400;"TAPPO-CERNIERA X ANTA SECONDARIA 45P""FI""";CF;25.49;10.0;1.0;2.549;Attivo - gestito;;2
700413;REGOLI NYLON PROF. APERTI;CF;44.7;100.0;1.0;0.447;Attivo - gestito;;2
701160;SQUAD.INT.K955-970-974 AW3;CF;156.73;50.0;1.0;3.135;Attivo - gestito;;2
701274;GRUPPO CHIUSURE  PERSIANA  45P;CF;13.07;2.0;1.0;6.536;Attivo - gestito;;2
701275;CATENACCIOLI METALLICI;CF;12.04;4.0;1.0;3.009;Attivo - gestito;;2
701276;PASSANTI SOTTOCERNIERA PERSIANA;CF;25.82;4.0;1.0;6.455;Attivo - gestito;;2
701280;COPPIA PUNTALI PERSIANA 45P;CF;10.43;1.0;1.0;10.433;Attivo - gestito;;2
701281;KIT MONTAGGIO SERRATURA 45P;CF;18.32;1.0;1.0;18.32;Attivo - gestito;;2
702222;RINVIO D`ANGOLO SPORGERE AW86 SL-SG50;CF;5.41;1.0;1.0;5.413;Attivo - gestito;;2
703035;VITI+ROND+TAPPO NERO MONT. SL60;CF;33.0;20.0;1.0;1.65;Attivo - gestito;;2
703036;PIASTRINE ISOLANTI PER ATTACCHI SL60;CF;97.43;100.0;1.0;0.974;Attivo - gestito;;2
703047;RONDELLE PER VITI PRESSORE SL60;CF;8.45;200.0;1.0;0.042;Attivo - gestito;;2
703090;CANALINO ADESIV. PER RITEGNO VETRO SG50;CF;95.56;100.0;1.0;0.956;Attivo - gestito;;3
703092;KIT BLOCCHETTO FISSAGGIO TELAI SG50;CF;59.81;50.0;1.0;1.196;Attivo - gestito;;3
703095;KIT RITEGNO VETROCAMERA SG50;CF;68.52;100.0;1.0;0.685;Attivo - gestito;;3
703096;CAMMES PER BLOCCAGGIO VETROCAMERA SG50;CF;72.82;50.0;1.0;1.456;Attivo - gestito;;3
704000;TAPPO DRENAGGIO MONTANTE SL50;CF;18.22;20.0;1.0;0.911;Attivo - gestito;;3
704010;COPRIGIUNTO DILATAZIONE MONTANTE SL50;CF;31.57;20.0;1.0;1.579;Attivo - gestito;;3
704011;COPRIGIUNTO INTERNO MONTANTI SL50;CF;5.74;20.0;1.0;0.287;Attivo - gestito;;3
704020;CAVALLOTTO A PULSANTE SL50;CF;411.35;250.0;1.0;1.645;Attivo - gestito;;3
704023;FLANGIA FINITURA TRAV. K740, K741 E K742;CF;42.27;50.0;1.0;0.845;Attivo - gestito;;3
704024;FLANGIA FINIT.TRAV. K743,K744,K745,K746;CF;59.15;50.0;1.0;1.183;Attivo - gestito;;3
704030;FLANGIA TENUTA PER PRESSORI SL50;CF;38.3;50.0;1.0;0.766;Attivo - gestito;;3
704033;GUARNIZIONE APPOGGIO TRAVERSI SL50;CF;61.69;100.0;1.0;0.617;Attivo - gestito;;3
704035;VITE AUTOPERFORANTE FISSAGGIO TRAV.SL50;CF;9.71;100.0;1.0;0.097;Attivo - gestito;;3
704050;GIUNTO DILATAZ. MONT. K732 SL50;CF;116.45;10.0;1.0;11.645;Attivo - gestito;;3
704051;GIUNTO DILATAZ. MONT. K733 SL50;CF;155.33;10.0;1.0;15.533;Attivo - gestito;;3
704052;GIUNTO DILAT 300MM X MONT. K734 SL/SG50;CF;176.01;10.0;1.0;17.601;Attivo - gestito;;3
704060;CP.ANGOLI PER GUARN. 809200+809201 SL50;CF;157.26;100.0;1.0;1.573;Attivo - gestito;;3
704061;CP.ANGOLI PER GUARN. 809202+809203 SL50;CF;171.08;100.0;1.0;1.711;Attivo - gestito;;3
704062;CP.ANGOLI PER GUARN. 809204+809205 SL50;CF;190.9;100.0;1.0;1.909;Attivo - gestito;;3
704063;CP.ANGOLI DX+SX PER 809615-809616 SG50;CF;19.43;20.0;1.0;0.971;Attivo - gestito;;3
704067;COPRIGIUNTO PRESSORE TRAV.RIBASS. SL50;CF;13.91;20.0;1.0;0.696;Attivo - gestito;;3
704068;TAPPO PER PRESSORE TRAV. RIBASSATO SL50;CF;59.7;50.0;1.0;1.194;Attivo - gestito;;3
704080;KIT MENSOLA FISSA TRAVERSO K741 SL50;CF;62.67;50.0;1.0;1.253;Attivo - gestito;;3
704081;KIT AGGIUNT.MENS.CASSETTO TRAV.K741 SL50;CF;49.99;50.0;1.0;1.0;Attivo - gestito;;3
704082;KIT MENSOLA FISSA TRAVERSO K742 SL50;CF;84.2;50.0;1.0;1.684;Attivo - gestito;;3
704083;KIT AGGIUNT.MENS.CASSETTO TRAV.K742 SL50;CF;53.41;50.0;1.0;1.068;Attivo - gestito;;3
704084;KIT MENSOLA FISSA TRAVERSO K743 SL50;CF;89.6;50.0;1.0;1.792;Attivo - gestito;;3
704085;KIT AGGIUNT.MENS.CASSETTO TRAV.K743 SL50;CF;54.73;50.0;1.0;1.095;Attivo - gestito;;3
704086;KIT MENSOLA FISSA TRAVERSO K744 SL50;CF;92.15;50.0;1.0;1.843;Attivo - gestito;;3
704087;KIT AGGIUNT.MENS.CASSETTO TRAV.K744 SL50;CF;71.95;50.0;1.0;1.439;Attivo - gestito;;3
704088;KIT MENSOLA FISSA TRAVERSO K745 SL50;CF;126.3;50.0;1.0;2.526;Attivo - gestito;;3
704089;KIT AGGIUNT.MENS.CASSETTO TRAV.K745 SL50;CF;73.5;50.0;1.0;1.47;Attivo - gestito;;3
704091;VITI AUTOF. TCCE (DIN912) 4,8 X 38 A2;CF;39.72;100.0;1.0;0.397;Attivo - gestito;;3
704100;SQUADR. A SPIN./CIANFR. X SPORGERE SL;CF;62.57;40.0;1.0;1.564;Attivo - gestito;;3
704101;SPINE X SQUADRETTA 704100 SL/SG50;CF;44.91;100.0;1.0;0.449;Attivo - gestito;;3
704103;SQUADR. EST. BATT. SPORGERE FACCIATA SL;CF;10.98;20.0;1.0;0.549;Attivo - gestito;;3
704104;SQUADRETTA A VITE X SPORGERE SL50;CF;89.82;40.0;1.0;2.246;Attivo - gestito;;3
704105;SUPPORTO VETRO SPORGERE SL50/SG50;CF;30.13;20.0;1.0;1.507;Attivo - gestito;;3
704106;SUPPORTO VETRO SPORGERE SG50;CF;59.36;20.0;1.0;2.968;Attivo - gestito;;3
704107;KIT SUPPORTO VETRO ESTERNO SG50;CF;23.79;10.0;1.0;2.379;Attivo - gestito;;3
704150;KIT BASE CHIUSURE SPORGERE FACCIATA SL;CF;7.62;1.0;1.0;7.618;Attivo - gestito;;3
704152;CHIUSURA SUPPLEMENTARE SPORG. FACC. SL;CF;38.96;10.0;1.0;3.896;Attivo - gestito;;3
704157;SPESSORI E KIT FISS. COMPASSI SPORG. IW;CF;13.81;1.0;1.0;13.807;Attivo - gestito;;3
704159;KIT DI FISSAGGIO COMPASSI SL50/SG50;CF;35.98;10.0;1.0;3.598;Attivo - gestito;;3
704160;CP.REGOLATORI PER COMPASSI 704165;CF;3.97;1.0;1.0;3.974;Attivo - gestito;;3
704161;CP.COMPASSI AP. SPORGERE 100KG SL50/SG50;CF;92.47;1.0;1.0;92.47;Attivo - gestito;;3
704162;CP.COMPASSI AP. SPORGERE 100KG SL50/SG50;CF;83.64;1.0;1.0;83.64;Attivo - gestito;;3
704164;CP.COMPASSI BIL. AP.SPORG. 90KG AW3/SL;CF;55.28;1.0;1.0;55.28;Attivo - gestito;;3
704165;CP.COMPASSI AP. SPORGERE 180KG SL50/SG50;CF;104.05;1.0;1.0;104.05;Attivo - gestito;;3
704167;ROSTRI PER FACCIATA;CF;40.28;10.0;1.0;4.028;Attivo - gestito;;3
704169;SUPPORTO VETRO 26X100 TRAVERSI SG50;CF;89.71;100.0;1.0;0.897;Attivo - gestito;;3
704170;SUPPORTO VETRO TRAVERSI 33X100 SL50/SG50;CF;74.71;100.0;1.0;0.747;Attivo - gestito;;3
704171;SUPPORTO VETRO TRAVERSI 39X100 SL50;CF;98.65;100.0;1.0;0.987;Attivo - gestito;;3
704172;SUPPORTO VETRO TRAVERSI 45X100 SL50;CF;107.47;100.0;1.0;1.075;Attivo - gestito;;3
704173;SUPPORTO VETRO TRAVERSI 51X100 SL50;CF;125.24;100.0;1.0;1.252;Attivo - gestito;;3
704175;SUPPORTO VETRO PER STRUTTURE MISTE SL50;CF;28.36;10.0;1.0;2.836;Attivo - gestito;;3
704176;SUPPORTO VETRO 400KG SL50;CF;40.17;10.0;1.0;4.017;Attivo - gestito;;3
704177;SUPPORTO VETRO 700KG SL50;CF;163.26;10.0;1.0;16.326;Attivo - gestito;;3
704180;TASSELLO VETRO 100X24X3 SL50-SG50;CF;11.04;100.0;1.0;0.11;Attivo - gestito;;3
704181;TASSELLO VETRO 100X28X3 SL50-SG50;CF;12.59;100.0;1.0;0.126;Attivo - gestito;;3
704182;TASSELLO VETRO 100X32X3 SL50-SG50;CF;13.68;100.0;1.0;0.137;Attivo - gestito;;3
704183;TASSELLO VETRO 100X36X3 SL50;CF;14.9;100.0;1.0;0.149;Attivo - gestito;;3
704184;TASSELLO VETRO 100X40X3 SL50;CF;16.66;100.0;1.0;0.167;Attivo - gestito;;3
704190;KIT MENSOLA FISSA TRAVERSO K746 SL50;CF;237.28;50.0;1.0;4.746;Attivo - gestito;;4
704191;KIT AGGIUNT.MENS.CASSETTO TRAV.K746 SL50;CF;155.01;50.0;1.0;3.1;Attivo - gestito;;4
704223;"CP BRACCI LIMITATORI A SCATTO 12""";CF;31.01;1.0;1.0;31.01;Attivo - gestito;;4
704250;KIT SQUADRETTE  E CERNIERE PER ABBAINO;CF;171.61;1.0;1.0;171.61;Attivo - gestito;;4
708224;PROLUNGA ASTA SER. ARG. L=1000 SC140/170;CF;23.84;1.0;1.0;23.84;Attivo - gestito;;4
708225;SPES. 20.5MM X SER. SC140/170/180 +VITE;CF;13.35;10.0;1.0;1.335;Attivo - gestito;;4
708226;ASTA COL. L=1700 CARR.SC.ALZ. SC140/170;CF;10.6;1.0;1.0;10.598;Attivo - gestito;;4
708227;ASTA COL. L=3192 F. CO.SC.ALZ. SC140/170;CF;15.89;1.0;1.0;15.887;Attivo - gestito;;4
708680;SQUADRETTA CENTRALE TELAIO K2400 SC156;CF;31.01;10.0;1.0;3.101;Attivo - gestito;;4
708681;GUARNIZIONE X FISSAGGIO PROF K2415 SC156;CF;40.05;50.0;1.0;0.801;Attivo - gestito;;4
708682;KIT GIUNZIONE TELAIO A  90° SC156;CF;254.85;10.0;1.0;25.485;Attivo - gestito;;4
708729;MECC POR. ALZ.SC. ANTA H=2114-2612 SC156;CF;163.26;1.0;1.0;163.26;Attivo - gestito;;4
709076;TAPPI SP. E SO. DX X K2413 RAL7035 SC156;CF;5.13;1.0;1.0;5.134;Attivo - gestito;;4
709086;TAPPI SP. E SO. SX X K2413 RAL7035 SC156;CF;5.13;1.0;1.0;5.134;Attivo - gestito;;4
709096;TAPPI SP. E SO. DX X K2404 RAL7035 SC156;CF;6.08;1.0;1.0;6.075;Attivo - gestito;;4
709106;TAPPI SP. E SO. SX X K2404 RAL7035 SC156;CF;6.08;1.0;1.0;6.075;Attivo - gestito;;4
709116;TAPPI SP. DX E CEN. INF.2A RAL7035 SC156;CF;7.68;1.0;1.0;7.68;Attivo - gestito;;4
709126;TAPPI SP. SX E CEN. INF.2A RAL7035 SC156;CF;7.68;1.0;1.0;7.68;Attivo - gestito;;4
709136;TAPPI SP. E SO. DX-ANTA C. RAL7035 SC156;CF;9.94;1.0;1.0;9.936;Attivo - gestito;;4
709146;TAPPI SP. E SO. SX-ANTA C. RAL7035 SC156;CF;9.94;1.0;1.0;9.936;Attivo - gestito;;4
709150;TAPPI ANTA E FIN.TEL. A.P. DX NERO SC156;CF;5.86;1.0;1.0;5.858;Attivo - gestito;;4
709160;TAPPI ANTA E FIN.TEL. A.P. SX NERO SC156;CF;5.86;1.0;1.0;5.858;Attivo - gestito;;4
709170;TAPPI AN-FIN.TEL. DX TA.CE.S. NERO SC156;CF;11.81;1.0;1.0;11.809;Attivo - gestito;;4
709180;TAPPI AN-FIN.TEL. SX TA.CE.S. NERO SC156;CF;11.81;1.0;1.0;11.809;Attivo - gestito;;4
709190;TAPPI AN-FIN.TEL. DX T.C.S.2A NERO SC156;CF;17.99;1.0;1.0;17.988;Attivo - gestito;;4
709200;TAPPI AN-FIN.TEL. SX T.C.S.2A NERO SC156;CF;17.99;1.0;1.0;17.988;Attivo - gestito;;4
709232;CAVALLOTTO PER K2404 SC156;CF;8.94;4.0;1.0;2.236;Attivo - gestito;;4
709233;CLIP DI RITEGNO PROF. DI FIN. ANTA SC156;CF;10.65;50.0;1.0;0.213;Attivo - gestito;;4
709235;TAPPO GUIDA ANTA SC156;CF;3.26;1.0;1.0;3.26;Attivo - gestito;;4
709236;TAPPI AD ESPANSIONE  SC156;CF;3.1;1.0;1.0;3.095;Attivo - gestito;;4
709239;CLIP DI FERMO PER K2421 SC156;CF;8.73;4.0;1.0;2.181;Attivo - gestito;;4
709240;TAPPO DI FINITURA COLO. RID. K1459 SC156;CF;5.13;20.0;1.0;0.257;Attivo - gestito;;4
709242;KIT RINFORZO LATO EST. X ANTIEFF. SC156;CF;28.03;4.0;1.0;7.008;Attivo - gestito;;4
709245;KIT DRENAGGI 2 ANTE SC156;CF;20.97;10.0;1.0;2.097;Attivo - gestito;;4
709246;PIASTRINA ANTIFORO SC156;CF;11.15;1.0;1.0;11.147;Attivo - gestito;;4
709247;KIT RINFORZO LATO EST.  MAN XANT. SC156;CF;14.68;1.0;1.0;14.676;Attivo - gestito;;4
709248;KIT RINF. LATO EST. CENT.SUP.ANT. SC156;CF;20.19;1.0;1.0;20.19;Attivo - gestito;;4
709249;ROSTRI ANTIEFFRAZIONE LABIRINTO SC156;CF;72.82;4.0;1.0;18.205;Attivo - gestito;;4
709250;TAPPI FINITURA 4 ANTE NODO CENTR. SC156;CF;3.1;1.0;1.0;3.095;Attivo - gestito;;4
709260;TAPPO CENTRALE PICCOLO INFERIO. DX SC156;CF;1.34;1.0;1.0;1.335;Attivo - gestito;;4
709270;TAPPO CENTRALE PICCOLO INFERIO. SX SC156;CF;1.34;1.0;1.0;1.335;Attivo - gestito;;4
709280;TAPPO CENTRALE MAGG. INFERIORE DX SC156;CF;1.55;1.0;1.0;1.553;Attivo - gestito;;4
709290;TAPPO CENTRALE MAGG. INFERIORE SX SC156;CF;1.55;1.0;1.0;1.553;Attivo - gestito;;4
709300;COPPIA TAPPI TUBOLAR. SOGLIA K2411 SC156;CF;6.57;4.0;1.0;1.643;Attivo - gestito;;4
709609;TAPPI PARACOLPO PER SCOR.SC95;CF;7.95;2.0;1.0;3.975;Attivo - gestito;;4
709616;TAPPO COPRIFORO D=10,3MM NERO;CF;9.71;100.0;1.0;0.097;Attivo - gestito;;4
709617;TAPPO COPRIFORO D=10,3MM BIANCO;CF;14.13;100.0;1.0;0.141;Attivo - gestito;;4
709636;KIT ACC. 2 ANTE SC70 (SENZA MANIGLIE);CF;46.49;1.0;1.0;46.49;Attivo - gestito;;4
709637;KIT ACC. 3 ANTE SC70 (SENZA MANIGLIE);CF;63.67;1.0;1.0;63.67;Attivo - gestito;;4
709638;KIT ACC. 4 ANTE SC70 (SENZA MANIGLIE);CF;87.06;1.0;1.0;87.06;Attivo - gestito;;4
709639;KIT ACC. 6ANTE SC70 3VIE SENZA MANIGLIE;CF;140.12;1.0;1.0;140.12;Attivo - gestito;;4
709646;KIT AGGIUNTIVO 3 ANTE 3 VIE SC70;CF;5.74;1.0;1.0;5.744;Attivo - gestito;;4
709647;POZZETTI SUPPLEMENTARI PER SC70;CF;8.34;20.0;1.0;0.417;Attivo - gestito;;4
709649;MASCHERINA DRENAGGIO SC70;CF;6.08;20.0;1.0;0.304;Attivo - gestito;;4
709653;KIT CATENACCIO 3 ANTA CENTRALE SC70;CF;16.29;1.0;1.0;16.291;Attivo - gestito;;4
709998;MOLLA DI RITEGNO PER SL50;CF;68.03;100.0;1.0;0.68;Attivo - gestito;;4
710004;SQUADRETTA SPIN. BATT. MEDIA;CF;29.14;10.0;1.0;2.914;Attivo - gestito;;4
710005;SQUADRETTA A SPINARE BATTENTE MAGG. IWL;CF;46.24;10.0;1.0;4.624;Attivo - gestito;;4
710022;SQUADRETTA ESTERNA STIP.GRANDE;CF;15.23;10.0;1.0;1.523;Attivo - gestito;;4
710023;SQUADRETTA EST.BATT.PICCOLA;CF;11.15;10.0;1.0;1.115;Attivo - gestito;;4
710024;SQUADRETTA EST.BATT.MEDIA;CF;15.56;10.0;1.0;1.556;Attivo - gestito;;4
710036;SQUADRETTA ESTERNA STIP. PICCOLA 50IWS;CF;19.32;20.0;1.0;0.966;Attivo - gestito;;4
710041;SQUADRETTA DI ALLIN.INT.BATT.;CF;2.49;10.0;1.0;0.249;Attivo - gestito;;4
710055;SQUADR. ALLINEAM. EST. BATT. 56IW;CF;12.92;20.0;1.0;0.646;Attivo - gestito;;5
710083;1 SQUADR.PULS.BATT. PICCOLA 45 N;CF;94.9;60.0;1.0;1.582;Attivo - gestito;;5
710084;1 SQUADR.PULS.BATT. PORTE INTERNE;CF;121.37;60.0;1.0;2.023;Attivo - gestito;;5
710087;SQUADR.PULS.TUB.32.4 L=41.6 50PI SCRIGNO;CF;71.24;10.0;1.0;7.124;Attivo - gestito;;5
710103;SQUADR CIANF EST BATT TUB 10.4 L=7.5;CF;9.06;10.0;1.0;0.906;Attivo - gestito;;5
710121;SQUADR. ANGOLO VARIABILE TUB=30 H=14,6;CF;52.42;10.0;1.0;5.242;Attivo - gestito;;5
710123;SQUADR. ANGOLO VARIABILE TUB=46,5 H=14,6;CF;97.81;10.0;1.0;9.781;Attivo - gestito;;5
710132;SQUADRETTA A TIRARE MAGG. BLINDALL60;CF;55.94;10.0;1.0;5.594;Attivo - gestito;;5
710133;SQUADR. A TIRARE BLINDALL60;CF;46.45;10.0;1.0;4.645;Attivo - gestito;;5
710180;SQUADRETTA ALLINEAMENTO P.INTERNE;CF;27.59;20.0;1.0;1.38;Attivo - gestito;;5
710181;SQUADRETTA PER K723 E K724 50PI;CF;24.28;20.0;1.0;1.214;Attivo - gestito;;5
710182;SQUADRETTA FISS. IMBOTTE PORTE SCRIGNO;CF;16.5;10.0;1.0;1.65;Attivo - gestito;;5
710183;GUIDA PORTA SCORREVOLE SERIE 50PI;CF;4.65;10.0;1.0;0.465;Attivo - gestito;;5
710184;MOLLETTA PER IMBOTTE PORTE SCORREVOLI PI;CF;9.27;50.0;1.0;0.185;Attivo - gestito;;5
710185;KIT SQUADRETTE 1 ANTA PORTE INT. VETRATE;CF;29.47;1.0;1.0;29.47;Attivo - gestito;;5
710186;KIT SQUADR.1ANTA PORTE INT.SCORR.VETRATE;CF;29.02;1.0;1.0;29.02;Attivo - gestito;;5
710190;CERN. AMBIDESTRE PORTE INT.VETRATE GR;CF;30.56;1.0;1.0;30.56;Attivo - gestito;;5
710196;CERN.AMBIDESTRE PORTE INT.VETR.SP.GR.OX;CF;53.07;1.0;1.0;53.07;Attivo - gestito;;5
710205;CP COPRIGIUNTI GIUNZIONE TRAV/STIP 77IW;CF;6.52;20.0;1.0;0.326;Attivo - gestito;;5
710219;COPPIA CAVALLOTTI EST. X K1518/1519 56IW;CF;51.32;10.0;1.0;5.132;Attivo - gestito;;5
710230;COPPIA SQUADRETTE DI ALLINEAMENTO 77IS;CF;33.54;10.0;1.0;3.354;Attivo - gestito;;5
710241;COPPIA CAVALL.STIP. 16.4 45N;CF;22.63;10.0;1.0;2.263;Attivo - gestito;;5
710260;VITI AUTOF. TCEI 8X30 TROPICALIZZAT;CF;22.5;100.0;1.0;0.225;Attivo - gestito;;5
710263;KIT PER GIUNZ. A T SERIE BLINDALL 60;CF;26.49;2.0;1.0;13.245;Attivo - gestito;;5
710264;KIT PER GIUNZ. A CROCE BLINDALL 60;CF;31.67;2.0;1.0;15.835;Attivo - gestito;;5
710290;SQUADRETTA PER K703;CF;16.12;10.0;1.0;1.612;Attivo - gestito;;5
710292;INCONTRO PER PORTA VETRATA SERIE 50PI GR;CF;17.14;5.0;1.0;3.428;Attivo - gestito;;5
710301;COPPIA MANIGLIE TRASCIN. PORTE SC VETRAT;CF;57.94;1.0;1.0;57.94;Attivo - gestito;;5
710390;SQUADR. EST.TUB.7.5 L=5 BATT. K2097 77IS;CF;114.73;200.0;1.0;0.574;Attivo - gestito;;5
710392;SPINA D3 CON GAMBO;CF;64.67;400.0;1.0;0.162;Attivo - gestito;;5
710400;VITE AUTOF. PER SQUADRETTE 5X14 D8;CF;15.23;100.0;1.0;0.152;Attivo - gestito;;5
710401;SPINA 8X14 SAGOMATA PER SQUADRETTE;CF;11.26;100.0;1.0;0.113;Attivo - gestito;;5
710404;SQUADRA A CIANFR.SPIN.AVVIT.BATT. 24.4;CF;105.05;50.0;1.0;2.101;Attivo - gestito;;5
710407;SQUADRA A CIANFR.SPIN.AVVIT.STIP. 14.6;CF;104.16;100.0;1.0;1.042;Attivo - gestito;;5
710408;SQUADRA A CIANFR.SPIN.AVVIT.BATT. 14.6;CF;104.16;100.0;1.0;1.042;Attivo - gestito;;5
710409;SPINA D=5 PER SQUADRETTE ESTERNE;CF;74.16;400.0;1.0;0.185;Attivo - gestito;;5
710410;SQUADRETTA EST.STIP.GRANDE TUB=29.8;CF;71.73;100.0;1.0;0.717;Attivo - gestito;;5
710411;SQUADRETTA EST.STIP.PICCOLO TUB=13.7;CF;61.79;100.0;1.0;0.618;Attivo - gestito;;5
710420;SQUADRETTA PER ANTA K2404 SC156;CF;70.39;20.0;1.0;3.52;Attivo - gestito;;5
710601;KIT VITI SPECIALI X CAV. AD ESPANSIONE;CF;18.44;100.0;1.0;0.184;Attivo - gestito;;5
711080;CP.COMPASSI AP. SPORG. 75KG HB1090/1500;CF;85.49;1.0;1.0;85.49;Attivo - gestito;;5
711081;CP.COMPASSI AP. SPORG. 55KG HB 787/1090;CF;77.02;1.0;1.0;77.02;Attivo - gestito;;5
711091;CERNIERA A 2 ALI P.INTERNE    OX.AG.;CF;45.32;10.0;1.0;4.532;Attivo - gestito;;5
711094;CERNIERA A 2 ALI P.INTERNE    OX. NERO;CF;45.32;10.0;1.0;4.532;Attivo - gestito;;5
711098;CERNIERA A 2 ALI P.INTERNE    V.RAL9010;CF;49.07;10.0;1.0;4.907;Attivo - gestito;;5
711101;CERNIERA A 2 ALI REGOLABILE IW V.AG;CF;54.53;10.0;1.0;5.453;Attivo - gestito;;5
711105;CERNIERA A 2 ALI REGOLABILE IW V. NERO;CF;54.53;10.0;1.0;5.453;Attivo - gestito;;5
711108;CERNIERA A 2 ALI REGOLABILE IW RAL 9010;CF;54.53;10.0;1.0;5.453;Attivo - gestito;;5
712000;REGOLATORE X FISSAG.FINESTRE GP1;CF;39.96;100.0;1.0;0.4;Attivo - gestito;;5
712003;REGOLATORE NYLON SC156;CF;61.13;100.0;1.0;0.611;Attivo - gestito;;5
712004;MOLLETTA X FERMAVETRO;CF;7.68;50.0;1.0;0.154;Attivo - gestito;;5
712005;MASCHERINA DI DRENAGGIO NERA;CF;8.01;50.0;1.0;0.16;Attivo - gestito;;5
712006;MASCHERINA DI DRENAGGIO BIANCA;CF;8.78;50.0;1.0;0.176;Attivo - gestito;;5
712007;MASCHER. DRENAGGIO A VALVOLA  NE;CF;31.9;20.0;1.0;1.595;Attivo - gestito;;5
712008;MASCHER. DREN.A VALVOLA  BIANCA;CF;32.25;20.0;1.0;1.613;Attivo - gestito;;5
712010;COPPIA TAPPI LATERALI GOCCIOLATOIO;CF;13.91;20.0;1.0;0.696;Attivo - gestito;;5
712012;CLIPS ESTERNA X COPRIPROFILI;CF;8.73;50.0;1.0;0.175;Attivo - gestito;;5
712032;REGOLATORE PER FISS. STIPITE 50IWOOD;CF;52.97;100.0;1.0;0.53;Attivo - gestito;;5
712060;RITEGNO PER FERMAVETRO TUBOLARE OX;CF;52.2;200.0;1.0;0.261;Attivo - gestito;;5
712061;RITEGNO X FERMAVETRO TUBOLARE VERNICIATO;CF;12.7;200.0;1.0;0.063;Attivo - gestito;;5
712090;TAPPO TERMINALE PER K713 P.INTERNE;CF;13.29;20.0;1.0;0.664;Attivo - gestito;;5
712091;COPPIA TAPPI 2 ANTE NERO P.INTERNE;CF;1.27;1.0;1.0;1.273;Attivo - gestito;;5
712150;ANGOLO VULCANIZZATO G.A. 50IW;CF;17.66;20.0;1.0;0.883;Attivo - gestito;;5
712240;KIT ZANZARIERA PER SC70 E SC95;CF;5.53;1.0;1.0;5.527;Attivo - gestito;;6
712317;TASSELLO VETRO BATT.67IW;CF;29.57;50.0;1.0;0.591;Attivo - gestito;;6
712318;TASSELLO VETRO PER STIPITE 77IW;CF;32.33;50.0;1.0;0.647;Attivo - gestito;;6
712319;TASSELLO VETRO PER BATTENTE 77IW;CF;32.33;50.0;1.0;0.647;Attivo - gestito;;6
712320;TASSELLO VETRO 26X2;CF;6.01;50.0;1.0;0.12;Attivo - gestito;;6
712321;TASSELLO VETRO 26X3;CF;6.47;50.0;1.0;0.129;Attivo - gestito;;6
712322;TASSELLO VETRO 100X26X4;CF;6.85;50.0;1.0;0.137;Attivo - gestito;;6
712323;TASSELLO VETRO 26X5;CF;8.34;50.0;1.0;0.167;Attivo - gestito;;6
712324;TASSELLO VETRO 26X6;CF;7.73;50.0;1.0;0.155;Attivo - gestito;;6
712330;TASSELLO VETRO 30X2;CF;6.29;50.0;1.0;0.126;Attivo - gestito;;6
712331;TASSELLO VETRO 30X3;CF;6.52;50.0;1.0;0.13;Attivo - gestito;;6
712332;TASSELLO VETRO 30X4;CF;7.68;50.0;1.0;0.154;Attivo - gestito;;6
712333;TASSELLO VETRO 30X5;CF;7.73;50.0;1.0;0.155;Attivo - gestito;;6
712334;TASSELLO VETRO 30X6;CF;7.73;50.0;1.0;0.155;Attivo - gestito;;6
712344;TASSELLO VETRO 24X6;CF;7.07;50.0;1.0;0.141;Attivo - gestito;;6
716060H;CHIUSURA ANTA SEMIFISSA;CF;8.06;1.0;1.0;8.063;Attivo - gestito;;6
716065H;INC + POZZETTO PAVIMENTO ANTA SEMIF.50PI;CF;2.16;1.0;1.0;2.163;Attivo - gestito;;6
716080H;KIT CHIUSURA 2 ANTE POLIAM. 45/55N;CF;73.7;20.0;1.0;3.685;Attivo - gestito;;6
717801;CREMONESE INTERNA BIDIREZIONALE;CF;10.37;1.0;1.0;10.371;Attivo - gestito;;6
718210H;BRACCETTO LIMITATORE DI AP. IW;CF;9.83;1.0;1.0;9.833;Attivo - gestito;;6
718302;INSERTO FILETT. FISS. MANIGL. SC ALZANTE;CF;8.67;10.0;1.0;0.867;Attivo - gestito;;6
719001;MECCAN. CRICCHETTO GP1 V.AG.;CF;15.35;2.0;1.0;7.675;Attivo - gestito;;6
719005;MECCAN. CRICCHETTO IW V.NERO;CF;14.24;2.0;1.0;7.121;Attivo - gestito;;6
719008;MECCAN. CRICCHETTO GP1 RAL9010;CF;14.24;2.0;1.0;7.121;Attivo - gestito;;6
719051;CREMON. APERT. EST. PERSIANA  V. ARGENTO;CF;23.9;1.0;1.0;23.9;Attivo - gestito;;6
719055;CREMON. APERT. EST. PERSIANA NERO R9005;CF;23.9;1.0;1.0;23.9;Attivo - gestito;;6
719058;CREMON. APERT. EST. PERSIANA  R9010;CF;23.9;1.0;1.0;23.9;Attivo - gestito;;6
719121;COPPIA FRIZ. BILICO ORIZZ.175kg  AG;CF;343.87;1.0;1.0;343.87;Attivo - gestito;;6
719124;COPPIA FRIZ. BILICO ORIZZ.175kg  NERO;CF;343.87;1.0;1.0;343.87;Attivo - gestito;;6
719128;COPPIA FRIZ. BILICO ORIZZ.175kg  BI;CF;343.87;1.0;1.0;343.87;Attivo - gestito;;6
719141;COPPIA FRIZ. BILICO VERT. 175kg  AG;CF;328.87;1.0;1.0;328.87;Attivo - gestito;;6
719144;COPPIA FRIZ. BILICO VERT. 175kg NERO;CF;328.87;1.0;1.0;328.87;Attivo - gestito;;6
719148;COPPIA FRIZ. BILICO VERT. 175kg  BI;CF;328.87;1.0;1.0;328.87;Attivo - gestito;;6
719150;ASTA DI TRAZ. DX BILICO VER. OX AG;CF;27.33;1.0;1.0;27.33;Attivo - gestito;;6
719151;ASTA DI TRAZ. DX BILICO VER. OX EL;CF;47.03;1.0;1.0;47.03;Attivo - gestito;;6
719152;ASTA DI TRAZ. SX BILICO VER. OX AG;CF;27.33;1.0;1.0;27.33;Attivo - gestito;;6
719153;ASTA DI TRAZ. SX BILICO VER. OX EL;CF;47.03;1.0;1.0;47.03;Attivo - gestito;;6
719180;KIT FISSAGGIO CREMONESE BILICO ORIZZ GP1;CF;14.9;1.0;1.0;14.904;Attivo - gestito;;6
719181;KIT FISS. CREMONESE BIL. VERT GP1;CF;14.9;1.0;1.0;14.904;Attivo - gestito;;6
719195;AGGANCIO DI SICUREZZA BILICO NERO;PZ;9.61;1.0;1.0;9.605;Attivo - gestito;;6
719505;CARRELLI INTERM. VERANDA 45V V. NERO;CF;51.86;1.0;1.0;51.86;Attivo - gestito;;6
719508;CARRELLI INTER. VERANDA 45N RAL9010;CF;51.86;1.0;1.0;51.86;Attivo - gestito;;6
719525;CERNIERA A PETTINE VER. 45V V.NERO;CF;72.06;10.0;1.0;7.206;Attivo - gestito;;6
719528;CERNIERA A PETTINE VER. 45N RAL9010;CF;72.06;10.0;1.0;7.206;Attivo - gestito;;6
719530;KIT INCONTRO X SERR. ISEO 754/16;CF;20.78;1.0;1.0;20.78;Attivo - gestito;;6
719580;SERRATURA 1 MANDATA + SCROCCO E20;CF;38.73;1.0;1.0;38.73;Attivo - gestito;;6
719581;CILINDRO OTTONE 27-27 L=54;CF;17.0;1.0;1.0;16.995;Attivo - gestito;;6
719585;KIT SQUADRETTE PROFILI K1391-K1392;CF;5.8;1.0;1.0;5.796;Attivo - gestito;;6
719586;FERMA ANTA MAGNETICO SP 5691-K1392;CF;21.3;1.0;1.0;21.3;Attivo - gestito;;6
719587;COPPIA PUNTALI NYLON VERANDA 45V;CF;20.09;10.0;1.0;2.009;Attivo - gestito;;6
719595;MANIGLIA RIBASSATA VERANDA 45V V.NERO;PZ;8.45;1.0;1.0;8.446;Attivo - gestito;;6
719598;MANIGLIA RIBASSATA VERANDA 45V RAL9010;PZ;8.45;1.0;1.0;8.446;Attivo - gestito;;6
719605;KIT CARRELLI DX VER. 45V A.PARI  V.NERO;PZ;51.42;1.0;1.0;51.42;Attivo - gestito;;6
719608;KIT CARRELLI DX VER. 45V A.PARI  RAL9010;CF;51.42;1.0;1.0;51.42;Attivo - gestito;;6
719615;KIT CARRELLI SX VER. 45V A.PARI  V.NERO;PZ;51.42;1.0;1.0;51.42;Attivo - gestito;;6
719618;KIT CARRELLI SX VER. 45V A.PARI  RAL9010;CF;51.42;1.0;1.0;51.42;Attivo - gestito;;6
719675;COPPIA TAPPI PORTE 2 ANTE BLINDALL60;CF;14.35;5.0;1.0;2.869;Attivo - gestito;;6
719700;MASCHERINA SCARICO ACQUA BLINDALL NERA;CF;3.43;10.0;1.0;0.343;Attivo - gestito;;6
719740;TAPPO OTTURA FORI D=14MM BLINDALL NERO;CF;9.77;100.0;1.0;0.098;Attivo - gestito;;6
719750;REGOLO TELAIO BLINDALL;CF;64.55;20.0;1.0;3.228;Attivo - gestito;;6
719751;REGOLO RINFORZATO X TELAIO BLINDALL;CF;25.49;4.0;1.0;6.373;Attivo - gestito;;6
719760;CATENACCI PER BLINDALL;PZ;15.86;1.0;1.0;15.856;Attivo - gestito;;6
719771;CRICCHETTO VASISTAS COMPL. BLINDALL V.AG;CF;10.37;1.0;1.0;10.371;Attivo - gestito;;6
719775;CRICCHETTO VASISTAS COMPL. BLINDALL V.NE;CF;10.93;1.0;1.0;10.93;Attivo - gestito;;7
719780;RISCONTRO CATENACCI A TELAIO BLINDALL;PZ;2.26;1.0;1.0;2.256;Attivo - gestito;;7
719790;RISCONTRO CATENACCI A PAVIM. BLINDALL;PZ;3.44;1.0;1.0;3.436;Attivo - gestito;;7
720650;INCONTRO PER FERRAMENTA A NASTRO IWL;CF;65.22;25.0;1.0;2.609;Attivo - gestito;;7
730036;SQUADRETTA ESTERNA BATTENTE PORTE 50IWS;CF;16.12;10.0;1.0;1.612;Attivo - gestito;;7
731543;KIT VITI FISS.CERN.PORTE SU K1321 E 1365;CF;5.08;2.0;1.0;2.541;Attivo - gestito;;7
732040;SOGLIA AUTOMATICA L=630MM  (530-630MM);CF;61.79;1.0;1.0;61.79;Attivo - gestito;;7
732041;SOGLIA AUTOMATICA L=730MM  (630-730MM);CF;68.74;1.0;1.0;68.74;Attivo - gestito;;7
732042;SOGLIA AUTOMATICA L=830MM  (730-830MM);CF;69.08;1.0;1.0;69.08;Attivo - gestito;;7
732043;SOGLIA AUTOMATICA L=930MM  (830-930MM);CF;69.96;1.0;1.0;69.96;Attivo - gestito;;7
732044;SOGLIA AUTOMATICA L=1030MM (930-1030MM);CF;75.59;1.0;1.0;75.59;Attivo - gestito;;7
732045;SOGLIA AUTOMATICA L=1230MM (1130-1230MM);CF;78.12;1.0;1.0;78.12;Attivo - gestito;;7
732046;SOGLIA AUTOMATICA L=1130MM (1030-1130MM);CF;76.69;1.0;1.0;76.69;Attivo - gestito;;7
732060;KIT ANTISCARDINE PER PORTE GP1;CF;30.36;2.0;1.0;15.18;Attivo - gestito;;7
732061;KIT ANTISCARDINE PER PORTE 67IW;CF;30.36;2.0;1.0;15.18;Attivo - gestito;;7
732070;CP TAPPI INFERIORI X SOGLIA K 2069 77ID;CF;1.21;1.0;1.0;1.211;Attivo - gestito;;7
732078;CP TAPPI PER PORTE VIE DI FUGA 56/67ID;CF;13.68;10.0;1.0;1.368;Attivo - gestito;;7
732084;TAPPI 1 ANTA PORTA SOGLIA K1490 67IW-ID;CF;3.54;1.0;1.0;3.54;Attivo - gestito;;7
732085;TAPPI 2 ANTE PORTA SOGLIA K1490 67IW-ID;CF;5.3;1.0;1.0;5.299;Attivo - gestito;;7
732086;TAPPI 1 ANTA PORTA SOGLIA K1769 67IW-ID;CF;4.09;1.0;1.0;4.088;Attivo - gestito;;7
732087;TAPPI 2 ANTE PORTA SOGLIA K1769 67IW-ID;CF;5.86;1.0;1.0;5.858;Attivo - gestito;;7
732088;CP TAPPI 2 ANTE PORTE SERIE 67IW-ID;CF;4.14;10.0;1.0;0.414;Attivo - gestito;;7
732089;KIT CATEN. INT. ANTA SEMI FISSA 56-67ID;CF;65.77;1.0;1.0;65.77;Attivo - gestito;;7
732090;CP TAPPI TERMINALI X GOCCIOLATOIO K1486;CF;8.5;20.0;1.0;0.425;Attivo - gestito;;7
732092;TAPPO DI TENUTA INFERIORE PORTE 77ID;CF;11.15;12.0;1.0;0.929;Attivo - gestito;;7
732093;PUNTALE D.10X165 PER CAT. PORTE 77ID;CF;16.33;5.0;1.0;3.266;Attivo - gestito;;7
732094;SCIVOLO PER PORTE APERTURA ESTERNA 77ID;CF;0.67;1.0;1.0;0.673;Attivo - gestito;;7
732102;INCONTRO INF. PORTE AP.INT. 56/67ID;CF;4.58;1.0;1.0;4.575;Attivo - gestito;;7
732105;POZZETTO A PAVIMENTO X PUNTALE d.10;CF;23.62;10.0;1.0;2.362;Attivo - gestito;;7
732107;INCONTRO INF. CAT. PORTE AP.EST. 56-67ID;CF;4.58;1.0;1.0;4.575;Attivo - gestito;;7
732117;KIT INCONTRO ELETTRICO DX PORTE ID;CF;95.88;1.0;1.0;95.88;Attivo - gestito;;7
732118;KIT INCONTRO ELETTRICO SX PORTE ID;CF;95.88;1.0;1.0;95.88;Attivo - gestito;;7
732120;SERRATURA A SCROCCO E35;CF;43.04;1.0;1.0;43.04;Attivo - gestito;;7
732176;INCONTRO CENTRALE PORTE ID;CF;13.25;1.0;1.0;13.248;Attivo - gestito;;7
732177;INCONTRO SUPPLEMENTARE PER PORTE;CF;8.83;1.0;1.0;8.829;Attivo - gestito;;7
732178;SCIVOLO PER PORTE AP. EST. 67ID;CF;0.7;1.0;1.0;0.704;Attivo - gestito;;7
732179;SCIVOLO PER RULLO PORTE ID;CF;0.61;1.0;1.0;0.611;Attivo - gestito;;7
732223;INC SUP E POZZETTO PORTE 50IWS/45N COMPL;CF;4.77;1.0;1.0;4.771;Attivo - gestito;;7
732251;SERR. E=35 U-2200X6/24 2 GANCI-PUNZONI;CF;91.47;1.0;1.0;91.47;Attivo - gestito;;7
732253;SCONTRO GANCIO-PUNZ. L=24 PRESS. -1MM;CF;8.2;1.0;1.0;8.197;Attivo - gestito;;7
732259;SERRATURA MONOPUNTO E=35;CF;52.82;1.0;1.0;52.82;Attivo - gestito;;7
732261;SCONTRO SCROCCO-MANDATA U6/24/6 DX;CF;11.79;1.0;1.0;11.789;Attivo - gestito;;7
732262;SCONTRO SCROCCO-MANDATA U6/24/7 SX;CF;11.79;1.0;1.0;11.789;Attivo - gestito;;7
732265;PIASTRINA PER INCONTRI CENTR.AP.EST.67ID;CF;3.22;1.0;1.0;3.219;Attivo - gestito;;7
732266;SCROCCO A RULLO PER SERR. PORTE;CF;20.9;1.0;1.0;20.9;Attivo - gestito;;7
732267;COMPONENTE FRONT. CON GANCIO-PUNZ.SUPPL.;CF;55.5;1.0;1.0;55.5;Attivo - gestito;;7
732268;COPRIFRESATA PVC PER SERR. PORTE;CF;1.13;1.0;1.0;1.128;Attivo - gestito;;7
732269;"PROLUNGA FRONTALE A ""U"" PER SERR. PORTE";CF;23.25;1.0;1.0;23.25;Attivo - gestito;;7
732270;SCONTRO ELETTRICO EFF EFF;CF;179.97;1.0;1.0;179.97;Attivo - gestito;;7
732271;SCONTRO ELETTR. EFF EFF C/ANTIRIPETITORE;CF;199.25;1.0;1.0;199.25;Attivo - gestito;;7
732281;CATENACCIO PER PORTE L=220MM RAL9005;CF;19.53;1.0;1.0;19.53;Attivo - gestito;;7
732300;SERRATURA E=35 PER K712 50PI-NICHELATA;CF;46.29;1.0;1.0;46.29;Attivo - gestito;;7
732301;CILINDRO X SERRAT. COD.732300 K712 50PI;CF;42.49;1.0;1.0;42.49;Attivo - gestito;;7
732305;INCONTRO PER SERRAT. COD.732300 50PI;PZ;26.82;1.0;1.0;26.82;Attivo - gestito;;7
732306;SERRATURA E=30 PER K717 50PI-NICHELATA;CF;46.29;1.0;1.0;46.29;Attivo - gestito;;7
732307;INCONTRO PER SERRATURA COD. 732306 50PI;CF;9.33;1.0;1.0;9.325;Attivo - gestito;;7
732446;CERNIERA PER PORTE VETRO CROMO SAT. 50PI;CF;51.2;1.0;2.0;51.2;Attivo - gestito;;7
732456;KIT PER PREMIAPRI PORTE VETRO CROMO SAT.;CF;65.22;1.0;1.0;65.22;Attivo - gestito;;7
732466;SERRAT. PREMIAPRI PORTE VETRO CROMO SAT.;CF;64.77;1.0;1.0;64.77;Attivo - gestito;;7
732481;MANIGLIA PER PORTE INT. VETRATE 50PI ARG;CF;134.65;1.0;1.0;134.65;Attivo - gestito;;7
732491;KIT PLACCHE PER MANIGLIA HOPPE ARG.;CF;47.23;1.0;1.0;47.23;Attivo - gestito;;7
732506;SERRAT. PORTA SC. SCOMPARSA K722 CR.SAT;CF;36.31;1.0;1.0;36.31;Attivo - gestito;;7
732513;TONDO CIECO ANTA SECOND. SC. K722 OTTONE;CF;14.79;1.0;1.0;14.79;Attivo - gestito;;7
732516;TONDO CIECO ANTA SECOND. SC. K722 CR.SAT;CF;20.46;1.0;1.0;20.46;Attivo - gestito;;8
739000;SUPPORTO REG. X PANNELLO FACC. VENTILATA;CF;1.55;1.0;1.0;1.553;Attivo - gestito;;8
740040;KIT PERNI FRANGISOLE VERT. ORIENTABILE;CF;91.14;10.0;1.0;9.114;Attivo - gestito;;8
740041;KIT PERNI FRANG. ORIZZ. ORIENT. CON K690;CF;100.96;10.0;1.0;10.096;Attivo - gestito;;8
740042;KIT PERNI FRANG. ORIZZ. ORIENT. TEL.ACC.;CF;75.8;10.0;1.0;7.58;Attivo - gestito;;8
740043;KIT PERNI FRANG. ORIZZ. ORIENT. CON K695;CF;91.04;10.0;1.0;9.104;Attivo - gestito;;8
740048;KIT PERNI FRANG. ORIZZ. ORIENT. CON K690;CF;138.51;10.0;1.0;13.851;Attivo - gestito;;8
740071;PIASTRINA PER FISSAGGIO FRS;CF;44.36;20.0;1.0;2.218;Attivo - gestito;;8
740072;KIT FISSAGGIO STAFFA ATTACCO FRANGISOLE;CF;32.88;10.0;1.0;3.288;Attivo - gestito;;8
740100;ATTACCO ASTA COMANDO FRANGISOLE V.AG;CF;136.05;20.0;1.0;6.803;Attivo - gestito;;8
740111;STAFFA 60MM DX COLL. ASTA-MOTORE OX AG;CF;71.06;5.0;1.0;14.212;Attivo - gestito;;8
740121;STAFFA 60MM SX COLL. ASTA-MOTORE OX AG;CF;80.55;5.0;1.0;16.11;Attivo - gestito;;8
740131;STAFFA 90MM DX COLL. ASTA-MOTORE OX AG;CF;59.48;5.0;1.0;11.896;Attivo - gestito;;8
740141;STAFFA 90MM SX COLL. ASTA-MOTORE OX AG;CF;59.48;5.0;1.0;11.896;Attivo - gestito;;8
740151;STAFFA 124MM COLLEG. ASTA-MOTORE OX AG;CF;147.83;5.0;1.0;29.566;Attivo - gestito;;8
740161;STAFFA 124MM DOPPIO COLL. ASTA-MOT. OXAG;CF;50.22;1.0;1.0;50.22;Attivo - gestito;;8
740170;STAFFA SUPP. MOTORE DIST.86MM FRANGISOLE;CF;16.33;1.0;1.0;16.332;Attivo - gestito;;8
740171;STAFFA SUPP. MOTORE DIST.104MM FRANGIS.;CF;18.87;1.0;1.0;18.868;Attivo - gestito;;8
740172;STAFFA SUPP. MOTORE DOPPIO COLL. FRANG.;CF;23.84;1.0;1.0;23.84;Attivo - gestito;;8
740200;CONTROP. FISS. SUPP. FRANGIS. ORIZZONT.;CF;20.19;10.0;1.0;2.019;Attivo - gestito;;8
740211;SUPP. ANG. VAR. 0°-45° FRANG.ORIZZ. OXAG;CF;54.73;10.0;1.0;5.473;Attivo - gestito;;8
740221;ATTACCO X SUPP. ANG. VAR. K670/671 OX AG;CF;39.39;10.0;1.0;3.939;Attivo - gestito;;8
740231;ATTACCO X SUPP. ANG. VAR. K672     OX AG;CF;55.84;10.0;1.0;5.584;Attivo - gestito;;8
740250;TAPPO PER PROFILO K695 FRANGISOLE;CF;5.53;10.0;1.0;0.553;Attivo - gestito;;8
740251;VITI M8X16 PER FRANGISOLE;CF;20.19;100.0;1.0;0.202;Attivo - gestito;;8
740252;VITI M6X16 PER FRANGISOLE;CF;34.98;100.0;1.0;0.35;Attivo - gestito;;8
740253;INSERTI FILETTATI M6X14 PER FRANGISOLE;CF;39.39;100.0;1.0;0.394;Attivo - gestito;;8
740280;KIT PER PALA FRANGISOLE K687;CF;14.13;1.0;1.0;14.128;Attivo - gestito;;8
740301;FLANGIA DI TESTA FRANG. OR. K670 OX AG;CF;14.79;1.0;1.0;14.79;Attivo - gestito;;8
740341;FLANGIA DI TESTA FRANG. OR. K671 OX AG;CF;13.61;1.0;1.0;13.61;Attivo - gestito;;8
740351;FL. TESTA FRANG. REG/COM.DX K671 OX AG;CF;14.57;1.0;1.0;14.573;Attivo - gestito;;8
740381;FLANGIA DI TESTA FRANG. OR. K672 OX AG;CF;16.22;1.0;1.0;16.218;Attivo - gestito;;8
740391;FL. TESTA FRANG. REG/COM.DX K672 OX AG;CF;18.54;1.0;1.0;18.537;Attivo - gestito;;8
740421;FLANGIA DI TESTA FRANG. OR. K673 OX AG;CF;18.43;1.0;1.0;18.433;Attivo - gestito;;8
740431;FL. TESTA FRANG. REG/COM.DX K673 OX AG;CF;22.84;1.0;1.0;22.84;Attivo - gestito;;8
740461;FLANGIA DI TESTA FRANG. OR. K674 OX AG;CF;26.59;1.0;1.0;26.59;Attivo - gestito;;8
740471;FL. TESTA FRANG. REG/COM.DX K674 OX AG;CF;23.4;1.0;1.0;23.4;Attivo - gestito;;8
740970;CONTROP. I=56MM  FISS.STAFFA SUPP.MOTORE;CF;35.98;10.0;1.0;3.598;Attivo - gestito;;8
740971;CONTROP. I=80MM  FISS.FLANGIE SU K695;CF;39.17;10.0;1.0;3.917;Attivo - gestito;;8
740972;CONTROP. I=100MM FISS.FLANGIE SU K695;CF;21.85;10.0;1.0;2.185;Attivo - gestito;;8
740973;CONTROP. I=110MM FISS.FLANGIE SU K695;CF;50.54;10.0;1.0;5.054;Attivo - gestito;;8
740974;CONTROP. I=125MM FISS.FLANGIE SU K695;CF;25.82;10.0;1.0;2.582;Attivo - gestito;;8
742000;SQUADRETTE PULS. K586/K587 SV30;CF;126.3;100.0;1.0;1.263;Attivo - gestito;;8
742001;TASSELLO NYLON D16 CARDINE M12 SV30/45P;CF;2.27;1.0;1.0;2.267;Attivo - gestito;;8
742002;ROSETTA PER CARDINE D12 45P/SV30;PZ;0.22;1.0;1.0;0.218;Attivo - gestito;;8
742005;CARDINE A VITE M12X90 V. NERO 45P/SV30;PZ;4.37;1.0;1.0;4.368;Attivo - gestito;;8
742055;BANDELLA ACC.CROCE F.12 V. NERA 45P;PZ;5.19;1.0;1.0;5.185;Attivo - gestito;;8
742061;CARDINE A MURO (M12 L=100) PERNO D=10;PZ;11.15;1.0;1.0;11.147;Attivo - gestito;;8
742065;BANDELLA ACC.CROCE ZANC. F.12 V.NERA 45P;CF;6.08;1.0;1.0;6.075;Attivo - gestito;;8
742075;BANDELLA ACC.A CROCE DOPPIA V. NERA 45P;CF;10.27;1.0;1.0;10.267;Attivo - gestito;;8
742086;BANDELLA MONOBL.REG.35-65MM FORO 10 NERA;PZ;12.04;1.0;1.0;12.037;Attivo - gestito;;8
742092;CARDINE MONOB. REG.DISP.REGOLO D10 L=130;PZ;13.81;1.0;1.0;13.807;Attivo - gestito;;8
742171;CARD. REG.D10 X K440 NERO SV30/45P;PZ;26.71;1.0;1.0;26.71;Attivo - gestito;;8
742176;CARD. REG.D10 X K442 NERO SV30;PZ;17.22;1.0;1.0;17.222;Attivo - gestito;;8
742181;BANDELLA PER CARDINE 742171 NERO 45P;PZ;16.33;1.0;1.0;16.332;Attivo - gestito;;8
742193;BANDELLA SPEC.SAGOM. D10 L=230 NERO SV30;PZ;8.29;1.0;1.0;8.29;Attivo - gestito;;8
742194;BANDELLA SPEC.SAGOM. D10 L=280 NERO SV30;PZ;8.39;1.0;1.0;8.394;Attivo - gestito;;8
742200;CARDINE ALL. REG. FISSAG. INTERNO NERO;PZ;24.61;1.0;1.0;24.61;Attivo - gestito;;8
742205;PLACCA INOX PER REGISTRAZIONE;PZ;2.43;1.0;1.0;2.432;Attivo - gestito;;8
742210;CERNIERA ALL. A SCOMPARSA DX NERA;CF;7.01;1.0;1.0;7.007;Attivo - gestito;;8
742215;CERNIERA ALL. A SCOMPARSA SX V. NERA 45P;CF;7.01;1.0;1.0;7.007;Attivo - gestito;;8
742220;KIT ANTISFILAMENTO ANTA NERO;CF;2.1;1.0;1.0;2.101;Attivo - gestito;;8
742245;CERNIERA PER SPORTELLI ALLUM. V.NERA 45P;PZ;5.91;1.0;1.0;5.91;Attivo - gestito;;8
742250;CERNIERA PER SPORTELLI ACCIAIO NERA 45P;CF;4.85;1.0;1.0;4.854;Attivo - gestito;;9
742253;CP COMPASSI INOX NERO;CF;19.32;1.0;1.0;19.323;Attivo - gestito;;9
742255;CHIUSURA NYLON X GENOVESE;CF;3.1;1.0;2.0;3.095;Attivo - gestito;;9
742260;"PALETTO APERTURA ANTINO PER PERSIANA""FI""";CF;6.73;1.0;1.0;6.728;Attivo - gestito;;9
742268;KIT CARRELLI PERS. SCORR. C.STAFFA 45P;CF;54.3;1.0;1.0;54.3;Attivo - gestito;;9
742270;KIT CARRELLO PERSIANA SCORREVOLE;CF;41.71;1.0;1.0;41.71;Attivo - gestito;;9
742271;KIT APERTURA CHIUSURA 2A SCORREVOLE;CF;95.33;1.0;1.0;95.33;Attivo - gestito;;9
742273;PIASTRINA FISSA ACC ZINCATO;PZ;5.04;1.0;1.0;5.04;Attivo - gestito;;9
742278;MANIG. PER SCORR. 2 ANTE ACCIAO NERA 45P;PZ;28.46;1.0;1.0;28.46;Attivo - gestito;;9
742280;M14214 PIASTRA CHIUSURA MONTAG TELAIO;PZ;3.26;1.0;1.0;3.26;Attivo - gestito;;9
742320;SPAGNOLETTA CON POMO RIBASSATO V. NERO;PZ;11.38;1.0;1.0;11.375;Attivo - gestito;;9
742322;INCONTRO PER SPAGNOLETTA A 1ANTA;PZ;4.25;1.0;1.0;4.254;Attivo - gestito;;9
742323;MANIGLIA CON INCONTRO PER 2 ANTE;PZ;2.88;1.0;1.0;2.877;Attivo - gestito;;9
742330;SPAGNOL.1 A.RIDOTTA PROF.STRETTI NERA;CF;20.9;1.0;1.0;20.9;Attivo - gestito;;9
742338;INCONTRO X ANTE NERO;PZ;3.43;1.0;1.0;3.426;Attivo - gestito;;9
742341;AGGANCIO TERZA ANTA ACC. NERO;CF;1.72;1.0;1.0;1.718;Attivo - gestito;;9
742342;INCONTRO PER AGGANCIO TERZA ANTA;CF;1.34;1.0;1.0;1.335;Attivo - gestito;;9
742344;SPESSORE 2,5MM PER PASSANTI;PZ;1.0;1.0;1.0;1.004;Attivo - gestito;;9
742347;TERMINALE USCITA ASTE SX NERO;PZ;25.71;1.0;1.0;25.71;Attivo - gestito;;9
742348;TERMINALE USCITA ASTE DX NERO;PZ;25.71;1.0;1.0;25.71;Attivo - gestito;;9
742350;ASTA X SPAGN D9 L=1600 NERA;PZ;7.45;1.0;1.0;7.452;Attivo - gestito;;9
742354;ASTA X SPAGN D9 L=2600 NERA;PZ;11.81;1.0;1.0;11.809;Attivo - gestito;;9
742377;PASSANTE PER ASTA NERO;PZ;1.0;1.0;1.0;1.004;Attivo - gestito;;9
742380;SERRATURA 1 ANTA DUE CHIUSURE;PZ;100.85;1.0;1.0;100.85;Attivo - gestito;;9
742381;SERRATURA 2 ANTE TRE CHIUSURE;PZ;100.85;1.0;1.0;100.85;Attivo - gestito;;9
742382;SERR 2A PERSIANA SCORREVOLE;PZ;100.85;1.0;1.0;100.85;Attivo - gestito;;9
742383;KIT ASTE PUNTALE + POZZETTO;CF;69.62;1.0;1.0;69.62;Attivo - gestito;;9
742384;CONTROPIASTRA SERR. WELKA;CF;12.01;1.0;1.0;12.006;Attivo - gestito;;9
742385;MANIG. IN NYLON PER SERRATURA NERA 45P;PZ;25.49;1.0;1.0;25.49;Attivo - gestito;;9
742387;MEZZO CILINDRO;PZ;26.82;1.0;1.0;26.82;Attivo - gestito;;9
742388;CIL PASS CORTO PERSIANA SCORR;CF;26.89;1.0;1.0;26.89;Attivo - gestito;;9
742391;MANIGLIA X ANTA NERA;CF;5.58;1.0;1.0;5.579;Attivo - gestito;;9
742393;CATENACCIO ANTA INF L=250 NERO;CF;17.33;1.0;1.0;17.326;Attivo - gestito;;9
742395;CATENACCIO ANTA SUP L=400 V. NERO;CF;20.74;1.0;1.0;20.74;Attivo - gestito;;9
742397;CATENACCIO ANTA TRASV L=400 NERO;CF;17.89;1.0;1.0;17.885;Attivo - gestito;;9
742408;CP TAPPI  K500 SU K562 NERI;CF;112.59;200.0;1.0;0.563;Attivo - gestito;;9
742410;CP TAPPI K500 FISSA CHIUSA NERI;CF;61.69;100.0;1.0;0.617;Attivo - gestito;;9
742413;CP TAPPI K500 FISSA APERTA NERI;CF;61.79;100.0;1.0;0.618;Attivo - gestito;;9
742415;CP TAPPI X COMPENS CURVO K500 NERI;CF;37.75;25.0;1.0;1.51;Attivo - gestito;;9
742416;CP TAPPI COMPENS.K497 LAM.K500 NERI;CF;45.24;30.0;1.0;1.508;Attivo - gestito;;9
742417;CP TAPPI K516 FISSA APERTA NERI;CF;40.39;125.0;1.0;0.323;Attivo - gestito;;9
742418;CP COMPENS K516 FISSA APERTA NERI;CF;23.84;25.0;1.0;0.954;Attivo - gestito;;9
742419;CP COMP RID K516 FISSA APERTA NERI;CF;9.61;25.0;1.0;0.384;Attivo - gestito;;9
742423;CP TAPPI K635 FISSA APERTA NERI 65/10;CF;63.78;125.0;1.0;0.51;Attivo - gestito;;9
742424;CP COMPENS. RIDOTTI X K635 NERI;CF;18.1;25.0;1.0;0.724;Attivo - gestito;;9
742425;CP COMPENS K635 NERI 65/10;CF;20.87;25.0;1.0;0.835;Attivo - gestito;;9
742428;CP TAPPI K634 FISSA APERTA NERI;CF;67.2;125.0;1.0;0.538;Attivo - gestito;;9
742429;CP COMPENS. RIDOTTI X K634 NERI;CF;19.2;25.0;1.0;0.768;Attivo - gestito;;9
742430;CP COMPENS K634 NERI;CF;22.08;25.0;1.0;0.883;Attivo - gestito;;9
742438;CP TAPPI X K500 SU K562 P. VERDE;CF;124.7;200.0;1.0;0.624;Attivo - gestito;;9
742440;CP TAPPI K500 FISSA CHIUSA P.VERDE;CF;68.64;100.0;1.0;0.686;Attivo - gestito;;9
742443;CP TAPPI K500 FISSA APERTA P.VERDE;CF;62.35;100.0;1.0;0.624;Attivo - gestito;;9
742445;CP TAPPI X COMP. CURVO K500 P.VERDE;CF;41.39;25.0;1.0;1.656;Attivo - gestito;;9
742446;CP TAPPI COMPENS.K497 LAM.K500 P.VERD;CF;45.02;30.0;1.0;1.501;Attivo - gestito;;9
742447;CP TAPPI K516 FISSA APERTA P.VERDE;CF;40.05;125.0;1.0;0.32;Attivo - gestito;;9
742448;CP COMP.K516 FISSA APERTA P.VERDE;CF;24.05;25.0;1.0;0.962;Attivo - gestito;;9
742449;CP COMP RID K516 FISSA AP. P.VERDE;CF;9.61;25.0;1.0;0.384;Attivo - gestito;;9
742453;CP TAPPI K635 FISSA AP P.VERDE 65/10;CF;63.67;125.0;1.0;0.509;Attivo - gestito;;9
742454;CP COMPENS. RIDOTTI X K635 P.VERDE;CF;18.32;25.0;1.0;0.733;Attivo - gestito;;9
742455;CP COMPENS K635 P.VERDE 65/10;CF;20.97;25.0;1.0;0.839;Attivo - gestito;;9
742458;CP TAPPI K634 FISSA AP P.VERDE;CF;74.49;125.0;1.0;0.596;Attivo - gestito;;9
742459;CP COMPENS. RIDOTTI X K634 P.VERDE;CF;21.3;25.0;1.0;0.852;Attivo - gestito;;9
742460;CP COMPENS K634 P.VERDE;CF;21.96;25.0;1.0;0.878;Attivo - gestito;;9
742606;MEC +55 PLUS 1MAN  6 LAM V. NERO 36 M/M;CF;10.09;1.0;1.0;10.091;Attivo - gestito;;10
742607;MEC +55 PLUS 1MAN 7 LAM V. NERO 36 M/M;CF;11.89;1.0;1.0;11.892;Attivo - gestito;;10
742608;MEC +55 PLUS 1MAN 8 LAM V. NERO 36 M/M;CF;12.92;1.0;1.0;12.917;Attivo - gestito;;10
742609;MEC +55 PLUS 1MAN 9LAM V. NERO 36 M/M;CF;14.57;1.0;1.0;14.573;Attivo - gestito;;10
742610;MEC +55 PLUS 1 MAN 10 LAM V. NERO 36/M/M;CF;16.5;1.0;1.0;16.498;Attivo - gestito;;10
742611;MEC +55 PLUS 1 MAN 11 LAM V. NERO 363/M;CF;18.64;1.0;1.0;18.64;Attivo - gestito;;10
742612;MEC +55 PLUS 1 MAN 12 LAM V. NERO 36 M/M;CF;20.36;1.0;1.0;20.36;Attivo - gestito;;10
742613;MEC +55 PLUS 1 MAN 13 LAM V. NERO 36 M/M;CF;21.54;1.0;1.0;21.54;Attivo - gestito;;10
742614;MEC +55 PLUS 1 MAN 14 LAM V. NERO 36 M/M;CF;23.57;1.0;1.0;23.57;Attivo - gestito;;10
742615;MEC +55 PLUS 1 MAN 15 LAM V. NERO 36 M/M;CF;25.39;1.0;1.0;25.39;Attivo - gestito;;10
742616;MEC +55 PLUS 1 MAN 16 LAM V. NERO 36 M/M;CF;26.89;1.0;1.0;26.89;Attivo - gestito;;10
742617;MEC +55 PLUS 1 MAN 17 LAM V. NERO 36 M/M;CF;27.26;1.0;1.0;27.26;Attivo - gestito;;10
742618;MEC +55 PLUS 1 MAN 18 LAM V. NERO 36 M/M;CF;30.33;1.0;1.0;30.33;Attivo - gestito;;10
742619;MEC +55 PLUS 1 MAN 19 LAM V. NERO 36 M/M;CF;31.61;1.0;1.0;31.61;Attivo - gestito;;10
742620;MEC +55 PLUS 1 MAN 20 LAM V. NERO 36 M/M;CF;33.75;1.0;1.0;33.75;Attivo - gestito;;10
742621;MEC +55 PLUS 1 MAN 21 LAM V. NERO 36 M/M;CF;35.36;1.0;1.0;35.36;Attivo - gestito;;10
742622;MEC +55 PLUS 1 MAN 22 LAM V. NERO 36 M/M;CF;37.07;1.0;1.0;37.07;Attivo - gestito;;10
742623;MEC +55 PLUS 1 MAN 23 LAM V. NERO 36 M/M;CF;38.78;1.0;1.0;38.78;Attivo - gestito;;10
742624;MEC +55 PLUS 1 MAN 24 LAM V. NERO 36 M/M;CF;40.28;1.0;1.0;40.28;Attivo - gestito;;10
742625;MEC +55 PLUS 1 MAN 25 LAM V. NERO 36 M/M;CF;42.1;1.0;1.0;42.1;Attivo - gestito;;10
742635;MEC +55 PLUS 2MAN 25LAM V. NERO 36 M/M;CF;43.81;1.0;1.0;43.81;Attivo - gestito;;10
742636;MEC +55 PLUS 2MAN 26LAM V. NERO 36 M/M;CF;44.35;1.0;1.0;44.35;Attivo - gestito;;10
742637;MEC +55 PLUS 2MAN 27LAM V. NERO 36 M/M;CF;46.17;1.0;1.0;46.17;Attivo - gestito;;10
742638;MEC +55 PLUS 2MAN 28LAM V. NERO 36 M/M;CF;46.49;1.0;1.0;46.49;Attivo - gestito;;10
742640;MEC +55 PLUS 2MAN 30LAM V. NERO 36 M/M;CF;48.12;1.0;1.0;48.12;Attivo - gestito;;10
742642;MEC +55 PLUS 2MAN 32LAM V. NERO 36 M/M;CF;53.78;1.0;1.0;53.78;Attivo - gestito;;10
742690;KIT MANIGLIA SELETTORE NYLON NERA DX S36;CF;4.42;1.0;1.0;4.419;Attivo - gestito;;10
742691;KIT MANIGLIA SELETTORE NYLON NERA SX S36;CF;4.42;1.0;1.0;4.419;Attivo - gestito;;10
742692;KIT MANIGLIA GIRAFFA NYLON NERA SX 25/36;CF;4.19;1.0;1.0;4.192;Attivo - gestito;;10
742693;KIT MANIGLIA GIRAFFA NYLON NERA DX 25/36;CF;4.19;1.0;1.0;4.192;Attivo - gestito;;10
742695;KIT MANIGLIA SFERA METALLO V. NERA S36;CF;13.81;1.0;1.0;13.807;Attivo - gestito;;10
742696;MANIGLIA STANDARD SX 45P NERA;CF;3.03;1.0;1.0;3.033;Attivo - gestito;;10
742697;MANIGLIA STANDARD DX 45P NERA;CF;3.03;1.0;1.0;3.033;Attivo - gestito;;10
742710;MEC +55 PLUS 1 MAN 10 LAM P.VERDE 36 M/M;CF;18.86;1.0;1.0;18.858;Attivo - gestito;;10
742714;MEC +55 PLUS 1 MAN 14 LAM P.VERDE 36 M/M;CF;24.72;1.0;1.0;24.72;Attivo - gestito;;10
742718;MEC +55 PLUS 1 MAN 18 LAM P.VERDE 36 M/M;CF;31.9;1.0;1.0;31.9;Attivo - gestito;;10
742721;MEC +55 PLUS 1 MAN 21 LAM P.VERDE 36 M/M;CF;37.08;1.0;1.0;37.08;Attivo - gestito;;10
742722;MEC +55 PLUS 1 MAN 22 LAM P.VERDE 36 M/M;CF;39.84;1.0;1.0;39.84;Attivo - gestito;;10
742723;MEC +55 PLUS 1 MAN 23 LAM P.VERDE 36 M/M;CF;40.6;1.0;1.0;40.6;Attivo - gestito;;10
742724;MEC +55 PLUS 1 MAN 24 LAM P.VERDE 36 M/M;CF;43.48;1.0;1.0;43.48;Attivo - gestito;;10
742752;KIT MANIG. GIRAFFA NYLON VERDE SX 25/36;CF;4.7;1.0;1.0;4.699;Attivo - gestito;;10
742753;KIT MANIG. GIRAFFA NYLON VERDE DX 25/36K;CF;4.7;1.0;1.0;4.699;Attivo - gestito;;10
742910;PARACOLPO A MOLLA RESINA NERO;CF;5.86;1.0;1.0;5.858;Attivo - gestito;;10
742911;SPESSORE X PARAC. 10 MM RESINA NERO;CF;1.77;1.0;1.0;1.77;Attivo - gestito;;10
742915;PINZA BLOCCA ANTE RESINA NERA;CF;1.99;1.0;1.0;1.987;Attivo - gestito;;10
742916;CP SPESSORI PER PINZA 10 M/M NERI;CF;1.99;1.0;1.0;1.987;Attivo - gestito;;10
742920;FERMAPERSIANE A PULSANTE NERO;CF;22.84;1.0;1.0;22.84;Attivo - gestito;;10
742922;FERMA ANTE AUTOM RESINA 6/52 MM NERO;CF;9.59;1.0;1.0;9.594;Attivo - gestito;;10
742923;FERMA ANTE AUTOM RESINA 6/145 MM NERO;CF;10.32;1.0;1.0;10.319;Attivo - gestito;;10
742926;SPESSORE 10 MM NERO;CF;2.05;1.0;1.0;2.05;Attivo - gestito;;10
742930;FERMA ANTE BLOCK NERO;CF;3.43;1.0;10.0;3.426;Attivo - gestito;;10
742931;SPESSORE 5 MM NERO;CF;0.29;1.0;1.0;0.29;Attivo - gestito;;10
742932;DISTANZIALE A MURO 10 MM NERO;CF;0.67;1.0;1.0;0.673;Attivo - gestito;;10
742933;VITE SVASATA CAVA ESAG L=95 MM;CF;0.91;1.0;1.0;0.911;Attivo - gestito;;10
742960;VITI AUTOF.INOX TB 4,2X25 NERINOX;CF;63.89;200.0;1.0;0.319;Attivo - gestito;;10
742962;VITI AUTOF.INOX TSP 3,9X19 NERINOX;CF;32.78;200.0;1.0;0.164;Attivo - gestito;;10
742964;VITI AUTOF.INOX TSP 3,9X32 NERINOX;CF;88.5;200.0;1.0;0.443;Attivo - gestito;;10
742968;VITI AUTOF.INOX TSP 3,9X70 NERINOX;CF;48.22;100.0;1.0;0.482;Attivo - gestito;;10
742970;VITI AUTOF.INOX TSP 4,2X9 NERINOX;CF;7.68;100.0;1.0;0.077;Attivo - gestito;;10
742972;RIVETTI OX.NERI 6X12;CF;39.84;200.0;1.0;0.199;Attivo - gestito;;10
742980;VITI AUTOFOR+INS.TORX TBL 4,8X19 NER;CF;54.4;200.0;1.0;0.272;Attivo - gestito;;10
742985;VITI AUTOFOR+INS.TORX TGS 3,9X19 NER;CF;32.66;200.0;1.0;0.163;Attivo - gestito;;10
770170;SQUADRETTA PER PROFILO X179;CF;127.48;20.0;1.0;6.374;Attivo - gestito;;10
790435;CERNIERA PETTINE 45V+MANIG.TRASC. V.NERO;CF;12.25;1.0;1.0;12.254;Attivo - gestito;;11
790438;CERNIERA PETTINE 45V+MANIG.TRASC.RAL9010;CF;12.37;1.0;1.0;12.368;Attivo - gestito;;11
790455;MANIGLIA AD INCASSO SC70 V.NERO;PZ;7.4;1.0;1.0;7.4;Attivo - gestito;;11
790458;MANIGLIA AD INCASSO SC70 RAL9010;CF;7.4;1.0;1.0;7.4;Attivo - gestito;;11
790475;MANIGL. AD INCASSO C/CHIAVE SC70 V.NERO;CF;22.18;1.0;1.0;22.18;Attivo - gestito;;11
790478;MANIGL. AD INCASSO C/CHIAVE SC70 RAL9010;CF;22.18;1.0;1.0;22.18;Attivo - gestito;;11
790535;MANIGLIA INCASSO FISSA SC70/95TT V.NERO;PZ;5.3;1.0;1.0;5.299;Attivo - gestito;;11
790538;MANIGLIA INCASSO FISSA SC70/95TT RAL9010;CF;5.3;1.0;1.0;5.299;Attivo - gestito;;11
790545;MANIGL.TRASCIN.INT. SC70/95TT V.NERO;CF;7.73;1.0;1.0;7.731;Attivo - gestito;;11
790548;MANIGL.TRASCIN.INT.SC70/95TT RAL9010;CF;7.73;1.0;1.0;7.731;Attivo - gestito;;11
791010;SQUADR. CIANFR. PER SG50;CF;24.94;50.0;1.0;0.499;Attivo - gestito;;11
79RX040;CONTROPIASTRA CERNIERA BSF70;CF;1.56;1.0;1.0;1.563;Attivo - gestito;;11
79RX041;CONTROPIASTRA CARRELLI 79RX706 BSF70;CF;1.56;1.0;1.0;1.563;Attivo - gestito;;11
79RX1804;DOPPIA MANIGLIA NERA BSF70;CF;32.14;1.0;1.0;32.14;Attivo - gestito;;11
79RX194;CILINDRO STANDARD 45/45 BSF70;CF;14.68;1.0;1.0;14.676;Attivo - gestito;;11
79RX600;SQUADRETTA 18.9 MM BSF70;CF;2.93;1.0;1.0;2.929;Attivo - gestito;;11
79RX601;SQUADRETTA 13.7 MM BSF70;CF;2.93;1.0;1.0;2.929;Attivo - gestito;;11
79RX610;GUIDA INFERIORE  L6500 BSF70;CF;30.33;1.0;1.0;30.33;Attivo - gestito;;11
79RX616;ANGOLO VULCAN. SUPERIORE CARRELLO BSF70;CF;9.06;1.0;1.0;9.056;Attivo - gestito;;11
79RX617;ANGOLO VULCANIZZATO SUPERIORE BSF70;CF;8.04;1.0;1.0;8.042;Attivo - gestito;;11
79RX618;ANGOLO VULC. INFERIORE CARRELLO BSF70;CF;8.31;1.0;1.0;8.311;Attivo - gestito;;11
79RX619;ANGOLO VULCANIZZATO INFERIORE BSF70;CF;8.31;1.0;1.0;8.311;Attivo - gestito;;11
79RX660;CAVALLOTTO PER TRAVERSO PICCOLO BSF70;CF;3.54;1.0;1.0;3.54;Attivo - gestito;;11
79RX703A4;KIT CERNIERA NERO BSF70;CF;14.79;1.0;1.0;14.79;Attivo - gestito;;11
79RX7054;CARRELLO SUPERIORE NERO (130 KG) BSF70;CF;45.57;1.0;1.0;45.57;Attivo - gestito;;11
79RX7064;CARRELLO INFERIORE NERO (130 KG) BSF70;CF;139.26;1.0;1.0;139.26;Attivo - gestito;;11
79RX710;KIT PALETTO BSF70;CF;64.67;1.0;1.0;64.67;Attivo - gestito;;11
79RX720;MAGNETE PORTA BSF70;CF;26.68;1.0;1.0;26.68;Attivo - gestito;;11
79RX7304;MANIGLIA A T NERO BSF70;CF;28.61;1.0;1.0;28.61;Attivo - gestito;;11
79RX7314;MANIGLIA A T CON CHIAVE NERO BSF70;CF;46.35;1.0;1.0;46.35;Attivo - gestito;;11
79RX755;SPESSORE PER INCONTRO SOTTILE BSF70;CF;1.21;1.0;1.0;1.211;Attivo - gestito;;11
79RX756;SUPPORTO VETRO BSF70;CF;1.02;1.0;1.0;1.015;Attivo - gestito;;11
79RX765B;KIT CATENACCIO NERO BSF70;CF;75.7;1.0;1.0;75.7;Attivo - gestito;;11
79RX770B;CP. TAPPI TERMINALI KBP00210 NERI BSF70;CF;0.94;1.0;1.0;0.942;Attivo - gestito;;11
79RX775;GUIDA ANTI TORSIONE  NERO BSF70;CF;1.18;1.0;1.0;1.18;Attivo - gestito;;11
79RX780LH;SERRATURA PER PORTA WINKHAUS SX BSF70;CF;109.46;1.0;1.0;109.46;Attivo - gestito;;11
79RX780RH;SERRATURA PER PORTA WINKHAUS DX BSF70;CF;109.46;1.0;1.0;109.46;Attivo - gestito;;11
79RX781LH;INCONTRO CENTRALE WINKHAUS SX BSF70;CF;11.15;1.0;1.0;11.147;Attivo - gestito;;11
79RX781RH;INCONTRO CENTRALE WINKHAUS DESTRO BSF70;CF;11.15;1.0;1.0;11.147;Attivo - gestito;;11
79RX782;INCONTRO INF. SUP. WINKHAUS BSF70;CF;35.75;1.0;1.0;35.75;Attivo - gestito;;11
79RX916B;MASCHERINA DI DRENAGGIO NERA BSF70;CF;0.21;1.0;1.0;0.207;Attivo - gestito;;11
79XA904;SQUADRETTA DI ALLINEAMENTO BSF70;CF;0.2;1.0;1.0;0.197;Attivo - gestito;;11
7F1603;VITE AUTOFILETTANTE TP 4.2X65 67CL;CF;36.41;100.0;1.0;0.364;Attivo - gestito;;11
7FA1027;ARRESTO IN PLASTICA 67CL;CF;54.3;20.0;1.0;2.715;Attivo - gestito;;11
800008L6000;GUARN. ANTIFRIZIONE AW60/SL60AW3 L=6000;PZ;6.19;1.0;1.0;6.189;Attivo - gestito;;11
800033L5000;BARRETTA ANTIFR.MAGG.X GIUNTI SL60 L5000;PZ;6.73;1.0;1.0;6.728;Attivo - gestito;;11
800050;GUARN. EST. VETRO BATTENTE 67-77IS;ML;1.13;100.0;1.0;1.128;Attivo - gestito;;11
800051;GUARN. EST. VETRO STIPITE 77IS;ML;1.34;90.0;1.0;1.335;Attivo - gestito;;11
800152;PROFILO SUPERIORE ANTA NERO SC156 L=6800;PZ;39.29;1.0;1.0;39.29;Attivo - gestito;;11
800155;LABIRINTO CENTRALE NERO SC156  L=6800;PZ;19.1;1.0;1.0;19.096;Attivo - gestito;;11
800156RAL7035;SOTTOSOGLIA RAL7035 SC156 L=6800;PZ;18.32;1.0;1.0;18.32;Attivo - gestito;;11
800158;GUARNIZIONE DI TENUTA INFERIORE SC156;ML;1.5;100.0;1.0;1.501;Attivo - gestito;;11
800158M;KIT GUARNIZIONE DI TENUTA INFER. SC156;CF;21.0;10.0;1.0;2.1;Attivo - gestito;;11
800159;GUARNIZIONE DI TENUTA INFERIORE SC156;ML;0.85;100.0;1.0;0.849;Attivo - gestito;;11
800159M;KIT GUARNIZIONE DI TENUTA INFER. SC156;CF;15.22;10.0;1.0;1.522;Attivo - gestito;;11
800160;GUARN DI TENUTA SUPER L=3000 SC156;PZ;1.77;1.0;50.0;1.77;Attivo - gestito;;11
800160M;KIT GUARN DI TENUTA SUPER  SC156  L=3000;CF;33.0;5.0;1.0;6.6;Attivo - gestito;;11
800161;GUARNIZIONE DI FINIT. AGG. LATE. SC156;ML;1.56;50.0;1.0;1.563;Attivo - gestito;;11
800161M;KIT GUARN. DI FINIT. AGG. LATE. SC156;CF;15.65;5.0;1.0;3.13;Attivo - gestito;;11
800165;ELEMENTO ISOLANTE VANO VETRO SC156L=2000;PZ;3.1;1.0;30.0;3.095;Attivo - gestito;;11
800165M;KIT ELEMENTO ISOL-VANO VETRO SC156L=2000;CF;42.31;10.0;1.0;4.231;Attivo - gestito;;11
800166;AGGIUNTIVO SEZIONE CENTRALE SC156 L=6800;PZ;28.36;1.0;1.0;28.36;Attivo - gestito;;11
800167;COVER X LAB. MAGG. 800166 SC156 L=6800;PZ;4.65;1.0;1.0;4.647;Attivo - gestito;;11
800168;GUARNIZIONE ESTERNA LABIRINTO SC156;ML;0.84;150.0;1.0;0.838;Attivo - gestito;;12
800168M;KIT GUARNIZIONE ESTER. LABIRINTO SC156;CF;15.54;10.0;1.0;1.554;Attivo - gestito;;12
800172;GUARN. APPOGGIO SOGLIA CON FISSO;ML;1.49;100.0;1.0;1.49;Attivo - gestito;;12
800172P;KIT GUARNIZIONE PER AGGIUNTIVI SOGLIA OX;ML;29.35;10.0;1.0;2.935;Attivo - gestito;;12
800907;GUARN. COPRIVITE COMPENSATORE;ML;1.34;100.0;1.0;1.335;Attivo - gestito;;12
800935;SPAZZ L=4.8 H=8 ALTA DENSITà NERO;ML;0.73;300.0;1.0;0.725;Attivo - gestito;;12
800936;SPAZZ. L=6.9 H=9 ALTA DENSITà NERO;ML;0.77;175.0;1.0;0.766;Attivo - gestito;;12
800937;SPAZZ L=4.8 H=11 ALTA DENSITà NERO;ML;0.78;200.0;1.0;0.777;Attivo - gestito;;12
800941;SPAZZ L=4.8 H=7 NERO;ML;0.86;325.0;1.0;0.859;Attivo - gestito;;12
800946;GUARNIZIONE GIUNTO DILATAZIONE;ML;3.31;40.0;1.0;3.312;Attivo - gestito;;12
800964;SPAZZ L=4.8 H=13 ALTA DENSITà NERO;ML;0.84;150.0;1.0;0.839;Attivo - gestito;;12
800967;GUARN. BATTUTA CELLULE     AW3/SL60;ML;0.66;200.0;1.0;0.663;Attivo - gestito;;12
800968;GUARN. BARRIERA ESTERNA   AW3 M;ML;0.75;200.0;1.0;0.746;Attivo - gestito;;12
800990;GUARN.COP.BINARIO INF.  SC140;ML;1.03;100.0;1.0;1.025;Attivo - gestito;;12
800993;SPAZZ L=6.9 H=7 CON PINNA NERO;ML;0.84;100.0;1.0;0.839;Attivo - gestito;;12
800995;SPAZZ L=6.9 H=15 ALTA DENSITà NERO;ML;0.85;125.0;1.0;0.849;Attivo - gestito;;12
800998;GUARNIZIONE A MURO GRANDE SC95;ML;1.03;150.0;1.0;1.025;Attivo - gestito;;12
808082C;CF LISTELLO POLIURETANO 19X20 77IS;CF;38.3;25.0;1.0;1.532;Attivo - gestito;;12
808095C;CF LISTELLO POLIUR 23X7  SERIE 77IW-77IS;CF;54.73;50.0;1.0;1.095;Attivo - gestito;;12
808098C;CF LISTELLI POLIURETANO 32X45 SERIE 77IS;CF;31.24;10.0;1.0;3.124;Attivo - gestito;;12
808102C;CF LISTELLI ISOLANTI 50X17 SL50 L=1000MM;CF;24.72;10.0;1.0;2.472;Attivo - gestito;;12
808104C;CF LISTELLO ISOLANTE 22X41 SC15 L=1000MM;CF;54.73;25.0;1.0;2.189;Attivo - gestito;;12
808105C;CF LISTELLO ISOLANTE 6X55 SC156 L=1000MM;CF;52.53;30.0;1.0;1.751;Attivo - gestito;;12
808107C;CF LISTELLI ISOLANTI 13X10 SL50 L=1000MM;CF;80.77;70.0;1.0;1.154;Attivo - gestito;;12
809003;TONDO D4MM IN SP-MICRO-EP/TN 0,6GR/CMC;ML;0.3;100.0;1.0;0.301;Attivo - gestito;;12
809119;GUARN. INT. VETRO 2-3MM;ML;0.56;280.0;1.0;0.559;Attivo - gestito;;12
809120;GUARN. INT. VETRO MICROTAGLIATA 3-4MM;ML;0.6;200.0;1.0;0.601;Attivo - gestito;;12
809121;GUARN. INT. VETRO MICROTAGLIATA 4.5-6MM;ML;0.8;120.0;1.0;0.797;Attivo - gestito;;12
809122;GUARN. INT. VETRO MICROTAGLIATA 6.5-8MM;ML;1.34;100.0;1.0;1.335;Attivo - gestito;;12
809200;GUARN.INT.VETRO h9 MONT. FACCIATA SL50;ML;1.39;100.0;1.0;1.387;Attivo - gestito;;12
809201;GUARN.INT.VETRO H3 TRAVERSO FACC. SL50;ML;0.77;100.0;1.0;0.766;Attivo - gestito;;12
809202;GUARN.INT.VETRO H11 MONT. FACCIATA SL50;ML;1.44;100.0;1.0;1.439;Attivo - gestito;;12
809203;GUARN.INT.VETRO H5 TRAVERSO FACC. SL50;ML;1.01;100.0;1.0;1.014;Attivo - gestito;;12
809204;GUARN.INT.VETRO H13 MONT. FACCIATA SL50;ML;1.82;100.0;1.0;1.822;Attivo - gestito;;12
809205;GUARN.INT.VETRO H7 TRAVERSO FACC. SL50;ML;1.1;100.0;1.0;1.097;Attivo - gestito;;12
809206;GUARN. PRESSORE FACCIATA SL50;ML;0.78;100.0;1.0;0.776;Attivo - gestito;;12
809206K;GUARNIZIONE PRESSORE SG50;ML;1.1;100.0;1.0;1.097;Attivo - gestito;;12
809207;GUARN. TENUTA PRESSORE-DISTANZIAT. SL50;ML;0.78;100.0;1.0;0.776;Attivo - gestito;;12
809208;GUARN. TENUTA PRESSORE-DIST. 5-8MM SL50;ML;1.04;50.0;1.0;1.035;Attivo - gestito;;12
809209;GUARN. PRESSORE FACCIATA SL50;ML;1.39;150.0;1.0;1.387;Attivo - gestito;;12
809210;GUARN. INT. VETRO H=9 MONTANTE SG50;ML;1.61;75.0;1.0;1.605;Attivo - gestito;;12
809211;GUARN. INT. VETRO H=3 TRAVERSO SG50;ML;1.21;150.0;1.0;1.211;Attivo - gestito;;12
809212;GUARN. INT. VETRO H=11 MONTANTE SG50;ML;1.67;60.0;1.0;1.667;Attivo - gestito;;12
809213;GUARN. INT. VETRO H=5 TRAVERSO SG50;ML;1.47;100.0;1.0;1.47;Attivo - gestito;;12
809214;GUARN. INT. VETRO H=13 MONTANTE SG50;ML;2.05;60.0;1.0;2.05;Attivo - gestito;;12
809215;GUARN. INT. VETRO H=7 TRAVERSO SG50;ML;1.56;100.0;1.0;1.563;Attivo - gestito;;12
809221;GUARN. PER K739 CON DISTANZ. 15MM SL50;ML;7.12;20.0;1.0;7.121;Attivo - gestito;;12
809222;GUARN. TRAV. PER K739 CON DIST.15MM SL50;ML;7.12;20.0;1.0;7.121;Attivo - gestito;;12
809230;GUARN. COPRIVITI TRAVERSO ABBAINO;ML;1.67;400.0;1.0;1.667;Attivo - gestito;;12
809231;GUARN. TELAIO ABBAINO;ML;1.94;125.0;1.0;1.936;Attivo - gestito;;12
809232;GUARN. ANTA ABBAINO;ML;5.14;500.0;1.0;5.144;Attivo - gestito;;12
809233;GUARN. BUTILICA NERA ABBAINO;ML;2.98;25.0;1.0;2.981;Attivo - gestito;;12
809234;GUARN. SPUGNOSA NERA 10X4 ABBAINO;ML;1.99;10.0;1.0;1.987;Attivo - gestito;;12
809235;GUARN. SPUGNOSA NERA 10X10 ABBAINO;ML;3.26;5.0;1.0;3.26;Attivo - gestito;;12
809403;GUARN.EST.VETRO PRESSORI  SL60;ML;0.86;100.0;1.0;0.859;Attivo - gestito;;12
809413;DISTANZ. 5mm PER K819     SL60;ML;1.08;150.0;1.0;1.077;Attivo - gestito;;12
809414;DISTANZ.10mm PER K819     SL60;ML;4.25;80.0;1.0;4.254;Attivo - gestito;;12
809420L6000;DISTANZIATORE TT IN BARRE SL60 L=6000;PZ;8.99;1.0;1.0;8.994;Attivo - gestito;;12
809431;GUARN. ESTERNA VETRO COESTRUSA IW NERO;ML;0.7;150.0;1.0;0.704;Attivo - gestito;;12
809431W;GUARN. ESTERNA VETRO COESTRUSA IW BIANCA;ML;0.98;150.0;1.0;0.983;Attivo - gestito;;12
809455;GUARNIZIONE G.A. 50IW;ML;1.55;50.0;1.0;1.553;Attivo - gestito;;12
809463;GUARN. DI BATTUTA INT. BILICO IW;ML;0.66;100.0;1.0;0.663;Attivo - gestito;;12
809471;GUARNIZIONE SOTTOPORTA PER K1489;ML;1.16;200.0;1.0;1.16;Attivo - gestito;;12
809477;GUARN. GIUNTI DI DILATAZIONE IW/ID;ML;1.67;300.0;1.0;1.667;Attivo - gestito;;13
809484;GUARN. BATTUTA PER PORTE 50IW;ML;0.51;150.0;1.0;0.507;Attivo - gestito;;13
809503;GUARN. ESTERNA ANTIRUMORE SERIE IW;ML;0.5;300.0;1.0;0.497;Attivo - gestito;;13
809504L6000;DISTANZIATORE TT 27 MM SL60 GP1 L=6000;PZ;11.38;1.0;1.0;11.375;Attivo - gestito;;13
809508L6000;DISTANZIATORE TT 21 MM SL60 L=6000;PZ;10.7;1.0;1.0;10.702;Attivo - gestito;;13
809527;GUARN. GRIGLIA FACCIATA SG60 GRIGIA;ML;1.39;100.0;1.0;1.387;Attivo - gestito;;13
809530L6000;DISTANZIATORE 11MM TT IN BARRE SL60;PZ;7.89;1.0;1.0;7.887;Attivo - gestito;;13
809533E;GUARN.BATTURA CENTR.VER.45V COESTRUSA;ML;1.07;100.0;1.0;1.066;Attivo - gestito;;13
809534;GUARN. DI BATTUTA INTERNA VER. 45N;ML;1.29;225.0;1.0;1.294;Attivo - gestito;;13
809536;GUARN. INTERNA VETRO sp.3mm   SG60;ML;1.72;200.0;1.0;1.718;Attivo - gestito;;13
809539;GUARN. SOTTOPORTA PER VERANDA 45N;ML;0.95;100.0;1.0;0.953;Attivo - gestito;;13
809540;GUARN. EST. VETRO PER SILICONATURA IW;ML;0.89;200.0;1.0;0.89;Attivo - gestito;;13
809552;GUARN. BATTUTA PORTE INTERNE;ML;0.91;100.0;1.0;0.911;Attivo - gestito;;13
809553;GUARN. FINITURA PORTE INTERNE;ML;1.0;120.0;1.0;1.004;Attivo - gestito;;13
809566;SPAZZ L=6.9 H=11 ALTA DENSITà NERO;ML;0.81;200.0;1.0;0.808;Attivo - gestito;;13
809568;GUARN. SOTTO PORTA X K1575-K1775 56-67ID;ML;0.9;70.0;1.0;0.901;Attivo - gestito;;13
809569;GUARN. EST. SG50 SENZA SIGILL. FUGA 22MM;ML;1.55;100.0;1.0;1.553;Attivo - gestito;;13
809588;GUARN. STIP. PORTE INT. SCORREVOLI 50PI;ML;1.08;200.0;1.0;1.077;Attivo - gestito;;13
809592;GUARN. BATTUTA INTERNA BLINDALL;ML;0.27;300.0;1.0;0.269;Attivo - gestito;;13
809593;GUARN. BATTUTA ESTERNA VETRI BLINDALL;ML;0.63;200.0;1.0;0.632;Attivo - gestito;;13
809594;GUARN. ESTERNA VETRO BLINDALL 60;ML;0.78;200.0;1.0;0.777;Attivo - gestito;;13
809599;GUARN. BATTUTA ESTERNA SPORGERE SL50;ML;0.65;100.0;1.0;0.652;Attivo - gestito;;13
809603;GUARN. COPRICAVA SPORGERE FACCIATA SL50;ML;0.45;150.0;1.0;0.445;Attivo - gestito;;13
809609;GUARN. X PROFILO PRETRANCIATO K563 45P;ML;0.3;300.0;1.0;0.301;Attivo - gestito;;13
809610;GUARN. BATTUTA PVC COESTRUSA 45P;ML;0.39;150.0;1.0;0.394;Attivo - gestito;;13
809615;GUARNIZIONE STIPITE SPORGERE SG50;ML;1.82;75.0;1.0;1.822;Attivo - gestito;;13
809616;GUARNIZ. STIP. SPORG. CON COPERT. SG50;ML;2.88;50.0;1.0;2.877;Attivo - gestito;;13
809617;GUARN. ADESIVA 15X2 PER SL50;ML;1.27;150.0;1.0;1.273;Attivo - gestito;;13
809618;"LISTELLO ISOLANTE 22X10X2000 SL50 ""ITR""";PZ;1.39;1.0;1.0;1.387;Attivo - gestito;;13
809620;GUARN.EPDM ESPANSO ADESIVO 10X2 SG50;ML;0.26;20.0;1.0;0.259;Attivo - gestito;;13
809628;GUARN. BATT. INT. PORTE SU VIA DI ESODO;ML;1.39;50.0;1.0;1.387;Attivo - gestito;;13
809632;GUARN. COMPENS. PORTE VA E VIENI 56-67ID;ML;4.13;30.0;1.0;4.13;Attivo - gestito;;13
809634;GUARN. DI BATTUTA PER PORTE SERIE ID;ML;0.45;100.0;1.0;0.445;Attivo - gestito;;13
809681;GUARN. COPRIFUGA FACC.SG50 SENZA SIGILL.;ML;3.54;36.0;1.0;3.54;Attivo - gestito;;13
809682;ELEMENTO ISOLANTE ADES.VANO VETRO L=2000;PZ;4.09;1.0;5.0;4.088;Attivo - gestito;;13
809688;GUARNIZIONE TERMICA-FINITURA;ML;1.27;20.0;20.0;1.273;Attivo - gestito;;13
809740;GUARNIZIONE ADESIVIZ. 7X12 MONTANTE 67CL;ML;0.68;10.0;1.0;0.684;Attivo - gestito;;13
809901;NASTRO BUTILICO  40X1.5   SL60;ML;2.6;10.0;1.0;2.598;Attivo - gestito;;13
809902;NASTRO BUTILICO  45X1.5   SL60;ML;2.77;160.0;10.0;2.774;Attivo - gestito;;13
809903;NASTRO BUTILICO  60X1.5   SL60;ML;3.36;120.0;10.0;3.364;Attivo - gestito;;13
809904;NASTRO BUTILICO  75X1.5   SL60;ML;3.54;80.0;10.0;3.54;Attivo - gestito;;13
809905;NASTRO BUTILICO  85X1.5   SL60;ML;4.7;70.0;10.0;4.699;Attivo - gestito;;13
809906;NASTRO BUTILICO 100X1.5   SL60;ML;5.13;80.0;10.0;5.134;Attivo - gestito;;13
809907;NASTRO BUTILICO  50X1.5   SL60;ML;3.03;160.0;10.0;3.033;Attivo - gestito;;13
809908;NASTRO BUTILICO 35X0.6  SL;ML;2.27;160.0;10.0;2.267;Attivo - gestito;;13
809920W;GUARN. INTERNA VETRO 3-4 bianca;ML;0.93;200.0;1.0;0.932;Attivo - gestito;;13
809921W;GUARN. INTERNA VETRO 4-6 bianca;ML;1.16;150.0;1.0;1.16;Attivo - gestito;;13
809928;GUARN. BATTUTA PORTE;ML;0.51;150.0;1.0;0.507;Attivo - gestito;;13
809934;SPAZZ L=6.9 H=17 ALTA DENSITà NERO;ML;0.9;125.0;1.0;0.901;Attivo - gestito;;13
809940;GUARN. DUTRAL VETRI;ML;0.52;200.0;1.0;0.518;Attivo - gestito;;13
809944;SPAZZ. SOTTOPORTA 3.8 H21 PPL10 NERO;ML;3.87;2.0;1.0;3.871;Attivo - gestito;;13
809953;GUARNIZIONE LAMELLA PERSIANA;ML;0.51;400.0;1.0;0.507;Attivo - gestito;;13
809955;SPAZZ L=6.9 H=6.5 CON PINNA NERO;ML;0.82;100.0;1.0;0.818;Attivo - gestito;;13
809964;GUARN. VETRI SCORR. 70;ML;2.26;100.0;1.0;2.256;Attivo - gestito;;13
809966;GUARN. VETRO 4 mm  SC70;ML;2.32;200.0;1.0;2.319;Attivo - gestito;;13
809967;SPAZZ L=6.9 H=7 ALTA DENSITà NERO;ML;0.75;250.0;1.0;0.746;Attivo - gestito;;13
809968;GUARN. BATTUTA TELAIO 45P, T34;ML;2.6;200.0;1.0;2.598;Attivo - gestito;;13
809970;SPAZZ L=6.9 H=6.25 CON PINNA NERO;ML;0.8;100.0;1.0;0.797;Attivo - gestito;;13
809987;SPAZZ L=6.9 H=5.5 CON PINNA NERO;ML;0.79;100.0;1.0;0.787;Attivo - gestito;;13
809990;DISTANZ. 26X32 IN PVC SL/SG50-60 L=6000;PZ;15.54;1.0;1.0;15.535;Attivo - gestito;;13
809991;DISTANZ. 30X35 IN PVC SL/SG50-60 L=6000;PZ;16.01;1.0;1.0;16.011;Attivo - gestito;;13
809992;FONDO DI GIUNTO 9 x 6.4;ML;4.09;15.0;1.0;4.088;Attivo - gestito;;13
809993;FONDO DI GIUNTO 15 x 6.4;ML;6.81;15.0;1.0;6.81;Attivo - gestito;;13
809997;SPAZZ L=6.9 H=4 SENZA PINNA NERO;ML;0.66;420.0;1.0;0.663;Attivo - gestito;;14
890046;GUARN. ADESIVIZZATA X PRESS. RIBASS. CN;ML;1.08;200.0;1.0;1.077;Attivo - gestito;;14
89AGS240;GUARNIZIONE EST. VETRO AD INFILARE BSF70;ML;0.73;150.0;10.0;0.725;Attivo - gestito;;14
89AGS306;GUARNIZIONE INTERNA VETRO 6 MM BSF70;ML;0.74;100.0;10.0;0.735;Attivo - gestito;;14
89PX302;SPAZZOLINO 4.8 MM X 7 MM BSF70;ML;0.73;100.0;10.0;0.725;Attivo - gestito;;14
89RX609;GUARN. BATT. NODO CENTR. E TEL. BSF70;ML;1.13;50.0;10.0;1.128;Attivo - gestito;;14
89RX611;GUARNIZIONE SOGLIA BINARIO BSF70;ML;0.55;100.0;10.0;0.549;Attivo - gestito;;14
89RX612;GUARNIZIONE BATTUTA TELAIO INF. BSF70;ML;1.05;100.0;5.0;1.046;Attivo - gestito;;14
89RX614;GUARNIZIONE BATTUTA SUPERIORE ANTA BSF70;ML;1.13;100.0;5.0;1.128;Attivo - gestito;;14
89RX615;GUARNIZIONE BATTUTA INFERIORE ANTA BSF70;ML;1.04;100.0;5.0;1.035;Attivo - gestito;;14
89RX644;SPAZZOLINO SOGLIA RIBASSATA BSF70;ML;7.18;3.0;1.0;7.183;Attivo - gestito;;14
900140;FORBICE TAGLIA GUARNIZIONI A 45°;PZ;79.9;1.0;1.0;79.9;Attivo - gestito;;14
900150;DIMA FORAT TEL K2400 E SOG 800150 SC156;CF;79.88;1.0;1.0;79.88;Attivo - gestito;;14
900152;DIMA FORAT. SQUADR. ANTA K2404 SC156;CF;139.59;1.0;1.0;139.59;Attivo - gestito;;14
900155;DIMA FORAT.SOG. 800150XK2413-K2404 SC156;CF;49.66;1.0;1.0;49.66;Attivo - gestito;;14
900162;DIMA FORAT. X TELAIO GIUNZ-45°/90° SC156;CF;156.73;1.0;1.0;156.73;Attivo - gestito;;14
900163;DIMA FOR. X DREN. SO. E FIS.MON.TE SC156;CF;185.87;1.0;1.0;185.87;Attivo - gestito;;14
90231528;CP. GUIDA SPINE PER SPINOCIANFRINATRICE;CF;199.68;1.0;1.0;199.68;Attivo - gestito;;14
90237049;FORCELLA ADATTATORE N.2 X 909259/909310;CF;11.59;1.0;1.0;11.59;Attivo - gestito;;14
90237050;FORCELLA ADATTATORE N.1 X 909259/909310;CF;67.31;1.0;1.0;67.31;Attivo - gestito;;14
904011;MARTELLO PNEUMATICO PER SPINARE;CF;318.38;1.0;1.0;318.38;Attivo - gestito;;14
909265;ATTREZZO SGANCIO FERMAVETRI TONDI;PZ;10.09;1.0;1.0;10.09;Attivo - gestito;;14
909266;PUNZONE CACCIASPINE D.5;PZ;16.78;1.0;1.0;16.78;Attivo - gestito;;14
909275;TAMPONE DI BLOCC. FERMAVETRI A CLIPS;CF;11.15;1.0;1.0;11.15;Attivo - gestito;;14
909280;DIMA DI FORATURA CERN. SUP. DK IW;PZ;50.32;1.0;1.0;50.32;Attivo - gestito;;14
909281;DIMA DI FORATURA FISS. BRACCIO DK;PZ;10.93;1.0;1.0;10.93;Attivo - gestito;;14
909285;DIMA FORATURA X MONT.CERN.PORTE 45N;PZ;153.41;1.0;1.0;153.41;Attivo - gestito;;14
909294;DIMA FORATURA SOGLIA RIBASSATA K1229;PZ;43.48;1.0;1.0;43.48;Attivo - gestito;;14
909307;PINZA PER SQUADR. ALLINEAMENTO 50PI;CF;554.89;1.0;1.0;554.89;Attivo - gestito;;14
909318;CHIAVE X BOCCOLA PORTE LATO STIPITE;PZ;4.52;1.0;1.0;4.52;Attivo - gestito;;14
909333;FRESA A T 25,5X5 PER SCARICHI SC140 3VIE;PZ;161.16;1.0;1.0;161.16;Attivo - gestito;;14
909335;DIMA DI FORATURA PORTE A VETRO K719;PZ;45.24;1.0;1.0;45.24;Attivo - gestito;;14
909352;DIMA FORATURA MONTANTI FACCIATA SL50;PZ;507.76;1.0;1.0;507.76;Attivo - gestito;;14
909355;CHIAVE SPECIALE PER FRANGISOLE;PZ;13.71;1.0;1.0;13.71;Attivo - gestito;;14
909373;DIMA DI FORATURA CERNIERE FILIFORMI ALUK;CF;160.04;1.0;1.0;160.04;Attivo - gestito;;14
909402;DIMA SOSTEGNO PER FRESATURA K2212;PZ;119.13;1.0;1.0;119.13;Attivo - gestito;;14
909991;NASTRO BIADESIVO 12 X 1.6 PER 62CL;ML;2.37;33.0;1.0;2.371;Attivo - gestito;;14
H00102-B2;MAN. INT. INFINIUM BLACK ANODIZED;CF;44.47;1.0;1.0;44.47;Attivo - gestito;;14
H00102-S2;MAN. INT. INFINIUM SILVER ANODISED;CF;35.65;1.0;1.0;35.65;Attivo - gestito;;14
H00103-B2;MAN. EST. INFINIUM BLACK ANODIZED;CF;31.9;1.0;1.0;31.9;Attivo - gestito;;14
H00103-S2;MAN. EST. INFINIUM SILVER ANODISED;CF;22.84;1.0;1.0;22.84;Attivo - gestito;;14
H00201;INFINIUM  - CARRELLO HD;CF;219.61;1.0;1.0;219.61;Attivo - gestito;;14
H00203;STAFFA PER CARRELLO SOGLIA NASCOSTA;CF;5.58;1.0;1.0;5.579;Attivo - gestito;;14
H00205;INFINIUM FLAT CILL - CARRELLO  HD;CF;85.7;1.0;1.0;85.7;Attivo - gestito;;14
H00400-S2;CHIUSURA LAT. INFINIUM SILVER ANODIZED;CF;99.08;1.0;1.0;99.08;Attivo - gestito;;14
H00405-B2;MANIGLIA AD INCASSO DX BLACK ANODIZED;CF;324.37;1.0;1.0;324.37;Attivo - gestito;;14
H00405-S2;MANIGLIA AD INCASSO DX SILVER ANODIZED;CF;324.37;1.0;1.0;324.37;Attivo - gestito;;14
H00406;KIT CATENACCI (DOPPIO VETRO);CF;43.59;1.0;1.0;43.59;Attivo - gestito;;14
H00408;KIT CATENACCI (TRIPLO VETRO);CF;44.57;1.0;1.0;44.57;Attivo - gestito;;14
H00409;KIT CATENACCI (ANTA RINFORZATA);CF;41.46;1.0;1.0;41.46;Attivo - gestito;;14
H00410;INCONTRI CATENACCIO ANTA INTERNA;CF;61.28;1.0;1.0;61.28;Attivo - gestito;;14
H00411;INCONTRO CATENACCI ANTA ESTERNA;CF;62.78;1.0;1.0;62.78;Attivo - gestito;;14
H00412-B2;MANIGLIA AD INCASSO SX BLACK ANODIZED;CF;324.37;1.0;1.0;324.37;Attivo - gestito;;14
H00412-S2;MANIGLIA AD INCASSO SX SILVER ANODIZED;CF;324.37;1.0;1.0;324.37;Attivo - gestito;;14
H00414-S2;INFINIUM - INCONTRO LATERALE;CF;34.43;1.0;1.0;34.43;Attivo - gestito;;14
H02200;SC156 - KIT CARRELLI ADDIZIONALI 440 KG;CF;263.74;1.0;1.0;263.74;Attivo - gestito;;14
H02201;SC156-HI KIT CARRELLI STANDARD 350 KG;CF;81.65;1.0;1.0;81.65;Attivo - gestito;;14
H02202;SC156-HI KIT CARRELLI ADDIZIONALI 500 KG;CF;271.99;1.0;1.0;271.99;Attivo - gestito;;14
H02400;PUNTO DI CHIUSURA SUPPLEMENTARE SC156;CF;35.31;1.0;1.0;35.31;Attivo - gestito;;14
H02402;KIT GUIDA ANTA CENTRALE SC156 3 VIE;CF;5.19;1.0;1.0;5.185;Attivo - gestito;;14
H02403;SC156-HI SERR. L&S E=27,5 HA 1235-1925;CF;131.87;1.0;1.0;131.87;Attivo - gestito;;14
H02404;SC156-HI SERR. L&S E=27,5 HA 1835-2525;CF;131.87;1.0;1.0;131.87;Attivo - gestito;;14
H02405;SC156-HI SERR. L&S E=27,5 HA 2270-2825;CF;206.86;1.0;1.0;206.86;Attivo - gestito;;14
H02407;SC156-HI L&S E=27,5 HA 2114-2612 (4A);CF;72.72;1.0;1.0;72.72;Attivo - gestito;;15
H02408;SC156-HI KIT INCONTRO E FISSAGGIO;CF;20.74;1.0;1.0;20.74;Attivo - gestito;;15
H02500;PIASTRA DI FISS. INCON X ANTIEFFR. SC156;CF;21.4;3.0;1.0;7.133;Attivo - gestito;;15
H02600;MECC. FIN. ALZ.SC.ANTA H=1235-1925 SC156;CF;252.71;1.0;1.0;252.71;Attivo - gestito;;15
H02601;MECC POR. ALZ.SC. ANTA H=1835-2525 SC156;CF;252.71;1.0;1.0;252.71;Attivo - gestito;;15
H02602;MECC POR. ALZ.SC. ANTA H=2270-2825 SC156;CF;347.08;1.0;1.0;347.08;Attivo - gestito;;15
H02605;KIT INC.CENTR.DX PER ANTA SCORREVOLE OXO;CF;15.86;1.0;1.0;15.856;Attivo - gestito;;15
H02606;KIT INC.CENTR.SX PER ANTA SCORREVOLE OXO;CF;15.86;1.0;1.0;15.856;Attivo - gestito;;15
H02609;KIT INC. CENTRALE DX LATO MAN. PER ANT;CF;19.64;1.0;1.0;19.644;Attivo - gestito;;15
H02610;KIT INC. CENTRALE SX LATO MAN. PER ANT;CF;19.64;1.0;1.0;19.644;Attivo - gestito;;15
H02900;KIT SUPPORTO ANTA FISSA SC156;CF;4.75;1.0;1.0;4.751;Attivo - gestito;;15
H02907;SC156-HI ASTA DI COLLEG.L939(LA740-1600);CF;9.61;1.0;1.0;9.605;Attivo - gestito;;15
H02908;SC156-HI ASTA COLLEGA.L1939(LA1601-2600);CF;17.0;1.0;1.0;16.995;Attivo - gestito;;15
H02909;SC156-HI ASTA COLLEG.L2674(LA2601-3335);CF;23.73;1.0;1.0;23.73;Attivo - gestito;;15
H10102-B1;MANIGLIA INCASSO PER SCORREVOLE NERA;CF;13.81;1.0;1.0;13.807;Attivo - gestito;;15
H10102-S1;MANIGLIA INCASSO PER SCORREVOLE ARG.;CF;13.81;1.0;1.0;13.807;Attivo - gestito;;15
H10102-W1;MANIGLIA INCASSO PER SCORREVOLE BIANCA;CF;13.81;1.0;1.0;13.807;Attivo - gestito;;15
H10103-B1;MANIGLIA DI TRAINO PER SCORREVOLE NERA;CF;9.39;1.0;1.0;9.387;Attivo - gestito;;15
H10103-S1;MANIGLIA DI TRAINO PER SCORREVOLE ARG.;CF;9.39;1.0;1.0;9.387;Attivo - gestito;;15
H10103-W1;MANIGLIA DI  TRAINO PER SCORREVOLE BIANC;CF;9.39;1.0;1.0;9.387;Attivo - gestito;;15
H10201;S140 - COPPIA CARRELLI ADD. PER ALZANTE;CF;78.78;1.0;1.0;78.78;Attivo - gestito;;15
H10203;S140 - KIT CARRELLI PER SCORREVOLE;CF;14.57;2.0;1.0;7.287;Attivo - gestito;;15
H10204;S140 - KIT CARRELLI SUPPLEMENTARI;CF;14.57;2.0;1.0;7.287;Attivo - gestito;;15
H10400;S140 -CONF.ACC.CON PUNTO CHIUSURA 9.5MM;CF;21.22;1.0;1.0;21.22;Attivo - gestito;;15
H10401;S140-KIT CONTROPIASTRA DI FISSAGGIO INCO;CF;12.47;2.0;1.0;6.236;Attivo - gestito;;15
H10402;S140-MEC.ALZ .SCOR. PER ANTA H1370-1970;CF;84.3;1.0;1.0;84.3;Attivo - gestito;;15
H10403;S140-MEC.ALZ.SCOR.PER ANTA H1971-2270;CF;84.41;1.0;1.0;84.41;Attivo - gestito;;15
H10404;S140-MECC.ALZ.SCORR. PER ANTA H2271-2570;CF;84.96;1.0;1.0;84.96;Attivo - gestito;;15
H10405;S140-MEC.ALZ.SCOR. PER ANTA H2571-2870;CF;88.38;1.0;1.0;88.38;Attivo - gestito;;15
H10419;S140 - SERRATURA 2 PUNTI;CF;57.82;2.0;1.0;28.91;Attivo - gestito;;15
H10420;S140 - SERRATURA 3 PUNTI;CF;80.66;2.0;1.0;40.33;Attivo - gestito;;15
H10421;S140 - SERRATURA 3 PUNTI PRED CILINDRO;CF;135.51;2.0;1.0;67.755;Attivo - gestito;;15
H10600;S140 - KIT PER ALZANTE SCORR.(MAX.270);CF;128.02;1.0;1.0;128.02;Attivo - gestito;;15
H10601;S140 - KIT ALZ SCORR ANTA CENTR(MAX.270);CF;91.6;1.0;1.0;91.6;Attivo - gestito;;15
H10902;S140 - ASTA DI COLLEGAMENTO 2000;CF;15.78;1.0;1.0;15.784;Attivo - gestito;;15
H10904;S140 - ASTA DI COLLEGAMENTO 3230;CF;25.61;1.0;1.0;25.61;Attivo - gestito;;15
H10905;S140 - COVER FINITURA MECCANISMO (L=600;CF;27.59;1.0;1.0;27.59;Attivo - gestito;;15
H10906;S140 - SPESSORI DA 0.5 MM PER PUNTO DI C;CF;7.01;1.0;1.0;7.007;Attivo - gestito;;15
H10913;S140 - DISPOSITIVO ANTI FALSA MANOVRA;CF;2.91;1.0;1.0;2.908;Attivo - gestito;;15
H11100-S2;S146LM MANIGLIA INT.ANODIZZATA ARGENTO;CF;39.95;1.0;1.0;39.95;Attivo - gestito;;15
H11101-B1;S146LM MANIGLIA INTERNA NERA;CF;39.42;1.0;1.0;39.42;Attivo - gestito;;15
H11102-B1;S146LM MANIGLIA ESTERNA NERA;CF;13.47;1.0;1.0;13.465;Attivo - gestito;;15
H11102-S2;S146LM MANIGLIA ESTERNA ANODIZZATA ARG;CF;19.93;1.0;1.0;19.934;Attivo - gestito;;15
H11123-B1;S146LM-KIT MAN. FISSA PER XXXX R.9005;CF;17.27;1.0;1.0;17.274;Attivo - gestito;;15
H11123-S2;S146LM-KIT MAN. FISSA PER XXXX SILV.ANOD;CF;20.64;1.0;1.0;20.64;Attivo - gestito;;15
H11200;S146LM KIT CARRELLI, PORTATA 350 KG;CF;34.1;2.0;1.0;17.05;Attivo - gestito;;15
H11203P1;S146LM CARRELLO REGOLABILE 200 KG;CF;29.15;2.0;1.0;14.575;Attivo - gestito;;15
H11401;S146LM MECCANISMO DI CHIUSURA;CF;5.08;1.0;1.0;5.082;Attivo - gestito;;15
H11406;S146LM PUNTO DI CHIUSURA;CF;5.53;1.0;1.0;5.527;Attivo - gestito;;15
H11407P1;S146LM ASTA 1 PUNTO DI CHIUSURA;CF;22.84;2.0;1.0;11.42;Attivo - gestito;;15
H11408P1;S146LM ASTA 2 PUNTI DI CHIUSURA;CF;26.59;2.0;1.0;13.295;Attivo - gestito;;15
H11409P1;S146LM ASTA 3 PUNTI DI CHIUSURA;CF;48.55;2.0;1.0;24.275;Attivo - gestito;;15
H11410P1;S146LM ASTA 4 PUNTI DI CHIUSURA;CF;61.25;2.0;1.0;30.625;Attivo - gestito;;15
H11600;S146LM KIT DI FISSAGGIO ANTA OX;CF;12.26;1.0;1.0;12.255;Attivo - gestito;;15
H11604;S146LM SUPPORTO PER INCONTRO 4 ANTE 92;CF;6.62;1.0;1.0;6.624;Attivo - gestito;;15
H11606;S146LM SUPPORTO INCONTRO 4 ANTE 135MM;CF;8.94;1.0;1.0;8.942;Attivo - gestito;;15
H11607;S146LM INCONTRO ANTI-FALSA MANOVRA;CF;2.88;1.0;1.0;2.877;Attivo - gestito;;15
H19109-B1;NOVAE RONDO MANIG.SING. SEN/CHIAV R.9005;CF;38.36;1.0;1.0;38.36;Attivo - gestito;;15
H19109-R2;NOVAE RONDO MANIG.SING. SEN/CHIAV ORO;CF;52.42;1.0;1.0;52.42;Attivo - gestito;;15
H19109-S1;NOVAE RONDO MANIG.SING. SEN/CHIAV SILVER;CF;38.36;1.0;1.0;38.36;Attivo - gestito;;15
H19109-T3;NOVAE RONDO MANIG.SING. SEN.CHIAV TITOP;CF;52.42;1.0;1.0;52.42;Attivo - gestito;;15
H19109-W1;NOVAE RONDO MANIG.SING. SEN/CHIAV R.9010;CF;38.36;1.0;1.0;38.36;Attivo - gestito;;15
H19110-B1;NOVAE RONDO MANIG.SING. C/CHIAV R.9005;CF;38.36;1.0;1.0;38.36;Attivo - gestito;;15
H19110-R2;NOVAE RONDO MANIG.SING. C/CHIAV ORO;CF;52.42;1.0;20.0;52.42;Attivo - gestito;;16
H19110-S1;NOVAE RONDO MANIG.SING. C/CHIAV SILVER;CF;38.36;1.0;1.0;38.36;Attivo - gestito;;16
H19110-T3;NOVAE RONDO MANIG.SING. C/CHIAV TIT.OPAC;CF;52.42;1.0;1.0;52.42;Attivo - gestito;;16
H19110-W1;NOVAE RONDO MANIG.SING. C/CHIAV R.9010;CF;38.36;1.0;1.0;38.36;Attivo - gestito;;16
H19111-B1;NOVAE RONDO MANIG. DOPPIO C/CHIAV R9005;CF;76.7;1.0;1.0;76.7;Attivo - gestito;;16
H19111-R2;NOVAE RONDO MANIG. DOPPIO C/CHIAV ORO;CF;104.84;1.0;1.0;104.84;Attivo - gestito;;16
H19111-S1;NOVAE RONDO MANIG. DOPPIO C/CHIAV SILVER;CF;76.7;1.0;1.0;76.7;Attivo - gestito;;16
H19111-T3;NOVAE RONDO MANIG. DOPPIO C/CHIAV TIT.OP;CF;104.84;1.0;1.0;104.84;Attivo - gestito;;16
H19111-W1;NOVAE RONDO MANIG. DOPPIO C/CHIAV R9010;CF;76.7;1.0;1.0;76.7;Attivo - gestito;;16
H19112-B1;NOVAE QUADRA MANIG.SING. S/CHIAV.R.9005;CF;38.36;1.0;1.0;38.36;Attivo - gestito;;16
H19112-R2;NOVAE QUADRA MANIG.SING. S/CHIAV. ORO;CF;52.42;1.0;1.0;52.42;Attivo - gestito;;16
H19112-S1;NOVAE QUADRA MANIG.SING. S/CHIAV.SILVER;CF;38.36;1.0;1.0;38.36;Attivo - gestito;;16
H19112-T3;NOVAE QUADRA MANIG.SING. S/CHIAV.TIT.OP;CF;52.42;1.0;1.0;52.42;Attivo - gestito;;16
H19112-W1;NOVAE QUADRA MANIG.SING. S/CHIAV.R.9010;CF;38.36;1.0;1.0;38.36;Attivo - gestito;;16
H19113-B1;NOVAE QUADRA MANIG.SING. C/CHIAVE R.9005;CF;38.36;1.0;1.0;38.36;Attivo - gestito;;16
H19113-R2;NOVAE QUADRA MANIG.SING. C/CHIAVE ORO;CF;52.42;1.0;1.0;52.42;Attivo - gestito;;16
H19113-S1;NOVAE QUADRA MANIG.SING. C/CHIAVE SILVER;CF;38.36;1.0;1.0;38.36;Attivo - gestito;;16
H19113-T3;NOVAE QUADRA MANIG.SING. C/CHIAVE TIT.OP;CF;52.42;1.0;1.0;52.42;Attivo - gestito;;16
H19113-W1;NOVAE QUADRA MANIG.SING. C/CHIAVE R.9010;CF;38.36;1.0;1.0;38.36;Attivo - gestito;;16
H19114-B1;NOVAE QUADRA MAN.DOPPIO C/CHIAVE R.9005;CF;76.7;1.0;1.0;76.7;Attivo - gestito;;16
H19114-R2;NOVAE QUADRA MAN.DOPPIO C/CHIAVE ORO;CF;104.84;1.0;1.0;104.84;Attivo - gestito;;16
H19114-S1;NOVAE QUADRA MAN.DOPPIO C/CHIAVE SILVER;CF;76.7;1.0;1.0;76.7;Attivo - gestito;;16
H19114-T3;NOVAE QUADRA MAN.DOPPIO C/CHIAVE TIT.OP.;CF;104.84;1.0;1.0;104.84;Attivo - gestito;;16
H19114-W1;NOVAE QUADRA MAN.DOPPIO C/CHIAVE R.9010;CF;76.7;1.0;1.0;76.7;Attivo - gestito;;16
H19115-B1;MANIGLIA DI TRAINO ESTERNO R.9005;CF;9.71;1.0;1.0;9.708;Attivo - gestito;;16
H19115-R2;MANIGLIA DI TRAINO ESTERNO ORO;CF;13.07;1.0;1.0;13.073;Attivo - gestito;;16
H19115-S1;MANIGLIA DI TRAINO ESTERNO SILVER;CF;9.71;1.0;1.0;9.708;Attivo - gestito;;16
H19115-T3;MANIGLIA DI TRAINO ESTERNO TIT.OPACO;CF;13.07;1.0;1.0;13.073;Attivo - gestito;;16
H19115-W1;MANIGLIA DI TRAINO ESTERNO R.9010;CF;9.71;1.0;1.0;9.708;Attivo - gestito;;16
H19142-B1;MARTELLINA DISASSATA DX NERA;CF;19.32;1.0;1.0;19.324;Attivo - gestito;;16
H19142-S1;MARTELLINA DISASSATA DX ARG.;CF;19.32;1.0;1.0;19.324;Attivo - gestito;;16
H19142-W1;MARTELLINA DISASSATA DX BIANCA;CF;19.32;1.0;1.0;19.324;Attivo - gestito;;16
H19143-B1;MARTELLINA DISASSATA SX NERA;CF;19.32;1.0;1.0;19.323;Attivo - gestito;;16
H19143-S1;MARTELLINA DISASSATA SX ARG.;CF;19.32;1.0;1.0;19.324;Attivo - gestito;;16
H19143-W1;MARTELLINA DISASSATA SX  BIANCA;CF;19.32;1.0;1.0;19.324;Attivo - gestito;;16
H19144-B1;DOPPIA MARTELLINA DISASSATA NERA;CF;34.77;1.0;1.0;34.77;Attivo - gestito;;16
H19144-S1;DOPPIA MARTELLINA DISASSATA ARGENTO;CF;34.77;1.0;1.0;34.77;Attivo - gestito;;16
H19144-W1;DOPPIA MARTELLINA DISASSATA BIANCA;CF;34.77;1.0;1.0;34.77;Attivo - gestito;;16
H19151-B1;MANIGLIA L. DI TRAINO ESTERNO R.9005;CF;13.02;1.0;1.0;13.02;Attivo - gestito;;16
H19151-L1;MANIGLIA L. DI TRAINO ESTERNO ACC.SAT.OP;CF;20.31;1.0;1.0;20.31;Attivo - gestito;;16
H19151-L3;MANIGLIA L. DI TRAINO ESTERNO RAME SATIN;CF;20.31;1.0;1.0;20.31;Attivo - gestito;;16
H19151-L5;MANIGLIA L. DI TRAINO ESTERNO NICHEL SAT;CF;20.31;1.0;1.0;20.31;Attivo - gestito;;16
H19151-L6;MANIGLIA L. DI TRAINO ESTERNO CROMO NERO;CF;20.31;1.0;1.0;20.31;Attivo - gestito;;16
H19151-S1H;MANIGLIA L. DI TRAINO ESTERNO SILVER;CF;15.68;1.0;1.0;15.68;Attivo - gestito;;16
H19151-T3;MANIGLIA L. DI TRAINO ESTERNO TIT.OPACO;CF;20.31;1.0;1.0;20.31;Attivo - gestito;;16
H19151-W1;MANIGLIA L. DI TRAINO ESTERNO R.9010;CF;13.02;1.0;1.0;13.02;Attivo - gestito;;16
H19152-B1;NOVAE LINEA MANIG.SING. S/CHIAV.R.9005;CF;52.5;1.0;1.0;52.5;Attivo - gestito;;16
H19152-L1;NOVAE LINEA MANIG.SING. S/CHIAV.ACC.SAT.;CF;83.86;1.0;1.0;83.86;Attivo - gestito;;16
H19152-L3;NOVAE LINEA MANIG.SING. S/CHIAV.RAME SAT;CF;83.86;1.0;1.0;83.86;Attivo - gestito;;16
H19152-L5;NOVAE LINEA MANIG.SING. S/CHIAV.NICH.SAT;CF;83.86;1.0;1.0;83.86;Attivo - gestito;;16
H19152-L6;NOVAE LINEA MANIG.SING. S/CHIAV.CROMO NE;CF;83.86;1.0;1.0;83.86;Attivo - gestito;;16
H19152-S1H;NOVAE LINEA MANIG.SING. S/CHIAV.SILVER;CF;55.6;1.0;1.0;55.6;Attivo - gestito;;16
H19152-T3;NOVAE LINEA MANIG.SING. S/CHIAV.TIT.OP;CF;83.86;1.0;1.0;83.86;Attivo - gestito;;16
H19152-W1;NOVAE LINEA MANIG.SING. S/CHIAV.R.9010;CF;52.5;1.0;1.0;52.5;Attivo - gestito;;16
H19153-B1;NOVAE LINEA MANIG.SING. C/CHIAV.R.9005;CF;52.5;1.0;1.0;52.5;Attivo - gestito;;16
H19153-L1;NOVAE LINEA MANIG.SING. C/CHIAV.ACC.SAT;CF;83.86;1.0;1.0;83.86;Attivo - gestito;;16
H19153-L3;NOVAE LINEA MANIG.SING. C/CHIAV.RAME SAT;CF;83.86;1.0;1.0;83.86;Attivo - gestito;;16
H19153-L5;NOVAE LINEA MANIG.SING. C/CHIAV.NIC.SAT;CF;83.86;1.0;1.0;83.86;Attivo - gestito;;16
H19153-L6;NOVAE LINEA MANIG.SING. C/CHIAV.CROMO NE;CF;83.86;1.0;1.0;83.86;Attivo - gestito;;16
H19153-S1H;NOVAE LINEA MANIG.SING. C/CHIAV.SILVER;CF;55.6;1.0;1.0;55.6;Attivo - gestito;;16
H19153-T3;NOVAE LINEA MANIG.SING. C/CHIAV.TIT.OPAC;CF;83.86;1.0;1.0;83.86;Attivo - gestito;;16
H19153-W1;NOVAE LINEA MANIG.SING. C/CHIAV.R.9010;CF;52.5;1.0;1.0;52.5;Attivo - gestito;;16
H19154-B1;NOVAE LINEA MAN.DOPPIO C/CHIAVE R.9005;CF;104.98;1.0;1.0;104.98;Attivo - gestito;;16
H19154-L1;NOVAE LINEA MAN.DOPPIO C/CHIAVE ACC.SAT;CF;167.71;1.0;1.0;167.71;Attivo - gestito;;17
H19154-L3;NOVAE LINEA MAN.DOPPIO C/CHIAVE RAME SAT;CF;167.71;1.0;1.0;167.71;Attivo - gestito;;17
H19154-L5;NOVAE LINEA MAN.DOPPIO C/CHIAVE NICHEL S;CF;167.71;1.0;1.0;167.71;Attivo - gestito;;17
H19154-L6;NOVAE LINEA MAN.DOPPIO C/CHIAVE CROMO NE;CF;167.71;1.0;1.0;167.71;Attivo - gestito;;17
H19154-S1H;NOVAE LINEA MAN.DOPPIO C/CHIAVE SILVER;CF;111.2;1.0;1.0;111.2;Attivo - gestito;;17
H19154-T3;NOVAE LINEA MAN.DOPPIO C/CHIAVE TIT.OP;CF;167.71;1.0;1.0;167.71;Attivo - gestito;;17
H19154-W1;NOVAE LINEA MAN.DOPPIO C/CHIAVE R.9010;CF;104.98;1.0;1.0;104.98;Attivo - gestito;;17
H20501;KIT CHIUSURE PER BILICO KG 175;CF;87.96;1.0;1.0;87.96;Attivo - gestito;;17
H20504;SERR. E=55 PIAT2400X3/24 3SCROCC 2 GANCI;CF;139.05;1.0;1.0;139.05;Attivo - gestito;;17
H20507;INC.SUPERIORE INFERIORE PER PORTABALCONE;CF;14.57;1.0;1.0;14.573;Attivo - gestito;;17
H20508;INCONTRO CENTRALE DX PER PORTABALCONE;CF;28.93;1.0;1.0;28.93;Attivo - gestito;;17
H20509;INCONTRO CENTRALE SX PER PORTABALCONE;CF;28.93;1.0;1.0;28.93;Attivo - gestito;;17
H43121-B1;NOVAE R.IMPUG. C/BASE NERO;CF;7.07;1.0;1.0;7.069;Attivo - gestito;;17
H43121-R2;NOVAE R.IMPUG. C/BASE ORO;CF;14.24;1.0;1.0;14.242;Attivo - gestito;;17
H43121-S1H;NOVAE R.IMPUG. C/BASE ARG.L;CF;7.07;1.0;1.0;7.069;Attivo - gestito;;17
H43121-T3;NOVAE R.IMPUG. C/BASE TIT.OP;CF;14.24;1.0;1.0;14.242;Attivo - gestito;;17
H43121-W1;NOVAE R.IMPUG. C/BASE BIANCO;CF;7.07;1.0;1.0;7.069;Attivo - gestito;;17
H43122-B1;NOVAE Q.IMPUG. C/BASE NERO;CF;7.07;1.0;1.0;7.069;Attivo - gestito;;17
H43122-R2;NOVAE Q.IMPUG. C/BASE ORO;CF;14.24;1.0;1.0;14.242;Attivo - gestito;;17
H43122-S1H;NOVAE Q.IMPUG. C/BASE ARG.L;CF;7.07;1.0;1.0;7.069;Attivo - gestito;;17
H43122-T3;NOVAE Q.IMPUG. C/BASE TIT.OP;CF;14.24;1.0;1.0;14.242;Attivo - gestito;;17
H43122-W1;NOVAE Q.IMPUG. C/BASE BIANCO;CF;7.07;1.0;1.0;7.069;Attivo - gestito;;17
H43123-B1;NOVAE R.IMPUG. C/BASE  C/CH NERO;CF;29.14;1.0;1.0;29.14;Attivo - gestito;;17
H43123-S1H;NOVAE R.IMPUG. C/BASE  C/CH ARG.L;CF;29.14;1.0;1.0;29.14;Attivo - gestito;;17
H43123-W1;NOVAE R.IMPUG. C/BASE  C/CH BIANCO;CF;29.14;1.0;1.0;29.14;Attivo - gestito;;17
H43124-B1;NOVAE Q.IMPUG. C/BASE  C/CH NERO;CF;29.14;1.0;1.0;29.14;Attivo - gestito;;17
H43124-S1H;NOVAE Q.IMPUG. C/BASE  C/CH ARG.L;CF;29.14;1.0;1.0;29.14;Attivo - gestito;;17
H43124-W1;NOVAE Q.IMPUG. C/BASE  C/CH BIANCO;CF;29.14;1.0;1.0;29.14;Attivo - gestito;;17
H43125;MECC.NOVAE IMPUG.C/BASE L=25 MM;CF;4.72;1.0;1.0;4.72;Attivo - gestito;;17
H43126;MECC.T&T NOVAE IMPUG.C/BASE C/CH L=25 MM;CF;6.24;1.0;1.0;6.241;Attivo - gestito;;17
H43127;MECC.TBT NOVAE IMPUG.C/BASE C/CH L=25 MM;CF;6.24;1.0;1.0;6.241;Attivo - gestito;;17
H43304-B1;CERN. PORTA 2 ALI INTERASSE 62,5 R.9005;CF;18.65;1.0;1.0;18.651;Attivo - gestito;;17
H43304-S1;CERN. PORTA 2 ALI INTERASSE 62,5 SILVER;CF;18.65;1.0;1.0;18.651;Attivo - gestito;;17
H43304-W1;CERN. PORTA 2 ALI INTERASSE 62,5 R.9010;CF;18.65;1.0;1.0;18.651;Attivo - gestito;;17
H43305-B1;CERN. PORTA 3 ALI INTERASSE 62,5 R.9005;CF;29.02;1.0;1.0;29.02;Attivo - gestito;;17
H43305-S1;CERN. PORTA 3 ALI INTERASSE 62,5 SILVER;CF;29.02;1.0;1.0;29.02;Attivo - gestito;;17
H43305-W1;CERN. PORTA 3 ALI INTERASSE 62,5 R.9010;CF;29.02;1.0;1.0;29.02;Attivo - gestito;;17
H43306-B1;CERN. PORTA 2 ALI INTERASSE 70,5 R.9005;CF;19.1;1.0;1.0;19.096;Attivo - gestito;;17
H43306-S1;CERN. PORTA 2 ALI INTERASSE 70,5 SILVER;CF;19.1;1.0;1.0;19.096;Attivo - gestito;;17
H43306-W1;CERN. PORTA 2 ALI INTERASSE 70,5 R.9010;CF;19.1;1.0;1.0;19.096;Attivo - gestito;;17
H43307-B1;CERN. PORTA 3 ALI INTERASSE 70,5 R.9005;CF;29.47;1.0;1.0;29.47;Attivo - gestito;;17
H43307-S1;CERN. PORTA 3 ALI INTERASSE 70,5  SILVER;CF;29.47;1.0;1.0;29.47;Attivo - gestito;;17
H43307-W1;CERN. PORTA 3 ALI INTERASSE 70,5  R.9010;CF;29.47;1.0;1.0;29.47;Attivo - gestito;;17
H43310-B1;CERN. PORTA 2 ALI INTERASSE 84MM R.9005;CF;19.53;1.0;1.0;19.53;Attivo - gestito;;17
H43310-S1;CERN. PORTA 2 ALI INTERASSE 84MM SILVER;CF;19.53;1.0;1.0;19.53;Attivo - gestito;;17
H43310-W1;CERN. PORTA 2 ALI INTERASSE 84MM R.9010;CF;19.53;1.0;1.0;19.53;Attivo - gestito;;17
H43311-B1;CERN. PORTA 3 ALI INTERASSE 84MM R.9005;CF;30.68;1.0;1.0;30.68;Attivo - gestito;;17
H43311-S1;CERN. PORTA 3 ALI INTERASSE 84MM SILVER;CF;30.68;1.0;1.0;30.68;Attivo - gestito;;17
H43311-W1;CERN. PORTA 3 ALI INTERASSE 84MM  R9010;CF;30.68;1.0;1.0;30.68;Attivo - gestito;;17
H43400;COPPIA BRACCETTI LIMITATORI;CF;34.65;1.0;1.0;34.65;Attivo - gestito;;17
H43502;KIT FISSAGGIO MANIGLIA C67K;CF;8.89;10.0;1.0;0.889;Attivo - gestito;;17
H43518;KIT PIASTRE DI RINFORZO PER CERN.SPORGER;CF;10.55;4.0;1.0;2.637;Attivo - gestito;;17
H43605;KIT FISSAGGIO CERNIERA 2 ALI - VITE 38MM;CF;8.06;1.0;1.0;8.063;Attivo - gestito;;17
H43606;KIT FISSAGGIO CERNIERA 3 ALI - VITE 38MM;CF;9.99;1.0;1.0;9.988;Attivo - gestito;;17
H43607;VITI FISSAGGIO CERNIERA PORTE M8X50;CF;18.54;20.0;1.0;0.927;Attivo - gestito;;17
H43909-B1;45N-55N-SPESS.10MM CERN.FR.POR.R9005;CF;35.31;10.0;1.0;3.531;Attivo - gestito;;17
H43909-S1;45N-55N-SPESS.10MM CERN.FR.POR.SILVER;CF;35.31;10.0;1.0;3.531;Attivo - gestito;;17
H43909-W1;45N-55N-SPESS.10MM CERN.FR.POR.R9010;CF;35.31;10.0;1.0;3.531;Attivo - gestito;;17
H43917;VITI DI FISSAGGIO M12X65;CF;18.77;20.0;1.0;0.938;Attivo - gestito;;17
H43918;VITI DI FISSAGGIO M12X75;CF;20.97;20.0;1.0;1.049;Attivo - gestito;;17
H47000-B1;NOVAE R.CREM.1F AK+ NERO;CF;12.59;1.0;1.0;12.586;Attivo - gestito;;17
H47000-S1H;NOVAE R.CREM.1F AK+ ARG.L;PZ;16.82;1.0;1.0;16.819;Attivo - gestito;;17
H47000-W1;NOVAE R.CREM.1F AK+ BIANCO;PZ;12.59;1.0;1.0;12.586;Attivo - gestito;;17
H47001-B1;NOVAE Q.CREM.1F AK+ NERO;PZ;12.59;1.0;1.0;12.586;Attivo - gestito;;18
H47001-S1H;NOVAE Q.CREM.1F AK+ ARG.L;PZ;16.82;1.0;1.0;16.819;Attivo - gestito;;18
H47001-W1;NOVAE Q.CREM.1F AK+ BIANCO;PZ;12.59;1.0;1.0;12.586;Attivo - gestito;;18
H47002-B1;NOVAE R.CREM.1F AK+ C/CH T&T NERO;PZ;32.44;1.0;1.0;32.44;Attivo - gestito;;18
H47002-S1H;NOVAE R.CREM.1F AK+ C/CH T&T ARG.L;PZ;33.54;1.0;1.0;33.54;Attivo - gestito;;18
H47002-W1;NOVAE R.CREM.1F AK+ C/CH T&T BIANCO;PZ;32.44;1.0;1.0;32.44;Attivo - gestito;;18
H47003-B1;NOVAE Q.CREM.1F AK+ C/CH T&T NERO;PZ;32.44;1.0;1.0;32.44;Attivo - gestito;;18
H47003-S1H;NOVAE Q.CREM.1F AK+ C/CH T&T ARG.L;PZ;33.54;1.0;1.0;33.54;Attivo - gestito;;18
H47003-W1;NOVAE Q.CREM.1F AK+ C/CH T&T BIANCO;PZ;32.44;1.0;1.0;32.44;Attivo - gestito;;18
H47004-B1;SOFTLINE CREM.1F NERO;CF;12.59;1.0;1.0;12.586;Attivo - gestito;;18
H47004-W1;SOFTLINE CREM.1F BIANCO;CF;12.59;1.0;1.0;12.586;Attivo - gestito;;18
H47009-B1;NOVAE R.CREM.1F AK+ C/CH TBT NERO;CF;32.44;1.0;1.0;32.44;Attivo - gestito;;18
H47009-S1H;NOVAE R.CREM.1F AK+ C/CH TBT ARG.L;CF;32.44;1.0;1.0;32.44;Attivo - gestito;;18
H47009-W1;NOVAE R.CREM.1F AK+ C/CH TBT BIANCO;CF;32.44;1.0;1.0;32.44;Attivo - gestito;;18
H47010-B1;NOVAE Q.CREM.1F AK+ C/CH TBT NERO;CF;32.44;1.0;1.0;32.44;Attivo - gestito;;18
H47010-S1H;NOVAE Q.CREM.1F AK+ C/CH TBT ARG.L;CF;32.44;1.0;1.0;32.44;Attivo - gestito;;18
H47010-W1;NOVAE Q.CREM.1F AK+ C/CH TBT BIANCO;CF;32.44;1.0;1.0;32.44;Attivo - gestito;;18
H47800;C67K - FORCELLA PER CREMONESE SPORGERE;CF;9.66;5.0;1.0;1.931;Attivo - gestito;;18
H48030-B1;NOVAE R.CREM.SPORG.NERO;PZ;15.43;1.0;1.0;15.432;Attivo - gestito;;18
H48030-S1H;NOVAE R.CREM.SPORG.ARG;CF;15.43;1.0;1.0;15.432;Attivo - gestito;;18
H48030-W1;NOVAE R.CREM.SPORG.BIANCO;CF;15.43;1.0;1.0;15.432;Attivo - gestito;;18
H48102;MECC.NOVAE IMPUG. NO-BASE;CF;4.7;1.0;1.0;4.699;Attivo - gestito;;18
H48103-B1;NOVAE R.IMPUG. NO/BASE NERO;CF;8.73;1.0;1.0;8.725;Attivo - gestito;;18
H48103-R2;NOVAE R.IMPUG. NO/BASE ORO;CF;14.24;1.0;1.0;14.242;Attivo - gestito;;18
H48103-S1;NOVAE R.IMPUG. NO/BASE ARG;CF;8.73;1.0;1.0;8.725;Attivo - gestito;;18
H48103-T3;NOVAE R.IMPUG. NO/BASE TIT.OP;CF;14.24;1.0;1.0;14.242;Attivo - gestito;;18
H48103-W1;NOVAE R.IMPUG. NO/BASE BIANCO;CF;8.73;1.0;1.0;8.725;Attivo - gestito;;18
H48104-B1;NOVAE Q.IMPUG. NO/BASE NERO;CF;8.73;1.0;1.0;8.725;Attivo - gestito;;18
H48104-R2;NOVAE Q.IMPUG. NO/BASE ORO;CF;14.24;1.0;1.0;14.242;Attivo - gestito;;18
H48104-S1;NOVAE Q.IMPUG. NO/BASE ARG;CF;8.73;1.0;1.0;8.725;Attivo - gestito;;18
H48104-T3;NOVAE Q.IMPUG. NO/BASE TIT.OP;CF;14.24;1.0;1.0;14.242;Attivo - gestito;;18
H48104-W1;NOVAE Q.IMPUG. NO/BASE BIANCO;CF;8.73;1.0;1.0;8.725;Attivo - gestito;;18
H48105;MECC.TBT NOVAE IMPUG. NO-BASE C/CH;CF;7.18;1.0;1.0;7.183;Attivo - gestito;;18
H48112;MECC.T&T NOVAE IMPUG. NO-BASE C/CH;CF;7.18;1.0;1.0;7.183;Attivo - gestito;;18
H48115;AK+ MECC. CHIUS. STULP SX;CF;5.8;1.0;1.0;5.796;Attivo - gestito;;18
H48116;AK+ MECC. CHIUS. STULP DX;CF;5.8;1.0;1.0;5.796;Attivo - gestito;;18
H48118;MECC.NOVAE IMPUG. NO-BASE C/CH RC2;CF;11.81;1.0;1.0;11.809;Attivo - gestito;;18
H48119;AK+ CREMONESE INCASSATA 22/43MM;CF;8.01;1.0;1.0;8.011;Attivo - gestito;;18
H48120-B1;NOVAE R.IMPUG. NO/BASE C/CH RC2 NERO;CF;33.66;1.0;1.0;33.66;Attivo - gestito;;18
H48120-S1;NOVAE R.IMPUG. NO/BASE C/CH RC2 ARG;CF;33.66;1.0;1.0;33.66;Attivo - gestito;;18
H48120-W1;NOVAE R.IMPUG. NO/BASE C/CH RC2 BIANCO;CF;33.66;1.0;1.0;33.66;Attivo - gestito;;18
H48121-B1;NOVAE Q.IMPUG. NO/BASE C/CH RC2 NERO;CF;33.66;1.0;1.0;33.66;Attivo - gestito;;18
H48121-S1;NOVAE Q.IMPUG. NO/BASE C/CH RC2 ARG;CF;33.66;1.0;1.0;33.66;Attivo - gestito;;18
H48121-W1;NOVAE Q.IMPUG. NO/BASE C/CH RC2 BIANCO;CF;33.66;1.0;1.0;33.66;Attivo - gestito;;18
H48125-B1;NOVAE L.IMPUG. NO BASE NERO;CF;10.5;1.0;1.0;10.495;Attivo - gestito;;18
H48125-L1;NOVAE L.IMPUG. NO BASE ACC.SAT.OPACO;CF;18.16;1.0;1.0;18.164;Attivo - gestito;;18
H48125-L3;NOVAE L.IMPUG. NO BASE RAME SATINATO;CF;18.16;1.0;1.0;18.164;Attivo - gestito;;18
H48125-L5;NOVAE L.IMPUG. NO BASE NICHEL SATINATO;CF;18.16;1.0;1.0;18.164;Attivo - gestito;;18
H48125-L6;NOVAE L.IMPUG. NO BASE CROMO NERO;CF;18.16;1.0;1.0;18.164;Attivo - gestito;;18
H48125-S1H;NOVAE L.IMPUG. NO BASE ARG.LIQ.;CF;11.26;1.0;1.0;11.261;Attivo - gestito;;18
H48125-T3;NOVAE L.IMPUG. NO BASE TITANIO OPACO;CF;17.09;1.0;1.0;17.088;Attivo - gestito;;18
H48125-W1;NOVAE L.IMPUG. NO BASE BIANCO;CF;10.5;1.0;1.0;10.495;Attivo - gestito;;18
H48126;MECC.RIBASSATO NOVAE L. IMPUG. NO-BASE;CF;11.81;1.0;1.0;11.809;Attivo - gestito;;18
H48302;KIT CERNIERA NASCOSTA DX C180 AP AN C67K;CF;33.77;1.0;1.0;33.77;Attivo - gestito;;18
H48303;KIT CERNIERA NASCOSTA SX C180 AP AN C67K;CF;33.77;1.0;1.0;33.77;Attivo - gestito;;18
H48304;FALSA CERNIERA AGGIUNTIVA;CF;3.21;1.0;1.0;3.209;Attivo - gestito;;18
H48321;KIT CERNIERA NASCOSTA DX C180;CF;56.72;1.0;1.0;56.72;Attivo - gestito;;18
H48322;KIT CERNIERA NASCOSTA SX C180;CF;56.72;1.0;1.0;56.72;Attivo - gestito;;18
H48323-B1;CERNIERA PER SPORGERE RAL 9005;CF;9.94;1.0;1.0;9.936;Attivo - gestito;;18
H48323-S1;CERNIERA PER SPORGERE SILVER;CF;9.94;1.0;1.0;9.936;Attivo - gestito;;18
H48323-W1;CERNIERA PER SPORGERE RAL 9010;CF;9.94;1.0;1.0;9.936;Attivo - gestito;;18
H48324;CERNIERA A SCOMPARSA VASISTAS C180-100KG;CF;49.33;1.0;1.0;49.33;Attivo - gestito;;18
H48339-B1;AK+ CERN. 2ALI R.9005;CF;56.5;10.0;1.0;5.65;Attivo - gestito;;18
H48339-S1H;AK+ CERN. 2ALI V.ARGENTO;CF;67.86;10.0;1.0;6.786;Attivo - gestito;;19
H48339-W1;AK+ CERN. 2ALI R.9010;CF;56.5;10.0;1.0;5.65;Attivo - gestito;;19
H48340-B1;AK+ CERN. A PETTINE R.9005;CF;34.43;4.0;1.0;8.608;Attivo - gestito;;19
H48340-S1H;AK+ CERN. A PETTINE V.ARGENTO;CF;36.19;4.0;1.0;9.048;Attivo - gestito;;19
H48340-W1;AK+ CERN. A PETTINE R.9010;CF;34.43;4.0;1.0;8.608;Attivo - gestito;;19
H48341-B1;AK+ KIT CERN. ANTARIB. DX R.9005;CF;21.41;1.0;1.0;21.41;Attivo - gestito;;19
H48341-S1H;AK+ KIT CERN. ANTARIB. DX  V.ARGENTO;CF;22.41;1.0;1.0;22.41;Attivo - gestito;;19
H48341-W1;AK+ KIT CERN. ANTARIB. DX R.9010;CF;21.41;1.0;1.0;21.41;Attivo - gestito;;19
H48342-B1;AK+ KIT CERN. ANTARIB. SX R.9005;CF;21.41;1.0;1.0;21.41;Attivo - gestito;;19
H48342-S1H;AK+ KIT CERN. ANTARIB. SX V.ARGENTO;CF;22.41;1.0;1.0;22.41;Attivo - gestito;;19
H48342-W1;AK+ KIT CERN. ANTARIB. SX R.9010;CF;21.41;1.0;1.0;21.41;Attivo - gestito;;19
H48345-B1;AK+ & HD KIT CERN.ANTARIB. DX R.9005;CF;48.22;1.0;1.0;48.22;Attivo - gestito;;19
H48345-S1;AK+ & HD KIT CERN.ANTARIB. DX SILVER;CF;48.22;1.0;1.0;48.22;Attivo - gestito;;19
H48345-W1;AK+ & HD KIT CERN.ANTARIB. DX R.9010;CF;48.22;1.0;1.0;48.22;Attivo - gestito;;19
H48346-B1;AK+ & HD KIT CERN.ANTARIB. SX R.9005;CF;48.22;1.0;1.0;48.22;Attivo - gestito;;19
H48346-S1;AK+ & HD KIT CERNIERE ANTARIB. SX SILVER;CF;48.22;1.0;1.0;48.22;Attivo - gestito;;19
H48346-W1;AK+ & HD KIT CERN.ANTARIB. SX R.9010;CF;48.22;1.0;1.0;48.22;Attivo - gestito;;19
H48348-B1;AK+ CERN. A PETTINE 3ANTA R.9005;CF;24.94;2.0;1.0;12.47;Attivo - gestito;;19
H48348-S1H;AK+ CERN. A PETTINE 3ANTA V.ARGEN;CF;26.05;2.0;1.0;13.025;Attivo - gestito;;19
H48348-W1;AK+ CERN. A PETTINE 3ANTA R.9010;CF;24.94;2.0;1.0;12.47;Attivo - gestito;;19
H48457;BRACCETTO VASISTAS AK 2.0;CF;10.43;1.0;1.0;10.433;Attivo - gestito;;19
H48458;K-BRACCETTO LIMITATORE ANTA VERSIONE 2;CF;9.88;1.0;1.0;9.884;Attivo - gestito;;19
H48459;BRACCETTO LIMITATORE PER BILICO K;CF;49.49;1.0;1.0;49.49;Attivo - gestito;;19
H48519B1;CRICCHETTO PER VASISTAS RAL 9005;CF;10.32;1.0;1.0;10.319;Attivo - gestito;;19
H48519I1;CRICCHETTO PER VASISTAS RAL1013;CF;10.32;1.0;1.0;10.319;Attivo - gestito;;19
H48519-R2;CRICCHETTO PER VASISTAS ORO;PZ;17.55;1.0;1.0;17.554;Attivo - gestito;;19
H48519-S1H;CRICCHETTO PER VASISTAS V.ARGENTO;CF;10.93;1.0;1.0;10.93;Attivo - gestito;;19
H48519-T3;CRICCHETTO PER VASISTAS TITANIO OPACO;CF;17.55;1.0;1.0;17.554;Attivo - gestito;;19
H48519W1;CRICCHETTO PER VASISTAS RAL 9010;CF;10.32;1.0;1.0;10.319;Attivo - gestito;;19
H48532;KIT FALSA CERNIERA (C180);CF;4.65;1.0;1.0;4.647;Attivo - gestito;;19
H48538;KIT DI CONTRO.PER FISSAG.FRIZIONE BILICO;CF;33.0;1.0;1.0;33.0;Attivo - gestito;;19
H48539;K- KIT CHIUSURA SECONDARIA A SCROCCO;CF;8.95;1.0;1.0;8.953;Attivo - gestito;;19
H48544;AK+ KIT INCONTRI ANTARIBALTA 2 ANTE;CF;17.99;5.0;1.0;3.598;Attivo - gestito;;19
H48545;AK+ KIT INCONTRI FINESTRA 2 ANTE;CF;36.75;30.0;1.0;1.225;Attivo - gestito;;19
H48610;AK+ RINVIO SUPPLEMENTARE C. CHIUSURA;CF;7.4;1.0;1.0;7.4;Attivo - gestito;;19
H48613;AK+ PUNTO DI CHIUSURA M/F 80MM;CF;3.26;1.0;1.0;3.26;Attivo - gestito;;19
H48614;AK+ BRACCETTO SUPPLEMENTARE;CF;9.11;1.0;1.0;9.108;Attivo - gestito;;19
H48616;AK+ KIT BASE SPORGERE;CF;21.63;2.0;1.0;10.815;Attivo - gestito;;19
H48617;AK+ KIT AGGIUNTIVO SPORGERE;CF;14.35;1.0;1.0;14.345;Attivo - gestito;;19
H48618;AK+ PUNTO DI CHIUSURA SPORG M/M 38MM;CF;2.22;1.0;1.0;2.215;Attivo - gestito;;19
H48619;AK+ CONNETTORE ASTA M/M;CF;5.96;10.0;1.0;0.596;Attivo - gestito;;19
H48620;AK+ PUNTO DI CHIUSURA ASTA;CF;21.07;10.0;1.0;2.107;Attivo - gestito;;19
H48621;AK+ PUNTO DI CHIUS. ASTA CAVA 14X18;CF;25.61;10.0;1.0;2.561;Attivo - gestito;;19
H48622;AK+ KIT CATENACCI SECONDA ANTA;CF;11.15;1.0;1.0;11.147;Attivo - gestito;;19
H48624;AK+ KIT BASE SPORGERE SERIE FREDDE;CF;28.14;2.0;1.0;14.07;Attivo - gestito;;19
H48627;AK+ PUNTO DI CHIUSURA SPORGERE SU ASTA;CF;2.47;1.0;1.0;2.474;Attivo - gestito;;19
H48628;AK+ KIT FISS. SPORGERE SERIE FREDDE;CF;7.5;1.0;1.0;7.504;Attivo - gestito;;19
H48779;AK+ KIT BASE A/R AND R/A;CF;22.74;1.0;1.0;22.74;Attivo - gestito;;19
H48781;AK+ CHIUSURA DI SICUREZZA ASTA RC2;CF;5.03;1.0;1.0;5.03;Attivo - gestito;;19
H48790;AK+ PUNTO DI CHIUS. SICUR RC2 GR. 14X18;CF;5.03;1.0;1.0;5.03;Attivo - gestito;;19
H48819;AK+ KIT BASE ANTA;CF;8.89;1.0;1.0;8.891;Attivo - gestito;;19
H48820;AK+ KIT AGGIUNTIVO ANTA;CF;15.56;1.0;1.0;15.556;Attivo - gestito;;19
H48821;AK+ KIT ANTA CREM. INCASSATA;CF;8.89;1.0;1.0;8.891;Attivo - gestito;;19
H48822;AK+ KIT SECONDA ANTA;CF;16.01;1.0;1.0;16.011;Attivo - gestito;;19
H48901;ANGOLARE CONNESSIONE BRACCIO IW;CF;1.39;1.0;1.0;1.387;Attivo - gestito;;19
H48907;AK+ T&T C180 100KG T0 RH;CF;47.35;1.0;1.0;47.35;Attivo - gestito;;19
H48915;AK+ T&T C180 100KG T0 LH;CF;47.35;1.0;1.0;47.35;Attivo - gestito;;19
H48925;AK+ BRACCIO T&T T0;CF;17.43;1.0;1.0;17.429;Attivo - gestito;;19
H48926;AK+ BRACCIO T&T T1;CF;18.54;1.0;1.0;18.537;Attivo - gestito;;19
H48927;AK+ BRACCIO T&T T2;CF;19.2;1.0;1.0;19.199;Attivo - gestito;;19
H48929;AK+ HD BRACCIO T&T T2;CF;40.28;1.0;1.0;40.28;Attivo - gestito;;19
H48930;AK+ BRACCIO ANTA;CF;10.5;1.0;1.0;10.495;Attivo - gestito;;19
H48931;AK+ HD BRACCIO ANTA;CF;16.33;1.0;1.0;16.332;Attivo - gestito;;19
H48932;ASTA BRACCIO ANTA AK+ & HD;CF;3.31;1.0;1.0;3.312;Attivo - gestito;;20
H48938;AK+ T&T C180 100KG T1 RH;CF;51.32;1.0;1.0;51.32;Attivo - gestito;;20
H48939;AK+ T&T C180 100KG T2 RH;CF;54.73;1.0;1.0;54.73;Attivo - gestito;;20
H48940;AK+ T&T C180 100KG T1 LH;CF;51.32;1.0;1.0;51.32;Attivo - gestito;;20
H48941;AK+ T&T C180 100KG T2 LH;CF;54.73;1.0;1.0;54.73;Attivo - gestito;;20
H48942;AK+ T&T C180 150KG T1 RH;CF;96.1;1.0;1.0;96.1;Attivo - gestito;;20
H48943;AK+ T&T C180 150KG T2 RH;CF;100.96;1.0;1.0;100.96;Attivo - gestito;;20
H48944;AK+ T&T C180 150KG T1 LH;CF;96.1;1.0;1.0;96.1;Attivo - gestito;;20
H48945;AK+ T&T C180 150KG T2 LH;CF;100.96;1.0;1.0;100.96;Attivo - gestito;;20
H48948;AK+ SPESSORE CREMONESE INCASSATA 9MM;CF;1.49;1.0;1.0;1.491;Attivo - gestito;;20
H48954;AK+ KIT AGGIUNTIVO RC2 SU ASTA;CF;65.43;1.0;1.0;65.43;Attivo - gestito;;20
H48955;AK+ KIT SECONDA ANTA RC2 SU ASTA;CF;65.43;1.0;1.0;65.43;Attivo - gestito;;20
H48958;CHIUSURA DI SICUREZZA, F/F 38 MM;CF;8.06;1.0;1.0;8.063;Attivo - gestito;;20
H48961;AK+ VITE PER CHIUSURA DI SICUREZZA RC3;CF;41.39;25.0;1.0;1.656;Attivo - gestito;;20
H51300-B1;CERNIERA PER PORTA R.9005;CF;48.66;1.0;1.0;48.66;Attivo - gestito;;20
H51300-R2;CERNIERA PER PORTA ORO;CF;64.93;1.0;1.0;64.93;Attivo - gestito;;20
H51300-S1;CERNIERA PER PORTA VERNICIATO ARGENTO;CF;50.57;1.0;1.0;50.57;Attivo - gestito;;20
H51300-S2;CERNIERA PER PORTA OSSIDATO ARGENTO;CF;48.66;1.0;1.0;48.66;Attivo - gestito;;20
H51300-T3;CERNIERA PER PORTA TITANIO OPACO;CF;56.24;1.0;1.0;56.24;Attivo - gestito;;20
H51300-W1;CERNIERA PER PORTA R.9010;CF;48.66;1.0;1.0;48.66;Attivo - gestito;;20
H51400;SERR. E=35 U-2200X6/24 SCROCCHI-GANCIO;CF;172.69;1.0;1.0;172.69;Attivo - gestito;;20
H59115;MECCANISMO PORTA PER NOVAE 43 MM;CF;3.21;1.0;1.0;3.209;Attivo - gestito;;20
H59116;MECC. PORTA NOVAE 43MM TIPO II;CF;5.53;1.0;1.0;5.53;Attivo - gestito;;20
H59118;MECC.NOVAE IMPUG, PORTA  NO-BASE;CF;6.62;1.0;1.0;6.62;Attivo - gestito;;20
H59119-B1;NOVAE L.IMPUG. PORTA NO/BASE R.9005;CF;10.82;1.0;1.0;10.82;Attivo - gestito;;20
H59119-S1;NOVAE L.IMPUG. PORTA NO/BASE SILVER;CF;10.82;1.0;1.0;10.82;Attivo - gestito;;20
H59119-W1;NOVAE L.IMPUG. PORTA NO/BASE R.9010;CF;10.82;1.0;1.0;10.816;Attivo - gestito;;20
H59308-B2;CERNIERA 2ALI X PORTE INT. LEGNO OX NERO;CF;63.89;10.0;1.0;6.389;Attivo - gestito;;20
H59308-S2;CERNIERA 2ALI X PORTE INT. LEGNO OX ARG;CF;63.89;10.0;1.0;6.389;Attivo - gestito;;20
H59313;CERN.NASCOSTA PORTE;CF;161.12;1.0;1.0;161.12;Attivo - gestito;;20
H59314-B1;CERNIERA A STELO PER PORTE K-NI R.9005;CF;53.89;1.0;1.0;53.89;Attivo - gestito;;20
H59314-S1;CERNIERA A STELO PER PORTE K-NI V.ARG.;CF;53.89;1.0;1.0;53.89;Attivo - gestito;;20
H59314-S2;CERNIERA A STELO PER PORTE K-NI SIL.ANOD;CF;53.89;1.0;1.0;53.89;Attivo - gestito;;20
H59314-W1;CERNIERA A STELO PER PORTE K-NI R.9010;CF;53.89;1.0;1.0;53.89;Attivo - gestito;;20
H59710-B1;NOVAE RONDO-ROSETTA PER CILINDRO R.9005;CF;2.53;1.0;1.0;2.526;Attivo - gestito;;20
H59710-R2;NOVAE RONDO-ROSETTA PER CILINDRO ORO;CF;4.83;1.0;1.0;4.833;Attivo - gestito;;20
H59710-S1H;NOVAE RONDO-ROSETTA PER CILINDRO V.ARG;CF;3.0;1.0;1.0;3.002;Attivo - gestito;;20
H59710-T3;NOVAE RONDO-ROSETTA PER CILINDRO TIT.OPA;CF;4.83;1.0;1.0;4.833;Attivo - gestito;;20
H59710-W1;NOVAE RONDO-ROSETTA PER CILINDRO R.9010;CF;2.53;1.0;1.0;2.526;Attivo - gestito;;20
H59711-B1;NOVAE QUADRA-ROSETTA PER CILIN. R.9005;CF;2.53;1.0;1.0;2.526;Attivo - gestito;;20
H59711-R2;NOVAE QUADRA-ROSETTA PER CILIN. OTTONE;CF;4.83;1.0;1.0;4.833;Attivo - gestito;;20
H59711-S1H;NOVAE QUADRA-ROSETTA PER CILIN.V.ARG.;CF;3.0;1.0;1.0;3.002;Attivo - gestito;;20
H59711-T3;NOVAE QUADRA-ROSETTA PER CILIN.TIT.OPACO;CF;4.83;1.0;20.0;4.833;Attivo - gestito;;20
H59711-W1;NOVAE QUADRA-ROSETTA PER CILIN. R.9010;CF;2.53;1.0;1.0;2.526;Attivo - gestito;;20
H59717;KIT FIX CERN.NASC. PORTE AP.INT.43-56;CF;11.04;1.0;1.0;11.043;Attivo - gestito;;20
H59718;KIT FIX CERN.NASC. PORTE AP.EST.69-82;CF;11.04;1.0;1.0;11.043;Attivo - gestito;;20
H59910;8 PERNO QUADRO X130 PER MANIGLIA PORTA;CF;0.97;1.0;1.0;0.973;Attivo - gestito;;20
H59917;PERNO 8MM X135 MANIGLIA PORTA;CF;1.34;1.0;1.0;1.335;Attivo - gestito;;20
H59929;PERNO 8MM X145 MANIGLIA PORTA;CF;1.11;1.0;1.0;1.108;Attivo - gestito;;20
H80100;CREMONESE PER ASTE ESTERNE, NERO T34;CF;27.26;1.0;1.0;27.26;Attivo - gestito;;20
H80102;T34 - CREMONESE NERA A SCOMPARSA TOTALE;CF;37.96;1.0;1.0;37.96;Attivo - gestito;;20
H80300;CARD. DA MUR. D = 10 MM GA. M10X90MM T34;CF;5.68;1.0;1.0;5.682;Attivo - gestito;;20
H80301;CARD-MU.D=14X14/8 MM, G. M10X28 Z.N. T34;CF;2.83;1.0;1.0;2.826;Attivo - gestito;;20
H80302;CARD. C-BASE STR. 18X200, INT. 15MM T34;CF;5.68;1.0;1.0;5.682;Attivo - gestito;;20
H80303;CARD. C. A SC. A INF. L=110MM C/G NE T34;CF;7.78;1.0;1.0;7.783;Attivo - gestito;;20
H80304;BANDELLA PER ANTA L=237 K=3, NERA T34;CF;4.98;1.0;1.0;4.978;Attivo - gestito;;20
H80305;SPA. SC. ALLA PAD. 3 FORI L=139MM NE.T34;CF;3.48;1.0;1.0;3.478;Attivo - gestito;;20
H80306;SPA. SC. ALLA PAD. 3 FORI L=240MM NE.T34;CF;2.83;1.0;1.0;2.826;Attivo - gestito;;20
H80307;BAND. DRITTA C-SBALZO K=4, L=243 MM T34;CF;5.13;1.0;1.0;5.134;Attivo - gestito;;20
H80308;BAND. DRITTA C-SBALZO K=6, L=200 MM T34;CF;4.65;1.0;1.0;4.647;Attivo - gestito;;20
H80309;BAND-ALLA VIC. CON SBALZO L=115 NERA T34;CF;3.16;1.0;1.0;3.157;Attivo - gestito;;20
H80310;SPA. SC. ALLA PAD. 3 FORI L=158MM NE.T34;CF;3.59;1.0;1.0;3.592;Attivo - gestito;;20
H80311;SPA. SC. ALLA PAD. 3 FORI L=260MM NE.T34;CF;2.6;1.0;1.0;2.598;Attivo - gestito;;20
H80312;PUNTA CON 2 FORI L=110 MM, PVC, NERA T34;CF;2.65;1.0;1.0;2.65;Attivo - gestito;;21
H80313;PUNTA CON 2 FORI L=185 MM, PVC, NERA T34;CF;3.97;1.0;1.0;3.974;Attivo - gestito;;21
H80314-B1;CERN. PE. SFIL. TIPO VICENZA T34 RAL9005;CF;66.75;10.0;1.0;6.675;Attivo - gestito;;21
H80400;KIT SPAGNOLETTA PER LEVA LUNGA T34;CF;12.8;1.0;1.0;12.803;Attivo - gestito;;21
H80401;BATTENTE LUNGO PER SCAMBIO BAT. NERO T34;CF;10.22;1.0;1.0;10.215;Attivo - gestito;;21
H80402;FERMASCURO REG.CON VITE DA 60MM NERO T34;CF;6.9;1.0;1.0;6.903;Attivo - gestito;;21
H80403;POZ. IN OTT. C. MOLLA PAR. FORO D=10 T34;CF;2.1;1.0;1.0;2.101;Attivo - gestito;;21
H80404;BATTENTE AD AVVITARE, NERO T34;CF;1.88;1.0;1.0;1.884;Attivo - gestito;;21
H80405;BATTENTE CON PERNO E SPESSORE, APPL. T34;PZ;9.5;1.0;1.0;9.501;Attivo - gestito;;21
H80406;BATTENTE A VITE MEZZALUNA CON CAPP. T34;PZ;1.55;1.0;1.0;1.553;Attivo - gestito;;21
H80600;PERNO INOX DI ACCO. CON BOCCOLE NERO T34;CF;77.13;50.0;1.0;1.543;Attivo - gestito;;21
H80900;ASTE INTERNE ED ESTERNE L=600, NERA T34;CF;3.81;1.0;1.0;3.809;Attivo - gestito;;21
H80901;ASTE INTERNE ED ESTERNE L=1200, NERA T34;CF;6.14;1.0;1.0;6.138;Attivo - gestito;;21
H80902;ASTA INTERNA L=1600, DUE PIEGHE-NERA T34;PZ;7.95;1.0;1.0;7.949;Attivo - gestito;;21
H80903;ASTA INTERNA L=2600, DUE PIEGHE-NERA T34;CF;29.14;1.0;1.0;29.14;Attivo - gestito;;21
H80904;ASTA SPAGNOLETTA L=1600, NERA T34;CF;9.99;1.0;1.0;9.988;Attivo - gestito;;21
H80905;ASTA SPAGNOLETTA L=2800, NERA T34;CF;16.66;1.0;1.0;16.664;Attivo - gestito;;21
H89300B1;CERNIERA PERNO SFILABILE T34 RAL9005;CF;39.26;10.0;1.0;3.926;Attivo - gestito;;21
H89301-B1;BANDEL. DX CON PERNO ANTIS. K439 NERA;CF;306.54;12.0;1.0;25.545;Attivo - gestito;;21
H89302-B1;BANDEL. SX CON PERNO ANTIS.K439 NERA;CF;306.54;12.0;1.0;25.545;Attivo - gestito;;21
H89304;45P-CARDINE MURO (M12 L=100)PERNO D=12MM;PZ;7.86;1.0;1.0;7.859;Attivo - gestito;;21
H89305;45P-CARDINE MURO(M12 L=80)PERNO D=12MM;PZ;10.06;1.0;1.0;10.055;Attivo - gestito;;21
H89306-B1;45P - CERNIERA DX NERO OPACO;CF;49.1;25.0;1.0;1.964;Attivo - gestito;;21
H89306-RAL6005M45P;CERNIERA DX R.6005 OPACO;CF;49.3;25.0;1.0;1.972;Attivo - gestito;;21
H89306-RAL8017M45P;CERNIERA DX R.8017 OPACO;CF;49.3;25.0;1.0;1.972;Attivo - gestito;;21
H89306-RAL9010M45P;CERN.DX R.9010 OPACO;CF;46.75;25.0;1.0;1.87;Attivo - gestito;;21
H89307-B1;45P - CERNIERA SX NERO OPACO;CF;49.1;25.0;1.0;1.964;Attivo - gestito;;21
H89307-RAL6005M45P;CERNIERA SX R.6005 OPACO;CF;49.3;25.0;1.0;1.972;Attivo - gestito;;21
H89307-RAL8017M;45P - CERNIERA SX R.8017 OPACO;CF;49.3;25.0;1.0;1.972;Attivo - gestito;;21
H89307-RAL9010M45P;CERN.SX R.9010 OPACO;CF;46.75;25.0;1.0;1.87;Attivo - gestito;;21
H98600;VITE DI COLLEGAMENTO ASTA DI COMANDO;CF;7.89;10.0;1.0;0.789;Attivo - gestito;;21
H99601-RAL9006GPLZ;"KIT ANTA""A""PRIMA/ULTIMA SL.FL. 9006";CF;59.1;1.0;1.0;59.1;Attivo - gestito;;21
H99601-W1;"PLZ KIT ANTA""A""PRIMA/ULTIMA SL.FL. 9010";CF;61.69;1.0;1.0;61.69;Attivo - gestito;;21
H99906;MANIGLIA TONDA Ø40 PER SCOR.FISSAGG.VBH;CF;28.36;1.0;1.0;28.36;Attivo - gestito;;21
K1483;GUARN. SOGLIA PORTE 45° 56ID 67ID 77ID;PZ;6.19;1.0;1.0;6.189;Attivo - gestito;;21
K1488;PROFILO PORTA SPAZZ. SOGLIA 50IWS;PZ;14.36;1.0;1.0;14.355;Attivo - gestito;;21
K1489;PORTAGUARNIZIONE SOTTOPORTA;PZ;14.46;1.0;1.0;14.459;Attivo - gestito;;21
K1800;PROF. A00346 G.DILATAZ. MONT. K732 SL50;ML;33.11;1.0;7.0;33.11;Attivo - gestito;;21
K1801;PROF. A00347 G.DILATAZ. MONT. K733 SL50;ML;38.51;1.0;7.0;38.51;Attivo - gestito;;21
K1803L6000;PROF. A00343 MENS. TRAV. INCLINATI SL50;ML;41.16;1.0;6.0;41.16;Attivo - gestito;;21
K1804L2000;PROF. A00345 ATTACCO A SOLAIO MONT. SL50;PZ;215.22;1.0;1.0;215.22;Attivo - gestito;;21
K1805;PROF. A00378 G.DILATAZ. MONT. K734 SL50;ML;46.02;1.0;7.0;46.02;Attivo - gestito;;21
K1806;PROF.A00384 G. DILATAZ. MONT. K735 SL50;ML;57.48;1.0;7.0;57.48;Attivo - gestito;;21
K1807;PROF. GIUNTO DILATAZ. X K769 L=6800;ML;64.55;1.0;1.0;64.55;Attivo - gestito;;21
K1819L2000;PROF. A00365 X PIASTRA FISSAGGIO SL50-60;PZ;19.64;1.0;1.0;19.644;Attivo - gestito;;21
K1828;PROF. A00417 G.DILATAZ X K760 L=6800;ML;52.09;1.0;7.0;52.09;Attivo - gestito;;21
N00634L6000;INFINIUM BINARIO IN ACCIAIO INOSSIDABILE;PZ;78.12;1.0;1.0;78.12;Attivo - gestito;;21
N03650L6500;BIN. ACC. X CARR. ART.H03200 L=6500 67CL;PZ;73.83;1.0;1.0;73.83;Attivo - gestito;;21
N28820-B;C77K-CS PROF. FERMAVETRO BATTENTE 209005;ML;5.74;1.0;7.0;5.744;Attivo - gestito;;21
T10007;DIMA POSIZ. BRACCIO-CER. AK80/AK130 C67K;CF;2.85;1.0;1.0;2.846;Attivo - gestito;;21
T10008;DIMA POSIZ. BRACCIO-CERNIE. AKC110T C67K;CF;3.03;1.0;1.0;3.033;Attivo - gestito;;21
T10009;DIMA PER REGISTRO ASTA/BRACCIO C67K;CF;2.21;1.0;1.0;2.205;Attivo - gestito;;21
T10010;DIMA PER ASTA VERTICALE LOGICA C67K;CF;1.99;1.0;1.0;1.987;Attivo - gestito;;21
T10017;KIT DIME POSIZIONAMENTO PER CERN.C180;PZ;3.27;1.0;1.0;3.271;Attivo - gestito;;21
T10020;DIMA DI FORATURA PER MONT.CER.FILIFORMI;CF;179.86;1.0;1.0;179.86;Attivo - gestito;;21
T10030;S146LM DIMA DI FORATURA MONTANTE SERR.;CF;146.22;1.0;1.0;146.22;Attivo - gestito;;21
T10031;DIMA DI POSIZIONAMENTO INCONTRI PER ANTA;CF;2.7;1.0;1.0;2.701;Attivo - gestito;;21
T10037;DIMA PER INSTALLAZIONE ANTA INFINIUM;CF;89.49;1.0;1.0;89.49;Attivo - gestito;;21
T10059;S146LM DIMA DI FORATURA MONTANTE LAB.;CF;220.67;1.0;1.0;220.67;Attivo - gestito;;21
T10066;DIMA PER FORATURA TELAIO S140;CF;86.45;1.0;1.0;86.45;Attivo - gestito;;21
T10067;DIMA PER FORATURA ANTA S140;CF;74.03;1.0;1.0;74.03;Attivo - gestito;;21
T10082;S140 - DIMA FORATURA PER TELAIO OX E OXO;CF;67.53;1.0;1.0;67.53;Attivo - gestito;;21
T10083;C67KM - DIMA FORATURA SQ. STIPITE INT.;CF;31.45;1.0;1.0;31.45;Attivo - gestito;;21
T10084;C67KM - DIMA FORATURA SQ. STIPITE EST.;CF;25.16;1.0;1.0;25.16;Attivo - gestito;;22
T10085;C67KM - DIMA FORATURA SQ. ANTA INT.;CF;32.66;1.0;1.0;32.66;Attivo - gestito;;22
T10086;C67KM - DIMA FORATURA SQ. ANTA EST.;CF;24.72;1.0;1.0;24.72;Attivo - gestito;;22
T10094;DIMA DI FORATURA CERNIERA 62,5 - 78 - 84;CF;57.61;1.0;1.0;57.61;Attivo - gestito;;22
T10095;DIMA DI FORATURA CERNIERA 70,5 - 92;CF;66.44;1.0;1.0;66.44;Attivo - gestito;;22
T10099;AK+ & HD DIMA DI FORATURA CERNIERE A/R;CF;28.59;1.0;1.0;28.59;Attivo - gestito;;22
T10101;AK+ DIMA DI FORATURA CERNIERE A/R;PZ;28.59;1.0;1.0;28.59;Attivo - gestito;;22
T10110;AK+ DIMA DI FORATURA BRACCI;PZ;41.06;1.0;1.0;41.06;Attivo - gestito;;22
T10111;AK+ DIMA MONTAGGIO INCONTRO A/R;CF;18.65;1.0;1.0;18.651;Attivo - gestito;;22
T10117;AK+ DIMA DI FORATURA ASTA;CF;38.52;1.0;1.0;38.52;Attivo - gestito;;22
T10124;DIMA FORATURA MONT CERNIERE A STELO K-N;CF;119.9;1.0;1.0;119.9;Attivo - gestito;;22
T10131;SC156-HI DIMA FOR. MONT.SOGLIA TIPO OX;CF;43.14;1.0;1.0;43.14;Attivo - gestito;;22
T10132;SC156-HI DIMA DI FORATURA ANTA;CF;40.83;1.0;1.0;40.83;Attivo - gestito;;22
T10133;SC156-HI DIMA FOR.SOGLIA/TRAV. TIPO OX;CF;23.29;1.0;1.0;23.29;Attivo - gestito;;22
T10134;SC156-HI DIMA FORATURA ANTA NODO SLIM;CF;47.34;1.0;1.0;47.34;Attivo - gestito;;22
T10139;SC156HI DIMA FORATURA CENTRAGGI CARRELLI;CF;23.51;1.0;1.0;23.51;Attivo - gestito;;22
T50014;CHIAVE DI REGOLAZIONE CERNIERE PORTE;CF;5.68;1.0;1.0;5.682;Attivo - gestito;;22
T50015;ESTRATTORE PERNO CERNIERE PORTE TRE ALI;CF;4.98;1.0;1.0;4.978;Attivo - gestito;;22
T90000;CACCIASPINE PER SPINE DIAMETRO 3MM T34;PZ;33.85;1.0;1.0;33.85;Attivo - gestito;;22
T90078;KIT PRIMO FORCELLE PER T00107;PZ;176.76;1.0;1.0;176.76;Attivo - gestito;;22
T90079;KIT SECONDO FORCELLE PER T00107;PZ;114.0;1.0;1.0;114.0;Attivo - gestito;;22
T90080;KIT TERZO FORCELLE PER T00107;PZ;382.5;1.0;1.0;382.5;Attivo - gestito;;22
V00010;GUARN. 2.5-3 INTERNA VETRO AD INFILARE;ML;0.78;240.0;1.0;0.777;Attivo - gestito;;22
V00012;GUARNIZIONE INTERNA VETRO H=4;ML;1.21;50.0;1.0;1.211;Attivo - gestito;;22
V00013;GUARNIZIONE INTERNA VETRO H6;ML;1.34;50.0;1.0;1.335;Attivo - gestito;;22
V00014;GUARNIZIONE INTERNA VETRO H=8;ML;1.67;50.0;1.0;1.667;Attivo - gestito;;22
V00015;GUARNIZIONE INTERNA VETRO H=10;ML;1.94;50.0;1.0;1.936;Attivo - gestito;;22
V00016;GUARNIZIONE INTERNA VETRO H=12;ML;2.16;50.0;1.0;2.163;Attivo - gestito;;22
V00017;GUARNIZIONE INTERNA VETRO H=14;ML;2.27;1.0;1.0;2.267;Attivo - gestito;;22
V00024;GUARN. INTERNA VETRO PIATTA - 3.5÷4.5 MM;ML;0.63;180.0;1.0;0.632;Attivo - gestito;;22
V00025;GUARN. INTERNA VETRO PIATTA - 4.5÷5.5 MM;ML;0.71;160.0;1.0;0.714;Attivo - gestito;;22
V00026;GUARN. INTERNA VETRO PIATTA - 5.5÷6.5 MM;ML;0.81;140.0;1.0;0.808;Attivo - gestito;;22
V00027;GUARN. INTERNA VETRO PIATTA - 6.5÷7.5 MM;ML;1.15;120.0;1.0;1.149;Attivo - gestito;;22
V00030;GUARN. INT. VETRO PIATTA - 1.5÷2.5 MM;ML;0.5;300.0;1.0;0.497;Attivo - gestito;;22
V00030P;GUARN. INT. VETRO PIATTA - 1.5÷2.5 MM;ML;0.99;50.0;50.0;0.994;Attivo - gestito;;22
V02000;GUARN. COESTRUSA PER LABIRINTO INFINIUM;ML;1.99;300.0;1.0;1.987;Attivo - gestito;;22
V02000P;KIT GUAR. COESTRUSA PER LABIRINTO INFIN.;CF;25.5;10.0;1.0;2.55;Attivo - gestito;;22
V02001;GUARN. GIUNTO AP. COESTRUSO ISOLATO C67K;ML;2.98;25.0;1.0;2.981;Attivo - gestito;;22
V02011;GIUNTO APERTO ISOLATO PER SPORGERE;ML;2.88;50.0;1.0;2.877;Attivo - gestito;;22
V02014;GUARNIZIONE GIUNTO APERTO PER BILICO;ML;3.64;25.0;1.0;3.643;Attivo - gestito;;22
V02015;GUARNIZIONE CENTRALE LABIRINTO;ML;0.75;100.0;1.0;0.746;Attivo - gestito;;22
V02015P;KIT GUARNIZIONE CENTRALE LABIRINTO;CF;14.68;10.0;1.0;1.468;Attivo - gestito;;22
V02024;GUARN. GIUNTO APERTO ISOLATO;ML;4.85;30.0;30.0;4.854;Attivo - gestito;;22
V02027;SC156 - GUARNIZIONE CENTRALE LABIRINTO;ML;2.77;50.0;1.0;2.774;Attivo - gestito;;22
V02027M;SC156-KIT GUARNIZIONE CENTRALE LABIRINTO;CF;57.94;10.0;1.0;5.794;Attivo - gestito;;22
V03000;GUARN. BATTUTA E TENUTA EST. VETRO C67K;ML;0.45;150.0;1.0;0.445;Attivo - gestito;;22
V03003;GUARN. DI BATTUTA PER SCURETTI T34;ML;0.73;150.0;1.0;0.725;Attivo - gestito;;22
V03004;GUARNIZ. DI BATT.(H IN LAVORO 3.5MM) T34;ML;0.9;100.0;1.0;0.901;Attivo - gestito;;22
V03009;GUARNIZIONE DI BATTUTA;ML;0.59;100.0;1.0;0.59;Attivo - gestito;;22
V03011;GUARNIZ. RIPORTO 2 ANTE;ML;0.45;100.0;1.0;0.445;Attivo - gestito;;22
V03012;GUARN.BATTUTA AD INFILARE (GREY);ML;1.21;100.0;1.0;1.211;Attivo - gestito;;22
V03018;GUARNIZIONE COESTRUSA AD INFILARE;ML;0.82;100.0;1.0;0.818;Attivo - gestito;;22
V03018P;KIT GUARNIZIONE COESTRUSA AD INFILARE;CF;15.56;10.0;1.0;1.556;Attivo - gestito;;22
V03023;GUARN. INVERSIONE BATTUTA INFISSO A SPOR;ML;4.32;25.0;1.0;4.316;Attivo - gestito;;22
V03025;GUARNIZIONE BATTUTA CENTRALE PER BILICO;ML;4.25;25.0;1.0;4.254;Attivo - gestito;;22
V03026;GUARN. BATTUTA SOGLIA RIDOTTA;ML;1.49;80.0;1.0;1.491;Attivo - gestito;;22
V03027;GUARNIZIONE BATTUTA DUE ANTE;ML;0.7;120.0;1.0;0.704;Attivo - gestito;;22
V03030;S140 - GUARNIZIONE ANTA;ML;0.88;150.0;1.0;0.88;Attivo - gestito;;22
V03030P;S140 - KIT GUARNIZIONE ANTA;CF;52.74;30.0;1.0;1.758;Attivo - gestito;;22
V04000;GUARNIZIONE A U DA 38MM PER DOPPIOV. INF;ML;5.25;100.0;1.0;5.247;Attivo - gestito;;22
V04000P;KIT GUARN. A U DA 38MM PER DOPPIOV. INFI;CF;189.41;25.0;1.0;7.576;Attivo - gestito;;22
V04026;PLZ GUARN.SLIDING FL.VETRO 10MM L=3000MM;PZ;24.32;1.0;1.0;24.32;Attivo - gestito;;22
V04027;PLZ GUARNIZIONE STAR GLASS VETRO 10 MM;PZ;24.32;1.0;33.0;24.32;Attivo - gestito;;22
V05003;GUARNIZIONE DI BASE APPOGGIO TELAI C67K;ML;6.24;30.0;1.0;6.241;Attivo - gestito;;23
V05009;GUARN.FINITURA INVERS BATT. STIP.PORTE;ML;2.88;50.0;1.0;2.877;Attivo - gestito;;23
V05021;GUARN.FINITURA INVERS BATT.STIP.PORTE;ML;3.21;50.0;1.0;3.209;Attivo - gestito;;23
V05025;GUARN. FINITURA STIPITE SERIE K;ML;1.07;25.0;1.0;1.066;Attivo - gestito;;23
V05029;S140-GUARN. DI FINITURA LABIRINTO;ML;0.6;150.0;1.0;0.601;Attivo - gestito;;23
V05029P;S140-KIT GUARN. DI FINITURA LABIRINTO;CF;12.25;10.0;1.0;1.225;Attivo - gestito;;23
V05031;S140-GUARN. FINITURA TELAIO SENZA PINNE;ML;1.67;75.0;1.0;1.667;Attivo - gestito;;23
V05031P;S140-KIT GUAR. FINIT. TELAIO SENZA PINNE;CF;32.66;10.0;1.0;3.266;Attivo - gestito;;23
V05032;S140-GUARN. FINITURA TELAIO CON PINNE;ML;2.05;50.0;1.0;2.05;Attivo - gestito;;23
V05032P;S140-KIT GUAR. FINITURA TELAIO CON PINNE;CF;39.95;10.0;1.0;3.995;Attivo - gestito;;23
V05051;S146LM GUARNIZIONE COPRI CAVA;ML;4.09;25.0;1.0;4.088;Attivo - gestito;;23
V09001;S146LM GUARNIZIONE TELAIO/ANTA;ML;1.39;250.0;250.0;1.387;Attivo - gestito;;23
V09032;GUARNIZIONE ISOLANTE L=2000;PZ;4.58;1.0;15.0;4.575;Attivo - gestito;;23
V09045;INFINIUM - GUARNIZIONE PARACOLPO;PZ;24.61;1.0;1.0;24.61;Attivo - gestito;;23
V09047;PLZ BIAD.VHB 4936P SP.0,64MMH14MML=5500;PZ;58.27;1.0;33.0;58.27;Attivo - gestito;;23
V09049;C75S C82SCS-ELEM.ISOL.SOTTO VETRO 39X6;ML;0.56;20.0;20.0;0.559;Attivo - gestito;;23
V09050;S140 - GUARNIZIONE ISOLANTE SOTTO VETRO;PZ;4.04;1.0;30.0;4.037;Attivo - gestito;;23
V09092;K-VIEW GUARNIZIONE ESTERNA VETRO;ML;3.87;150.0;1.0;3.871;Attivo - gestito;;23
V09092P;K-VIEW KIT GUARN. ESTERNA VETRO;CF;104.77;25.0;1.0;4.191;Attivo - gestito;;23
V09093;K-VIEW GUARNIZIONE INTERNA VETRO H2MM;ML;2.1;300.0;1.0;2.101;Attivo - gestito;;23
V09093P;K-VIEW KIT GUARN. INTERNA VETRO H2MM;CF;60.64;25.0;1.0;2.426;Attivo - gestito;;23
V09094;K-VIEW GUARNIZIONE INTERNA VETRO H6MM;ML;1.61;125.0;1.0;1.605;Attivo - gestito;;23
V09094P;K-VIEW KIT GUAR. INTERNA VETRO H6MM;ML;47.67;25.0;1.0;47.67;Attivo - gestito;;23
V10000P;SPAZ.IN PILE 6.9MMX8.5MM+PINNA NERO INFI;ML;0.49;250.0;1.0;0.487;Attivo - gestito;;23
V10017;PLZ SPAZZOLINO 4.7X7 MM SLID.FLOOR 2.0;ML;0.88;325.0;1.0;0.88;Attivo - gestito;;23
V10022;SPAZZOLINO L=9.6 H=10 QUADRIFIN;ML;0.85;1.0;1.0;0.849;Attivo - gestito;;23
V20000;TAPPO DI TENUTA CENTRALE (TELAIO) INFINI;CF;15.11;2.0;1.0;7.556;Attivo - gestito;;23
V20008;S140 - LISTELLO LDPE TRAVERSO SUPERIORE;PZ;4.47;1.0;1.0;4.471;Attivo - gestito;;23
V20009;S140 - LISTELLO LDPE 54X4 MM;ML;1.94;10.0;10.0;1.936;Attivo - gestito;;23
V20010;S140 - LISTELLO LDPE 40X16 MM;PZ;5.13;1.0;5.0;5.134;Attivo - gestito;;23
V21009;LISTELLO ISOLANTE 38X18 (BARRE DA 1 MT);CF;21.63;10.0;1.0;2.163;Attivo - gestito;;23
V21010;LISTELLO ISOLANTE 75X27 (BARRE DA 1 MT);CF;42.81;10.0;1.0;4.281;Attivo - gestito;;23
V21015;LIST.ISOLANTE 47X10 IN POLIURETANO;CF;5.47;1.0;1.0;5.465;Attivo - gestito;;23
V23000;S140 - LISTELLO ISOLANTE SAGO. ADESIVO T;PZ;4.42;1.0;20.0;4.419;Attivo - gestito;;23
V23001;S140 - LISTELLO ISOLANTE 35X9 MM;PZ;0.66;1.0;20.0;0.663;Attivo - gestito;;23
V23002;S140 - LISTELLO ISOLANTE 50X39 MM;PZ;1.02;1.0;20.0;1.015;Attivo - gestito;;23
V23003;S140 - LISTELLO ISOLANTE 24X9 MM;PZ;0.52;1.0;20.0;0.518;Attivo - gestito;;23
V23004;SC156-HI -LISTELLO ISOLANTE 24X42MM;PZ;1.11;1.0;25.0;1.108;Attivo - gestito;;23
V23005;SC156-HI -LISTELLO ISOLANTE 6X55MM;PZ;0.95;1.0;30.0;0.953;Attivo - gestito;;23
V29000;ML. 1.5 LISTELLO ISOLANTE PER DOGHE T34;PZ;1.11;1.0;100.0;1.108;Attivo - gestito;;23
V29002;LISTEL.ISOLANTE STIPITE E INVER. 23X34MM;CF;3.36;1.0;1.0;3.364;Attivo - gestito;;23
V29003;LIST.ISOLANTE PER ANTA AGGIU ZOC.23X42MM;CF;3.54;1.0;1.0;3.54;Attivo - gestito;;23
V31000;LABIRINTO X DOPPIO VETRO PCV L=4000 INFI;PZ;12.37;1.0;1.0;12.368;Attivo - gestito;;23
V31008;LABIRINTO IN PVC PER VETRO TRIPLO L=4000;PZ;12.8;1.0;1.0;12.803;Attivo - gestito;;23
V31013;S140 - LABIRINTO STANDARD;PZ;26.82;1.0;1.0;26.82;Attivo - gestito;;23
V31014L6800;S146 LM - PROFILO LABIRINTO L=6,8;PZ;15.68;1.0;1.0;15.68;Attivo - gestito;;23
V31015;S140 - LABIRINTO SLIM;PZ;12.26;1.0;1.0;12.255;Attivo - gestito;;23
V31208;COVER TELAIO;PZ;35.21;1.0;1.0;35.21;Attivo - gestito;;23
V31209;S140 - PVC COVER TELAIO SOGLIA BASSA;PZ;21.63;1.0;1.0;21.63;Attivo - gestito;;23
V31210;S140 - COVER ANTA PVC;PZ;44.99;1.0;1.0;44.99;Attivo - gestito;;23
V31211;S140 - PVC COVER TELAIO SOGLIA BASSA OX;PZ;19.64;1.0;1.0;19.644;Attivo - gestito;;23
V31212;S140 - PVC COVER TELAIO OX;PZ;16.29;1.0;1.0;16.291;Attivo - gestito;;23
V31213;S146LM COVER PER SOGLIA STD.;PZ;52.63;1.0;1.0;52.63;Attivo - gestito;;23
V31214;S146LM COVER PER STIPITE L=6.5M;PZ;48.78;1.0;1.0;48.78;Attivo - gestito;;23
V31917;PLZ COVER DI FINITURA L=2M;CF;27.43;1.0;1.0;27.43;Attivo - gestito;;23
V31938L5000;SC156 - PROFILO SOGLIA R.7035;PZ;128.02;1.0;1.0;128.02;Attivo - gestito;;23
V31939L5000;SC156 - PROFILO DI RIPORTO SOGLIA R.7035;PZ;58.49;1.0;1.0;58.49;Attivo - gestito;;23
V31944L5500;SC156 - BATTUTA MONTANTE PVC;PZ;29.47;;1.0;29.47;Attivo - gestito;;23
V40014;SQUADR. A CIANF.INT.BATT.;CF;265.88;100.0;1.0;2.659;Attivo - gestito;;23
V40022;SQUADR. CIANF.PER TUBOLARE 4.9X10.4;CF;60.69;100.0;1.0;0.607;Attivo - gestito;;23
V41008;C67K-M SQUADRETTA A SPINARE TUB. 9X6.6;CF;20.87;20.0;1.0;1.044;Attivo - gestito;;23
V41010;AK HD SQ.INT.STIPITE;CF;19.53;10.0;1.0;1.953;Attivo - gestito;;23
V41011;AK HD SQ.INT.STIPITE MAGG.;CF;27.48;10.0;1.0;2.748;Attivo - gestito;;23
V42000;SQUADRETTA (13MM) INFINIUM;CF;10.22;8.0;1.0;1.277;Attivo - gestito;;24
V42001;SQUADRETTA A VITE UNIONE A 90°;CF;37.5;8.0;1.0;4.688;Attivo - gestito;;24
V42002;SQUADR. A VITE PER STIPITE SERIE D67;CF;38.84;10.0;1.0;3.884;Attivo - gestito;;24
V42003;SQUADR.A VITE PER BATT SERIE D67;CF;30.79;10.0;1.0;3.079;Attivo - gestito;;24
V42014;SQUADR. ANGOLO VARIABILE TUB=15 H=14,6;CF;38.63;10.0;1.0;3.863;Attivo - gestito;;24
V42016;SQUADRETTA A VITE UNIONE A 90° SOTTO SOG;CF;100.3;1.0;1.0;100.3;Attivo - gestito;;24
V42040;SQUADRETTA TELAIO PER ANGOLO APRIBILE;CF;25.38;4.0;1.0;6.345;Attivo - gestito;;24
V42049;C67K-M SQUADRETTA A VITE TUB. 15X6.6;CF;37.08;20.0;1.0;1.854;Attivo - gestito;;24
V42065;C55K - SQ. PORTA TUBOLARITA` 51.4X30.8;CF;54.07;10.0;1.0;5.407;Attivo - gestito;;24
V42067;C45/55K-NI SQ. STIPITE AD ANGOLO VAR.;CF;52.74;10.0;1.0;5.274;Attivo - gestito;;24
V42078;SC156-HI SQUAD.CENTRALE TELAIO U02024;CF;29.57;10.0;1.0;2.957;Attivo - gestito;;24
V42080;K-VIEW - SQUADRETTA PER ANGOLO 90°GR.;CF;0.96;1.0;1.0;0.963;Attivo - gestito;;24
V43000;SQUADRETTA INTERNA STIPITE C67K;CF;103.39;100.0;1.0;1.034;Attivo - gestito;;24
V43001;SQUADRETTA INTERNA STIPITE MAGG. C67K;CF;135.73;100.0;1.0;1.357;Attivo - gestito;;24
V43011;SQUADRETTA 10.1X7.5 PER SPINA Ø3;CF;81.31;50.0;1.0;1.626;Attivo - gestito;;24
V43013;SQUADRETTA INTERNA STIPITE(TUBOLARE 9.6);CF;34.43;20.0;1.0;1.722;Attivo - gestito;;24
V43014;SQUADRETTA ESTER.STIPITE (TUBOLARE 8.2MM;CF;28.83;20.0;1.0;1.442;Attivo - gestito;;24
V43015;SQUADRETTA INT.BATT.(TUBOLARE 10.4);CF;41.27;20.0;1.0;2.064;Attivo - gestito;;24
V43016;SQUADR. ESTERNA BATT. (TUBOLARE 10.6MM);CF;30.36;20.0;1.0;1.518;Attivo - gestito;;24
V43017;SQUADR. CIANF. STIP. TUB. 13.8X18;CF;176.76;100.0;1.0;1.768;Attivo - gestito;;24
V43018;SQUADR. CIANF. STIP. TUB. 13.8X11.6;CF;170.43;100.0;1.0;1.704;Attivo - gestito;;24
V43019;C67K-M SQUAD.MULT. X TUB. 30/13.7X9/4.5;CF;68.52;20.0;1.0;3.426;Attivo - gestito;;24
V43020;C67K-M SQUAD. MULTIFUNZIONE TUB. 6.5X9;CF;20.31;20.0;1.0;1.016;Attivo - gestito;;24
V43038;SQUADRETTA STIPITE TUBOLARITA` 42X14.6;CF;188.65;100.0;1.0;1.887;Attivo - gestito;;24
V43039;SQUADRETTA STIPITE TUBOLARITA` 42X32.4;CF;67.64;20.0;1.0;3.382;Attivo - gestito;;24
V43040;SQUADRETTA BATT. TUBOLARITA` 46.5X14.6;CF;229.46;100.0;1.0;2.295;Attivo - gestito;;24
V43041;SC156-HI SQUADRETTA PER ANTA U02143;CF;39.1;20.0;1.0;1.955;Attivo - gestito;;24
V46000;SQUADRETTA DI ALLINEAMENTO X  N80020 T34;CF;30.65;50.0;1.0;0.613;Attivo - gestito;;24
V46004;SQUADR. DI ALLIN. STIPITE;CF;21.53;20.0;1.0;1.077;Attivo - gestito;;24
V46004P;CF SQUADRETTA DI ALLINEAMETO STIPITE;CF;209.11;250.0;1.0;0.836;Attivo - gestito;;24
V46005;SQUADR. DI ALLI. BATTENTE;CF;66.77;200.0;1.0;0.334;Attivo - gestito;;24
V46027;SQUADRETTA DI ALLINEAMENTO;CF;27.33;50.0;1.0;0.547;Attivo - gestito;;24
V46028;SQUADR. ALLINEAMENTO ACCIAO INOX;CF;60.32;50.0;1.0;1.206;Attivo - gestito;;24
V46029;SQUADRETTA DI ALLINEAMENTO 1.3X4.8MM;CF;3.87;8.0;1.0;0.484;Attivo - gestito;;24
V47000;CP CAVALL. STIP. TUB. 14.6MM C67K;CF;44.7;10.0;1.0;4.47;Attivo - gestito;;24
V47001;CP CAV. TRAV. STIP. TUB. 19MM C67K;CF;42.49;10.0;1.0;4.249;Attivo - gestito;;24
V47002;CP CAV.TRAV.STIP.MAGG.TUB.32.4  C67K;CF;47.89;10.0;1.0;4.789;Attivo - gestito;;24
V47003;CP CAV.TRAV.BATT. TUB. 16.6MM C67K;CF;54.84;10.0;1.0;5.484;Attivo - gestito;;24
V47005;CP CAV. INT. STI. TUB. 14.6MM SING. C67K;CF;34.98;10.0;1.0;3.498;Attivo - gestito;;24
V47006;CP CAV.TRAV. BATT.STOND. TUB.19MM C67K;CF;56.72;10.0;1.0;5.672;Attivo - gestito;;24
V47007;CP CAV.TRAV. BATT.STOND. TUB.32.4MM C67K;CF;91.59;10.0;1.0;9.159;Attivo - gestito;;24
V47034;CP CAVALL. TRAV. STIP. TUB. 32.4MM;CF;59.04;10.0;1.0;5.904;Attivo - gestito;;24
V47063;C45K-C55K CAVALLOTTO X TUBOLARITA`16.4MM;CF;25.82;20.0;1.0;1.291;Attivo - gestito;;24
V47064;C45K-C55K CAVALLOTTO X TUBOLARITA`18.6MM;CF;21.96;20.0;1.0;1.098;Attivo - gestito;;24
V47065;C45K-C55K CAVALLOTTO X TUBOLARITA`32.4MM;CF;32.03;20.0;1.0;1.602;Attivo - gestito;;24
V47066;C45K-C55K CAVALLOTTO X TUBOLARITA`96MM;CF;10.32;2.0;1.0;5.16;Attivo - gestito;;24
V47067;C45K-C55K CAVALLOTTO X TUBOLARITA`14.6MM;CF;27.26;20.0;1.0;1.363;Attivo - gestito;;24
V47077-B;SC156-HI TAPPO AD ESPANSIONE PER U02024;CF;4.32;4.0;1.0;1.079;Attivo - gestito;;24
V47078;SC156-HI CAVALLOTTI MONT.FISSO OX U02143;CF;14.68;2.0;1.0;7.338;Attivo - gestito;;24
V47079;SC156 - CAVAL FISS U02605 CON U02143;CF;16.33;2.0;1.0;8.166;Attivo - gestito;;24
V50001;SUPP. PER ANTA FISSA (INCLUDE VITI) INFI;CF;22.18;2.0;1.0;11.09;Attivo - gestito;;24
V50002;REGOLATORE INTERNO STIPITE C67K;CF;59.48;100.0;1.0;0.595;Attivo - gestito;;24
V50003;REGOLATORE ESTERNO STIPITE C67K;CF;36.53;100.0;1.0;0.365;Attivo - gestito;;24
V50004;REGOLATORE INTERNO STIPITE MAGGIOR. C67K;CF;59.48;100.0;1.0;0.595;Attivo - gestito;;24
V50006;REGOLATORE PORTE D67;CF;37.52;100.0;1.0;0.375;Attivo - gestito;;24
V50017;MOLLETTA PER FERMAVETRI C67K;CF;9.44;50.0;1.0;0.189;Attivo - gestito;;24
V50025;REGOLATORE STIPITE H 11.3 MM;CF;54.84;100.0;1.0;0.548;Attivo - gestito;;24
V50026;REGOLATORE H11.5 TT CENTRALE STIPITE;CF;75.59;100.0;1.0;0.756;Attivo - gestito;;24
V50030;MOLLETTA PER COPRIFILI INTERNI;CF;18.1;50.0;1.0;0.362;Attivo - gestito;;24
V50033-B;S146LM ACCESSORIO DI ALLINEAMENTO (ANT;CF;10.82;20.0;1.0;0.541;Attivo - gestito;;24
V50050-B;SC156 - SPESSORE DI FISSAGGIO V58034;CF;2.98;1.0;1.0;2.981;Attivo - gestito;;24
V50051;S140 ACC COMPENSAZIONE COVER-LABIRINTO;ML;21.32;100.0;1.0;21.32;Attivo - gestito;;24
V51005;VALVOLA DI DRENAGGIO INFINIUM;CF;49.33;20.0;1.0;2.467;Attivo - gestito;;24
V51007P;CF VALVOLA DI DRENAGGIO;CF;42.85;50.0;1.0;0.857;Attivo - gestito;;25
V51015;MASCHERINA DRENAG. SOGLIA RIBASSATA 67CL;CF;23.62;20.0;1.0;1.181;Attivo - gestito;;25
V51016;TAPPO DI DRENAGGIO SL50-SG50;CF;21.53;20.0;1.0;1.077;Attivo - gestito;;25
V51017;PLZ DRENAGGIO ACQUA;CF;20.81;1.0;1.0;20.81;Attivo - gestito;;25
V51023-B;COPPIA TAPPI LATERALI GOCCIOLATOIO NERI;CF;4.37;10.0;1.0;0.437;Attivo - gestito;;25
V51046-B;S140 - COPPIA TAPPI LATER. GOCCIOLATOIO;CF;6.79;10.0;1.0;0.679;Attivo - gestito;;25
V51047-B;S140 - MASCHERINA DI DRENAGGIO - NERA;CF;10.93;20.0;1.0;0.547;Attivo - gestito;;25
V51048-B;S140 - TAPPO SPECIALE DRENAGGIO OX;CF;4.09;4.0;1.0;1.022;Attivo - gestito;;25
V51049;PLZ - KIT TAPPI DI DRENAGGIO PER N99001;CF;18.11;1.0;1.0;18.113;Attivo - gestito;;25
V51050-B;PLZ - TAPPO FINITURA DRENAGGIO;CF;3.52;1.0;1.0;3.519;Attivo - gestito;;25
V51050-W;PLZ - TAPPO FINITURA DRENAGGIO;CF;8.85;1.0;1.0;8.849;Attivo - gestito;;25
V51052-B;VALVOLINA DI DRENAGGIO;CF;20.58;10.0;1.0;2.058;Attivo - gestito;;25
V52000;CP TAPPI DUE ANTE NERO X PROF. T-Z C67K;CF;3.16;1.0;1.0;3.157;Attivo - gestito;;25
V52001;CP TAPPI DUE ANTE BIANCO X PROF.T-Z C67K;CF;3.16;1.0;1.0;3.157;Attivo - gestito;;25
V52002;CP TAPPI DUE ANTE NERO X PR. STULP  C67K;CF;3.54;1.0;1.0;3.54;Attivo - gestito;;25
V52003;CP TAPPI DUE ANTE BIANCO X STULP  C67K;CF;3.54;1.0;1.0;3.54;Attivo - gestito;;25
V52014;TAPPI T/Z INTERNI 2 ANTE;CF;30.33;20.0;1.0;1.517;Attivo - gestito;;25
V52015;TAPPI T/Z ESTERNI 2 ANTE;CF;32.03;20.0;1.0;1.602;Attivo - gestito;;25
V52020;TAPPI DI FINITURA PER PROFILO CENTRALE U;CF;55.51;1.0;1.0;55.51;Attivo - gestito;;25
V52033-B;TAPPI DUE ANTE PER PROF U20503 C67S NERO;CF;3.54;1.0;1.0;3.54;Attivo - gestito;;25
V52034-B;KIT TAPPI DUE ANTE NERO;CF;4.47;1.0;1.0;4.471;Attivo - gestito;;25
V52034-W;KIT TAPPI DUE ANTE BIANCO;CF;4.47;1.0;1.0;4.471;Attivo - gestito;;25
V52043-B;KIT TAPPI DUE ANTE X PROF.STULP U28502;CF;5.74;1.0;1.0;5.744;Attivo - gestito;;25
V52043-W;KIT TAPPI DUE ANTE X PROF.STULP U28502;CF;5.74;1.0;1.0;5.744;Attivo - gestito;;25
V52044-B;KIT TAPPI DUE ANTE PER PROF. T-Z U28501;CF;5.41;1.0;1.0;5.413;Attivo - gestito;;25
V52044-W;KIT TAPPI DUE ANTE PER PROF. T-Z U28501;CF;5.41;1.0;1.0;5.413;Attivo - gestito;;25
V52048-B;TAPPO PER PROFILO DI GIUNZIONE;CF;89.49;1.0;1.0;89.49;Attivo - gestito;;25
V52049-B;TAPPO PROF.DI RIPORTO CENTRALE;CF;49.88;1.0;1.0;49.88;Attivo - gestito;;25
V52055-B;TAPPI ESTER.PER NODO CENTR.DUE ANTE NERI;CF;9.39;20.0;1.0;0.469;Attivo - gestito;;25
V52061-B;S146LM TAPPO INFERIORE MONTANTE;CF;6.79;5.0;1.0;1.358;Attivo - gestito;;25
V52062-B;S146LM TAPPO SUPERIORE MONTANTE;CF;5.91;5.0;1.0;1.182;Attivo - gestito;;25
V52064-B;KIT DX TAPPI ANGOLO APRIBILE;CF;242.75;1.0;1.0;242.75;Attivo - gestito;;25
V52065-B;KIT SX TAPPI ANGOLO APRIBILE;CF;235.57;1.0;1.0;235.57;Attivo - gestito;;25
V52068-B;KIT DX TAPPI ANGOLO APRIBILE 270 °;CF;233.32;1.0;1.0;233.32;Attivo - gestito;;25
V52069-B;KIT SX TAPPI ANGOLO APRIBILE 270°;CF;235.57;1.0;1.0;235.57;Attivo - gestito;;25
V52071-B;C82S-CS TAPPO EST.SX INF. PORTA BALCONE;CF;9.27;1.0;1.0;9.274;Attivo - gestito;;25
V52072-B;C82S-CS TAPPO EST.DX INF. PORTA BALCONE;CF;9.27;1.0;1.0;9.274;Attivo - gestito;;25
V52077-B;C67K-M KIT TAPPI DUE ANTE T-Z NERI;CF;3.31;1.0;1.0;3.312;Attivo - gestito;;25
V52077-W;C67K-M KIT TAPPI DUE ANTE T-Z BIANCHI;CF;3.31;1.0;1.0;3.312;Attivo - gestito;;25
V52083-B;C75S KIT TAPPI PER PROFILO STULP;CF;31.45;20.0;1.0;1.573;Attivo - gestito;;25
V52095-B;COPPIA TAPPI PROFILO PERSIANA RK906653;CF;21.07;20.0;1.0;1.054;Attivo - gestito;;25
V52096-B;COPPIA TAPPI PROFILO PERSIANA RK906655;CF;22.74;20.0;1.0;1.137;Attivo - gestito;;25
V52102-B;C45K-TAPPI DUE ANTE PER PROFILO N31500;CF;1.82;1.0;1.0;1.822;Attivo - gestito;;25
V52123-B;C45K-NI TAPPI PER N31500 DOPPIO SORMONTO;CF;1.95;1.0;1.0;1.946;Attivo - gestito;;25
V53003;TAPPI PER LABIRINTO INFINIUM;CF;3.0;1.0;1.0;3.002;Attivo - gestito;;25
V53008;TAPPO PARAC. IN GOMMA H=10 MM, NERO T34;CF;4.75;20.0;1.0;0.238;Attivo - gestito;;25
V53047-B;S146LM CP. TAPPI LABIRINTO INFERIORE;CF;15.45;5.0;1.0;3.091;Attivo - gestito;;25
V53048-B;S146LM CP. TAPPI LABIRINTO SUPERIORE;CF;11.15;5.0;1.0;2.229;Attivo - gestito;;25
V53049-B;S146LM TAPPO DO FINITURA LABIRINTO;CF;4.75;10.0;1.0;0.475;Attivo - gestito;;25
V53050P-B;S146LM TAPPO FINITURA MONT. N11120;CF;8.94;10.0;1.0;0.894;Attivo - gestito;;25
V53054-B;S140 - KIT TAPPI LABIRINTO V31013;CF;2.65;1.0;1.0;2.65;Attivo - gestito;;25
V53055-B;S140 - KIT TAPPI LABIRINTO SLIM V31015;CF;2.22;1.0;1.0;2.215;Attivo - gestito;;25
V53056P1;S146LM TAPPO FINITURA MONT. N11124;CF;5.86;5.0;1.0;1.172;Attivo - gestito;;25
V53059-B;"S140 KIT TAPPO CENTRALE ""IN LINE"" U10020";CF;4.98;1.0;1.0;4.978;Attivo - gestito;;25
V53060-B;S146LM TAPPO CENTRALE CON SPAZZOLINI;CF;2.09;1.0;1.0;2.091;Attivo - gestito;;25
V53077-B;"S140 KIT TAPPO CENTRALE ""IN LINE"" U10400";CF;8.94;1.0;1.0;8.942;Attivo - gestito;;25
V54000;ANGOLO VULC. PER GUARNIZIONE V02001 C67K;CF;16.89;20.0;1.0;0.845;Attivo - gestito;;25
V54004;ANGOLO VULCANIZZATO PER 800158;CF;5.8;5.0;1.0;1.159;Attivo - gestito;;25
V54005-B;ANGOLO VULCANIZ. PER GUARNIZIONE 800050;CF;8.83;20.0;1.0;0.441;Attivo - gestito;;25
V54007;ANGOLO VULC. PER GIUNTO APERTO V02024;CF;20.87;20.0;1.0;1.044;Attivo - gestito;;25
V54013;ANGOLO PARASPIGOLO PER GUARN. V03000;CF;34.87;20.0;1.0;1.744;Attivo - gestito;;25
V55000;TAPPO DI TENUTA PER SOTTOSOGLIA INFINIUM;CF;10.71;2.0;1.0;5.356;Attivo - gestito;;25
V55026;GUARNIZIONE PER CONN. TRAV. TUB.H36 C67K;CF;14.9;20.0;1.0;0.745;Attivo - gestito;;25
V55028;GUARNIZIONE PER CONN. TRAV. TUB.H22 C67K;CF;13.81;20.0;1.0;0.69;Attivo - gestito;;26
V55034;TAPPO DI FIN. SOTTO SOGLIA U00631 U00632;CF;17.11;2.0;1.0;8.555;Attivo - gestito;;26
V55064;FONDO DI GIUNTO PER CONN. TRAV.H36;CF;21.63;20.0;1.0;1.082;Attivo - gestito;;26
V55077;FONDO DI GIUNTO PER CONN.TRAV.H22;CF;20.64;20.0;1.0;1.032;Attivo - gestito;;26
V55090-B;S146LM TAPPO TENUTA SUP. SECONDARIO;CF;5.91;5.0;1.0;1.182;Attivo - gestito;;26
V55093-B;KIT ELEMENTI DI TENUTA PER FRIZIONE BILI;CF;31.12;1.0;1.0;31.12;Attivo - gestito;;26
V55094P-B;S146LM TAPPO DI CHIUSURA ANGOLO;CF;5.68;4.0;1.0;1.421;Attivo - gestito;;26
V55096-B;S146LM TAPPO DI TENUTA SUPERIORE CENTR;CF;6.24;2.0;1.0;3.121;Attivo - gestito;;26
V55097-B;S140 - KIT TAPPI CHIUSURA TUB. U10020;CF;5.3;4.0;1.0;1.325;Attivo - gestito;;26
V55098-B;S140 - KIT TAPPI CHIUS. TUBOLARE U10400;CF;3.97;4.0;1.0;0.994;Attivo - gestito;;26
V55099-B;S146LM TAPPO TENUTA INF.CENTRALE;CF;7.01;3.0;1.0;2.336;Attivo - gestito;;26
V55109-B;S146LM COPPIA TAPPI PER PROFILO N11901;CF;198.08;5.0;1.0;39.616;Attivo - gestito;;26
V55126;S146LM FLANGE ADESIVE PER SOGLIA STD;CF;3.97;1.0;1.0;3.974;Attivo - gestito;;26
V55127;S146LM KIT FLANGE ADESIVE SOGLIA BASSA;CF;3.36;1.0;1.0;3.364;Attivo - gestito;;26
V55168-B;S140 - TAPPI X CHIUSURA TUBOLARE U10022;CF;5.3;4.0;1.0;1.325;Attivo - gestito;;26
V58000;TAPPO DI CHIUSURA CENTRALE (ANTA) INFINI;CF;6.38;2.0;1.0;3.188;Attivo - gestito;;26
V58001;TAPPI DI FINITURA PER PROFILO U00600;CF;124.16;1.0;1.0;124.16;Attivo - gestito;;26
V58002;TAPPI DI FINITURA PER PROF ADAT. N00901;CF;52.28;1.0;1.0;52.28;Attivo - gestito;;26
V58003;TAPPI DI FINITURA DX SOGLIA E MONT.SCORR;CF;86.95;1.0;1.0;86.95;Attivo - gestito;;26
V58004;TAPPI DI FINITURA SX SOGLIA E MONT.SCORR;CF;86.95;1.0;1.0;86.95;Attivo - gestito;;26
V58005;TAPPI TELAIO E CENTRALE X SCOR.3 VIE DX;CF;19.1;1.0;1.0;19.096;Attivo - gestito;;26
V58006;TAPPI TELAIO E CENTRALE X SCOR.3 VIE SX;CF;19.1;1.0;1.0;19.096;Attivo - gestito;;26
V58007;TAPPI ANTA TAPPI DI FIN. TAPPO CENTR. DX;CF;18.65;1.0;1.0;18.651;Attivo - gestito;;26
V58008;TAPPI ANTA TAPPI DI FIN. TAPPO CENTR. SX;CF;18.65;1.0;1.0;18.651;Attivo - gestito;;26
V58010-G;TAPPI SPAL TAPPO CEN.INF 2 ANTE DX R7035;CF;7.78;1.0;1.0;7.783;Attivo - gestito;;26
V58011-G;TAPPI SPAL TAPPO CEN.INF 2 ANTE SX R7035;CF;7.78;1.0;1.0;7.783;Attivo - gestito;;26
V58016-B;CLIP GUIDA BULLONE FILET.VERSIO.(H00406);CF;31.67;1.0;1.0;31.67;Attivo - gestito;;26
V58017-B;CLIP GUIDA BULLONE FILET.VERSIO.(H00408);CF;39.06;1.0;1.0;39.06;Attivo - gestito;;26
V58018-B;CLIP GUIDA BULLONE FILET.VERSIO.(H00409);CF;40.93;1.0;1.0;40.93;Attivo - gestito;;26
V58019-B;KIT TAPPI FIN.INTERLOCK DX (N00120-121);CF;36.41;1.0;1.0;36.41;Attivo - gestito;;26
V58020-B;KIT TAPPI FIN.INTERLOCK SX (N00120-121);CF;36.41;1.0;1.0;36.41;Attivo - gestito;;26
V58021-B;KIT TAPPI FIN.INTERLOCK DX (N00122-123);CF;41.27;1.0;1.0;41.27;Attivo - gestito;;26
V58022-B;KIT TAPPI FIN.INTERLOCK SX (N00122-123);CF;41.27;1.0;1.0;41.27;Attivo - gestito;;26
V58023-B;KIT TAPPI FIN.INTERLOCK DX (N00124);CF;45.35;1.0;1.0;45.35;Attivo - gestito;;26
V58024-B;KIT TAPPI FIN.INTERLOCK SX (N00124);CF;45.35;1.0;1.0;45.35;Attivo - gestito;;26
V58025-B;KIT TAPPI FIN.INTERLOCK DX (N00125);CF;52.09;1.0;1.0;52.09;Attivo - gestito;;26
V58026-B;KIT TAPPI FIN.INTERLOCK SX (N00125);CF;52.09;1.0;1.0;52.09;Attivo - gestito;;26
V58027-B;KIT TAPPI DI TENUTA INTERLOCK SOGLIA PIA;CF;20.42;1.0;1.0;20.42;Attivo - gestito;;26
V58031-B;S140 - KIT BASE 2 ANTE PER ALZANTE SCORR;CF;22.3;1.0;1.0;22.3;Attivo - gestito;;26
V58034-B;TAPPI ANTA E TAPPI FINIT.TEL.X ANTA OXO;CF;12.47;1.0;1.0;12.472;Attivo - gestito;;26
V58036-B;S140 - KIT BASE 3 ANTE PER ALZANTE SCORR;CF;54.51;1.0;1.0;54.51;Attivo - gestito;;26
V58037-B;S140 - KIT TAPPO TENUTA CENTR.INF.U10020;CF;3.81;1.0;1.0;3.809;Attivo - gestito;;26
V58038-B;S140 - KIT TAPPO TENUTA CENTR.INF.U10400;CF;1.99;1.0;1.0;1.987;Attivo - gestito;;26
V58039-B;S140 - KIT BASE OX PER ALZANTE SCORREVOL;CF;12.14;1.0;1.0;12.141;Attivo - gestito;;26
V58040-B;S140-KIT TAPPO TEN.CENT.INF.TEL.U10000;CF;2.77;1.0;1.0;2.774;Attivo - gestito;;26
V58041-B;S140 - KIT TAPPO TENUTA CENT INF TELAIO;CF;1.61;1.0;1.0;1.605;Attivo - gestito;;26
V58042-B;S140 - KIT TAPPI ANTE IN LINEA;CF;6.57;1.0;1.0;6.572;Attivo - gestito;;26
V58045;S140 - KIT SPESSORE BLOCCO TAPPO ANTA;CF;7.68;1.0;1.0;7.68;Attivo - gestito;;26
V58049-B;S140 - KIT FISSAGGIO ANTA;CF;5.86;1.0;1.0;5.858;Attivo - gestito;;26
V58055-B;S140 - KIT BASE 2 ANTE PER SCORREVOLE;CF;18.99;1.0;1.0;18.992;Attivo - gestito;;26
V58057;SC156HI KIT TERMINALI COVER V31220;CF;49.21;1.0;1.0;49.21;Attivo - gestito;;26
V59003;CP TAPPI CEN. E LAT. PER N80100 T34 NERO;CF;12.59;20.0;1.0;0.629;Attivo - gestito;;26
V59004;CP TAPPI CEN. E LAT. PER N80120 T34 NERO;CF;12.59;20.0;1.0;0.629;Attivo - gestito;;26
V59005;TAPPO DX FINITURA LATO PO.GU.DO T34 NERO;CF;2.77;10.0;1.0;0.277;Attivo - gestito;;26
V59006;TAPPO SX FINITURA LATO PO.GU.DO T34 NERO;CF;2.77;10.0;1.0;0.277;Attivo - gestito;;26
V59007;TAPPO DX FINITURA X  DOGHE 34MM T34 NERO;CF;2.77;10.0;1.0;0.277;Attivo - gestito;;26
V59008;TAPPO SX FINITURA X  DOGHE 34MM T34 NERO;CF;2.77;10.0;1.0;0.277;Attivo - gestito;;26
V59028;ROND. SOTTO BAN. DA 2 MM, IN PVC MO. T34;CF;13.81;20.0;1.0;0.69;Attivo - gestito;;26
V59029;RONDELLA COPRIF. NERA IN PVC MORBIDO T34;CF;2.43;20.0;1.0;0.122;Attivo - gestito;;26
V59030;SPESSORE PER FERMAMANIGLIA, NERO T34;CF;6.4;20.0;1.0;0.32;Attivo - gestito;;26
V59031;SPESSORE PER GUIDA ASTA, NERO T34;CF;3.92;20.0;1.0;0.196;Attivo - gestito;;26
V59032;SPESSORE PER SUPPORTO GANCIO, NERO T34;CF;4.47;20.0;1.0;0.224;Attivo - gestito;;26
V59047;TASSELLO VETRO ANTA PER VETRO TRIPLO;CF;14.68;2.0;1.0;7.338;Attivo - gestito;;26
V59076;KIT SPESSORI SENSORE ALLARME;CF;5.41;1.0;1.0;5.413;Attivo - gestito;;27
V59084;TAPPO CEN.PICCOLO INF.DX ANTA CENT. 3VIE;CF;1.67;1.0;1.0;1.667;Attivo - gestito;;27
V59085;TAPPO CEN.PICCOLO INF.SX ANTA CENT. 3VIE;CF;1.88;1.0;1.0;1.884;Attivo - gestito;;27
V59094;CLIP COMPENSAZIONE BRACCI C110 C130;CF;3.71;20.0;1.0;0.185;Attivo - gestito;;27
V59103-B;TASSELLO VETRO X SPECCHIATU.FISSE NERO;CF;37.08;20.0;1.0;1.854;Attivo - gestito;;27
V59106-B;TASSELLO VETRO  STIPITE;CF;33.77;50.0;1.0;0.675;Attivo - gestito;;27
V59110-B;KIT TAPPI FINALI PORTASPAZZOLINO;CF;1.67;1.0;1.0;1.667;Attivo - gestito;;27
V59113-B;TAPPO CEN. INFERIORE ANTA SX OXO NERO;CF;1.88;1.0;1.0;1.884;Attivo - gestito;;27
V59114-B;TAPPO CEN. INFERIORE ANTA DX OXO NERO;CF;1.88;1.0;1.0;1.884;Attivo - gestito;;27
V59121-B;COPRIGIUNTI PER CONNESSIONE STIPITE;CF;5.68;10.0;1.0;0.568;Attivo - gestito;;27
V59126-B;TAPPO CENTRALE PICCOLO INF.DX ANGOLO APR;CF;51.09;1.0;1.0;51.09;Attivo - gestito;;27
V59127-B;TAPPO CENTRALE PICCOLO INF.SX ANGOLO APR;CF;51.09;1.0;1.0;51.09;Attivo - gestito;;27
V59128-B;COPPIA TAPPI DI FINITURA PER PROF.N02910;CF;23.4;1.0;1.0;23.4;Attivo - gestito;;27
V59140-B;S140 - KIT CENTRAGGIO CARRELLI;CF;14.68;40.0;1.0;0.367;Attivo - gestito;;27
V59141-B;S140 - KIT TAPPI MONTANTE -SOGLIA U10400;CF;3.97;1.0;1.0;3.974;Attivo - gestito;;27
V59142-B;S140 - KIT TAPPI MONTANTE -SOGLIA U10401;CF;3.16;1.0;1.0;3.157;Attivo - gestito;;27
V59144-B;PLZ - CLIP RITEGNO COVER;CF;9.83;12.0;1.0;0.819;Attivo - gestito;;27
V59154-B;T34-PASSANTE IN NYLON NERO PER ASTE EST.;CF;8.55;20.0;1.0;0.427;Attivo - gestito;;27
V59161-B;KIT SP 15 MM X TP V58037/8 X B10140;CF;7.01;1.0;1.0;7.007;Attivo - gestito;;27
V59162-B;KIT SP 36 MM X TP V58037/8 X B10120;CF;15.02;1.0;1.0;15.018;Attivo - gestito;;27
V59163-B;KIT SP 15 MM X TP V58040/1 X B10140;CF;4.75;1.0;1.0;4.751;Attivo - gestito;;27
V59164-B;KIT SP 36 MM X TP V58040/1 X B10120;CF;10.04;1.0;1.0;10.04;Attivo - gestito;;27
V59219-B;C45K-NI TAPPI PER PORTE DUE ANTE;CF;0.87;1.0;1.0;0.87;Attivo - gestito;;27
V62000;SUPPORTO VETRO INFINIUM;CF;20.54;1.0;1.0;20.54;Attivo - gestito;;27
V62008;SUPPORTO VETRO;CF;61.25;50.0;1.0;1.225;Attivo - gestito;;27
V68000;MEC +55 PLUS UNIV 1MAN 9LAM V.NERO 36MM;CF;15.23;1.0;1.0;15.225;Attivo - gestito;;27
V68001;MEC +55 PLUS UNIV 1MAN 10LAM V.NERO 36MM;CF;17.22;1.0;1.0;17.222;Attivo - gestito;;27
V68002;MEC +55 PLUS UNIV 1MAN 11LAM V.NERO 36MM;CF;18.65;1.0;1.0;18.651;Attivo - gestito;;27
V68003;MEC +55 PLUS UNIV 1MAN 12LAM V.NERO 36MM;CF;19.32;1.0;1.0;19.323;Attivo - gestito;;27
V68004;MEC +55 PLUS UNIV 1MAN 13LAM V.NERO 36MM;CF;20.46;1.0;1.0;20.46;Attivo - gestito;;27
V68005;MEC +55 PLUS UNIV 1MAN 14LAM V.NERO 36MM;CF;23.73;1.0;1.0;23.73;Attivo - gestito;;27
V68006;MEC +55 PLUS UNIV 1MAN 15LAM V.NERO 36MM;CF;24.94;1.0;1.0;24.94;Attivo - gestito;;27
V68007;MEC +55 PLUS UNIV 1MAN 16LAM V.NERO 36MM;CF;26.82;1.0;1.0;26.82;Attivo - gestito;;27
V68008;MEC +55 PLUS UNIV 1MAN 17LAM V.NERO 36MM;CF;28.69;1.0;1.0;28.69;Attivo - gestito;;27
V68009;MEC +55 PLUS UNIV 1MAN 18LAM V.NERO 36MM;CF;30.56;1.0;1.0;30.56;Attivo - gestito;;27
V68010;MEC +55 PLUS UNIV 1MAN 19LAM V.NERO 36MM;CF;31.9;1.0;1.0;31.9;Attivo - gestito;;27
V68011;MEC +55 PLUS UNIV 1MAN 20LAM V.NERO 36MM;CF;32.88;1.0;1.0;32.88;Attivo - gestito;;27
V68012;MEC +55 PLUS UNIV 1MAN 21LAM V.NERO 36MM;CF;34.61;1.0;1.0;34.61;Attivo - gestito;;27
V68013;MEC +55 PLUS UNIV 1MAN 22LAM V.NERO 36MM;CF;38.68;1.0;1.0;38.68;Attivo - gestito;;27
V68014;MEC +55 PLUS UNIV 1MAN 23LAM V.NERO 36MM;CF;38.63;1.0;1.0;38.63;Attivo - gestito;;27
V68015;MEC +55 PLUS UNIV 1MAN 24LAM V.NERO 36MM;CF;42.32;1.0;1.0;42.32;Attivo - gestito;;27
V68016;MEC +55 PLUS UNIV 1MAN 25LAM V.NERO 36MM;CF;44.14;1.0;1.0;44.14;Attivo - gestito;;27
V68017;MEC +55 PLUS UNIV 1MAN 26LAM V.NERO 36MM;CF;45.41;1.0;1.0;45.41;Attivo - gestito;;27
V68018;MEC +55 PLUS UNIV 1MAN 28LAM V.NERO 36MM;CF;47.01;1.0;1.0;47.01;Attivo - gestito;;27
V69012;SENSORE ALLARME C67K;CF;26.16;1.0;1.0;26.16;Attivo - gestito;;27
V69016;PLZ STRISCIA LED BIANCO CALDO 3000K 4 M;CF;174.92;1.0;1.0;174.92;Attivo - gestito;;27
V69018;PLZ STRISCIA LED, BIANCO CALDO 3000K 6 M;CF;262.37;1.0;1.0;262.37;Attivo - gestito;;27
V69019;PLZ PROLUNGA 2 M PER BIANCO CALDO;CF;16.25;1.0;1.0;16.25;Attivo - gestito;;27
V69020;PLZ PROLUNGA 4 M PER IL BIANCO CALDO;CF;25.77;1.0;1.0;25.77;Attivo - gestito;;27
V69026;PLZ SENSORE PIOGGIA;CF;308.95;1.0;1.0;308.95;Attivo - gestito;;27
V69034;PLZ KIT CENTRALE MOTORI;CF;783.5;1.0;1.0;783.5;Attivo - gestito;;27
V69036;PLZ TELECOMANDO;CF;146.45;1.0;1.0;146.45;Attivo - gestito;;27
V69049;PLZ CENTRALINA LUCI LED BIANCHI;CF;519.57;1.0;1.0;519.57;Attivo - gestito;;27
V69052;S140 - AMMORTIZZATORE SICUREZZA MANIGLIA;CF;72.16;1.0;1.0;72.16;Attivo - gestito;;27
V69053;S140 - MOLLA SUPP. SOLLEVA ANTA <200 KG;CF;20.68;1.0;1.0;20.68;Attivo - gestito;;27
V69054;S140 - MOLLA SUPP. SOLLEVA ANTA >200 KG;CF;25.38;1.0;1.0;25.38;Attivo - gestito;;27
V69058;NASTRO BIAD. ACRILICO GRIGIO 30X1.1 MM;ML;4.37;33.0;33.0;4.368;Attivo - gestito;;27
V69061;SC156 - KIT AMMORTIZZATORE 150 - 330 KG;CF;129.62;1.0;1.0;129.62;Attivo - gestito;;27
V69072-S2;K-VIEW ELEMENTO SCAR.ACQUA 2FORI OX.AG;CF;8.94;1.0;1.0;8.942;Attivo - gestito;;27
V69073-S2;K-VIEW TAPPO TERMINALE PER N98600 OX.AG.;CF;14.35;1.0;1.0;14.345;Attivo - gestito;;27
V70000;VITE PER SQUADRETTA INFINIUM;CF;15.45;50.0;1.0;0.309;Attivo - gestito;;27
V70001P;CF Ø4.2X30MM POZI CSK POLYAM.E SCREW INF;CF;5.25;20.0;1.0;0.262;Attivo - gestito;;27
V70002;Ø4.2X16MM POZI CSK S/TAP S/S VITE INFIN.;CF;6.81;100.0;1.0;0.068;Attivo - gestito;;27
V70004;Ø3.5X13MM POZI PAN S/TAP S/S VITE INFIN.;CF;7.57;100.0;1.0;0.076;Attivo - gestito;;28
V70005;Ø4.2X13MM POZI PAN VITE AUTOFIL. INFINI.;CF;13.29;100.0;1.0;0.133;Attivo - gestito;;28
V70020;BARRA FILETTATA M6 DA 3M;CF;14.68;1.0;1.0;14.676;Attivo - gestito;;28
V70042;KIT PROTEZIONI ANTIEFFRAZIONE ANTA;CF;20.64;1.0;1.0;20.64;Attivo - gestito;;28
V70043;KIT PROTEZIONE ANTIEFFRAZIONE 2 ANTE;CF;20.31;1.0;1.0;20.31;Attivo - gestito;;28
V70096P;CF. AUTOF.TC 5X35 DIN 7505-B INOX;CF;17.55;100.0;1.0;0.176;Attivo - gestito;;28
V70100P;PLZ CF DADI M8 ISO 4032;CF;4.24;20.0;1.0;0.212;Attivo - gestito;;28
V70110P;PLZ CF VITI A TESTA MARTELLO;CF;13.04;20.0;1.0;0.652;Attivo - gestito;;28
V70124P;CF VITI AUT. TSP 3.5X13F UNI EN ISO 7050;CF;4.25;20.0;1.0;0.213;Attivo - gestito;;28
V70125P;CF VITI AUT. TSP 3.5X16 UNI EN ISO 15482;CF;3.54;20.0;1.0;0.177;Attivo - gestito;;28
V70130;VITE AUTOF. D.6MM PER SQUADRETTA;CF;31.34;100.0;1.0;0.313;Attivo - gestito;;28
V70184P;CF VITE AUT.TC 4.8X16EF UNIEN ISO 15481;CF;5.25;20.0;1.0;0.262;Attivo - gestito;;28
V70188P;"VITE 4.8X38 ISO 14585 TYPE ""C"" - INOX A2";CF;15.89;100.0;1.0;0.159;Attivo - gestito;;28
V70189P;"VITE 4.8X41 ISO 14585 TYPE ""C"" - INOX A2";CF;19.53;100.0;1.0;0.195;Attivo - gestito;;28
V70190P;"VITE 4.8X44 ISO 14585 TYPE ""C"" - INOX A2";CF;19.76;100.0;1.0;0.198;Attivo - gestito;;28
V70191P;"VITE 4.8X47 ISO 14585 TYPE ""C"" - INOX A2";CF;19.98;100.0;1.0;0.2;Attivo - gestito;;28
V70192P;"VITE 4.8X50 ISO 14585 TYPE ""C"" - INOX A2";CF;20.31;100.0;1.0;0.203;Attivo - gestito;;28
V70193P;"VITE 4.8X53 ISO 14585 TYPE ""C"" - INOX A2";CF;30.68;100.0;1.0;0.307;Attivo - gestito;;28
V70194P;"VITE 4.8X56 ISO 14585 TYPE ""C"" - INOX A2";CF;31.24;100.0;1.0;0.312;Attivo - gestito;;28
V70195P;"VITE 4.8X60 ISO 14585 TYPE ""C"" - INOX A2";CF;32.33;100.0;1.0;0.323;Attivo - gestito;;28
V70196P;"VITE 4.8X67 ISO 14585 TYPE ""C"" - INOX A2";CF;49.55;100.0;1.0;0.496;Attivo - gestito;;28
V70197P;"VITE 4.8X70 ISO 14585 TYPE ""C"" - INOX A2";CF;55.51;100.0;1.0;0.555;Attivo - gestito;;28
V70198P;"VITE 4.8X73 ISO 14585 TYPE ""C"" - INOX A2";CF;57.61;100.0;1.0;0.576;Attivo - gestito;;28
V70203P;"VITE 4.8X32 ISO 14585 TYPE ""C"" - INOX A2";CF;11.59;100.0;1.0;0.116;Attivo - gestito;;28
V70246;VITE 6.3X19 EN ISO 7050 - INOX A2;PZ;0.09;1.0;1.0;0.088;Attivo - gestito;;28
V70247;VITE AUTOF.Ø 8MM PER SQUADR.PRESSOFUSA;CF;23.18;100.0;1.0;0.232;Attivo - gestito;;28
V70495;VITE AUTOF. PER SQUADRETTE 5X13,8 D6;CF;26.26;100.0;1.0;0.263;Attivo - gestito;;28
V72029;KIT DI GIUNZIONE TELAIO;CF;76.49;8.0;1.0;9.561;Attivo - gestito;;28
V72030;KIT DI GIUNZIONE TELAIO;CF;42.0;1.0;1.0;42.0;Attivo - gestito;;28
V72062;KIT RITEGNO SINGOLO SG50 - 6+6/8+8;CF;122.98;50.0;1.0;2.46;Attivo - gestito;;28
V72069;KIT RITEGNO DOPPIO SG50 - 6+6/8+8;CF;122.98;50.0;1.0;2.46;Attivo - gestito;;28
V72074;SPINA SAGOMATA D.6MM PER SQUADRETTA;CF;29.9;100.0;1.0;0.299;Attivo - gestito;;28
V72080;SPINA D 3MM (L=7.5) CON GAMBO A ROTTURA;CF;38.73;100.0;1.0;0.387;Attivo - gestito;;28
V72082;SPINA D3 MM (L=9.5) CON GAMBO A ROTTURA;CF;34.54;100.0;1.0;0.345;Attivo - gestito;;28
V72121;S140-KIT DI FISSAGGIO PROFILO U10601;CF;62.9;10.0;1.0;6.29;Attivo - gestito;;28
V72202;K-VIEW - PIATTINA DI GIUNZIONE GR.;CF;0.85;1.0;1.0;0.849;Attivo - gestito;;28
V78002;KIT SUPPORTO PER VETRO 32-40MM;CF;5.08;1.0;1.0;5.082;Attivo - gestito;;28
V78003;KIT SUPPORTO PER VETRO 42-52MM;CF;6.01;1.0;1.0;6.013;Attivo - gestito;;28
V78004;S140 - KIT RINFORZO ANTA;CF;10.6;1.0;1.0;10.598;Attivo - gestito;;28
V78005;S140 - KIT RINF. AD U ANTA CENTR. 3 VIE;CF;18.65;1.0;1.0;18.651;Attivo - gestito;;28
V78029;K-VIEW KIT BLOCCAGGIO VETRO DA 8.8 MM;CF;36.41;4.0;1.0;9.103;Attivo - gestito;;28
V78030;K-VIEW KIT BLOCCAGGIO VETRO DA 10.10 MM;CF;36.41;4.0;1.0;9.103;Attivo - gestito;;28
V90019;SUPPORTO VETRO DA 57MM;CF;139.05;100.0;1.0;1.391;Attivo - gestito;;28
V90026;SUPPORTO VETRO 63 MM SL50;CF;137.98;100.0;1.0;1.38;Attivo - gestito;;28
V90027;SUPPORTO VETRO 42 MM ORIZZONTALE VETRI P;CF;58.37;10.0;1.0;5.837;Attivo - gestito;;28
V90028;SUPPORTO VETRO 48MM ORIZZONTALE VETRI P;CF;59.18;10.0;1.0;5.918;Attivo - gestito;;28
V90029;42 MM ELEMENTO ADDIZIONALE PER SUPPORTO;CF;199.25;10.0;1.0;19.925;Attivo - gestito;;28
V90030;48 MM ELEMENTO ADD. PER SUPP.VETRI PESAN;CF;200.86;10.0;1.0;20.086;Attivo - gestito;;28
V90075;STAFFA A PAVIMENTO;CF;81.25;1.0;1.0;81.25;Attivo - gestito;;28
V90081;STAFFA A MURO;CF;37.16;1.0;1.0;37.16;Attivo - gestito;;28
V90088-B;TAPPO PARACOLPO NERO;CF;6.9;1.0;1.0;6.903;Attivo - gestito;;28
V90094;PLZ ANGOLARE DI FISSAGGIO N99308;CF;3.78;1.0;2.0;3.778;Attivo - gestito;;28
V90166;SC156 - KIT SUPPORTO VETRO;CF;14.9;2.0;1.0;7.452;Attivo - gestito;;28
