  0
SECTION
  2
HEADER
  9
$ACADVER
  1
AC1018
  9
$ACADMAINTVER
 70
   104
  9
$DWGCODEPAGE
  3
ANSI_1252
  9
$LASTSAVEDBY
  1
cbarreiroblan
  9
$INSBASE
 10
0.0
 20
0.0
 30
0.0
  9
$EXTMIN
 10
120.3744518016168
 20
9.303910004095996
 30
-0.0000000349181948
  9
$EXTMAX
 10
210.3845222182392
 20
76.51139875025421
 30
0.0000000814935747
  9
$LIMMIN
 10
0.0
 20
0.0
  9
$LIMMAX
 10
420.0
 20
297.0
  9
$ORTHOMODE
 70
     1
  9
$REGENMODE
 70
     1
  9
$FILLMODE
 70
     1
  9
$QTEXTMODE
 70
     0
  9
$MIRRTEXT
 70
     0
  9
$LTSCALE
 40
1.0
  9
$ATTMODE
 70
     1
  9
$TEXTSIZE
 40
2.5
  9
$TRACEWID
 40
1.0
  9
$TEXTSTYLE
  7
Standard
  9
$CLAYER
  8
0
  9
$CELTYPE
  6
ByLayer
  9
$CECOLOR
 62
   146
  9
$CELTSCALE
 40
1.0
  9
$DISPSILH
 70
     0
  9
$DIMSCALE
 40
1.0
  9
$DIMASZ
 40
2.5
  9
$DIMEXO
 40
2.5
  9
$DIMDLI
 40
0.4
  9
$DIMRND
 40
0.0
  9
$DIMDLE
 40
0.0
  9
$DIMEXE
 40
0.5
  9
$DIMTP
 40
0.2
  9
$DIMTM
 40
0.2
  9
$DIMTXT
 40
2.5
  9
$DIMCEN
 40
0.0
  9
$DIMTSZ
 40
0.0
  9
$DIMTOL
 70
     0
  9
$DIMLIM
 70
     0
  9
$DIMTIH
 70
     0
  9
$DIMTOH
 70
     0
  9
$DIMSE1
 70
     0
  9
$DIMSE2
 70
     0
  9
$DIMTAD
 70
     1
  9
$DIMZIN
 70
     0
  9
$DIMBLK
  1

  9
$DIMASO
 70
     1
  9
$DIMSHO
 70
     1
  9
$DIMPOST
  1

  9
$DIMAPOST
  1

  9
$DIMALT
 70
     0
  9
$DIMALTD
 70
     2
  9
$DIMALTF
 40
25.4
  9
$DIMLFAC
 40
1.0
  9
$DIMTOFL
 70
     1
  9
$DIMTVP
 40
0.0
  9
$DIMTIX
 70
     0
  9
$DIMSOXD
 70
     0
  9
$DIMSAH
 70
     0
  9
$DIMBLK1
  1

  9
$DIMBLK2
  1

  9
$DIMSTYLE
  2
1-1
  9
$DIMCLRD
 70
   256
  9
$DIMCLRE
 70
   256
  9
$DIMCLRT
 70
   256
  9
$DIMTFAC
 40
0.2
  9
$DIMGAP
 40
1.0
  9
$DIMJUST
 70
     0
  9
$DIMSD1
 70
     0
  9
$DIMSD2
 70
     0
  9
$DIMTOLJ
 70
     1
  9
$DIMTZIN
 70
     0
  9
$DIMALTZ
 70
     0
  9
$DIMALTTZ
 70
     0
  9
$DIMUPT
 70
     0
  9
$DIMDEC
 70
     2
  9
$DIMTDEC
 70
     2
  9
$DIMALTU
 70
     2
  9
$DIMALTTD
 70
     2
  9
$DIMTXSTY
  7
ROMANS
  9
$DIMAUNIT
 70
     0
  9
$DIMADEC
 70
     0
  9
$DIMALTRND
 40
0.0
  9
$DIMAZIN
 70
     0
  9
$DIMDSEP
 70
    46
  9
$DIMATFIT
 70
     0
  9
$DIMFRAC
 70
     0
  9
$DIMLDRBLK
  1

  9
$DIMLUNIT
 70
     2
  9
$DIMLWD
 70
    -2
  9
$DIMLWE
 70
    -2
  9
$DIMTMOVE
 70
     0
  9
$LUNITS
 70
     2
  9
$LUPREC
 70
     4
  9
$SKETCHINC
 40
1.0
  9
$FILLETRAD
 40
0.0
  9
$AUNITS
 70
     0
  9
$AUPREC
 70
     0
  9
$MENU
  1
.
  9
$ELEVATION
 40
0.0
  9
$PELEVATION
 40
0.0
  9
$THICKNESS
 40
0.0
  9
$LIMCHECK
 70
     0
  9
$CHAMFERA
 40
0.0
  9
$CHAMFERB
 40
0.0
  9
$CHAMFERC
 40
0.0
  9
$CHAMFERD
 40
0.0
  9
$SKPOLY
 70
     0
  9
$TDCREATE
 40
2455708.765833333
  9
$TDUCREATE
 40
2455708.682502755
  9
$TDUPDATE
 40
2461083.610393519
  9
$TDUUPDATE
 40
2461083.568726852
  9
$TDINDWG
 40
0.2062869213
  9
$TDUSRTIMER
 40
0.2062863773
  9
$USRTIMER
 70
     1
  9
$ANGBASE
 50
0.0
  9
$ANGDIR
 70
     0
  9
$PDMODE
 70
     0
  9
$PDSIZE
 40
0.0
  9
$PLINEWID
 40
0.0
  9
$SPLFRAME
 70
     0
  9
$SPLINETYPE
 70
     6
  9
$SPLINESEGS
 70
     8
  9
$HANDSEED
  5
2DF0
  9
$SURFTAB1
 70
     6
  9
$SURFTAB2
 70
     6
  9
$SURFTYPE
 70
     6
  9
$SURFU
 70
     6
  9
$SURFV
 70
     6
  9
$UCSBASE
  2

  9
$UCSNAME
  2

  9
$UCSORG
 10
0.0
 20
0.0
 30
0.0
  9
$UCSXDIR
 10
1.0
 20
0.0
 30
0.0
  9
$UCSYDIR
 10
0.0
 20
1.0
 30
0.0
  9
$UCSORTHOREF
  2

  9
$UCSORTHOVIEW
 70
     0
  9
$UCSORGTOP
 10
0.0
 20
0.0
 30
0.0
  9
$UCSORGBOTTOM
 10
0.0
 20
0.0
 30
0.0
  9
$UCSORGLEFT
 10
0.0
 20
0.0
 30
0.0
  9
$UCSORGRIGHT
 10
0.0
 20
0.0
 30
0.0
  9
$UCSORGFRONT
 10
0.0
 20
0.0
 30
0.0
  9
$UCSORGBACK
 10
0.0
 20
0.0
 30
0.0
  9
$PUCSBASE
  2

  9
$PUCSNAME
  2

  9
$PUCSORG
 10
0.0
 20
0.0
 30
0.0
  9
$PUCSXDIR
 10
1.0
 20
0.0
 30
0.0
  9
$PUCSYDIR
 10
0.0
 20
1.0
 30
0.0
  9
$PUCSORTHOREF
  2

  9
$PUCSORTHOVIEW
 70
     0
  9
$PUCSORGTOP
 10
0.0
 20
0.0
 30
0.0
  9
$PUCSORGBOTTOM
 10
0.0
 20
0.0
 30
0.0
  9
$PUCSORGLEFT
 10
0.0
 20
0.0
 30
0.0
  9
$PUCSORGRIGHT
 10
0.0
 20
0.0
 30
0.0
  9
$PUCSORGFRONT
 10
0.0
 20
0.0
 30
0.0
  9
$PUCSORGBACK
 10
0.0
 20
0.0
 30
0.0
  9
$USERI1
 70
     0
  9
$USERI2
 70
     0
  9
$USERI3
 70
     0
  9
$USERI4
 70
     0
  9
$USERI5
 70
     0
  9
$USERR1
 40
0.0
  9
$USERR2
 40
0.0
  9
$USERR3
 40
0.0
  9
$USERR4
 40
0.0
  9
$USERR5
 40
0.0
  9
$WORLDVIEW
 70
     1
  9
$SHADEDGE
 70
     3
  9
$SHADEDIF
 70
    70
  9
$TILEMODE
 70
     1
  9
$MAXACTVP
 70
    64
  9
$PINSBASE
 10
0.0
 20
0.0
 30
0.0
  9
$PLIMCHECK
 70
     0
  9
$PEXTMIN
 10
0.0
 20
0.0
 30
0.0
  9
$PEXTMAX
 10
0.0
 20
0.0
 30
0.0
  9
$PLIMMIN
 10
0.0
 20
0.0
  9
$PLIMMAX
 10
12.0
 20
9.0
  9
$UNITMODE
 70
     0
  9
$VISRETAIN
 70
     1
  9
$PLINEGEN
 70
     0
  9
$PSLTSCALE
 70
     1
  9
$TREEDEPTH
 70
  3020
  9
$CMLSTYLE
  2
Standard
  9
$CMLJUST
 70
     0
  9
$CMLSCALE
 40
20.0
  9
$PROXYGRAPHICS
 70
     1
  9
$MEASUREMENT
 70
     1
  9
$CELWEIGHT
370
   100
  9
$ENDCAPS
280
     0
  9
$JOINSTYLE
280
     0
  9
$LWDISPLAY
290
     0
  9
$INSUNITS
 70
     4
  9
$HYPERLINKBASE
  1

  9
$STYLESHEET
  1

  9
$XEDIT
290
     1
  9
$CEPSNTYPE
380
     0
  9
$PSTYLEMODE
290
     1
  9
$FINGERPRINTGUID
  2
{3567DA1E-0DD3-4DF6-AFCE-7EB681551C87}
  9
$VERSIONGUID
  2
{2AAE35D4-9AE5-3C47-ABD1-0891C9FC8A9B}
  9
$EXTNAMES
290
     1
  9
$PSVPSCALE
 40
0.0
  9
$OLESTARTUP
290
     0
  9
$SORTENTS
280
   127
  9
$INDEXCTL
280
     0
  9
$HIDETEXT
280
     1
  9
$XCLIPFRAME
290
     0
  9
$HALOGAP
280
     0
  9
$OBSCOLOR
 70
   257
  9
$OBSLTYPE
280
     0
  9
$INTERSECTIONDISPLAY
280
     0
  9
$INTERSECTIONCOLOR
 70
   257
  9
$DIMASSOC
280
     2
  9
$PROJECTNAME
  1

  0
ENDSEC
  0
SECTION
  2
CLASSES
  0
CLASS
  1
ACDBDICTIONARYWDFLT
  2
AcDbDictionaryWithDefault
  3
ObjectDBX Classes
 90
        0
 91
        1
280
     0
281
     0
  0
CLASS
  1
DICTIONARYVAR
  2
AcDbDictionaryVar
  3
ObjectDBX Classes
 90
        0
 91
       39
280
     0
281
     0
  0
CLASS
  1
TABLESTYLE
  2
AcDbTableStyle
  3
ObjectDBX Classes
 90
     4095
 91
        1
280
     0
281
     0
  0
CLASS
  1
MATERIAL
  2
AcDbMaterial
  3
ObjectDBX Classes
 90
     1153
 91
        3
280
     0
281
     0
  0
CLASS
  1
VISUALSTYLE
  2
AcDbVisualStyle
  3
ObjectDBX Classes
 90
     4095
 91
       26
280
     0
281
     0
  0
CLASS
  1
SCALE
  2
AcDbScale
  3
ObjectDBX Classes
 90
     1153
 91
       17
280
     0
281
     0
  0
CLASS
  1
MLEADERSTYLE
  2
AcDbMLeaderStyle
  3
ACDB_MLEADERSTYLE_CLASS
 90
     4095
 91
        1
280
     0
281
     0
  0
CLASS
  1
CELLSTYLEMAP
  2
AcDbCellStyleMap
  3
ObjectDBX Classes
 90
     1152
 91
        2
280
     0
281
     0
  0
CLASS
  1
EXACXREFPANELOBJECT
  2
ExAcXREFPanelObject
  3
EXAC_ESW
 90
     1025
 91
        0
280
     0
281
     0
  0
CLASS
  1
NPOCOLLECTION
  2
AcDbImpNonPersistentObjectsCollection
  3
ObjectDBX Classes
 90
     1153
 91
        0
280
     0
281
     0
  0
CLASS
  1
LAYER_INDEX
  2
AcDbLayerIndex
  3
ObjectDBX Classes
 90
        0
 91
        0
280
     0
281
     0
  0
CLASS
  1
SPATIAL_INDEX
  2
AcDbSpatialIndex
  3
ObjectDBX Classes
 90
        0
 91
        0
280
     0
281
     0
  0
CLASS
  1
IDBUFFER
  2
AcDbIdBuffer
  3
ObjectDBX Classes
 90
        0
 91
        0
280
     0
281
     0
  0
CLASS
  1
SORTENTSTABLE
  2
AcDbSortentsTable
  3
ObjectDBX Classes
 90
        0
 91
        1
280
     0
281
     0
  0
CLASS
  1
AEC_REFEDIT_STATUS_TRACKER
  2
AecDbRefEditStatusTracker
  3
AecArchBase80|Product Desc: Autodesk Architectural Desktop 2007 |Company: Autodesk,Inc. |WEB Address: www.autodesk.com
 90
      129
 91
        0
280
     0
281
     0
  0
CLASS
  1
DIMASSOC
  2
AcDbDimAssoc
  3
"AcDbDimAssoc|Product Desc:     AcDim ARX App For Dimension|Company:          Autodesk, Inc.|WEB Address:      www.autodesk.com"
 90
        0
 91
        0
280
     0
281
     0
  0
CLASS
  1
ACDBSECTIONVIEWSTYLE
  2
AcDbSectionViewStyle
  3
ObjectDBX Classes
 90
     1025
 91
        1
280
     0
281
     0
  0
CLASS
  1
ACDBDETAILVIEWSTYLE
  2
AcDbDetailViewStyle
  3
ObjectDBX Classes
 90
     1025
 91
        1
280
     0
281
     0
  0
CLASS
  1
ACDBASSOCPERSSUBENTMANAGER
  2
AcDbAssocPersSubentManager
  3
ObjectDBX Classes
 90
     1024
 91
        1
280
     0
281
     0
  0
CLASS
  1
ACDBASSOC2DCONSTRAINTGROUP
  2
AcDbAssoc2dConstraintGroup
  3
ObjectDBX Classes
 90
     1025
 91
        1
280
     0
281
     0
  0
CLASS
  1
ACDBASSOCGEOMDEPENDENCY
  2
AcDbAssocGeomDependency
  3
ObjectDBX Classes
 90
     1025
 91
        8
280
     0
281
     0
  0
CLASS
  1
ACDBASSOCNETWORK
  2
AcDbAssocNetwork
  3
ObjectDBX Classes
 90
     1025
 91
        2
280
     0
281
     0
  0
ENDSEC
  0
SECTION
  2
TABLES
  0
TABLE
  2
VPORT
  5
8
330
0
100
AcDbSymbolTable
 70
     1
  0
VPORT
  5
EA
330
8
100
AcDbSymbolTableRecord
100
AcDbViewportTableRecord
  2
*Active
 70
     0
 10
0.0
 20
0.0
 11
1.0
 21
1.0
 12
165.379487009928
 22
42.9076543771751
 13
0.0
 23
0.0
 14
10.0
 24
10.0
 15
10.0
 25
10.0
 16
0.0
 26
0.0
 36
1.0
 17
0.0
 27
0.0
 37
0.0
 40
67.70779263260604
 41
1.981366459627329
 42
50.0
 43
0.0
 44
0.0
 50
0.0
 51
0.0
 71
     0
 72
  1000
 73
     1
 74
     3
 75
     0
 76
     0
 77
     0
 78
     0
281
     0
 65
     1
110
0.0
120
0.0
130
0.0
111
1.0
121
0.0
131
0.0
112
0.0
122
1.0
132
0.0
 79
     0
146
0.0
1001
ACAD_NAV_VCDISPLAY
1070
     3
  0
ENDTAB
  0
TABLE
  2
LTYPE
  5
5
330
0
100
AcDbSymbolTable
 70
     1
  0
LTYPE
  5
14
330
5
100
AcDbSymbolTableRecord
100
AcDbLinetypeTableRecord
  2
ByBlock
 70
     0
  3

 72
    65
 73
     0
 40
0.0
  0
LTYPE
  5
15
330
5
100
AcDbSymbolTableRecord
100
AcDbLinetypeTableRecord
  2
ByLayer
 70
     0
  3

 72
    65
 73
     0
 40
0.0
  0
LTYPE
  5
16
330
5
100
AcDbSymbolTableRecord
100
AcDbLinetypeTableRecord
  2
Continuous
 70
     0
  3
Solid line
 72
    65
 73
     0
 40
0.0
  0
ENDTAB
  0
TABLE
  2
LAYER
  5
2
102
{ACAD_XDICTIONARY
360
1F8
102
}
330
0
100
AcDbSymbolTable
 70
     3
  0
LAYER
  5
10
102
{ACAD_XDICTIONARY
360
13C
102
}
330
2
100
AcDbSymbolTableRecord
100
AcDbLayerTableRecord
  2
0
 70
     0
 62
     7
  6
Continuous
370
    -3
390
F
  0
LAYER
  5
2B3B
330
2
100
AcDbSymbolTableRecord
100
AcDbLayerTableRecord
  2
00_POLIAMIDAS
 70
     0
 62
     8
  6
Continuous
370
    70
390
F
1001
AcAecLayerStandard
1000

1000

  0
LAYER
  5
2B3C
330
2
100
AcDbSymbolTableRecord
100
AcDbLayerTableRecord
  2
00_ALUMINIO
 70
     0
 62
     7
  6
Continuous
370
   100
390
F
1001
AcAecLayerStandard
1000

1000

  0
ENDTAB
  0
TABLE
  2
STYLE
  5
3
330
0
100
AcDbSymbolTable
 70
     3
  0
STYLE
  5
11
330
3
100
AcDbSymbolTableRecord
100
AcDbTextStyleTableRecord
  2
Standard
 70
     0
 40
0.0
 41
1.0
 50
0.0
 71
     0
 42
2.5
  3
ARIAL.TTF
  4

1001
ACAD
1000
Arial
1071
       34
  0
STYLE
  5
215
330
3
100
AcDbSymbolTableRecord
100
AcDbTextStyleTableRecord
  2
ROMANS
 70
     0
 40
2.5
 41
0.85
 50
10.0
 71
     0
 42
2.5
  3
ROMANS.SHX
  4

  0
STYLE
  5
2B3D
330
3
100
AcDbSymbolTableRecord
100
AcDbTextStyleTableRecord
  2
ARIAL 2
 70
     0
 40
2.0
 41
1.0
 50
0.0
 71
     0
 42
2.5
  3
arial.ttf
  4

1001
ACAD
1000
Arial
1071
       34
  0
ENDTAB
  0
TABLE
  2
VIEW
  5
6
330
0
100
AcDbSymbolTable
 70
     0
  0
ENDTAB
  0
TABLE
  2
UCS
  5
7
330
0
100
AcDbSymbolTable
 70
     0
  0
ENDTAB
  0
TABLE
  2
APPID
  5
9
330
0
100
AcDbSymbolTable
 70
    17
  0
APPID
  5
12
330
9
100
AcDbSymbolTableRecord
100
AcDbRegAppTableRecord
  2
ACAD
 70
     0
  0
APPID
  5
9E
330
9
100
AcDbSymbolTableRecord
100
AcDbRegAppTableRecord
  2
ACAD_PSEXT
 70
     0
  0
APPID
  5
133
330
9
100
AcDbSymbolTableRecord
100
AcDbRegAppTableRecord
  2
AcadAnnoPO
 70
     0
  0
APPID
  5
134
330
9
100
AcDbSymbolTableRecord
100
AcDbRegAppTableRecord
  2
AcadAnnotative
 70
     0
  0
APPID
  5
135
330
9
100
AcDbSymbolTableRecord
100
AcDbRegAppTableRecord
  2
ACAD_DSTYLE_DIMJAG
 70
     0
  0
APPID
  5
136
330
9
100
AcDbSymbolTableRecord
100
AcDbRegAppTableRecord
  2
ACAD_DSTYLE_DIMTALN
 70
     0
  0
APPID
  5
165
330
9
100
AcDbSymbolTableRecord
100
AcDbRegAppTableRecord
  2
ACAD_MLEADERVER
 70
     0
  0
APPID
  5
1F7
330
9
100
AcDbSymbolTableRecord
100
AcDbRegAppTableRecord
  2
AcAecLayerStandard
 70
     0
  0
APPID
  5
ACC
330
9
100
AcDbSymbolTableRecord
100
AcDbRegAppTableRecord
  2
ACAD_DSTYLE_DIMBREAK
 70
     0
  0
APPID
  5
1514
330
9
100
AcDbSymbolTableRecord
100
AcDbRegAppTableRecord
  2
ACAD_DSTYLE_DIMJOGGED_JOGANGLE_SYMBOL
 70
     0
  0
APPID
  5
1515
330
9
100
AcDbSymbolTableRecord
100
AcDbRegAppTableRecord
  2
AcDbBlockRepETag
 70
     0
  0
APPID
  5
19A6
330
9
100
AcDbSymbolTableRecord
100
AcDbRegAppTableRecord
  2
ACAD_EXEMPT_FROM_CAD_STANDARDS
 70
     0
  0
APPID
  5
20AF
330
9
100
AcDbSymbolTableRecord
100
AcDbRegAppTableRecord
  2
ACAD_NAV_VCDISPLAY
 70
     0
  0
APPID
  5
2135
330
9
100
AcDbSymbolTableRecord
100
AcDbRegAppTableRecord
  2
GradientColor1ACI
 70
     0
  0
APPID
  5
2136
330
9
100
AcDbSymbolTableRecord
100
AcDbRegAppTableRecord
  2
GradientColor2ACI
 70
     0
  0
APPID
  5
2286
330
9
100
AcDbSymbolTableRecord
100
AcDbRegAppTableRecord
  2
ACAD_STEPID
 70
     0
  0
APPID
  5
24AC
330
9
100
AcDbSymbolTableRecord
100
AcDbRegAppTableRecord
  2
ACAD_OBJECT_CHANGE_GUID
 70
     0
  0
ENDTAB
  0
TABLE
  2
DIMSTYLE
  5
A
330
0
100
AcDbSymbolTable
 70
     3
100
AcDbDimStyleTable
 71
     1
340
216
  0
DIMSTYLE
105
216
330
A
100
AcDbSymbolTableRecord
100
AcDbDimStyleTableRecord
  2
1-1
 70
     0
 41
2.5
 42
2.5
 43
0.4
 44
0.5
 47
0.2
 48
0.2
 73
     0
 74
     0
 77
     1
140
2.5
141
0.0
146
0.2
147
1.0
172
     1
176
   256
177
   256
178
   256
271
     2
272
     2
289
     0
340
215
1001
ACAD_DSTYLE_DIMJAG
1070
   388
1040
1.5
1001
ACAD_DSTYLE_DIMTALN
1070
   392
1070
     0
  0
DIMSTYLE
105
272E
330
A
100
AcDbSymbolTableRecord
100
AcDbDimStyleTableRecord
  2
ISO-25
 70
     0
 41
2.5
 42
0.625
 43
3.75
 44
1.25
 73
     0
 74
     0
 77
     1
 78
     8
140
2.5
141
2.5
143
0.03937007874016
147
0.625
171
     3
172
     1
271
     2
272
     2
274
     3
278
    44
283
     0
284
     8
340
11
  0
DIMSTYLE
105
2B3E
330
A
100
AcDbSymbolTableRecord
100
AcDbDimStyleTableRecord
  2
1-1-ARIAL
 70
     0
 41
2.5
 42
2.5
 43
0.4
 44
0.5
 47
0.2
 48
0.2
 73
     0
 74
     0
 77
     1
140
2.0
141
0.0
146
0.2
147
1.0
172
     1
176
   256
177
   256
178
   256
271
     1
272
     1
289
     0
340
2B3D
1001
ACAD_DSTYLE_DIMBREAK
1070
   391
1040
3.75
1001
ACAD_DSTYLE_DIMJAG
1070
   388
1040
1.5
1001
ACAD_DSTYLE_DIMTALN
1070
   392
1070
     0
  0
ENDTAB
  0
TABLE
  2
BLOCK_RECORD
  5
1
330
0
100
AcDbSymbolTable
 70
     1
  0
BLOCK_RECORD
  5
1F
102
{ACAD_XDICTIONARY
360
1CE
102
}
330
1
100
AcDbSymbolTableRecord
100
AcDbBlockTableRecord
  2
*Model_Space
340
22
  0
BLOCK_RECORD
  5
D2
330
1
100
AcDbSymbolTableRecord
100
AcDbBlockTableRecord
  2
*Paper_Space
340
D3
  0
BLOCK_RECORD
  5
D6
330
1
100
AcDbSymbolTableRecord
100
AcDbBlockTableRecord
  2
*Paper_Space0
340
D7
  0
ENDTAB
  0
ENDSEC
  0
SECTION
  2
BLOCKS
  0
BLOCK
  5
20
330
1F
100
AcDbEntity
  8
0
100
AcDbBlockBegin
  2
*Model_Space
 70
     0
 10
0.0
 20
0.0
 30
0.0
  3
*Model_Space
  1

  0
ENDBLK
  5
21
330
1F
100
AcDbEntity
  8
0
100
AcDbBlockEnd
  0
BLOCK
  5
D4
330
D2
100
AcDbEntity
 67
     1
  8
0
100
AcDbBlockBegin
  2
*Paper_Space
 70
     0
 10
0.0
 20
0.0
 30
0.0
  3
*Paper_Space
  1

  0
ENDBLK
  5
D5
330
D2
100
AcDbEntity
 67
     1
  8
0
100
AcDbBlockEnd
  0
BLOCK
  5
D8
330
D6
100
AcDbEntity
 67
     1
  8
0
100
AcDbBlockBegin
  2
*Paper_Space0
 70
     0
 10
0.0
 20
0.0
 30
0.0
  3
*Paper_Space0
  1

  0
ENDBLK
  5
D9
330
D6
100
AcDbEntity
 67
     1
  8
0
100
AcDbBlockEnd
  0
ENDSEC
  0
SECTION
  2
ENTITIES
  0
HATCH
  5
2B8C
330
1F
100
AcDbEntity
  8
0
 62
     8
370
   100
100
AcDbHatch
 10
0.0
 20
0.0
 30
0.0
210
0.0
220
0.0
230
1.0
  2
ANSI37
 70
     0
 71
     0
 91
        1
 92
        7
 72
     1
 73
     1
 93
       57
 10
184.3738509369039
 20
50.72173627353231
 42
0.2586175843559111
 10
183.9498268888258
 20
50.9567766414157
 42
0.0
 10
148.2041359402781
 20
50.95677664141573
 42
0.2586175843558633
 10
147.7801118922005
 20
50.72173627353262
 42
0.0
 10
146.5939174223919
 20
48.82342830534064
 42
-0.4040262258352107
 10
145.1838644470233
 20
48.4718626130892
 42
0.0
 10
143.8707636319018
 20
49.22998172217282
 42
0.1316524975870252
 10
143.7707636319041
 20
49.25677664141545
 42
0.0
 10
143.4769814145525
 20
49.25677664141568
 42
0.4142135623735608
 10
143.076981414552
 20
48.85677664141581
 42
0.0
 10
143.0769814145517
 20
48.34981063016535
 42
0.0446322728231512
 10
143.0801560177264
 20
48.31431748766621
 42
-0.0122868029544191
 10
143.1260878014355
 20
48.01810476641549
 42
0.3768397148833233
 10
143.4235848368555
 20
47.75677664141568
 42
0.0
 10
143.5365076635863
 20
47.75677664141568
 42
-0.5712867673664559
 10
144.426981414552
 20
47.23177664141576
 42
-0.5712867673664182
 10
143.5365076635864
 20
46.7067766414159
 42
0.0
 10
143.4235848368556
 20
46.70677664141607
 42
0.3768397148823493
 10
143.1260878014354
 20
46.44544851641602
 42
-0.0122868029535834
 10
143.0801560177263
 20
46.14923579516577
 42
0.0446322728228419
 10
143.0769814145517
 20
46.11374265266609
 42
0.0
 10
143.076981414552
 20
45.60677664141571
 42
0.4142135623729656
 10
143.4769814145521
 20
45.20677664141572
 42
0.0
 10
143.7707636319024
 20
45.20677664141572
 42
0.1316524975873696
 10
143.8707636319026
 20
45.23357156065887
 42
0.0
 10
145.2408598213357
 20
46.02459696444367
 42
-0.1316524975873696
 10
145.6408598213341
 20
46.13177664141568
 42
0.0
 10
146.2796433357438
 20
46.13177664141574
 42
0.2586175843558582
 10
147.9757395280569
 20
47.07193811294934
 42
0.0
 10
148.6285262035773
 20
48.11661516988235
 42
-0.2586175843558565
 10
150.3246223958899
 20
49.0567766414157
 42
0.0
 10
181.8293404332141
 20
49.05677664141563
 42
-0.2586175843559703
 10
183.5254366255275
 20
48.1166151698814
 42
0.0
 10
184.178223301047
 20
47.07193811294897
 42
0.2586175843559815
 10
185.8743194933587
 20
46.13177664141566
 42
0.0
 10
186.51310300777
 20
46.13177664141568
 42
-0.1316524975873939
 10
186.9131030077676
 20
46.02459696444388
 42
0.0
 10
188.2831991972001
 20
45.23357156065936
 42
0.13165249758744
 10
188.3831991972021
 20
45.2067766414157
 42
0.0
 10
188.6769814145521
 20
45.20677664141572
 42
0.4142135623728091
 10
189.0769814145519
 20
45.60677664141504
 42
0.0
 10
189.0769814145523
 20
46.11374265266616
 42
0.0446322728229316
 10
189.0738068113775
 20
46.14923579516465
 42
-0.0122868029536261
 10
189.0278750276687
 20
46.44544851641599
 42
0.3768397148828751
 10
188.7303779922481
 20
46.70677664141591
 42
0.0
 10
188.6174551655182
 20
46.70677664141595
 42
-1.696140478030337
 10
188.6174551655178
 20
47.75677664141591
 42
0.0
 10
188.7303779922478
 20
47.75677664141555
 42
0.3768397148836117
 10
189.0278750276685
 20
48.01810476641547
 42
-0.0122868029541035
 10
189.073806811378
 20
48.31431748766772
 42
0.0446322728232181
 10
189.0769814145523
 20
48.34981063016442
 42
0.0
 10
189.0769814145518
 20
48.85677664141589
 42
0.4142135623728895
 10
188.6769814145515
 20
49.25677664141574
 42
0.0
 10
188.3831991972016
 20
49.25677664141568
 42
0.131652497587315
 10
188.2831991972015
 20
49.22998172217254
 42
0.0
 10
186.9700983820798
 20
48.47186261308888
 42
-0.4040262258351545
 10
185.5600454067118
 20
48.8234283053406
 42
0.0
 97
        0
 75
     0
 76
     1
 52
0.0
 41
0.5
 77
     0
 78
     2
 53
45.0
 43
0.0
 44
0.0
 45
-1.122532015133643
 46
1.122532015133643
 79
     0
 53
135.0
 43
0.0
 44
0.0
 45
-1.122532015133643
 46
-1.122532015133643
 79
     0
 47
0.0400754984614333
 98
        1
 10
168.7837062130514
 20
50.00540060833078
1001
GradientColor1ACI
1070
     5
1001
GradientColor2ACI
1070
     2
1001
ACAD
1010
0.0
1020
0.0
1030
0.0
  0
CIRCLE
  5
2B8D
330
1F
100
AcDbEntity
  8
00_POLIAMIDAS
100
AcDbCircle
 10
143.826981414552
 20
47.23177664141576
 30
0.0
 40
0.6000000000000015
  0
CIRCLE
  5
2B8E
330
1F
100
AcDbEntity
  8
00_POLIAMIDAS
100
AcDbCircle
 10
188.3269814145523
 20
47.23177664141576
 30
0.0
 40
0.6000000000000015
  0
HATCH
  5
2B8F
330
1F
100
AcDbEntity
  8
0
 62
     8
370
   100
100
AcDbHatch
 10
0.0
 20
0.0
 30
0.0
210
0.0
220
0.0
230
1.0
  2
ANSI37
 70
     0
 71
     0
 91
        1
 92
        7
 72
     1
 73
     1
 93
       57
 10
184.3738509369039
 20
35.0875083645816
 42
-0.2586175843559111
 10
183.9498268888258
 20
34.85246799669821
 42
0.0
 10
148.2041359402781
 20
34.85246799669818
 42
-0.2586175843558633
 10
147.7801118922005
 20
35.0875083645813
 42
0.0
 10
146.5939174223919
 20
36.98581633277328
 42
0.4040262258352107
 10
145.1838644470233
 20
37.33738202502472
 42
0.0
 10
143.8707636319018
 20
36.57926291594107
 42
-0.1316524975870252
 10
143.7707636319041
 20
36.55246799669847
 42
0.0
 10
143.4769814145525
 20
36.55246799669823
 42
-0.4142135623735608
 10
143.076981414552
 20
36.9524679966981
 42
0.0
 10
143.0769814145517
 20
37.45943400794857
 42
-0.0446322728231512
 10
143.0801560177264
 20
37.49492715044772
 42
0.0122868029544191
 10
143.1260878014355
 20
37.79113987169842
 42
-0.3768397148833233
 10
143.4235848368555
 20
38.05246799669823
 42
0.0
 10
143.5365076635863
 20
38.05246799669823
 42
0.5712867673664559
 10
144.426981414552
 20
38.57746799669815
 42
0.5712867673664182
 10
143.5365076635864
 20
39.10246799669801
 42
0.0
 10
143.4235848368556
 20
39.10246799669785
 42
-0.3768397148823493
 10
143.1260878014354
 20
39.36379612169789
 42
0.0122868029535834
 10
143.0801560177263
 20
39.66000884294813
 42
-0.0446322728228419
 10
143.0769814145517
 20
39.69550198544782
 42
0.0
 10
143.076981414552
 20
40.2024679966982
 42
-0.4142135623729656
 10
143.4769814145521
 20
40.60246799669818
 42
0.0
 10
143.7707636319024
 20
40.60246799669818
 42
-0.1316524975873696
 10
143.8707636319026
 20
40.57567307745503
 42
0.0
 10
145.2408598213357
 20
39.78464767367024
 42
0.1316524975873696
 10
145.6408598213341
 20
39.67746799669823
 42
0.0
 10
146.2796433357438
 20
39.67746799669817
 42
-0.2586175843558582
 10
147.9757395280569
 20
38.73730652516457
 42
0.0
 10
148.6285262035773
 20
37.69262946823157
 42
0.2586175843558565
 10
150.3246223958899
 20
36.75246799669821
 42
0.0
 10
181.8293404332141
 20
36.75246799669827
 42
0.2586175843559703
 10
183.5254366255275
 20
37.6926294682325
 42
0.0
 10
184.178223301047
 20
38.73730652516494
 42
-0.2586175843559815
 10
185.8743194933587
 20
39.67746799669823
 42
0.0
 10
186.51310300777
 20
39.67746799669821
 42
0.1316524975873939
 10
186.9131030077676
 20
39.78464767367001
 42
0.0
 10
188.2831991972001
 20
40.57567307745454
 42
-0.13165249758744
 10
188.3831991972021
 20
40.60246799669818
 42
0.0
 10
188.6769814145521
 20
40.60246799669818
 42
-0.4142135623728091
 10
189.0769814145519
 20
40.20246799669884
 42
0.0
 10
189.0769814145523
 20
39.69550198544775
 42
-0.0446322728229316
 10
189.0738068113775
 20
39.66000884294923
 42
0.0122868029536261
 10
189.0278750276687
 20
39.36379612169789
 42
-0.3768397148828751
 10
188.7303779922481
 20
39.10246799669798
 42
0.0
 10
188.6174551655182
 20
39.10246799669796
 42
1.696140478030337
 10
188.6174551655178
 20
38.052467996698
 42
0.0
 10
188.7303779922478
 20
38.05246799669834
 42
-0.3768397148836117
 10
189.0278750276685
 20
37.79113987169843
 42
0.0122868029541035
 10
189.073806811378
 20
37.49492715044619
 42
-0.0446322728232181
 10
189.0769814145523
 20
37.45943400794948
 42
0.0
 10
189.0769814145518
 20
36.95246799669802
 42
-0.4142135623728895
 10
188.6769814145515
 20
36.55246799669817
 42
0.0
 10
188.3831991972016
 20
36.55246799669823
 42
-0.131652497587315
 10
188.2831991972015
 20
36.57926291594137
 42
0.0
 10
186.9700983820798
 20
37.33738202502502
 42
0.4040262258351545
 10
185.5600454067118
 20
36.98581633277331
 42
0.0
 97
        0
 75
     0
 76
     1
 52
0.0
 41
0.5
 77
     0
 78
     2
 53
45.0
 43
0.0
 44
0.0
 45
-1.122532015133643
 46
1.122532015133643
 79
     0
 53
135.0
 43
0.0
 44
0.0
 45
-1.122532015133643
 46
-1.122532015133643
 79
     0
 47
0.0400754984614333
 98
        1
 10
168.7837062130514
 20
35.80384402978312
1001
GradientColor1ACI
1070
     5
1001
GradientColor2ACI
1070
     2
1001
ACAD
1010
0.0
1020
0.0
1030
0.0
  0
CIRCLE
  5
2B90
330
1F
100
AcDbEntity
  8
00_POLIAMIDAS
100
AcDbCircle
 10
143.826981414552
 20
38.57746799669815
 30
0.0
 40
0.6000000000000015
  0
CIRCLE
  5
2B91
330
1F
100
AcDbEntity
  8
00_POLIAMIDAS
100
AcDbCircle
 10
188.3269814145523
 20
38.57746799669815
 30
0.0
 40
0.6000000000000015
  0
HATCH
  5
2B92
330
1F
100
AcDbEntity
  8
0
 62
     8
370
   100
100
AcDbHatch
 10
0.0
 20
0.0
 30
0.0
210
0.0
220
0.0
230
1.0
  2
AR-CONC
 70
     0
 71
     0
 91
        1
 92
        1
 93
        8
 72
     1
 10
151.3769814145533
 20
36.75246799669968
 11
180.7769814145529
 21
36.75246799669968
 72
     2
 10
180.7769814145529
 20
37.05246799669986
 40
0.3000000000001819
 50
270.0
 51
359.9999999999566
 73
     1
 72
     1
 10
181.0769814145531
 20
37.05246799669963
 11
181.0769814145531
 21
47.45246799669971
 72
     2
 10
180.7769814145529
 20
47.45246799669949
 40
0.2999999999999545
 50
0.0000000000434252
 51
90.0
 73
     1
 72
     1
 10
180.7769814145529
 20
47.75246799669967
 11
151.3769814145533
 21
47.75246799669967
 72
     2
 10
151.3769814145533
 20
47.45246799669949
 40
0.3000000000001819
 50
89.99999999998914
 51
179.9999999999566
 73
     1
 72
     1
 10
151.0769814145531
 20
47.45246799669971
 11
151.0769814145531
 21
37.05246799669963
 72
     2
 10
151.3769814145533
 20
37.05246799669986
 40
0.2999999999999545
 50
180.0000000000434
 51
270.0000000000108
 73
     1
 97
        0
 75
     0
 76
     1
 52
270.0
 41
0.02
 77
     0
 78
    13
 53
320.0
 43
0.0
 44
0.0
 45
-0.3187817107780624
 46
-3.64369337992008
 79
     2
 49
0.381
 49
-4.190999999999999
 53
265.0
 43
0.0
 44
0.0
 45
3.821136904780701
 46
0.7048684284993863
 79
     2
 49
0.3048
 49
-3.352811683399999
 53
10.45144469999998
 43
-0.0265650700000001
 44
-0.30364014
 45
3.502355038243901
 46
-2.938824941807066
 79
     2
 49
0.323800176
 49
-3.561804892
 53
316.1842
 43
1.016
 44
-0.0000000000000002
 45
-0.8408465586545439
 46
-5.421580817842597
 79
     2
 49
0.5715
 49
-6.2865
 53
6.635557609999994
 43
0.9459299999999998
 44
-0.4517980000000004
 45
4.948522491954428
 46
-4.748082681030059
 79
     2
 49
0.4857004628000002
 49
-5.342712163199998
 53
261.1841511700001
 43
1.016
 44
-0.0000000000000002
 45
4.948522491710652
 46
-4.748082681299541
 79
     2
 49
0.4571993414000002
 49
-5.029194638399999
 53
291.0
 43
0.762
 44
-0.5080000000000001
 45
-2.045303963741751
 46
-3.032287825382648
 79
     2
 49
0.381
 49
-4.190999999999999
 53
236.0
 43
0.762
 44
-0.5080000000000001
 45
3.683759322446384
 46
-1.236040566952942
 79
     2
 49
0.3048
 49
-3.352799999999998
 53
341.451445
 43
0.5915580019999999
 44
-0.7606906520000001
 45
1.638455377718103
 46
-4.268328385574323
 79
     2
 49
0.323800176
 49
-3.561798751999998
 53
307.5
 43
0.0
 44
0.0
 45
1.691100777463061
 46
-0.0617720650118367
 79
     6
 49
0.0
 49
-3.312159999999998
 49
0.0
 49
-3.403599999999998
 49
0.0
 49
-3.365499999999998
 53
277.5
 43
0.0
 44
0.0
 45
2.003611496362389
 46
-1.336393250206114
 79
     6
 49
0.0
 49
-1.940559999999999
 49
0.0
 49
-3.235959999999998
 49
0.0
 49
-1.282699999999999
 53
237.5
 43
0.0000000000000002
 44
1.132839999999998
 45
-0.1145748798534694
 46
-2.711811903337426
 79
     6
 49
0.0
 49
-1.27
 49
0.0
 49
-3.9624
 49
0.0
 49
-5.257799999999998
 53
227.5
 43
0.0000000000000003
 44
1.64084
 45
0.5085298206666601
 46
-2.962583627720361
 79
     6
 49
0.0
 49
-1.650999999999999
 49
0.0
 49
-2.631439999999999
 49
0.0
 49
-3.733799999999998
 98
        1
 10
-356.1880887564805
 20
1774.225334881211
1001
GradientColor1ACI
1070
     5
1001
GradientColor2ACI
1070
     2
1001
ACAD
1010
0.0
1020
0.0
1030
0.0
  0
LINE
  5
2C14
330
1F
100
AcDbEntity
  8
0
370
   100
100
AcDbLine
 10
141.5769804963314
 20
37.80462231905722
 30
0.0
 11
141.4769804963314
 21
37.80462231905722
 31
0.0
  0
LINE
  5
2C15
330
1F
100
AcDbEntity
  8
0
370
   100
100
AcDbLine
 10
141.4769804963314
 20
37.80462231905722
 30
0.0
 11
141.4769804963314
 21
35.80462231905722
 31
0.0
  0
LINE
  5
2C16
330
1F
100
AcDbEntity
  8
0
370
   100
100
AcDbLine
 10
141.4769804963314
 20
35.80462231905722
 30
0.0
 11
121.8769804963274
 21
35.80462231905722
 31
0.0
  0
LINE
  5
2C17
330
1F
100
AcDbEntity
  8
0
370
   100
100
AcDbLine
 10
121.8769804963274
 20
35.80462231905722
 30
0.0
 11
121.8769804963274
 21
50.00462231905704
 31
0.0
  0
LINE
  5
2C18
330
1F
100
AcDbEntity
  8
0
370
   100
100
AcDbLine
 10
121.8769804963274
 20
50.00462231905704
 30
0.0
 11
141.4769804963314
 21
50.00462231905704
 31
0.0
  0
LINE
  5
2C19
330
1F
100
AcDbEntity
  8
0
370
   100
100
AcDbLine
 10
141.4769804963314
 20
50.00462231905704
 30
0.0
 11
141.4769804963314
 21
48.00462231905703
 31
0.0
  0
LINE
  5
2C1A
330
1F
100
AcDbEntity
  8
0
370
   100
100
AcDbLine
 10
141.4769804963314
 20
48.00462231905703
 30
0.0
 11
141.5769804963314
 21
48.00462231905703
 31
0.0
  0
LINE
  5
2C1B
330
1F
100
AcDbEntity
  8
0
370
   100
100
AcDbLine
 10
141.5769804963314
 20
48.00462231905703
 30
0.0
 11
141.5769804963314
 21
37.80462231905722
 31
0.0
  0
LINE
  5
2C1C
330
1F
100
AcDbEntity
  8
0
370
   100
100
AcDbLine
 10
145.4612522876694
 20
37.69840395795063
 30
0.0
 11
145.4612522876694
 21
37.69840395795063
 31
0.0
  0
ARC
  5
2C1D
330
1F
100
AcDbEntity
  8
0
370
   100
100
AcDbCircle
 10
145.3426425694261
 20
37.60657948007031
 30
0.0
 40
0.1499999999991677
100
AcDbArc
 50
37.74608027573324
 51
195.6927712440284
  0
ARC
  5
2C1E
330
1F
100
AcDbEntity
  8
0
370
   100
100
AcDbCircle
 10
144.9094159237735
 20
37.48486393670872
 30
0.0
 40
0.2999999999999492
100
AcDbArc
 50
311.5385070158477
 51
15.69277124408159
  0
LINE
  5
2C1F
330
1F
100
AcDbEntity
  8
0
370
   100
100
AcDbLine
 10
145.1083528994803
 20
37.26031087015963
 30
0.0
 11
143.5623673894385
 21
35.89068503257931
 31
0.0
  0
ARC
  5
2C20
330
1F
100
AcDbEntity
  8
0
370
   100
100
AcDbCircle
 10
143.3634304137316
 20
36.11523809912878
 30
0.0
 40
0.3000000000003568
100
AcDbArc
 50
285.0635603864707
 51
311.5385070158295
  0
LINE
  5
2C21
330
1F
100
AcDbEntity
  8
0
370
   100
100
AcDbLine
 10
143.4413975408923
 20
35.82554666487067
 30
0.0
 11
143.0769804963291
 21
35.72746799669813
 31
0.0
  0
ARC
  5
2C22
330
1F
100
AcDbEntity
  8
0
370
   100
100
AcDbCircle
 10
143.0769804963291
 20
36.02746799669785
 30
0.0
 40
0.29999999999972
100
AcDbArc
 50
90.0
 51
270.0
  0
LINE
  5
2C23
330
1F
100
AcDbEntity
  8
0
370
   100
100
AcDbLine
 10
143.0769804963291
 20
36.32746799669758
 30
0.0
 11
143.0769804963273
 21
40.82746799669847
 31
0.0
  0
ARC
  5
2C24
330
1F
100
AcDbEntity
  8
0
370
   100
100
AcDbCircle
 10
143.276980496328
 20
40.82746799669851
 30
0.0
 40
0.2000000000006992
100
AcDbArc
 50
90.00000000000813
 51
180.0000000000102
  0
LINE
  5
2C25
330
1F
100
AcDbEntity
  8
0
370
   100
100
AcDbLine
 10
143.2769804963279
 20
41.02746799669922
 30
0.0
 11
143.3448692395012
 21
41.02746799669922
 31
0.0
  0
ARC
  5
2C26
330
1F
100
AcDbEntity
  8
0
370
   100
100
AcDbCircle
 10
143.3448692395016
 20
40.72746799669852
 30
0.0
 40
0.3000000000006935
100
AcDbArc
 50
58.6198680650186
 51
90.00000000007601
  0
LINE
  5
2C27
330
1F
100
AcDbEntity
  8
0
370
   100
100
AcDbLine
 10
143.5010833256695
 20
40.9835874205678
 30
0.0
 11
145.1770763138505
 21
39.96135447502138
 31
0.0
  0
ARC
  5
2C28
330
1F
100
AcDbEntity
  8
0
370
   100
100
AcDbCircle
 10
145.3769804963339
 20
39.95516433583498
 30
0.0
 40
0.1999999999937667
100
AcDbArc
 50
178.2263725000483
 51
359.999999999998
  0
LINE
  5
2C29
330
1F
100
AcDbEntity
  8
0
370
   100
100
AcDbLine
 10
145.5769804963277
 20
39.95516433583497
 30
0.0
 11
145.5769804963277
 21
40.2498206430796
 31
0.0
  0
ARC
  5
2C2A
330
1F
100
AcDbEntity
  8
0
370
   100
100
AcDbCircle
 10
146.068943971831
 20
42.90462231905689
 30
0.0
 40
2.700000000000222
100
AcDbArc
 50
259.5015634717036
 51
316.8634412130551
  0
ARC
  5
2C2B
330
1F
100
AcDbEntity
  8
0
370
   100
100
AcDbCircle
 10
147.6743415033586
 20
41.40039535288327
 30
0.0
 40
0.5000000000005223
100
AcDbArc
 50
316.8634412130838
 51
60.00000000003488
  0
LINE
  5
2C2C
330
1F
100
AcDbEntity
  8
0
370
   100
100
AcDbLine
 10
147.9243415033586
 20
41.8334080547761
 30
0.0
 11
147.6563947584703
 21
41.98810718006597
 31
0.0
  0
ARC
  5
2C2D
330
1F
100
AcDbEntity
  8
0
370
   100
100
AcDbCircle
 10
147.4063947584708
 20
41.55509447817368
 30
0.0
 40
0.4999999999998241
100
AcDbArc
 50
60.00000000005229
 51
134.742476709642
  0
ARC
  5
2C2E
330
1F
100
AcDbEntity
  8
0
370
   100
100
AcDbCircle
 10
146.0689439718322
 20
42.90462231905726
 30
0.0
 40
1.400000000000146
100
AcDbArc
 50
290.5731212228923
 51
314.7424767094963
  0
LINE
  5
2C2F
330
1F
100
AcDbEntity
  8
0
370
   100
100
AcDbLine
 10
146.5609074473294
 20
41.59390803334235
 30
0.0
 11
146.5609074473294
 21
41.38213358715303
 31
0.0
  0
ARC
  5
2C30
330
1F
100
AcDbEntity
  8
0
370
   100
100
AcDbCircle
 10
146.068943971831
 20
42.90462231905727
 30
0.0
 40
1.599999999999936
100
AcDbArc
 50
252.0927412363153
 51
287.9072587636837
  0
LINE
  5
2C31
330
1F
100
AcDbEntity
  8
0
370
   100
100
AcDbLine
 10
145.5769804963327
 20
41.38213358715303
 30
0.0
 11
145.5769804963327
 21
41.59390803334235
 31
0.0
  0
ARC
  5
2C32
330
1F
100
AcDbEntity
  8
0
370
   100
100
AcDbCircle
 10
146.0689439718323
 20
42.90462231905691
 30
0.0
 40
1.400000000000697
100
AcDbArc
 50
200.5731212229261
 51
249.4268787770069
  0
LINE
  5
2C33
330
1F
100
AcDbEntity
  8
0
370
   100
100
AcDbLine
 10
144.7582296861172
 20
42.41265884355879
 30
0.0
 11
144.5464552399269
 21
42.41265884355879
 31
0.0
  0
ARC
  5
2C34
330
1F
100
AcDbEntity
  8
0
370
   100
100
AcDbCircle
 10
146.0689439718305
 20
42.90462231905711
 30
0.0
 40
1.599999999999364
100
AcDbArc
 50
162.0927412363107
 51
197.907258763689
  0
LINE
  5
2C35
330
1F
100
AcDbEntity
  8
0
370
   100
100
AcDbLine
 10
144.5464552399269
 20
43.39658579455544
 30
0.0
 11
144.7582296861167
 21
43.39658579455544
 31
0.0
  0
ARC
  5
2C36
330
1F
100
AcDbEntity
  8
0
370
   100
100
AcDbCircle
 10
146.068943971831
 20
42.90462231905642
 30
0.0
 40
1.400000000000201
100
AcDbArc
 50
110.5731212229411
 51
159.4268787770278
  0
LINE
  5
2C37
330
1F
100
AcDbEntity
  8
0
370
   100
100
AcDbLine
 10
145.5769804963327
 20
44.21533660477098
 30
0.0
 11
145.5769804963327
 21
44.42711105096122
 31
0.0
  0
ARC
  5
2C38
330
1F
100
AcDbEntity
  8
0
370
   100
100
AcDbCircle
 10
146.068943971831
 20
42.90462231905697
 30
0.0
 40
1.599999999999945
100
AcDbArc
 50
72.09274123631626
 51
107.9072587636847
  0
LINE
  5
2C39
330
1F
100
AcDbEntity
  8
0
370
   100
100
AcDbLine
 10
146.5609074473294
 20
44.42711105096122
 30
0.0
 11
146.5609074473294
 21
44.21533660477098
 31
0.0
  0
ARC
  5
2C3A
330
1F
100
AcDbEntity
  8
0
370
   100
100
AcDbCircle
 10
146.0689439718308
 20
42.90462231905661
 30
0.0
 40
1.400000000000134
100
AcDbArc
 50
45.25752329042001
 51
69.42687877704424
  0
ARC
  5
2C3B
330
1F
100
AcDbEntity
  8
0
370
   100
100
AcDbCircle
 10
147.4063947584697
 20
44.25415015994051
 30
0.0
 40
0.5000000000003224
100
AcDbArc
 50
225.2575232905881
 51
300.0000000000582
  0
LINE
  5
2C3C
330
1F
100
AcDbEntity
  8
0
370
   100
100
AcDbLine
 10
147.6563947584703
 20
43.82113745804828
 30
0.0
 11
147.9243415033586
 21
43.97583658333814
 31
0.0
  0
ARC
  5
2C3D
330
1F
100
AcDbEntity
  8
0
370
   100
100
AcDbCircle
 10
147.6743415033586
 20
44.40884928523118
 30
0.0
 40
0.5000000000006692
100
AcDbArc
 50
299.9999999999445
 51
43.13655878686435
  0
ARC
  5
2C3E
330
1F
100
AcDbEntity
  8
0
370
   100
100
AcDbCircle
 10
146.0689439718315
 20
42.90462231905714
 30
0.0
 40
2.700000000000396
100
AcDbArc
 50
43.136558786947
 51
100.4984365282944
  0
LINE
  5
2C3F
330
1F
100
AcDbEntity
  8
0
370
   100
100
AcDbLine
 10
145.5769804963282
 20
45.55942399503464
 30
0.0
 11
145.5769804963277
 21
45.85408030227835
 31
0.0
  0
ARC
  5
2C40
330
1F
100
AcDbEntity
  8
0
370
   100
100
AcDbCircle
 10
145.3769804963339
 20
45.85408030227836
 30
0.0
 40
0.1999999999937643
100
AcDbArc
 50
359.999999999998
 51
181.7736274999496
  0
LINE
  5
2C41
330
1F
100
AcDbEntity
  8
0
370
   100
100
AcDbLine
 10
145.1770763138505
 20
45.84789016309197
 30
0.0
 11
143.5010833256695
 21
44.82565721754645
 31
0.0
  0
ARC
  5
2C42
330
1F
100
AcDbEntity
  8
0
370
   100
100
AcDbCircle
 10
143.3448692395016
 20
45.08177664141573
 30
0.0
 40
0.3000000000006837
100
AcDbArc
 50
269.9999999999239
 51
301.3801319349814
  0
LINE
  5
2C43
330
1F
100
AcDbEntity
  8
0
370
   100
100
AcDbLine
 10
143.3448692395012
 20
44.78177664141504
 30
0.0
 11
143.2769804963279
 21
44.78177664141504
 31
0.0
  0
ARC
  5
2C44
330
1F
100
AcDbEntity
  8
0
370
   100
100
AcDbCircle
 10
143.276980496328
 20
44.98177664141573
 30
0.0
 40
0.2000000000006921
100
AcDbArc
 50
179.9999999999939
 51
269.9999999999919
  0
LINE
  5
2C45
330
1F
100
AcDbEntity
  8
0
370
   100
100
AcDbLine
 10
143.0769804963273
 20
44.98177664141575
 30
0.0
 11
143.0769804963291
 21
49.48177664141575
 31
0.0
  0
ARC
  5
2C46
330
1F
100
AcDbEntity
  8
0
370
   100
100
AcDbCircle
 10
143.0769804963291
 20
49.78177664141549
 30
0.0
 40
0.2999999999997342
100
AcDbArc
 50
90.0
 51
270.0
  0
LINE
  5
2C47
330
1F
100
AcDbEntity
  8
0
370
   100
100
AcDbLine
 10
143.0769804963291
 20
50.08177664141522
 30
0.0
 11
143.4413975408923
 21
49.98369797324268
 31
0.0
  0
ARC
  5
2C48
330
1F
100
AcDbEntity
  8
0
370
   100
100
AcDbCircle
 10
143.3634304137321
 20
49.69400653898409
 30
0.0
 40
0.3000000000006801
100
AcDbArc
 50
48.46149298436884
 51
74.93643961365807
  0
LINE
  5
2C49
330
1F
100
AcDbEntity
  8
0
370
   100
100
AcDbLine
 10
143.5623673894385
 20
49.91855960553447
 30
0.0
 11
145.1083528994803
 21
48.54893376795327
 31
0.0
  0
ARC
  5
2C4A
330
1F
100
AcDbEntity
  8
0
370
   100
100
AcDbCircle
 10
144.9094159237735
 20
48.32438070140416
 30
0.0
 40
0.2999999999999536
100
AcDbArc
 50
344.3072287559171
 51
48.46149298415314
  0
ARC
  5
2C4B
330
1F
100
AcDbEntity
  8
0
370
   100
100
AcDbCircle
 10
145.3426425694261
 20
48.20266515804281
 30
0.0
 40
0.1499999999990919
100
AcDbArc
 50
164.3072287560548
 51
322.2539197243421
  0
LINE
  5
2C4C
330
1F
100
AcDbEntity
  8
0
370
   100
100
AcDbLine
 10
145.4612522876694
 20
48.1108406801627
 30
0.0
 11
145.4612522876785
 21
48.11084068015542
 31
0.0
  0
LINE
  5
2C4D
330
1F
100
AcDbEntity
  8
0
370
   100
100
AcDbLine
 10
145.4612522876785
 20
48.11084068015542
 30
0.0
 11
147.5891493697456
 21
50.85944627183788
 31
0.0
  0
ARC
  5
2C4E
330
1F
100
AcDbEntity
  8
0
370
   100
100
AcDbCircle
 10
147.3042419525517
 20
50.95340245113528
 30
0.0
 40
0.3000000000004579
100
AcDbArc
 50
341.7485847720726
 51
88.86602116625084
  0
LINE
  5
2C4F
330
1F
100
AcDbEntity
  8
0
370
   100
100
AcDbLine
 10
147.3101790642188
 20
51.25334369655729
 30
0.0
 11
147.3076270750851
 21
51.25342700352167
 31
0.0
  0
LINE
  5
2C50
330
1F
100
AcDbEntity
  8
0
370
   100
100
AcDbLine
 10
147.3076270750851
 20
51.25342700352167
 30
0.0
 11
146.6510056305904
 21
51.27204048229622
 31
0.0
  0
ARC
  5
2C51
330
1F
100
AcDbEntity
  8
0
370
   100
100
AcDbCircle
 10
146.6368376462859
 20
50.77224125438454
 30
0.0
 40
0.5000000000003717
100
AcDbArc
 50
88.37625124885052
 51
128.1942269743314
  0
ARC
  5
2C52
330
1F
100
AcDbEntity
  8
0
370
   100
100
AcDbCircle
 10
145.0910146197638
 20
52.73703925180755
 30
0.0
 40
2.000000000000276
100
AcDbArc
 50
236.0029452094896
 51
308.1942269742564
  0
LINE
  5
2C53
330
1F
100
AcDbEntity
  8
0
370
   100
100
AcDbLine
 10
143.9727140453358
 20
51.07890661982811
 30
0.0
 11
142.9438738320835
 21
51.58353227626276
 31
0.0
  0
ARC
  5
2C54
330
1F
100
AcDbEntity
  8
0
370
   100
100
AcDbCircle
 10
142.7236924288705
 20
51.13462231905615
 30
0.0
 40
0.5000000000000751
100
AcDbArc
 50
63.87296809757963
 51
90.00000000003582
  0
LINE
  5
2C55
330
1F
100
AcDbEntity
  8
0
370
   100
100
AcDbLine
 10
142.7236924288702
 20
51.63462231905622
 30
0.0
 11
142.1769804963285
 21
51.63462231905622
 31
0.0
  0
ARC
  5
2C56
330
1F
100
AcDbEntity
  8
0
370
   100
100
AcDbCircle
 10
142.1769804963285
 20
52.13462231905623
 30
0.0
 40
0.5
100
AcDbArc
 50
180.0
 51
270.0
  0
LINE
  5
2C57
330
1F
100
AcDbEntity
  8
0
370
   100
100
AcDbLine
 10
141.6769804963285
 20
52.13462231905623
 30
0.0
 11
141.6769804963285
 21
56.00462231905613
 31
0.0
  0
ARC
  5
2C58
330
1F
100
AcDbEntity
  8
0
370
   100
100
AcDbCircle
 10
141.1769804963285
 20
56.00462231905613
 30
0.0
 40
0.5
100
AcDbArc
 50
0.0
 51
90.0
  0
LINE
  5
2C59
330
1F
100
AcDbEntity
  8
0
370
   100
100
AcDbLine
 10
141.1769804963285
 20
56.50462231905613
 30
0.0
 11
139.0840872775132
 21
56.50462231905703
 31
0.0
  0
ARC
  5
2C5A
330
1F
100
AcDbEntity
  8
0
370
   100
100
AcDbCircle
 10
139.0840872775134
 20
56.00462231905851
 30
0.0
 40
0.4999999999985221
100
AcDbArc
 50
90.00000000002605
 51
135.0000000000628
  0
LINE
  5
2C5B
330
1F
100
AcDbEntity
  8
0
370
   100
100
AcDbLine
 10
138.7305338869208
 20
56.35817570965036
 30
0.0
 11
138.0234271057341
 21
55.65106892846371
 31
0.0
  0
ARC
  5
2C5C
330
1F
100
AcDbEntity
  8
0
370
   100
100
AcDbCircle
 10
138.3769804963276
 20
55.29751553787036
 30
0.0
 40
0.5000000000002302
100
AcDbArc
 50
135.0000000000155
 51
180.0000000000008
  0
LINE
  5
2C5D
330
1F
100
AcDbEntity
  8
0
370
   100
100
AcDbLine
 10
137.8769804963274
 20
55.29751553787036
 30
0.0
 11
137.876980496327
 21
54.50462231905611
 31
0.0
  0
LINE
  5
2C5E
330
1F
100
AcDbEntity
  8
0
370
   100
100
AcDbLine
 10
137.876980496327
 20
54.50462231905611
 30
0.0
 11
139.5769804963282
 21
54.50462231905611
 31
0.0
  0
ARC
  5
2C5F
330
1F
100
AcDbEntity
  8
0
370
   100
100
AcDbCircle
 10
139.5769804963281
 20
54.20462231905598
 30
0.0
 40
0.3000000000001393
100
AcDbArc
 50
359.9999999999919
 51
89.99999999998914
  0
LINE
  5
2C60
330
1F
100
AcDbEntity
  8
0
370
   100
100
AcDbLine
 10
139.8769804963283
 20
54.20462231905593
 30
0.0
 11
139.8769804963288
 21
51.80462231905631
 31
0.0
  0
ARC
  5
2C61
330
1F
100
AcDbEntity
  8
0
370
   100
100
AcDbCircle
 10
139.5769804963284
 20
51.80462231905654
 30
0.0
 40
0.3000000000004093
100
AcDbArc
 50
269.9999999998697
 51
359.9999999999566
  0
LINE
  5
2C62
330
1F
100
AcDbEntity
  8
0
370
   100
100
AcDbLine
 10
139.5769804963277
 20
51.50462231905613
 30
0.0
 11
122.1769804963285
 21
51.50462231905613
 31
0.0
  0
ARC
  5
2C63
330
1F
100
AcDbEntity
  8
0
370
   100
100
AcDbCircle
 10
122.1769804963285
 20
51.80462231905627
 30
0.0
 40
0.3000000000001393
100
AcDbArc
 50
179.9999999999918
 51
269.9999999999919
  0
LINE
  5
2C64
330
1F
100
AcDbEntity
  8
0
370
   100
100
AcDbLine
 10
121.8769804963284
 20
51.80462231905631
 30
0.0
 11
121.8769804963274
 21
54.20462231905503
 31
0.0
  0
ARC
  5
2C65
330
1F
100
AcDbEntity
  8
0
370
   100
100
AcDbCircle
 10
122.1769804963276
 20
54.20462231905503
 30
0.0
 40
0.3000000000001819
100
AcDbArc
 50
90.0
 51
180.0
  0
LINE
  5
2C66
330
1F
100
AcDbEntity
  8
0
370
   100
100
AcDbLine
 10
122.1769804963276
 20
54.50462231905522
 30
0.0
 11
123.8769804963284
 21
54.50462231905522
 31
0.0
  0
LINE
  5
2C67
330
1F
100
AcDbEntity
  8
0
370
   100
100
AcDbLine
 10
123.8769804963284
 20
54.50462231905522
 30
0.0
 11
123.8769804963284
 21
55.29751553787036
 31
0.0
  0
ARC
  5
2C68
330
1F
100
AcDbEntity
  8
0
370
   100
100
AcDbCircle
 10
123.3769804963297
 20
55.29751553787005
 30
0.0
 40
0.4999999999987353
100
AcDbArc
 50
0.0000000000350115
 51
45.00000000005758
  0
LINE
  5
2C69
330
1F
100
AcDbEntity
  8
0
370
   100
100
AcDbLine
 10
123.7305338869217
 20
55.65106892846279
 30
0.0
 11
123.0234271057341
 21
56.35817570964945
 31
0.0
  0
ARC
  5
2C6A
330
1F
100
AcDbEntity
  8
0
370
   100
100
AcDbCircle
 10
122.6698737151417
 20
56.00462231905813
 30
0.0
 40
0.4999999999980044
100
AcDbArc
 50
44.99999999991134
 51
89.99999999989578
  0
LINE
  5
2C6B
330
1F
100
AcDbEntity
  8
0
370
   100
100
AcDbLine
 10
122.6698737151426
 20
56.50462231905613
 30
0.0
 11
120.6769804963272
 21
56.50462231905703
 31
0.0
  0
ARC
  5
2C6C
330
1F
100
AcDbEntity
  8
0
370
   100
100
AcDbCircle
 10
120.6769804963271
 20
56.20462231905727
 30
0.0
 40
0.2999999999997627
100
AcDbArc
 50
89.99999999999186
 51
180.00000000008
  0
LINE
  5
2C6D
330
1F
100
AcDbEntity
  8
0
370
   100
100
AcDbLine
 10
120.3769804963274
 20
56.20462231905685
 30
0.0
 11
120.3769804963274
 21
29.6046223190574
 31
0.0
  0
ARC
  5
2C6E
330
1F
100
AcDbEntity
  8
0
370
   100
100
AcDbCircle
 10
120.6769804963271
 20
29.60462231905698
 30
0.0
 40
0.2999999999997556
100
AcDbArc
 50
179.9999999999199
 51
270.0000000000081
  0
LINE
  5
2C6F
330
1F
100
AcDbEntity
  8
0
370
   100
100
AcDbLine
 10
120.6769804963272
 20
29.30462231905721
 30
0.0
 11
122.6698737151426
 21
29.30462231905813
 31
0.0
  0
ARC
  5
2C70
330
1F
100
AcDbEntity
  8
0
370
   100
100
AcDbCircle
 10
122.6698737151417
 20
29.80462231905612
 30
0.0
 40
0.4999999999979892
100
AcDbArc
 50
270.000000000101
 51
315.0000000000855
  0
LINE
  5
2C71
330
1F
100
AcDbEntity
  8
0
370
   100
100
AcDbLine
 10
123.0234271057341
 20
29.45106892846479
 30
0.0
 11
123.7305338869217
 21
30.15817570965055
 31
0.0
  0
ARC
  5
2C72
330
1F
100
AcDbEntity
  8
0
370
   100
100
AcDbCircle
 10
123.3769804963297
 20
30.51172910024328
 30
0.0
 40
0.4999999999987229
100
AcDbArc
 50
314.9999999999419
 51
359.9999999999642
  0
LINE
  5
2C73
330
1F
100
AcDbEntity
  8
0
370
   100
100
AcDbLine
 10
123.8769804963284
 20
30.51172910024297
 30
0.0
 11
123.8769804963284
 21
31.30462231905813
 31
0.0
  0
LINE
  5
2C74
330
1F
100
AcDbEntity
  8
0
370
   100
100
AcDbLine
 10
123.8769804963284
 20
31.30462231905813
 30
0.0
 11
122.1769804963276
 21
31.30462231905904
 31
0.0
  0
ARC
  5
2C75
330
1F
100
AcDbEntity
  8
0
370
   100
100
AcDbCircle
 10
122.1769804963276
 20
31.60462231905922
 30
0.0
 40
0.3000000000001819
100
AcDbArc
 50
180.0
 51
270.0
  0
LINE
  5
2C76
330
1F
100
AcDbEntity
  8
0
370
   100
100
AcDbLine
 10
121.8769804963274
 20
31.60462231905922
 30
0.0
 11
121.8769804963284
 21
34.00462231905704
 31
0.0
  0
ARC
  5
2C77
330
1F
100
AcDbEntity
  8
0
370
   100
100
AcDbCircle
 10
122.1769804963285
 20
34.00462231905708
 30
0.0
 40
0.3000000000001393
100
AcDbArc
 50
90.00000000000813
 51
180.0000000000067
  0
LINE
  5
2C78
330
1F
100
AcDbEntity
  8
0
370
   100
100
AcDbLine
 10
122.1769804963285
 20
34.30462231905722
 30
0.0
 11
139.5769804963277
 21
34.30462231905813
 31
0.0
  0
ARC
  5
2C79
330
1F
100
AcDbEntity
  8
0
370
   100
100
AcDbCircle
 10
139.5769804963279
 20
34.00462231905726
 30
0.0
 40
0.300000000000864
100
AcDbArc
 50
359.9999999999579
 51
90.00000000004341
  0
LINE
  5
2C7A
330
1F
100
AcDbEntity
  8
0
370
   100
100
AcDbLine
 10
139.8769804963288
 20
34.00462231905704
 30
0.0
 11
139.8769804963283
 21
31.60462231905831
 31
0.0
  0
ARC
  5
2C7B
330
1F
100
AcDbEntity
  8
0
370
   100
100
AcDbCircle
 10
139.5769804963281
 20
31.60462231905827
 30
0.0
 40
0.3000000000001535
100
AcDbArc
 50
270.0000000000108
 51
0.0000000000081422
  0
LINE
  5
2C7C
330
1F
100
AcDbEntity
  8
0
370
   100
100
AcDbLine
 10
139.5769804963282
 20
31.30462231905813
 30
0.0
 11
137.876980496327
 21
31.30462231905813
 31
0.0
  0
LINE
  5
2C7D
330
1F
100
AcDbEntity
  8
0
370
   100
100
AcDbLine
 10
137.876980496327
 20
31.30462231905813
 30
0.0
 11
137.8769804963274
 21
30.51172910024297
 31
0.0
  0
ARC
  5
2C7E
330
1F
100
AcDbEntity
  8
0
370
   100
100
AcDbCircle
 10
138.3769804963265
 20
30.51172910024343
 30
0.0
 40
0.4999999999990905
100
AcDbArc
 50
180.0000000000525
 51
225.0000000000389
  0
LINE
  5
2C7F
330
1F
100
AcDbEntity
  8
0
370
   100
100
AcDbLine
 10
138.0234271057341
 20
30.15817570965055
 30
0.0
 11
138.7305338869208
 21
29.45106892846388
 31
0.0
  0
ARC
  5
2C80
330
1F
100
AcDbEntity
  8
0
370
   100
100
AcDbCircle
 10
139.0840872775132
 20
29.80462231905535
 30
0.0
 40
0.4999999999981426
100
AcDbArc
 50
224.9999999999202
 51
269.9999999999935
  0
LINE
  5
2C81
330
1F
100
AcDbEntity
  8
0
370
   100
100
AcDbLine
 10
139.0840872775132
 20
29.30462231905721
 30
0.0
 11
141.1769804963285
 21
29.30462231905721
 31
0.0
  0
ARC
  5
2C82
330
1F
100
AcDbEntity
  8
0
370
   100
100
AcDbCircle
 10
141.1769804963285
 20
29.80462231905722
 30
0.0
 40
0.5000000000000036
100
AcDbArc
 50
270.0
 51
0.0
  0
LINE
  5
2C83
330
1F
100
AcDbEntity
  8
0
370
   100
100
AcDbLine
 10
141.6769804963285
 20
29.80462231905722
 30
0.0
 11
141.6769804963285
 21
33.67462231905802
 31
0.0
  0
ARC
  5
2C84
330
1F
100
AcDbEntity
  8
0
370
   100
100
AcDbCircle
 10
142.1769804963285
 20
33.67462231905802
 30
0.0
 40
0.5
100
AcDbArc
 50
90.0
 51
180.0
  0
LINE
  5
2C85
330
1F
100
AcDbEntity
  8
0
370
   100
100
AcDbLine
 10
142.1769804963285
 20
34.17462231905802
 30
0.0
 11
142.7236924288721
 21
34.17462231905711
 31
0.0
  0
ARC
  5
2C86
330
1F
100
AcDbEntity
  8
0
370
   100
100
AcDbCircle
 10
142.7236924288727
 20
34.67462231905699
 30
0.0
 40
0.4999999999998721
100
AcDbArc
 50
269.9999999999251
 51
296.1270319024278
  0
LINE
  5
2C87
330
1F
100
AcDbEntity
  8
0
370
   100
100
AcDbLine
 10
142.9438738320857
 20
34.22571236185059
 30
0.0
 11
143.9727140453358
 21
34.73033801828615
 31
0.0
  0
ARC
  5
2C88
330
1F
100
AcDbEntity
  8
0
370
   100
100
AcDbCircle
 10
145.0910146197632
 20
33.07220538630625
 30
0.0
 40
2.000000000000309
100
AcDbArc
 50
51.80577302572136
 51
123.9970547904882
  0
ARC
  5
2C89
330
1F
100
AcDbEntity
  8
0
370
   100
100
AcDbCircle
 10
146.6368376462846
 20
35.03700338372926
 30
0.0
 40
0.4999999999999639
100
AcDbArc
 50
231.8057730258139
 51
271.6237487512942
  0
LINE
  5
2C8A
330
1F
100
AcDbEntity
  8
0
370
   100
100
AcDbLine
 10
146.6510056305904
 20
34.53720415581802
 30
0.0
 11
147.3076270750851
 21
34.55581763459259
 31
0.0
  0
LINE
  5
2C8B
330
1F
100
AcDbEntity
  8
0
370
   100
100
AcDbLine
 10
147.3076270750851
 20
34.55581763459259
 30
0.0
 11
147.3101790642188
 21
34.55590094155605
 31
0.0
  0
ARC
  5
2C8C
330
1F
100
AcDbEntity
  8
0
370
   100
100
AcDbCircle
 10
147.3042419525513
 20
34.85584218697857
 30
0.0
 40
0.3000000000009365
100
AcDbArc
 50
271.1339788338232
 51
18.25141522797326
  0
LINE
  5
2C8D
330
1F
100
AcDbEntity
  8
0
370
   100
100
AcDbLine
 10
147.5891493697456
 20
34.94979836627635
 30
0.0
 11
145.4612522876694
 21
37.69840395795063
 31
0.0
  0
ARC
  5
2C8E
330
1F
100
AcDbEntity
  8
0
370
   100
100
AcDbCircle
 10
203.6767985357954
 20
53.80438264106351
 30
0.0
 40
1.0
100
AcDbArc
 50
270.0
 51
0.0
  0
LINE
  5
2C8F
330
1F
100
AcDbEntity
  8
0
370
   100
100
AcDbLine
 10
203.6767985357954
 20
52.80438264106351
 30
0.0
 11
201.3767985357952
 21
52.80438264106351
 31
0.0
  0
ARC
  5
2C90
330
1F
100
AcDbEntity
  8
0
370
   100
100
AcDbCircle
 10
201.3767985357952
 20
52.50438264106333
 30
0.0
 40
0.3000000000001819
100
AcDbArc
 50
90.0
 51
180.0
  0
LINE
  5
2C91
330
1F
100
AcDbEntity
  8
0
370
   100
100
AcDbLine
 10
201.076798535795
 20
52.50438264106333
 30
0.0
 11
201.076798535795
 21
49.50462235800159
 31
0.0
  0
ARC
  5
2C92
330
1F
100
AcDbEntity
  8
0
370
   100
100
AcDbCircle
 10
200.076798535795
 20
49.50462235800156
 30
0.0
 40
0.9999999999999431
100
AcDbArc
 50
269.9999990260097
 51
0.0000000000024427
  0
LINE
  5
2C93
330
1F
100
AcDbEntity
  8
0
370
   100
100
AcDbLine
 10
200.0767985187957
 20
48.50462235800161
 30
0.0
 11
190.9770466609828
 21
48.50462244469463
 31
0.0
  0
ARC
  5
2C94
330
1F
100
AcDbEntity
  8
0
370
   100
100
AcDbCircle
 10
190.9770466558828
 20
48.20462244469442
 30
0.0
 40
0.3000000000002104
100
AcDbArc
 50
89.99999902597336
 51
179.9999999999945
  0
LINE
  5
2C95
330
1F
100
AcDbEntity
  8
0
370
   100
100
AcDbLine
 10
190.6770466558826
 20
48.20462244469445
 30
0.0
 11
190.6770466558872
 21
37.60462219341889
 31
0.0
  0
ARC
  5
2C96
330
1F
100
AcDbEntity
  8
0
370
   100
100
AcDbCircle
 10
190.9770466558873
 20
37.60462219341888
 30
0.0
 40
0.3000000000001819
100
AcDbArc
 50
179.9999999999973
 51
270.0000009740212
  0
LINE
  5
2C97
330
1F
100
AcDbEntity
  8
0
370
   100
100
AcDbLine
 10
190.9770466609873
 20
37.30462219341872
 30
0.0
 11
200.0767985187957
 21
37.30462228011174
 31
0.0
  0
ARC
  5
2C98
330
1F
100
AcDbEntity
  8
0
370
   100
100
AcDbCircle
 10
200.076798535795
 20
36.30462228011179
 30
0.0
 40
0.9999999999999575
100
AcDbArc
 50
359.9999999999976
 51
90.00000097399027
  0
LINE
  5
2C99
330
1F
100
AcDbEntity
  8
0
370
   100
100
AcDbLine
 10
201.076798535795
 20
36.30462228011174
 30
0.0
 11
201.076798535795
 21
33.30486199705001
 31
0.0
  0
ARC
  5
2C9A
330
1F
100
AcDbEntity
  8
0
370
   100
100
AcDbCircle
 10
201.3767985357952
 20
33.30486199705001
 30
0.0
 40
0.3000000000001819
100
AcDbArc
 50
180.0
 51
270.0
  0
LINE
  5
2C9B
330
1F
100
AcDbEntity
  8
0
370
   100
100
AcDbLine
 10
201.3767985357952
 20
33.00486199704983
 30
0.0
 11
203.6767985357954
 21
33.00486199704983
 31
0.0
  0
ARC
  5
2C9C
330
1F
100
AcDbEntity
  8
0
370
   100
100
AcDbCircle
 10
203.6767985357954
 20
32.00486199704983
 30
0.0
 40
1.0
100
AcDbArc
 50
0.0
 51
90.0
  0
LINE
  5
2C9D
330
1F
100
AcDbEntity
  8
0
370
   100
100
AcDbLine
 10
204.6767985357954
 20
32.00486199704983
 30
0.0
 11
204.6767985357954
 21
18.15400276998662
 31
0.0
  0
ARC
  5
2C9E
330
1F
100
AcDbEntity
  8
0
370
   100
100
AcDbCircle
 10
204.976798535814
 20
18.15400276995025
 30
0.0
 40
0.3000000000185423
100
AcDbArc
 50
179.999999993054
 51
231.7594715362031
  0
ARC
  5
2C9F
330
1F
100
AcDbEntity
  8
0
370
   100
100
AcDbCircle
 10
203.6769738829105
 20
16.5046223190633
 30
0.0
 40
1.799999999996568
100
AcDbArc
 50
359.9999999996269
 51
51.75947154324604
  0
LINE
  5
2CA0
330
1F
100
AcDbEntity
  8
0
370
   100
100
AcDbLine
 10
205.4769738829071
 20
16.50462231905158
 30
0.0
 11
205.4769738828771
 21
11.20462231905912
 31
0.0
  0
ARC
  5
2CA1
330
1F
100
AcDbEntity
  8
0
370
   100
100
AcDbCircle
 10
205.7769738828777
 20
11.20462231905778
 30
0.0
 40
0.3000000000006651
100
AcDbArc
 50
179.9999999997449
 51
269.9999999999186
  0
LINE
  5
2CA2
330
1F
100
AcDbEntity
  8
0
370
   100
100
AcDbLine
 10
205.7769738828773
 20
10.90462231905712
 30
0.0
 11
208.4769804962942
 21
10.90462231905712
 31
0.0
  0
ARC
  5
2CA3
330
1F
100
AcDbEntity
  8
0
370
   100
100
AcDbCircle
 10
208.4769804962938
 20
11.20462231905678
 30
0.0
 40
0.2999999999996667
100
AcDbArc
 50
270.000000000076
 51
0.0000000000983852
  0
LINE
  5
2CA4
330
1F
100
AcDbEntity
  8
0
370
   100
100
AcDbLine
 10
208.7769804962934
 20
11.2046223190573
 30
0.0
 11
208.7769804962806
 21
74.60462231905603
 31
0.0
  0
ARC
  5
2CA5
330
1F
100
AcDbEntity
  8
0
370
   100
100
AcDbCircle
 10
208.4769804962804
 20
74.60462231905601
 30
0.0
 40
0.3000000000002103
100
AcDbArc
 50
0.0000000000027141
 51
89.99999999998914
  0
LINE
  5
2CA6
330
1F
100
AcDbEntity
  8
0
370
   100
100
AcDbLine
 10
208.4769804962805
 20
74.9046223190562
 30
0.0
 11
205.7769738828773
 21
74.9046223190562
 31
0.0
  0
ARC
  5
2CA7
330
1F
100
AcDbEntity
  8
0
370
   100
100
AcDbCircle
 10
205.7769738828777
 20
74.60462231905554
 30
0.0
 40
0.3000000000006651
100
AcDbArc
 50
90.00000000008141
 51
180.0000000002551
  0
LINE
  5
2CA8
330
1F
100
AcDbEntity
  8
0
370
   100
100
AcDbLine
 10
205.4769738828771
 20
74.6046223190542
 30
0.0
 11
205.4769738829071
 21
69.30462231906175
 31
0.0
  0
ARC
  5
2CA9
330
1F
100
AcDbEntity
  8
0
370
   100
100
AcDbCircle
 10
203.67697388291
 20
69.30462231905029
 30
0.0
 40
1.799999999997083
100
AcDbArc
 50
308.2405284567617
 51
0.0000000003645905
  0
ARC
  5
2CAA
330
1F
100
AcDbEntity
  8
0
370
   100
100
AcDbCircle
 10
204.9767985358138
 20
67.65524186816316
 30
0.0
 40
0.3000000000184015
100
AcDbArc
 50
128.2405284637835
 51
180.0000000069589
  0
LINE
  5
2CAB
330
1F
100
AcDbEntity
  8
0
370
   100
100
AcDbLine
 10
204.6767985357954
 20
67.65524186812672
 30
0.0
 11
204.6767985357954
 21
53.80438264106351
 31
0.0
  0
ARC
  5
2CAC
330
1F
100
AcDbEntity
  8
0
370
   100
100
AcDbCircle
 10
186.3769804962852
 20
42.90462231905665
 30
0.0
 40
2.699999999999844
100
AcDbArc
 50
223.1365587869452
 51
270.0013071261325
  0
ARC
  5
2CAD
330
1F
100
AcDbEntity
  8
0
370
   100
100
AcDbCircle
 10
184.7715829647578
 20
41.40039535288329
 30
0.0
 40
0.5000000000004331
100
AcDbArc
 50
119.9999999999522
 51
223.1365587869291
  0
LINE
  5
2CAE
330
1F
100
AcDbEntity
  8
0
370
   100
100
AcDbLine
 10
184.521582964758
 20
41.8334080547761
 30
0.0
 11
184.7895297096464
 21
41.98810718006597
 31
0.0
  0
ARC
  5
2CAF
330
1F
100
AcDbEntity
  8
0
370
   100
100
AcDbCircle
 10
185.0395297096458
 20
41.55509447817355
 30
0.0
 40
0.4999999999998922
100
AcDbArc
 50
45.25752329037064
 51
119.9999999999319
  0
ARC
  5
2CB0
330
1F
100
AcDbEntity
  8
0
370
   100
100
AcDbCircle
 10
186.376980496285
 20
42.90462231905855
 30
0.0
 40
1.40000000000154
100
AcDbArc
 50
225.2575232905209
 51
249.4268787771043
  0
LINE
  5
2CB1
330
1F
100
AcDbEntity
  8
0
370
   100
100
AcDbLine
 10
185.8850170207873
 20
41.59390803334235
 30
0.0
 11
185.8850170207868
 21
41.38213358715303
 31
0.0
  0
ARC
  5
2CB2
330
1F
100
AcDbEntity
  8
0
370
   100
100
AcDbCircle
 10
186.3769804962853
 20
42.90462231905658
 30
0.0
 40
1.599999999999333
100
AcDbArc
 50
252.0927412363028
 51
287.9072587636981
  0
LINE
  5
2CB3
330
1F
100
AcDbEntity
  8
0
370
   100
100
AcDbLine
 10
186.8689439717839
 20
41.38213358715303
 30
0.0
 11
186.8689439717844
 21
41.59390803334235
 31
0.0
  0
ARC
  5
2CB4
330
1F
100
AcDbEntity
  8
0
370
   100
100
AcDbCircle
 10
186.3769804962839
 20
42.90462231905714
 30
0.0
 40
1.400000000001209
100
AcDbArc
 50
290.5731212230225
 51
339.4268787770721
  0
LINE
  5
2CB5
330
1F
100
AcDbEntity
  8
0
370
   100
100
AcDbLine
 10
187.6876947819995
 20
42.41265884355879
 30
0.0
 11
187.8994692281897
 21
42.41265884355879
 31
0.0
  0
ARC
  5
2CB6
330
1F
100
AcDbEntity
  8
0
370
   100
100
AcDbCircle
 10
186.3769804962863
 20
42.90462231905711
 30
0.0
 40
1.599999999999148
100
AcDbArc
 50
342.0927412363085
 51
17.90725876369177
  0
LINE
  5
2CB7
330
1F
100
AcDbEntity
  8
0
370
   100
100
AcDbLine
 10
187.8994692281897
 20
43.39658579455544
 30
0.0
 11
187.6876947819999
 21
43.39658579455544
 31
0.0
  0
ARC
  5
2CB8
330
1F
100
AcDbEntity
  8
0
370
   100
100
AcDbCircle
 10
186.3769804962863
 20
42.90462231905718
 30
0.0
 40
1.399999999999218
100
AcDbArc
 50
20.57312122295432
 51
69.42687877707744
  0
LINE
  5
2CB9
330
1F
100
AcDbEntity
  8
0
370
   100
100
AcDbLine
 10
186.8689439717839
 20
44.21533660477098
 30
0.0
 11
186.8689439717844
 21
44.42711105096122
 31
0.0
  0
ARC
  5
2CBA
330
1F
100
AcDbEntity
  8
0
370
   100
100
AcDbCircle
 10
186.3769804962858
 20
42.90462231905762
 30
0.0
 40
1.599999999999382
100
AcDbArc
 50
72.09274123630236
 51
107.9072587636976
  0
LINE
  5
2CBB
330
1F
100
AcDbEntity
  8
0
370
   100
100
AcDbLine
 10
185.8850170207873
 20
44.42711105096122
 30
0.0
 11
185.8850170207873
 21
44.21533660477098
 31
0.0
  0
ARC
  5
2CBC
330
1F
100
AcDbEntity
  8
0
370
   100
100
AcDbCircle
 10
186.3769804962851
 20
42.90462231905736
 30
0.0
 40
1.399999999999176
100
AcDbArc
 50
110.5731212229382
 51
134.7424767095833
  0
ARC
  5
2CBD
330
1F
100
AcDbEntity
  8
0
370
   100
100
AcDbCircle
 10
185.039529709647
 20
44.25415015994011
 30
0.0
 40
0.4999999999999548
100
AcDbArc
 50
239.9999999999186
 51
314.7424767094353
  0
LINE
  5
2CBE
330
1F
100
AcDbEntity
  8
0
370
   100
100
AcDbLine
 10
184.7895297096464
 20
43.82113745804828
 30
0.0
 11
184.521582964758
 21
43.97583658333814
 31
0.0
  0
ARC
  5
2CBF
330
1F
100
AcDbEntity
  8
0
370
   100
100
AcDbCircle
 10
184.7715829647574
 20
44.40884928523085
 30
0.0
 40
0.5000000000001384
100
AcDbArc
 50
136.8634412130939
 51
240.0000000000844
  0
ARC
  5
2CC0
330
1F
100
AcDbEntity
  8
0
370
   100
100
AcDbCircle
 10
186.3769804963148
 20
42.90462231907002
 30
0.0
 40
2.700000000012872
100
AcDbArc
 50
89.99869287449534
 51
136.8634412136887
  0
ARC
  5
2CC1
330
1F
100
AcDbEntity
  8
0
370
   100
100
AcDbCircle
 10
186.3770466558839
 20
45.80462231832791
 30
0.0
 40
0.1999999999996821
100
AcDbArc
 50
269.9986928738877
 51
0.0000000000956711
  0
LINE
  5
2CC2
330
1F
100
AcDbEntity
  8
0
370
   100
100
AcDbLine
 10
186.5770466558836
 20
45.80462231832824
 30
0.0
 11
186.5770466558836
 21
45.85408030227835
 31
0.0
  0
ARC
  5
2CC3
330
1F
100
AcDbEntity
  8
0
370
   100
100
AcDbCircle
 10
186.7770466558774
 20
45.85408030227836
 30
0.0
 40
0.1999999999938495
100
AcDbArc
 50
358.2263725000506
 51
180.000000000002
  0
LINE
  5
2CC4
330
1F
100
AcDbEntity
  8
0
370
   100
100
AcDbLine
 10
186.9769508383609
 20
45.84789016309197
 30
0.0
 11
188.6529438265418
 21
44.82565721754645
 31
0.0
  0
ARC
  5
2CC5
330
1F
100
AcDbEntity
  8
0
370
   100
100
AcDbCircle
 10
188.8091579127098
 20
45.08177664141584
 30
0.0
 40
0.3000000000008042
100
AcDbArc
 50
238.6198680650199
 51
270.000000000076
  0
LINE
  5
2CC6
330
1F
100
AcDbEntity
  8
0
370
   100
100
AcDbLine
 10
188.8091579127102
 20
44.78177664141504
 30
0.0
 11
188.8770466558833
 21
44.78177664141504
 31
0.0
  0
ARC
  5
2CC7
330
1F
100
AcDbEntity
  8
0
370
   100
100
AcDbCircle
 10
188.8770466558833
 20
44.98177664141578
 30
0.0
 40
0.2000000000007347
100
AcDbArc
 50
269.9999999999919
 51
359.9999999999939
  0
LINE
  5
2CC8
330
1F
100
AcDbEntity
  8
0
370
   100
100
AcDbLine
 10
189.0770466558841
 20
44.98177664141575
 30
0.0
 11
189.0770466558823
 21
49.48177664141575
 31
0.0
  0
ARC
  5
2CC9
330
1F
100
AcDbEntity
  8
0
370
   100
100
AcDbCircle
 10
189.0770466558823
 20
49.78177664141549
 30
0.0
 40
0.2999999999997342
100
AcDbArc
 50
270.0
 51
90.0
  0
LINE
  5
2CCA
330
1F
100
AcDbEntity
  8
0
370
   100
100
AcDbLine
 10
189.0770466558823
 20
50.08177664141522
 30
0.0
 11
188.712629611319
 21
49.98369797324268
 31
0.0
  0
ARC
  5
2CCB
330
1F
100
AcDbEntity
  8
0
370
   100
100
AcDbCircle
 10
188.7905967384791
 20
49.69400653898393
 30
0.0
 40
0.3000000000008236
100
AcDbArc
 50
105.0635603863289
 51
131.5385070156194
  0
LINE
  5
2CCC
330
1F
100
AcDbEntity
  8
0
370
   100
100
AcDbLine
 10
188.5916597627726
 20
49.91855960553447
 30
0.0
 11
187.0456742527306
 21
48.54893376795371
 31
0.0
  0
ARC
  5
2CCD
330
1F
100
AcDbEntity
  8
0
370
   100
100
AcDbCircle
 10
187.2446112284377
 20
48.32438070140479
 30
0.0
 40
0.3000000000000091
100
AcDbArc
 50
131.5385070159099
 51
195.6927712442037
  0
ARC
  5
2CCE
330
1F
100
AcDbEntity
  8
0
370
   100
100
AcDbCircle
 10
186.8113845827798
 20
48.20266515804043
 30
0.0
 40
0.1500000000049346
100
AcDbArc
 50
217.7460802762814
 51
15.69277124426255
  0
LINE
  5
2CCF
330
1F
100
AcDbEntity
  8
0
370
   100
100
AcDbLine
 10
186.6927748645328
 20
48.11084068015542
 30
0.0
 11
184.5648777824661
 21
50.85944627183788
 31
0.0
  0
ARC
  5
2CD0
330
1F
100
AcDbEntity
  8
0
370
   100
100
AcDbCircle
 10
184.8497851996598
 20
50.9534024511354
 30
0.0
 40
0.3000000000003316
100
AcDbArc
 50
91.13397883380384
 51
198.2514152279582
  0
LINE
  5
2CD1
330
1F
100
AcDbEntity
  8
0
370
   100
100
AcDbLine
 10
184.8438480879925
 20
51.25334369655729
 30
0.0
 11
184.8464000771262
 21
51.25342700352167
 31
0.0
  0
LINE
  5
2CD2
330
1F
100
AcDbEntity
  8
0
370
   100
100
AcDbLine
 10
184.8464000771262
 20
51.25342700352167
 30
0.0
 11
185.5030215216209
 21
51.27204048229622
 31
0.0
  0
ARC
  5
2CD3
330
1F
100
AcDbEntity
  8
0
370
   100
100
AcDbCircle
 10
185.5171895059247
 20
50.77224125438402
 30
0.0
 40
0.5000000000008701
100
AcDbArc
 50
51.80577302560962
 51
91.62374875106641
  0
ARC
  5
2CD4
330
1F
100
AcDbEntity
  8
0
370
   100
100
AcDbCircle
 10
187.0630125324471
 20
52.73703925180711
 30
0.0
 40
2.000000000000093
100
AcDbArc
 50
231.805773025751
 51
303.9970547905255
  0
LINE
  5
2CD5
330
1F
100
AcDbEntity
  8
0
370
   100
100
AcDbLine
 10
188.1813131068755
 20
51.07890661982811
 30
0.0
 11
189.2101533201278
 21
51.58353227626276
 31
0.0
  0
ARC
  5
2CD6
330
1F
100
AcDbEntity
  8
0
370
   100
100
AcDbCircle
 10
189.4303347233408
 20
51.13462231905621
 30
0.0
 40
0.500000000000024
100
AcDbArc
 50
89.99999999996743
 51
116.1270319024232
  0
LINE
  5
2CD7
330
1F
100
AcDbEntity
  8
0
370
   100
100
AcDbLine
 10
189.4303347233411
 20
51.63462231905622
 30
0.0
 11
190.3770466558811
 21
51.63462231905622
 31
0.0
  0
ARC
  5
2CD8
330
1F
100
AcDbEntity
  8
0
370
   100
100
AcDbCircle
 10
190.377046655881
 20
51.33462231905609
 30
0.0
 40
0.3000000000001393
100
AcDbArc
 50
359.9999999999919
 51
89.99999999998914
  0
LINE
  5
2CD9
330
1F
100
AcDbEntity
  8
0
370
   100
100
AcDbLine
 10
190.6770466558812
 20
51.33462231905604
 30
0.0
 11
190.6770466558817
 21
50.40462244469471
 31
0.0
  0
ARC
  5
2CDA
330
1F
100
AcDbEntity
  8
0
370
   100
100
AcDbCircle
 10
190.9770466558819
 20
50.40462244469472
 30
0.0
 40
0.3000000000001819
100
AcDbArc
 50
180.0000000000013
 51
269.9999990259733
  0
LINE
  5
2CDB
330
1F
100
AcDbEntity
  8
0
370
   100
100
AcDbLine
 10
190.9770466507819
 20
50.10462244469454
 30
0.0
 11
199.1767985306954
 21
50.10462237330102
 31
0.0
  0
ARC
  5
2CDC
330
1F
100
AcDbEntity
  8
0
370
   100
100
AcDbCircle
 10
199.1767985357954
 20
50.40462237330121
 30
0.0
 40
0.300000000000189
100
AcDbArc
 50
269.9999990259733
 51
0.0
  0
LINE
  5
2CDD
330
1F
100
AcDbEntity
  8
0
370
   100
100
AcDbLine
 10
199.4767985357956
 20
50.40462237330121
 30
0.0
 11
199.4767985357956
 21
54.9543826410636
 31
0.0
  0
ARC
  5
2CDE
330
1F
100
AcDbEntity
  8
0
370
   100
100
AcDbCircle
 10
199.7267985357956
 20
54.9543826410636
 30
0.0
 40
0.25
100
AcDbArc
 50
90.0
 51
180.0
  0
LINE
  5
2CDF
330
1F
100
AcDbEntity
  8
0
370
   100
100
AcDbLine
 10
199.7267985357956
 20
55.2043826410636
 30
0.0
 11
200.2444848440626
 21
55.2043826410636
 31
0.0
  0
ARC
  5
2CE0
330
1F
100
AcDbEntity
  8
0
370
   100
100
AcDbCircle
 10
200.2444848440652
 20
54.95438264105729
 30
0.0
 40
0.2500000000063167
100
AcDbArc
 50
25.00000000043815
 51
90.00000000060579
  0
LINE
  5
2CE1
330
1F
100
AcDbEntity
  8
0
370
   100
100
AcDbLine
 10
200.4710617908293
 20
55.06003720649687
 30
0.0
 11
200.7767985357948
 21
54.40438264106342
 31
0.0
  0
LINE
  5
2CE2
330
1F
100
AcDbEntity
  8
0
370
   100
100
AcDbLine
 10
200.7767985357948
 20
54.40438264106342
 30
0.0
 11
203.076798535796
 21
54.40438264106342
 31
0.0
  0
LINE
  5
2CE3
330
1F
100
AcDbEntity
  8
0
370
   100
100
AcDbLine
 10
203.076798535796
 20
54.40438264106342
 30
0.0
 11
203.076798535796
 21
67.90438264106342
 31
0.0
  0
LINE
  5
2CE4
330
1F
100
AcDbEntity
  8
0
370
   100
100
AcDbLine
 10
203.076798535796
 20
67.90438264106342
 30
0.0
 11
201.5767985357959
 21
67.90438264106342
 31
0.0
  0
LINE
  5
2CE5
330
1F
100
AcDbEntity
  8
0
370
   100
100
AcDbLine
 10
201.5767985357959
 20
67.90438264106342
 30
0.0
 11
201.5767985357959
 21
67.15438264106342
 31
0.0
  0
ARC
  5
2CE6
330
1F
100
AcDbEntity
  8
0
370
   100
100
AcDbCircle
 10
201.326798535796
 20
67.15438264106336
 30
0.0
 40
0.2499999999999432
100
AcDbArc
 50
270.000000000013
 51
0.0000000000130276
  0
LINE
  5
2CE7
330
1F
100
AcDbEntity
  8
0
370
   100
100
AcDbLine
 10
201.326798535796
 20
66.90438264106342
 30
0.0
 11
200.6769227475623
 21
66.90438264106297
 31
0.0
  0
ARC
  5
2CE8
330
1F
100
AcDbEntity
  8
0
370
   100
100
AcDbCircle
 10
200.6769227475623
 20
67.2043826410631
 30
0.0
 40
0.3000000000001393
100
AcDbArc
 50
179.9984168526219
 51
269.9999999999945
  0
LINE
  5
2CE9
330
1F
100
AcDbEntity
  8
0
370
   100
100
AcDbLine
 10
200.3769227476767
 20
67.20439093040339
 30
0.0
 11
200.3769919493496
 21
69.70887274257939
 31
0.0
  0
ARC
  5
2CEA
330
1F
100
AcDbEntity
  8
0
370
   100
100
AcDbCircle
 10
200.8769738829235
 20
69.70462231905227
 30
0.0
 40
0.5000000000004902
100
AcDbArc
 50
89.99999999994463
 51
179.5129314751013
  0
LINE
  5
2CEB
330
1F
100
AcDbEntity
  8
0
370
   100
100
AcDbLine
 10
200.876973882924
 20
70.20462231905276
 30
0.0
 11
201.5740609842458
 21
70.20462231905321
 31
0.0
  0
LINE
  5
2CEC
330
1F
100
AcDbEntity
  8
0
370
   100
100
AcDbLine
 10
201.5740609842458
 20
70.20462231905321
 30
0.0
 11
201.5740609842458
 21
69.40462231905303
 31
0.0
  0
ARC
  5
2CED
330
1F
100
AcDbEntity
  8
0
370
   100
100
AcDbCircle
 10
201.8740609842451
 20
69.40462231905306
 30
0.0
 40
0.2999999999993008
100
AcDbArc
 50
180.0000000000054
 51
270.0000000000054
  0
LINE
  5
2CEE
330
1F
100
AcDbEntity
  8
0
370
   100
100
AcDbLine
 10
201.8740609842451
 20
69.10462231905376
 30
0.0
 11
203.6769738829087
 21
69.10462231905239
 31
0.0
  0
ARC
  5
2CEF
330
1F
100
AcDbEntity
  8
0
370
   100
100
AcDbCircle
 10
203.6769738829082
 20
69.30462231905178
 30
0.0
 40
0.1999999999993776
100
AcDbArc
 50
270.0000000001303
 51
0.0000000003908266
  0
LINE
  5
2CF0
330
1F
100
AcDbEntity
  8
0
370
   100
100
AcDbLine
 10
203.8769738829076
 20
69.30462231905313
 30
0.0
 11
203.8769738828749
 21
75.10462231906649
 31
0.0
  0
ARC
  5
2CF1
330
1F
100
AcDbEntity
  8
0
370
   100
100
AcDbCircle
 10
203.6769738828847
 20
75.10462231906604
 30
0.0
 40
0.1999999999902684
100
AcDbArc
 50
0.0000000001302755
 51
89.99999999986973
  0
LINE
  5
2CF2
330
1F
100
AcDbEntity
  8
0
370
   100
100
AcDbLine
 10
203.6769738828851
 20
75.3046223190563
 30
0.0
 11
201.8740609842433
 21
75.30462231905494
 31
0.0
  0
ARC
  5
2CF3
330
1F
100
AcDbEntity
  8
0
370
   100
100
AcDbCircle
 10
201.8740609842428
 20
75.00462231905564
 30
0.0
 40
0.2999999999993008
100
AcDbArc
 50
89.99999999990773
 51
168.6900675258903
  0
LINE
  5
2CF4
330
1F
100
AcDbEntity
  8
0
370
   100
100
AcDbLine
 10
201.5798867815363
 20
75.06345715959742
 30
0.0
 11
201.5740609842458
 21
74.20462231905684
 31
0.0
  0
LINE
  5
2CF5
330
1F
100
AcDbEntity
  8
0
370
   100
100
AcDbLine
 10
201.5740609842458
 20
74.20462231905684
 30
0.0
 11
201.1769738829233
 21
74.20462231905641
 31
0.0
  0
LINE
  5
2CF6
330
1F
100
AcDbEntity
  8
0
370
   100
100
AcDbLine
 10
201.1769738829233
 20
74.20462231905641
 30
0.0
 11
200.876973882924
 21
74.20462231905641
 31
0.0
  0
ARC
  5
2CF7
330
1F
100
AcDbEntity
  8
0
370
   100
100
AcDbCircle
 10
200.876973882924
 20
74.70462231905639
 30
0.0
 40
0.4999999999999858
100
AcDbArc
 50
180.0000000000016
 51
270.0000000000033
  0
LINE
  5
2CF8
330
1F
100
AcDbEntity
  8
0
370
   100
100
AcDbLine
 10
200.376973882924
 20
74.70462231905639
 30
0.0
 11
200.376973882924
 21
76.20462231905595
 31
0.0
  0
ARC
  5
2CF9
330
1F
100
AcDbEntity
  8
0
370
   100
100
AcDbCircle
 10
200.6769738829237
 20
76.20462231905638
 30
0.0
 40
0.2999999999997271
100
AcDbArc
 50
90.00000000008141
 51
180.0000000000814
  0
LINE
  5
2CFA
330
1F
100
AcDbEntity
  8
0
370
   100
100
AcDbLine
 10
200.6769738829233
 20
76.50462231905613
 30
0.0
 11
209.876980496292
 21
76.50462231905613
 31
0.0
  0
ARC
  5
2CFB
330
1F
100
AcDbEntity
  8
0
370
   100
100
AcDbCircle
 10
209.8769804962921
 20
76.00462231905618
 30
0.0
 40
0.4999999999999432
100
AcDbArc
 50
359.9999999999935
 51
90.00000000000651
  0
LINE
  5
2CFC
330
1F
100
AcDbEntity
  8
0
370
   100
100
AcDbLine
 10
210.376980496292
 20
76.00462231905613
 30
0.0
 11
210.3769804962765
 21
9.804622319056306
 31
0.0
  0
ARC
  5
2CFD
330
1F
100
AcDbEntity
  8
0
370
   100
100
AcDbCircle
 10
209.8769804962765
 20
9.804622319057216
 30
0.0
 40
0.5
100
AcDbArc
 50
270.0
 51
359.9999999998958
  0
LINE
  5
2CFE
330
1F
100
AcDbEntity
  8
0
370
   100
100
AcDbLine
 10
209.8769804962765
 20
9.304622319057216
 30
0.0
 11
200.6769738829233
 21
9.304622319057216
 31
0.0
  0
ARC
  5
2CFF
330
1F
100
AcDbEntity
  8
0
370
   100
100
AcDbCircle
 10
200.6769738829237
 20
9.604622319056911
 30
0.0
 40
0.2999999999996952
100
AcDbArc
 50
179.999999999907
 51
269.9999999999294
  0
LINE
  5
2D00
330
1F
100
AcDbEntity
  8
0
370
   100
100
AcDbLine
 10
200.376973882924
 20
9.604622319057398
 30
0.0
 11
200.376973882924
 21
11.10462231905694
 31
0.0
  0
ARC
  5
2D01
330
1F
100
AcDbEntity
  8
0
370
   100
100
AcDbCircle
 10
200.876973882924
 20
11.10462231905694
 30
0.0
 40
0.5
100
AcDbArc
 50
90.0
 51
180.0
  0
LINE
  5
2D02
330
1F
100
AcDbEntity
  8
0
370
   100
100
AcDbLine
 10
200.876973882924
 20
11.60462231905694
 30
0.0
 11
201.1769738829233
 21
11.60462231905694
 31
0.0
  0
LINE
  5
2D03
330
1F
100
AcDbEntity
  8
0
370
   100
100
AcDbLine
 10
201.1769738829233
 20
11.60462231905694
 30
0.0
 11
201.5740609842458
 21
11.60462231905649
 31
0.0
  0
LINE
  5
2D04
330
1F
100
AcDbEntity
  8
0
370
   100
100
AcDbLine
 10
201.5740609842458
 20
11.60462231905649
 30
0.0
 11
201.5798867815363
 21
10.74578747851592
 31
0.0
  0
ARC
  5
2D05
330
1F
100
AcDbEntity
  8
0
370
   100
100
AcDbCircle
 10
201.8740609842429
 20
10.80462231905778
 30
0.0
 40
0.2999999999993748
100
AcDbArc
 50
191.3099324741231
 51
270.0000000000814
  0
LINE
  5
2D06
330
1F
100
AcDbEntity
  8
0
370
   100
100
AcDbLine
 10
201.8740609842433
 20
10.5046223190584
 30
0.0
 11
203.6769738828851
 21
10.50462231905703
 31
0.0
  0
ARC
  5
2D07
330
1F
100
AcDbEntity
  8
0
370
   100
100
AcDbCircle
 10
203.6769738828846
 20
10.70462231904734
 30
0.0
 40
0.1999999999903181
100
AcDbArc
 50
270.0000000001466
 51
359.9999999998575
  0
LINE
  5
2D08
330
1F
100
AcDbEntity
  8
0
370
   100
100
AcDbLine
 10
203.8769738828749
 20
10.70462231904685
 30
0.0
 11
203.8769738829076
 21
16.50462231906022
 31
0.0
  0
ARC
  5
2D09
330
1F
100
AcDbEntity
  8
0
370
   100
100
AcDbCircle
 10
203.6769738829083
 20
16.50462231906161
 30
0.0
 40
0.1999999999993349
100
AcDbArc
 50
359.999999999601
 51
89.99999999988601
  0
LINE
  5
2D0A
330
1F
100
AcDbEntity
  8
0
370
   100
100
AcDbLine
 10
203.6769738829087
 20
16.70462231906094
 30
0.0
 11
201.8740609842451
 21
16.70462231905958
 31
0.0
  0
ARC
  5
2D0B
330
1F
100
AcDbEntity
  8
0
370
   100
100
AcDbCircle
 10
201.8740609842451
 20
16.40462231906028
 30
0.0
 40
0.2999999999993008
100
AcDbArc
 50
89.99999999999458
 51
179.9999999999939
  0
LINE
  5
2D0C
330
1F
100
AcDbEntity
  8
0
370
   100
100
AcDbLine
 10
201.5740609842458
 20
16.40462231906031
 30
0.0
 11
201.5740609842458
 21
15.60462231906013
 31
0.0
  0
LINE
  5
2D0D
330
1F
100
AcDbEntity
  8
0
370
   100
100
AcDbLine
 10
201.5740609842458
 20
15.60462231906013
 30
0.0
 11
200.876973882924
 21
15.60462231906058
 31
0.0
  0
ARC
  5
2D0E
330
1F
100
AcDbEntity
  8
0
370
   100
100
AcDbCircle
 10
200.8769738829235
 20
16.10462231906107
 30
0.0
 40
0.5000000000004868
100
AcDbArc
 50
180.4870685248994
 51
270.0000000000553
  0
LINE
  5
2D0F
330
1F
100
AcDbEntity
  8
0
370
   100
100
AcDbLine
 10
200.3769919493496
 20
16.10037189553395
 30
0.0
 11
200.3769227476767
 21
18.60485370770993
 31
0.0
  0
ARC
  5
2D10
330
1F
100
AcDbEntity
  8
0
370
   100
100
AcDbCircle
 10
200.6769227475624
 20
18.60486199705018
 30
0.0
 40
0.3000000000001928
100
AcDbArc
 50
90.00000000001628
 51
180.0015831473712
  0
LINE
  5
2D11
330
1F
100
AcDbEntity
  8
0
370
   100
100
AcDbLine
 10
200.6769227475623
 20
18.90486199705037
 30
0.0
 11
201.326798535796
 21
18.90486199704992
 31
0.0
  0
ARC
  5
2D12
330
1F
100
AcDbEntity
  8
0
370
   100
100
AcDbCircle
 10
201.326798535796
 20
18.65486199704998
 30
0.0
 40
0.2499999999999432
100
AcDbArc
 50
359.999999999987
 51
89.99999999998697
  0
LINE
  5
2D13
330
1F
100
AcDbEntity
  8
0
370
   100
100
AcDbLine
 10
201.5767985357959
 20
18.65486199704992
 30
0.0
 11
201.5767985357959
 21
17.90486199704992
 31
0.0
  0
LINE
  5
2D14
330
1F
100
AcDbEntity
  8
0
370
   100
100
AcDbLine
 10
201.5767985357959
 20
17.90486199704992
 30
0.0
 11
203.076798535796
 21
17.90486199704992
 31
0.0
  0
LINE
  5
2D15
330
1F
100
AcDbEntity
  8
0
370
   100
100
AcDbLine
 10
203.076798535796
 20
17.90486199704992
 30
0.0
 11
203.076798535796
 21
31.40486199704993
 31
0.0
  0
LINE
  5
2D16
330
1F
100
AcDbEntity
  8
0
370
   100
100
AcDbLine
 10
203.076798535796
 20
31.40486199704993
 30
0.0
 11
200.7767985357948
 21
31.40486199704993
 31
0.0
  0
LINE
  5
2D17
330
1F
100
AcDbEntity
  8
0
370
   100
100
AcDbLine
 10
200.7767985357948
 20
31.40486199704993
 30
0.0
 11
200.4710617908293
 21
30.74920743161647
 31
0.0
  0
ARC
  5
2D18
330
1F
100
AcDbEntity
  8
0
370
   100
100
AcDbCircle
 10
200.2444848440653
 20
30.854861997056
 30
0.0
 40
0.2500000000062489
100
AcDbArc
 50
269.9999999993812
 51
334.9999999995667
  0
LINE
  5
2D19
330
1F
100
AcDbEntity
  8
0
370
   100
100
AcDbLine
 10
200.2444848440626
 20
30.60486199704974
 30
0.0
 11
199.7267985357956
 21
30.60486199704974
 31
0.0
  0
ARC
  5
2D1A
330
1F
100
AcDbEntity
  8
0
370
   100
100
AcDbCircle
 10
199.7267985357956
 20
30.85486199704974
 30
0.0
 40
0.25
100
AcDbArc
 50
180.0
 51
270.0
  0
LINE
  5
2D1B
330
1F
100
AcDbEntity
  8
0
370
   100
100
AcDbLine
 10
199.4767985357956
 20
30.85486199704974
 30
0.0
 11
199.4767985357956
 21
35.40462226481214
 31
0.0
  0
ARC
  5
2D1C
330
1F
100
AcDbEntity
  8
0
370
   100
100
AcDbCircle
 10
199.1767985357954
 20
35.40462226481214
 30
0.0
 40
0.3000000000001819
100
AcDbArc
 50
0.0
 51
90.00000097402663
  0
LINE
  5
2D1D
330
1F
100
AcDbEntity
  8
0
370
   100
100
AcDbLine
 10
199.1767985306954
 20
35.70462226481232
 30
0.0
 11
190.9770466507819
 21
35.7046221934188
 31
0.0
  0
ARC
  5
2D1E
330
1F
100
AcDbEntity
  8
0
370
   100
100
AcDbCircle
 10
190.9770466558819
 20
35.40462219341862
 30
0.0
 40
0.3000000000001819
100
AcDbArc
 50
90.00000097402663
 51
180.0
  0
LINE
  5
2D1F
330
1F
100
AcDbEntity
  8
0
370
   100
100
AcDbLine
 10
190.6770466558817
 20
35.40462219341862
 30
0.0
 11
190.6770466558812
 21
34.47462231905729
 31
0.0
  0
ARC
  5
2D20
330
1F
100
AcDbEntity
  8
0
370
   100
100
AcDbCircle
 10
190.377046655881
 20
34.47462231905725
 30
0.0
 40
0.3000000000001535
100
AcDbArc
 50
270.0000000000108
 51
0.0000000000081422
  0
LINE
  5
2D21
330
1F
100
AcDbEntity
  8
0
370
   100
100
AcDbLine
 10
190.3770466558811
 20
34.17462231905711
 30
0.0
 11
189.4303347233411
 21
34.17462231905711
 31
0.0
  0
ARC
  5
2D22
330
1F
100
AcDbEntity
  8
0
370
   100
100
AcDbCircle
 10
189.4303347233408
 20
34.67462231905706
 30
0.0
 40
0.4999999999999503
100
AcDbArc
 50
243.8729680975732
 51
270.0000000000326
  0
LINE
  5
2D23
330
1F
100
AcDbEntity
  8
0
370
   100
100
AcDbLine
 10
189.2101533201278
 20
34.22571236185059
 30
0.0
 11
188.1813131068755
 21
34.73033801828524
 31
0.0
  0
ARC
  5
2D24
330
1F
100
AcDbEntity
  8
0
370
   100
100
AcDbCircle
 10
187.0630125324471
 20
33.07220538630615
 30
0.0
 40
2.000000000000178
100
AcDbArc
 50
56.00294520947585
 51
128.1942269742474
  0
ARC
  5
2D25
330
1F
100
AcDbEntity
  8
0
370
   100
100
AcDbCircle
 10
185.5171895059246
 20
35.0370033837294
 30
0.0
 40
0.5000000000009547
100
AcDbArc
 50
268.3762512489404
 51
308.194226974391
  0
LINE
  5
2D26
330
1F
100
AcDbEntity
  8
0
370
   100
100
AcDbLine
 10
185.5030215216209
 20
34.53720415581711
 30
0.0
 11
184.8464000771262
 21
34.55581763459168
 31
0.0
  0
LINE
  5
2D27
330
1F
100
AcDbEntity
  8
0
370
   100
100
AcDbLine
 10
184.8464000771262
 20
34.55581763459168
 30
0.0
 11
184.8438480879925
 21
34.55590094155605
 31
0.0
  0
ARC
  5
2D28
330
1F
100
AcDbEntity
  8
0
370
   100
100
AcDbCircle
 10
184.8497851996598
 20
34.85584218697795
 30
0.0
 40
0.3000000000003162
100
AcDbArc
 50
161.748584772043
 51
268.8660211661961
  0
LINE
  5
2D29
330
1F
100
AcDbEntity
  8
0
370
   100
100
AcDbLine
 10
184.5648777824661
 20
34.94979836627545
 30
0.0
 11
186.6927748645328
 21
37.69840395795791
 31
0.0
  0
ARC
  5
2D2A
330
1F
100
AcDbEntity
  8
0
370
   100
100
AcDbCircle
 10
186.8113845827798
 20
37.60657948007293
 30
0.0
 40
0.1500000000049383
100
AcDbArc
 50
344.3072287557296
 51
142.253919723725
  0
ARC
  5
2D2B
330
1F
100
AcDbEntity
  8
0
370
   100
100
AcDbCircle
 10
187.2446112284377
 20
37.48486393670855
 30
0.0
 40
0.3000000000000089
100
AcDbArc
 50
164.3072287557975
 51
228.46149298409
  0
LINE
  5
2D2C
330
1F
100
AcDbEntity
  8
0
370
   100
100
AcDbLine
 10
187.0456742527306
 20
37.26031087015963
 30
0.0
 11
188.5916597627726
 21
35.89068503257886
 31
0.0
  0
ARC
  5
2D2D
330
1F
100
AcDbEntity
  8
0
370
   100
100
AcDbCircle
 10
188.790596738479
 20
36.11523809912928
 30
0.0
 40
0.3000000000006601
100
AcDbArc
 50
228.4614929843815
 51
254.9364396136853
  0
LINE
  5
2D2E
330
1F
100
AcDbEntity
  8
0
370
   100
100
AcDbLine
 10
188.712629611319
 20
35.82554666487067
 30
0.0
 11
189.0770466558823
 21
35.72746799669813
 31
0.0
  0
ARC
  5
2D2F
330
1F
100
AcDbEntity
  8
0
370
   100
100
AcDbCircle
 10
189.0770466558823
 20
36.02746799669785
 30
0.0
 40
0.29999999999972
100
AcDbArc
 50
270.0
 51
90.0
  0
LINE
  5
2D30
330
1F
100
AcDbEntity
  8
0
370
   100
100
AcDbLine
 10
189.0770466558823
 20
36.32746799669758
 30
0.0
 11
189.0770466558841
 21
40.82746799669758
 31
0.0
  0
ARC
  5
2D31
330
1F
100
AcDbEntity
  8
0
370
   100
100
AcDbCircle
 10
188.8770466558833
 20
40.82746799669756
 30
0.0
 40
0.2000000000007276
100
AcDbArc
 50
0.0000000000040711
 51
90.00000000000813
  0
LINE
  5
2D32
330
1F
100
AcDbEntity
  8
0
370
   100
100
AcDbLine
 10
188.8770466558833
 20
41.02746799669829
 30
0.0
 11
188.8091579127102
 21
41.02746799669829
 31
0.0
  0
ARC
  5
2D33
330
1F
100
AcDbEntity
  8
0
370
   100
100
AcDbCircle
 10
188.8091579127098
 20
40.72746799669742
 30
0.0
 40
0.3000000000008782
100
AcDbArc
 50
89.99999999992944
 51
121.3801319349762
  0
LINE
  5
2D34
330
1F
100
AcDbEntity
  8
0
370
   100
100
AcDbLine
 10
188.6529438265418
 20
40.98358742056689
 30
0.0
 11
186.9769508383609
 21
39.96135447502138
 31
0.0
  0
ARC
  5
2D35
330
1F
100
AcDbEntity
  8
0
370
   100
100
AcDbCircle
 10
186.7770466558774
 20
39.95516433583499
 30
0.0
 40
0.199999999993795
100
AcDbArc
 50
180.000000000004
 51
1.773627499949425
  0
LINE
  5
2D36
330
1F
100
AcDbEntity
  8
0
370
   100
100
AcDbLine
 10
186.5770466558836
 20
39.95516433583497
 30
0.0
 11
186.5770466558836
 21
40.00462231978554
 31
0.0
  0
ARC
  5
2D37
330
1F
100
AcDbEntity
  8
0
370
   100
100
AcDbCircle
 10
186.3770466558707
 20
40.00462231979861
 30
0.0
 40
0.2000000000128352
100
AcDbArc
 50
359.9999999962546
 51
90.00130712233426
  0
LINE
  5
2D38
330
1F
100
AcDbEntity
  8
00_POLIAMIDAS
100
AcDbLine
 10
151.3769814145526
 20
36.75246799669892
 30
0.0
 11
180.7769814145494
 21
36.75246799669883
 31
0.0
  0
ARC
  5
2D39
330
1F
100
AcDbEntity
  8
00_POLIAMIDAS
100
AcDbCircle
 10
180.7769814145493
 20
37.05246799669954
 30
0.0
 40
0.3000000000007148
100
AcDbArc
 50
270.0000000000054
 51
0.0
  0
LINE
  5
2D3A
330
1F
100
AcDbEntity
  8
00_POLIAMIDAS
100
AcDbLine
 10
181.0769814145501
 20
37.05246799669954
 30
0.0
 11
181.0769814145506
 21
47.45246799670008
 31
0.0
  0
ARC
  5
2D3B
330
1F
100
AcDbEntity
  8
00_POLIAMIDAS
100
AcDbCircle
 10
180.7769814145503
 20
47.45246799670009
 30
0.0
 40
0.3000000000002387
100
AcDbArc
 50
359.9999999999973
 51
89.99999999999458
  0
LINE
  5
2D3C
330
1F
100
AcDbEntity
  8
00_POLIAMIDAS
100
AcDbLine
 10
180.7769814145504
 20
47.75246799670031
 30
0.0
 11
151.3769814145553
 21
47.75246799670057
 31
0.0
  0
ARC
  5
2D3D
330
1F
100
AcDbEntity
  8
00_POLIAMIDAS
100
AcDbCircle
 10
151.3769814145552
 20
47.45246799669868
 30
0.0
 40
0.3000000000018872
100
AcDbArc
 50
89.99999999998914
 51
179.9999999999945
  0
LINE
  5
2D3E
330
1F
100
AcDbEntity
  8
00_POLIAMIDAS
100
AcDbLine
 10
151.0769814145534
 20
47.45246799669871
 30
0.0
 11
151.0769814145524
 21
37.05246799669908
 31
0.0
  0
ARC
  5
2D3F
330
1F
100
AcDbEntity
  8
00_POLIAMIDAS
100
AcDbCircle
 10
151.3769814145525
 20
37.05246799669911
 30
0.0
 40
0.3000000000001535
100
AcDbArc
 50
180.0000000000054
 51
270.0000000000108
  0
LINE
  5
2D40
330
1F
100
AcDbEntity
  8
00_POLIAMIDAS
100
AcDbLine
 10
150.3246223958899
 20
36.75246799669829
 30
0.0
 11
181.8293404332141
 21
36.75246799669829
 31
0.0
1001
ACAD_STEPID
1071
        2
  0
ARC
  5
2D41
330
1F
100
AcDbEntity
  8
00_POLIAMIDAS
100
AcDbCircle
 10
181.829340433214
 20
38.75246799669871
 30
0.0
 40
2.000000000000426
100
AcDbArc
 50
270.0000000000025
 51
327.9999999999983
1001
ACAD_STEPID
1071
        2
  0
LINE
  5
2D42
330
1F
100
AcDbEntity
  8
00_POLIAMIDAS
100
AcDbLine
 10
183.5254366255272
 20
37.69262946823203
 30
0.0
 11
184.1782233010468
 21
38.73730652516481
 31
0.0
1001
ACAD_STEPID
1071
        2
  0
ARC
  5
2D43
330
1F
100
AcDbEntity
  8
00_POLIAMIDAS
100
AcDbCircle
 10
185.8743194933586
 20
37.67746799670007
 30
0.0
 40
1.999999999998188
100
AcDbArc
 50
89.99999999999104
 51
148.0000000000238
1001
ACAD_STEPID
1071
        2
  0
LINE
  5
2D44
330
1F
100
AcDbEntity
  8
00_POLIAMIDAS
100
AcDbLine
 10
185.8743194933589
 20
39.67746799669825
 30
0.0
 11
186.5131030077688
 21
39.67746799669824
 31
0.0
1001
ACAD_STEPID
1071
        2
  0
ARC
  5
2D45
330
1F
100
AcDbEntity
  8
00_POLIAMIDAS
100
AcDbCircle
 10
186.5131030077696
 20
40.47746799669533
 30
0.0
 40
0.7999999999970911
100
AcDbArc
 50
269.999999999945
 51
300.0000000001302
1001
ACAD_STEPID
1071
        2
  0
LINE
  5
2D46
330
1F
100
AcDbEntity
  8
00_POLIAMIDAS
100
AcDbLine
 10
186.9131030077697
 20
39.78464767367121
 30
0.0
 11
188.2831991972011
 21
40.57567307745518
 31
0.0
1001
ACAD_STEPID
1071
        2
  0
ARC
  5
2D47
330
1F
100
AcDbEntity
  8
00_POLIAMIDAS
100
AcDbCircle
 10
188.3831991972021
 20
40.40246799669398
 30
0.0
 40
0.2000000000042289
100
AcDbArc
 50
90.00000000030942
 51
119.9999999996277
1001
ACAD_STEPID
1071
        2
  0
LINE
  5
2D48
330
1F
100
AcDbEntity
  8
00_POLIAMIDAS
100
AcDbLine
 10
188.3831991972011
 20
40.60246799669822
 30
0.0
 11
188.6769814145518
 21
40.60246799669818
 31
0.0
1001
ACAD_STEPID
1071
        2
  0
ARC
  5
2D49
330
1F
100
AcDbEntity
  8
00_POLIAMIDAS
100
AcDbCircle
 10
188.6769814145521
 20
40.20246799669844
 30
0.0
 40
0.3999999999997428
100
AcDbArc
 50
0.0000000000142489
 51
90.00000000004071
1001
ACAD_STEPID
1071
        2
  0
LINE
  5
2D4A
330
1F
100
AcDbEntity
  8
00_POLIAMIDAS
100
AcDbLine
 10
189.0769814145519
 20
40.20246799669854
 30
0.0
 11
189.0769814145523
 21
39.69550198544796
 31
0.0
1001
ACAD_STEPID
1071
        2
  0
ARC
  5
2D4B
330
1F
100
AcDbEntity
  8
00_POLIAMIDAS
100
AcDbCircle
 10
188.8769814145588
 20
39.69550198544825
 30
0.0
 40
0.1999999999935085
100
AcDbArc
 50
349.7778206089181
 51
359.9999999999166
1001
ACAD_STEPID
1071
        2
  0
ARC
  5
2D4C
330
1F
100
AcDbEntity
  8
00_POLIAMIDAS
100
AcDbCircle
 10
195.0769814147199
 20
38.57746799666727
 30
0.0
 40
6.100000000170619
100
AcDbArc
 50
169.7778206094203
 51
172.5936067313717
1001
ACAD_STEPID
1071
        2
  0
ARC
  5
2D4D
330
1F
100
AcDbEntity
  8
00_POLIAMIDAS
100
AcDbCircle
 10
188.7303779922478
 20
39.40246799669812
 30
0.0
 40
0.3000000000001497
100
AcDbArc
 50
270.0000000000652
 51
352.5936067314812
1001
ACAD_STEPID
1071
        2
  0
LINE
  5
2D4E
330
1F
100
AcDbEntity
  8
00_POLIAMIDAS
100
AcDbLine
 10
188.7303779922482
 20
39.10246799669799
 30
0.0
 11
188.6174551655177
 21
39.10246799669797
 31
0.0
1001
ACAD_STEPID
1071
        2
  0
ARC
  5
2D4F
330
1F
100
AcDbEntity
  8
00_POLIAMIDAS
100
AcDbCircle
 10
188.3269814145522
 20
38.57746799669796
 30
0.0
 40
0.5999999999999658
100
AcDbArc
 50
61.04497562814719
 51
298.9550243718646
1001
ACAD_STEPID
1071
        2
  0
LINE
  5
2D50
330
1F
100
AcDbEntity
  8
00_POLIAMIDAS
100
AcDbLine
 10
188.6174551655178
 20
38.05246799669801
 30
0.0
 11
188.7303779922482
 21
38.05246799669824
 31
0.0
1001
ACAD_STEPID
1071
        2
  0
ARC
  5
2D51
330
1F
100
AcDbEntity
  8
00_POLIAMIDAS
100
AcDbCircle
 10
188.7303779922484
 20
37.75246799669842
 30
0.0
 40
0.2999999999998266
100
AcDbArc
 50
7.406393268495603
 51
90.00000000005426
1001
ACAD_STEPID
1071
        2
  0
ARC
  5
2D52
330
1F
100
AcDbEntity
  8
00_POLIAMIDAS
100
AcDbCircle
 10
195.0769814145137
 20
38.57746799668673
 30
0.0
 40
6.099999999960282
100
AcDbArc
 50
187.4063932684838
 51
190.2221793905314
1001
ACAD_STEPID
1071
        2
  0
ARC
  5
2D53
330
1F
100
AcDbEntity
  8
00_POLIAMIDAS
100
AcDbCircle
 10
188.8769814145724
 20
37.45943400794824
 30
0.0
 40
0.1999999999798944
100
AcDbArc
 50
0.0000000001323111
 51
10.22217939175202
1001
ACAD_STEPID
1071
        2
  0
LINE
  5
2D54
330
1F
100
AcDbEntity
  8
00_POLIAMIDAS
100
AcDbLine
 10
189.0769814145523
 20
37.4594340079487
 30
0.0
 11
189.0769814145518
 21
36.9524679966981
 31
0.0
1001
ACAD_STEPID
1071
        2
  0
ARC
  5
2D55
330
1F
100
AcDbEntity
  8
00_POLIAMIDAS
100
AcDbCircle
 10
188.6769814145517
 20
36.95246799669826
 30
0.0
 40
0.400000000000091
100
AcDbArc
 50
270.0000000000366
 51
359.9999999999776
1001
ACAD_STEPID
1071
        2
  0
LINE
  5
2D56
330
1F
100
AcDbEntity
  8
00_POLIAMIDAS
100
AcDbLine
 10
188.676981414552
 20
36.55246799669818
 30
0.0
 11
188.3831991972012
 21
36.55246799669824
 31
0.0
1001
ACAD_STEPID
1071
        2
  0
ARC
  5
2D57
330
1F
100
AcDbEntity
  8
00_POLIAMIDAS
100
AcDbCircle
 10
188.3831991972017
 20
36.75246799669857
 30
0.0
 40
0.2000000000003226
100
AcDbArc
 50
239.9999999999613
 51
269.9999999998616
1001
ACAD_STEPID
1071
        2
  0
LINE
  5
2D58
330
1F
100
AcDbEntity
  8
00_POLIAMIDAS
100
AcDbLine
 10
188.2831991972014
 20
36.57926291594146
 30
0.0
 11
186.97009838208
 21
37.33738202502475
 31
0.0
1001
ACAD_STEPID
1071
        2
  0
ARC
  5
2D59
330
1F
100
AcDbEntity
  8
00_POLIAMIDAS
100
AcDbCircle
 10
186.4471003602035
 20
36.43152287887696
 30
0.0
 40
1.045996043752718
100
AcDbArc
 50
59.99999999999087
 51
147.9999999999911
1001
ACAD_STEPID
1071
        2
  0
LINE
  5
2D5A
330
1F
100
AcDbEntity
  8
00_POLIAMIDAS
100
AcDbLine
 10
185.5600454067119
 20
36.98581633277338
 30
0.0
 11
184.3738509369037
 21
35.08750836458155
 31
0.0
1001
ACAD_STEPID
1071
        2
  0
ARC
  5
2D5B
330
1F
100
AcDbEntity
  8
00_POLIAMIDAS
100
AcDbCircle
 10
183.9498268888256
 20
35.352467996698
 30
0.0
 40
0.499999999999756
100
AcDbArc
 50
270.0000000000293
 51
328.000000000004
1001
ACAD_STEPID
1071
        2
  0
LINE
  5
2D5C
330
1F
100
AcDbEntity
  8
00_POLIAMIDAS
100
AcDbLine
 10
183.9498268888259
 20
34.85246799669822
 30
0.0
 11
148.2041359402785
 21
34.8524679966982
 31
0.0
1001
ACAD_STEPID
1071
        2
  0
ARC
  5
2D5D
330
1F
100
AcDbEntity
  8
00_POLIAMIDAS
100
AcDbCircle
 10
148.2041359402782
 20
35.35246799669766
 30
0.0
 40
0.4999999999994671
100
AcDbArc
 50
211.9999999999722
 51
270.0000000000326
1001
ACAD_STEPID
1071
        2
  0
LINE
  5
2D5E
330
1F
100
AcDbEntity
  8
00_POLIAMIDAS
100
AcDbLine
 10
147.7801118922003
 20
35.08750836458155
 30
0.0
 11
146.5939174223919
 21
36.98581633277316
 31
0.0
1001
ACAD_STEPID
1071
        2
  0
ARC
  5
2D5F
330
1F
100
AcDbEntity
  8
00_POLIAMIDAS
100
AcDbCircle
 10
145.7068624689
 20
36.43152287887666
 30
0.0
 40
1.045996043753029
100
AcDbArc
 50
32.00000000000276
 51
119.9999999999812
1001
ACAD_STEPID
1071
        2
  0
LINE
  5
2D60
330
1F
100
AcDbEntity
  8
00_POLIAMIDAS
100
AcDbLine
 10
145.1838644470238
 20
37.33738202502498
 30
0.0
 11
143.8707636319028
 21
36.57926291594125
 31
0.0
1001
ACAD_STEPID
1071
        2
  0
ARC
  5
2D61
330
1F
100
AcDbEntity
  8
00_POLIAMIDAS
100
AcDbCircle
 10
143.7707636319044
 20
36.75246799669493
 30
0.0
 40
0.1999999999964395
100
AcDbArc
 50
269.999999999772
 51
300.0000000000698
1001
ACAD_STEPID
1071
        2
  0
LINE
  5
2D62
330
1F
100
AcDbEntity
  8
00_POLIAMIDAS
100
AcDbLine
 10
143.7707636319036
 20
36.5524679966985
 30
0.0
 11
143.4769814145521
 21
36.55246799669801
 31
0.0
1001
ACAD_STEPID
1071
        2
  0
ARC
  5
2D63
330
1F
100
AcDbEntity
  8
00_POLIAMIDAS
100
AcDbCircle
 10
143.476981414552
 20
36.95246799669805
 30
0.0
 40
0.4000000000000413
100
AcDbArc
 50
179.9999999999918
 51
270.0000000000081
1001
ACAD_STEPID
1071
        2
  0
LINE
  5
2D64
330
1F
100
AcDbEntity
  8
00_POLIAMIDAS
100
AcDbLine
 10
143.076981414552
 20
36.9524679966981
 30
0.0
 11
143.076981414552
 21
37.45943400794825
 31
0.0
1001
ACAD_STEPID
1071
        2
  0
ARC
  5
2D65
330
1F
100
AcDbEntity
  8
00_POLIAMIDAS
100
AcDbCircle
 10
143.2769814145477
 20
37.45943400794971
 30
0.0
 40
0.1999999999957538
100
AcDbArc
 50
169.7778206094789
 51
180.0000000004152
1001
ACAD_STEPID
1071
        2
  0
ARC
  5
2D66
330
1F
100
AcDbEntity
  8
00_POLIAMIDAS
100
AcDbCircle
 10
137.0769814147841
 20
38.57746799666564
 30
0.0
 40
6.099999999765576
100
AcDbArc
 50
349.7778206093406
 51
352.5936067314778
1001
ACAD_STEPID
1071
        2
  0
ARC
  5
2D67
330
1F
100
AcDbEntity
  8
00_POLIAMIDAS
100
AcDbCircle
 10
143.4235848368555
 20
37.75246799669866
 30
0.0
 40
0.2999999999995837
100
AcDbArc
 50
89.99999999997831
 51
172.5936067315547
1001
ACAD_STEPID
1071
        2
  0
LINE
  5
2D68
330
1F
100
AcDbEntity
  8
00_POLIAMIDAS
100
AcDbLine
 10
143.4235848368556
 20
38.05246799669824
 30
0.0
 11
143.5365076635863
 21
38.05246799669824
 31
0.0
1001
ACAD_STEPID
1071
        2
  0
ARC
  5
2D69
330
1F
100
AcDbEntity
  8
00_POLIAMIDAS
100
AcDbCircle
 10
143.826981414552
 20
38.57746799669811
 30
0.0
 40
0.5999999999999439
100
AcDbArc
 50
241.0449756281244
 51
118.9550243718662
1001
ACAD_STEPID
1071
        2
  0
LINE
  5
2D6A
330
1F
100
AcDbEntity
  8
00_POLIAMIDAS
100
AcDbLine
 10
143.5365076635864
 20
39.10246799669803
 30
0.0
 11
143.4235848368558
 21
39.1024679966982
 31
0.0
1001
ACAD_STEPID
1071
        2
  0
ARC
  5
2D6B
330
1F
100
AcDbEntity
  8
00_POLIAMIDAS
100
AcDbCircle
 10
143.4235848368559
 20
39.40246799669836
 30
0.0
 40
0.3000000000001606
100
AcDbArc
 50
187.4063932685546
 51
269.9999999999728
1001
ACAD_STEPID
1071
        2
  0
ARC
  5
2D6C
330
1F
100
AcDbEntity
  8
00_POLIAMIDAS
100
AcDbCircle
 10
137.076981414376
 20
38.57746799667079
 30
0.0
 40
6.100000000177923
100
AcDbArc
 50
7.406393268586563
 51
10.22217939053736
1001
ACAD_STEPID
1071
        2
  0
ARC
  5
2D6D
330
1F
100
AcDbEntity
  8
00_POLIAMIDAS
100
AcDbCircle
 10
143.2769814145525
 20
39.69550198544914
 30
0.0
 40
0.2000000000008409
100
AcDbArc
 50
180.0000000002056
 51
190.2221793908478
1001
ACAD_STEPID
1071
        2
  0
LINE
  5
2D6E
330
1F
100
AcDbEntity
  8
00_POLIAMIDAS
100
AcDbLine
 10
143.0769814145517
 20
39.69550198544843
 30
0.0
 11
143.076981414552
 21
40.2024679966981
 31
0.0
1001
ACAD_STEPID
1071
        2
  0
ARC
  5
2D6F
330
1F
100
AcDbEntity
  8
00_POLIAMIDAS
100
AcDbCircle
 10
143.4769814145521
 20
40.20246799669807
 30
0.0
 40
0.4000000000001194
100
AcDbArc
 50
90.00000000004478
 51
179.9999999999959
1001
ACAD_STEPID
1071
        2
  0
LINE
  5
2D70
330
1F
100
AcDbEntity
  8
00_POLIAMIDAS
100
AcDbLine
 10
143.4769814145518
 20
40.60246799669818
 30
0.0
 11
143.7707636319028
 21
40.60246799669818
 31
0.0
1001
ACAD_STEPID
1071
        2
  0
ARC
  5
2D71
330
1F
100
AcDbEntity
  8
00_POLIAMIDAS
100
AcDbCircle
 10
143.7707636319025
 20
40.4024679966977
 30
0.0
 40
0.200000000000486
100
AcDbArc
 50
59.99999999997765
 51
89.99999999991043
1001
ACAD_STEPID
1071
        2
  0
LINE
  5
2D72
330
1F
100
AcDbEntity
  8
00_POLIAMIDAS
100
AcDbLine
 10
143.8707636319028
 20
40.57567307745496
 30
0.0
 11
145.240859821335
 21
39.7846476736707
 31
0.0
1001
ACAD_STEPID
1071
        2
  0
ARC
  5
2D73
330
1F
100
AcDbEntity
  8
00_POLIAMIDAS
100
AcDbCircle
 10
145.6408598213342
 20
40.47746799669514
 30
0.0
 40
0.7999999999968984
100
AcDbArc
 50
239.9999999999394
 51
270.0000000000468
1001
ACAD_STEPID
1071
        2
  0
LINE
  5
2D74
330
1F
100
AcDbEntity
  8
00_POLIAMIDAS
100
AcDbLine
 10
145.6408598213349
 20
39.67746799669824
 30
0.0
 11
146.2796433357439
 21
39.67746799669824
 31
0.0
1001
ACAD_STEPID
1071
        2
  0
ARC
  5
2D75
330
1F
100
AcDbEntity
  8
00_POLIAMIDAS
100
AcDbCircle
 10
146.2796433357437
 20
37.67746799669765
 30
0.0
 40
2.000000000000589
100
AcDbArc
 50
32.00000000000751
 51
89.99999999999429
1001
ACAD_STEPID
1071
        2
  0
LINE
  5
2D76
330
1F
100
AcDbEntity
  8
00_POLIAMIDAS
100
AcDbLine
 10
147.9757395280569
 20
38.73730652516459
 30
0.0
 11
148.6285262035773
 21
37.69262946823172
 31
0.0
1001
ACAD_STEPID
1071
        2
  0
ARC
  5
2D77
330
1F
100
AcDbEntity
  8
00_POLIAMIDAS
100
AcDbCircle
 10
150.3246223958899
 20
38.75246799669813
 30
0.0
 40
1.999999999999841
100
AcDbArc
 50
212.0000000000028
 51
270.0
1001
ACAD_STEPID
1071
        2
  0
LINE
  5
2D78
330
1F
100
AcDbEntity
  8
00_POLIAMIDAS
100
AcDbLine
 10
148.6285262035773
 20
48.11661516988221
 30
0.0
 11
147.9757395280569
 21
47.07193811294934
 31
0.0
1001
ACAD_STEPID
1071
        3
  0
ARC
  5
2D79
330
1F
100
AcDbEntity
  8
00_POLIAMIDAS
100
AcDbCircle
 10
146.2796433357438
 20
48.1317766414162
 30
0.0
 40
2.000000000000443
100
AcDbArc
 50
270.0000000000049
 51
327.9999999999926
1001
ACAD_STEPID
1071
        3
  0
LINE
  5
2D7A
330
1F
100
AcDbEntity
  8
00_POLIAMIDAS
100
AcDbLine
 10
146.279643335744
 20
46.13177664141574
 30
0.0
 11
145.6408598213349
 21
46.13177664141568
 31
0.0
1001
ACAD_STEPID
1071
        3
  0
ARC
  5
2D7B
330
1F
100
AcDbEntity
  8
00_POLIAMIDAS
100
AcDbCircle
 10
145.6408598213341
 20
45.33177664141867
 30
0.0
 40
0.7999999999970129
100
AcDbArc
 50
89.99999999994097
 51
120.0000000000489
1001
ACAD_STEPID
1071
        3
  0
LINE
  5
2D7C
330
1F
100
AcDbEntity
  8
00_POLIAMIDAS
100
AcDbLine
 10
145.240859821335
 20
46.02459696444329
 30
0.0
 11
143.8707636319028
 21
45.23357156065896
 31
0.0
1001
ACAD_STEPID
1071
        3
  0
ARC
  5
2D7D
330
1F
100
AcDbEntity
  8
00_POLIAMIDAS
100
AcDbCircle
 10
143.7707636319024
 20
45.40677664141622
 30
0.0
 40
0.200000000000493
100
AcDbArc
 50
270.0000000000977
 51
300.0000000000294
1001
ACAD_STEPID
1071
        3
  0
LINE
  5
2D7E
330
1F
100
AcDbEntity
  8
00_POLIAMIDAS
100
AcDbLine
 10
143.7707636319028
 20
45.20677664141572
 30
0.0
 11
143.4769814145521
 21
45.20677664141572
 31
0.0
1001
ACAD_STEPID
1071
        3
  0
ARC
  5
2D7F
330
1F
100
AcDbEntity
  8
00_POLIAMIDAS
100
AcDbCircle
 10
143.4769814145523
 20
45.60677664141602
 30
0.0
 40
0.400000000000297
100
AcDbArc
 50
180.0000000000193
 51
269.9999999999715
1001
ACAD_STEPID
1071
        3
  0
LINE
  5
2D80
330
1F
100
AcDbEntity
  8
00_POLIAMIDAS
100
AcDbLine
 10
143.076981414552
 20
45.60677664141588
 30
0.0
 11
143.0769814145517
 21
46.1137426526655
 31
0.0
1001
ACAD_STEPID
1071
        3
  0
ARC
  5
2D81
330
1F
100
AcDbEntity
  8
00_POLIAMIDAS
100
AcDbCircle
 10
143.2769814145501
 20
46.11374265266569
 30
0.0
 40
0.1999999999984538
100
AcDbArc
 50
169.7778206094115
 51
180.0000000000549
1001
ACAD_STEPID
1071
        3
  0
ARC
  5
2D82
330
1F
100
AcDbEntity
  8
00_POLIAMIDAS
100
AcDbCircle
 10
137.0769814143679
 20
47.23177664144878
 30
0.0
 40
6.100000000186745
100
AcDbArc
 50
349.7778206094198
 51
352.5936067313704
1001
ACAD_STEPID
1071
        3
  0
ARC
  5
2D83
330
1F
100
AcDbEntity
  8
00_POLIAMIDAS
100
AcDbCircle
 10
143.4235848368562
 20
46.40677664141585
 30
0.0
 40
0.3000000000002441
100
AcDbArc
 50
90.00000000009769
 51
172.5936067315108
1001
ACAD_STEPID
1071
        3
  0
LINE
  5
2D84
330
1F
100
AcDbEntity
  8
00_POLIAMIDAS
100
AcDbLine
 10
143.4235848368556
 20
46.70677664141607
 30
0.0
 11
143.5365076635864
 21
46.7067766414159
 31
0.0
1001
ACAD_STEPID
1071
        3
  0
ARC
  5
2D85
330
1F
100
AcDbEntity
  8
00_POLIAMIDAS
100
AcDbCircle
 10
143.826981414552
 20
47.2317766414158
 30
0.0
 40
0.5999999999999338
100
AcDbArc
 50
241.0449756281331
 51
118.955024371876
1001
ACAD_STEPID
1071
        3
  0
LINE
  5
2D86
330
1F
100
AcDbEntity
  8
00_POLIAMIDAS
100
AcDbLine
 10
143.5365076635863
 20
47.75677664141567
 30
0.0
 11
143.4235848368556
 21
47.75677664141568
 31
0.0
1001
ACAD_STEPID
1071
        3
  0
ARC
  5
2D87
330
1F
100
AcDbEntity
  8
00_POLIAMIDAS
100
AcDbCircle
 10
143.4235848368555
 20
48.05677664141516
 30
0.0
 40
0.2999999999994784
100
AcDbArc
 50
187.406393268438
 51
270.0000000000163
1001
ACAD_STEPID
1071
        3
  0
ARC
  5
2D88
330
1F
100
AcDbEntity
  8
00_POLIAMIDAS
100
AcDbCircle
 10
137.0769814147758
 20
47.23177664144605
 30
0.0
 40
6.099999999774199
100
AcDbArc
 50
7.406393268532272
 51
10.22217939066936
1001
ACAD_STEPID
1071
        3
  0
ARC
  5
2D89
330
1F
100
AcDbEntity
  8
00_POLIAMIDAS
100
AcDbCircle
 10
143.2769814145439
 20
48.34981063016582
 30
0.0
 40
0.1999999999922017
100
AcDbArc
 50
180.0000000001343
 51
190.2221793910707
1001
ACAD_STEPID
1071
        3
  0
LINE
  5
2D8A
330
1F
100
AcDbEntity
  8
00_POLIAMIDAS
100
AcDbLine
 10
143.0769814145517
 20
48.34981063016535
 30
0.0
 11
143.076981414552
 21
48.85677664141581
 31
0.0
1001
ACAD_STEPID
1071
        3
  0
ARC
  5
2D8B
330
1F
100
AcDbEntity
  8
00_POLIAMIDAS
100
AcDbCircle
 10
143.4769814145518
 20
48.85677664141581
 30
0.0
 40
0.3999999999998636
100
AcDbArc
 50
89.99999999997966
 51
179.999999999999
1001
ACAD_STEPID
1071
        3
  0
LINE
  5
2D8C
330
1F
100
AcDbEntity
  8
00_POLIAMIDAS
100
AcDbLine
 10
143.476981414552
 20
49.25677664141568
 30
0.0
 11
143.7707636319036
 21
49.25677664141539
 31
0.0
1001
ACAD_STEPID
1071
        3
  0
ARC
  5
2D8D
330
1F
100
AcDbEntity
  8
00_POLIAMIDAS
100
AcDbCircle
 10
143.7707636319038
 20
49.05677664141922
 30
0.0
 40
0.199999999996173
100
AcDbArc
 50
59.99999999977321
 51
90.00000000007329
1001
ACAD_STEPID
1071
        3
  0
LINE
  5
2D8E
330
1F
100
AcDbEntity
  8
00_POLIAMIDAS
100
AcDbLine
 10
143.8707636319026
 20
49.2299817221724
 30
0.0
 11
145.1838644470238
 21
48.47186261308895
 31
0.0
1001
ACAD_STEPID
1071
        3
  0
ARC
  5
2D8F
330
1F
100
AcDbEntity
  8
00_POLIAMIDAS
100
AcDbCircle
 10
145.7068624689001
 20
49.37772175923715
 30
0.0
 40
1.04599604375299
100
AcDbArc
 50
240.0000000000102
 51
327.999999999988
1001
ACAD_STEPID
1071
        3
  0
LINE
  5
2D90
330
1F
100
AcDbEntity
  8
00_POLIAMIDAS
100
AcDbLine
 10
146.5939174223919
 20
48.82342830534053
 30
0.0
 11
147.7801118922003
 21
50.72173627353237
 31
0.0
1001
ACAD_STEPID
1071
        3
  0
ARC
  5
2D91
330
1F
100
AcDbEntity
  8
00_POLIAMIDAS
100
AcDbCircle
 10
148.2041359402782
 20
50.45677664141626
 30
0.0
 40
0.4999999999994585
100
AcDbArc
 50
89.99999999996743
 51
148.0000000000278
1001
ACAD_STEPID
1071
        3
  0
LINE
  5
2D92
330
1F
100
AcDbEntity
  8
00_POLIAMIDAS
100
AcDbLine
 10
148.2041359402785
 20
50.95677664141573
 30
0.0
 11
183.9498268888259
 21
50.95677664141573
 31
0.0
1001
ACAD_STEPID
1071
        3
  0
ARC
  5
2D93
330
1F
100
AcDbEntity
  8
00_POLIAMIDAS
100
AcDbCircle
 10
183.9498268888258
 20
50.45677664141588
 30
0.0
 40
0.4999999999998508
100
AcDbArc
 50
32.00000000000915
 51
89.99999999998371
1001
ACAD_STEPID
1071
        3
  0
LINE
  5
2D94
330
1F
100
AcDbEntity
  8
00_POLIAMIDAS
100
AcDbLine
 10
184.3738509369038
 20
50.72173627353246
 30
0.0
 11
185.5600454067119
 21
48.82342830534053
 31
0.0
1001
ACAD_STEPID
1071
        3
  0
ARC
  5
2D95
330
1F
100
AcDbEntity
  8
00_POLIAMIDAS
100
AcDbCircle
 10
186.4471003602035
 20
49.37772175923679
 30
0.0
 40
1.045996043752684
100
AcDbArc
 50
211.999999999999
 51
299.9999999999999
1001
ACAD_STEPID
1071
        3
  0
LINE
  5
2D96
330
1F
100
AcDbEntity
  8
00_POLIAMIDAS
100
AcDbLine
 10
186.9700983820799
 20
48.47186261308895
 30
0.0
 11
188.2831991972014
 21
49.22998172217245
 31
0.0
1001
ACAD_STEPID
1071
        3
  0
ARC
  5
2D97
330
1F
100
AcDbEntity
  8
00_POLIAMIDAS
100
AcDbCircle
 10
188.3831991972017
 20
49.05677664141535
 30
0.0
 40
0.2000000000003231
100
AcDbArc
 50
90.00000000013839
 51
120.0000000000387
1001
ACAD_STEPID
1071
        3
  0
LINE
  5
2D98
330
1F
100
AcDbEntity
  8
00_POLIAMIDAS
100
AcDbLine
 10
188.3831991972012
 20
49.25677664141568
 30
0.0
 11
188.6769814145517
 21
49.25677664141574
 31
0.0
1001
ACAD_STEPID
1071
        3
  0
ARC
  5
2D99
330
1F
100
AcDbEntity
  8
00_POLIAMIDAS
100
AcDbCircle
 10
188.6769814145514
 20
48.85677664141537
 30
0.0
 40
0.4000000000003681
100
AcDbArc
 50
0.0000000000223911
 51
89.99999999996743
1001
ACAD_STEPID
1071
        3
  0
LINE
  5
2D9A
330
1F
100
AcDbEntity
  8
00_POLIAMIDAS
100
AcDbLine
 10
189.0769814145518
 20
48.85677664141553
 30
0.0
 11
189.0769814145523
 21
48.34981063016521
 31
0.0
1001
ACAD_STEPID
1071
        3
  0
ARC
  5
2D9B
330
1F
100
AcDbEntity
  8
00_POLIAMIDAS
100
AcDbCircle
 10
188.8769814145723
 20
48.34981063016456
 30
0.0
 40
0.1999999999799797
100
AcDbArc
 50
349.7778206085709
 51
0.0000000001893066
1001
ACAD_STEPID
1071
        3
  0
ARC
  5
2D9C
330
1F
100
AcDbEntity
  8
00_POLIAMIDAS
100
AcDbCircle
 10
195.0769814145123
 20
47.23177664141908
 30
0.0
 40
6.099999999960206
100
AcDbArc
 50
169.7778206093913
 51
172.5936067314389
1001
ACAD_STEPID
1071
        3
  0
ARC
  5
2D9D
330
1F
100
AcDbEntity
  8
00_POLIAMIDAS
100
AcDbCircle
 10
188.7303779922483
 20
48.05677664141529
 30
0.0
 40
0.2999999999997574
100
AcDbArc
 50
270.0
 51
352.5936067315521
1001
ACAD_STEPID
1071
        3
  0
LINE
  5
2D9E
330
1F
100
AcDbEntity
  8
00_POLIAMIDAS
100
AcDbLine
 10
188.7303779922483
 20
47.75677664141555
 30
0.0
 11
188.6174551655178
 21
47.75677664141591
 31
0.0
1001
ACAD_STEPID
1071
        3
  0
ARC
  5
2D9F
330
1F
100
AcDbEntity
  8
00_POLIAMIDAS
100
AcDbCircle
 10
188.3269814145522
 20
47.23177664141582
 30
0.0
 40
0.6000000000000954
100
AcDbArc
 50
61.04497562814163
 51
298.9550243718583
1001
ACAD_STEPID
1071
        3
  0
LINE
  5
2DA0
330
1F
100
AcDbEntity
  8
00_POLIAMIDAS
100
AcDbLine
 10
188.6174551655178
 20
46.70677664141573
 30
0.0
 11
188.7303779922482
 21
46.70677664141595
 31
0.0
1001
ACAD_STEPID
1071
        3
  0
ARC
  5
2DA1
330
1F
100
AcDbEntity
  8
00_POLIAMIDAS
100
AcDbCircle
 10
188.730377992248
 20
46.40677664141579
 30
0.0
 40
0.3000000000001606
100
AcDbArc
 50
7.406393268553846
 51
89.99999999997285
1001
ACAD_STEPID
1071
        3
  0
ARC
  5
2DA2
330
1F
100
AcDbEntity
  8
00_POLIAMIDAS
100
AcDbCircle
 10
195.0769814147318
 20
47.23177664143853
 30
0.0
 40
6.100000000181077
100
AcDbArc
 50
187.406393268537
 51
190.222179390488
1001
ACAD_STEPID
1071
        3
  0
ARC
  5
2DA3
330
1F
100
AcDbEntity
  8
00_POLIAMIDAS
100
AcDbCircle
 10
188.8769814145627
 20
46.11374265266452
 30
0.0
 40
0.1999999999896155
100
AcDbArc
 50
0.0000000005048176
 51
10.22217939150425
1001
ACAD_STEPID
1071
        3
  0
LINE
  5
2DA4
330
1F
100
AcDbEntity
  8
00_POLIAMIDAS
100
AcDbLine
 10
189.0769814145523
 20
46.11374265266628
 30
0.0
 11
189.0769814145518
 21
45.60677664141535
 31
0.0
1001
ACAD_STEPID
1071
        3
  0
ARC
  5
2DA5
330
1F
100
AcDbEntity
  8
00_POLIAMIDAS
100
AcDbCircle
 10
188.6769814145521
 20
45.60677664141542
 30
0.0
 40
0.3999999999997215
100
AcDbArc
 50
269.9999999999674
 51
359.9999999999898
1001
ACAD_STEPID
1071
        3
  0
LINE
  5
2DA6
330
1F
100
AcDbEntity
  8
00_POLIAMIDAS
100
AcDbLine
 10
188.6769814145518
 20
45.20677664141572
 30
0.0
 11
188.3831991972011
 21
45.20677664141567
 31
0.0
1001
ACAD_STEPID
1071
        3
  0
ARC
  5
2DA7
330
1F
100
AcDbEntity
  8
00_POLIAMIDAS
100
AcDbCircle
 10
188.3831991972021
 20
45.40677664141988
 30
0.0
 40
0.2000000000042092
100
AcDbArc
 50
240.0000000003793
 51
269.9999999996987
1001
ACAD_STEPID
1071
        3
  0
LINE
  5
2DA8
330
1F
100
AcDbEntity
  8
00_POLIAMIDAS
100
AcDbLine
 10
188.2831991972011
 20
45.23357156065868
 30
0.0
 11
186.9131030077697
 21
46.02459696444269
 31
0.0
1001
ACAD_STEPID
1071
        3
  0
ARC
  5
2DA9
330
1F
100
AcDbEntity
  8
00_POLIAMIDAS
100
AcDbCircle
 10
186.51310300777
 20
45.33177664142045
 30
0.0
 40
0.7999999999952385
100
AcDbArc
 50
59.99999999983085
 51
90.00000000001628
1001
ACAD_STEPID
1071
        3
  0
LINE
  5
2DAA
330
1F
100
AcDbEntity
  8
00_POLIAMIDAS
100
AcDbLine
 10
186.5131030077698
 20
46.13177664141569
 30
0.0
 11
185.8743194933589
 21
46.13177664141568
 31
0.0
1001
ACAD_STEPID
1071
        3
  0
ARC
  5
2DAB
330
1F
100
AcDbEntity
  8
00_POLIAMIDAS
100
AcDbCircle
 10
185.8743194933586
 20
48.13177664141383
 30
0.0
 40
1.999999999998145
100
AcDbArc
 50
211.9999999999748
 51
270.0000000000081
1001
ACAD_STEPID
1071
        3
  0
LINE
  5
2DAC
330
1F
100
AcDbEntity
  8
00_POLIAMIDAS
100
AcDbLine
 10
184.1782233010469
 20
47.07193811294915
 30
0.0
 11
183.525436625527
 21
48.11661516988187
 31
0.0
1001
ACAD_STEPID
1071
        3
  0
ARC
  5
2DAD
330
1F
100
AcDbEntity
  8
00_POLIAMIDAS
100
AcDbCircle
 10
181.829340433214
 20
47.05677664141544
 30
0.0
 40
2.000000000000186
100
AcDbArc
 50
31.99999999999707
 51
89.99999999999186
1001
ACAD_STEPID
1071
        3
  0
LINE
  5
2DAE
330
1F
100
AcDbEntity
  8
00_POLIAMIDAS
100
AcDbLine
 10
181.8293404332143
 20
49.05677664141563
 30
0.0
 11
150.3246223958899
 21
49.05677664141563
 31
0.0
1001
ACAD_STEPID
1071
        3
  0
ARC
  5
2DAF
330
1F
100
AcDbEntity
  8
00_POLIAMIDAS
100
AcDbCircle
 10
150.3246223958899
 20
47.05677664141584
 30
0.0
 40
1.999999999999779
100
AcDbArc
 50
89.9999999999992
 51
147.999999999998
1001
ACAD_STEPID
1071
        3
  0
ENDSEC
  0
SECTION
  2
OBJECTS
  0
DICTIONARY
  5
C
330
0
100
AcDbDictionary
281
     1
  3
ACAD_ASSOCPERSSUBENTMANAGER
350
2298
  3
ACAD_CIP_PREVIOUS_PRODUCT_INFO
350
20A9
  3
ACAD_COLOR
350
6B
  3
ACAD_DETAILVIEWSTYLE
350
20A4
  3
ACAD_GROUP
350
D
  3
ACAD_LAST_SAVED_VERSION_INFO
350
276D
  3
ACAD_LAYOUT
350
1A
  3
ACAD_MATERIAL
350
6A
  3
ACAD_MLEADERSTYLE
350
12D
  3
ACAD_MLINESTYLE
350
17
  3
ACAD_PLOTSETTINGS
350
19
  3
ACAD_PLOTSTYLENAME
350
E
  3
ACAD_SCALELIST
350
10C
  3
ACAD_SECTIONVIEWSTYLE
350
20A2
  3
ACAD_TABLESTYLE
350
7E
  3
ACAD_VISUALSTYLE
350
EF
  3
ACDB_RECOMPOSE_DATA
350
2DB6
  3
ACDBVARIABLEDICTIONARY
350
2BA5
  3
AEC_PROPERTY_SET_DEFS
350
200
  0
DICTIONARY
  5
1F8
330
2
100
AcDbDictionary
280
     1
281
     1
  3
ACAD_LAYERSTATES
360
1F9
  0
DICTIONARY
  5
13C
330
10
100
AcDbDictionary
280
     1
281
     1
  0
DICTIONARY
  5
1CE
330
1F
100
AcDbDictionary
280
     1
281
     1
  3
ACAD_SORTENTS
360
207
  0
ACDBASSOCPERSSUBENTMANAGER
  5
2298
102
{ACAD_REACTORS
330
C
102
}
330
C
100
AcDbAssocPersSubentManager
 90
        1
 90
        3
 90
        0
 90
        2
 90
        4
 90
        0
 90
        4
 90
        1
 90
        2
 90
        3
 90
        4
 90
        0
290
     0
  0
XRECORD
  5
20A9
102
{ACAD_REACTORS
330
C
102
}
330
C
100
AcDbXrecord
280
     1
300
ACD
300
2024
300

  0
DICTIONARY
  5
6B
102
{ACAD_REACTORS
330
C
102
}
330
C
100
AcDbDictionary
281
     1
  0
DICTIONARY
  5
20A4
102
{ACAD_REACTORS
330
C
102
}
330
C
100
AcDbDictionary
281
     1
  3
Metric50
350
20A5
  0
DICTIONARY
  5
D
102
{ACAD_REACTORS
330
C
102
}
330
C
100
AcDbDictionary
281
     1
  0
XRECORD
  5
276D
102
{ACAD_REACTORS
330
C
102
}
330
C
100
AcDbXrecord
280
     1
300
{2AAE35D4-9AE5-3C47-ABD1-0891C9FC8A9B}
301
{5483A2D0-230F-3A47-87E9-C6B1CF57DED2}
302
{2AAE35D4-9AE5-3C47-ABD1-0891C9FC8A9B}
303
\\ficpa01\grupocortizo\z_prog\catalogos\Perfiles\COR-5573\COR-5573_SinCotas.dxf
301
{AA3BD760-600D-DC4B-B574-B54729E42048}
302
{26C0692A-1822-B140-B4A7-1B88836CDF92}
303
\\ficcps01\grupocortizo\sistemas\comun\d\DISEÑO\PROYECTOS\6600\2025\P662502\01. Planos\COR-6776_SinCotas.dxf
  0
DICTIONARY
  5
1A
102
{ACAD_REACTORS
330
C
102
}
330
C
100
AcDbDictionary
281
     1
  3
Model
350
22
  3
Presentación1
350
D3
  3
Presentación2
350
D7
  0
DICTIONARY
  5
6A
102
{ACAD_REACTORS
330
C
102
}
330
C
100
AcDbDictionary
281
     1
  3
ByBlock
350
ED
  3
ByLayer
350
EC
  3
Global
350
EE
  0
DICTIONARY
  5
12D
102
{ACAD_REACTORS
330
C
102
}
330
C
100
AcDbDictionary
281
     1
  3
Standard
350
12E
  0
DICTIONARY
  5
17
102
{ACAD_REACTORS
330
C
102
}
330
C
100
AcDbDictionary
281
     1
  3
Standard
350
18
  0
DICTIONARY
  5
19
102
{ACAD_REACTORS
330
C
102
}
330
C
100
AcDbDictionary
281
     1
  0
ACDBDICTIONARYWDFLT
  5
E
102
{ACAD_REACTORS
330
C
102
}
330
C
100
AcDbDictionary
281
     1
  3
Normal
350
F
100
AcDbDictionaryWithDefault
340
F
  0
DICTIONARY
  5
10C
102
{ACAD_REACTORS
330
C
102
}
330
C
100
AcDbDictionary
281
     1
  3
A0
350
10D
  3
A1
350
1BE
  3
A2
350
1BF
  3
A3
350
1C0
  3
A4
350
1C1
  3
A5
350
1C2
  3
A6
350
1C3
  3
A7
350
1C4
  3
A8
350
1C5
  3
A9
350
1C6
  3
B0
350
1C7
  3
B1
350
1C8
  3
B2
350
1C9
  3
B3
350
1CA
  3
B4
350
1CB
  3
B5
350
1CC
  3
B6
350
1CD
  0
DICTIONARY
  5
20A2
102
{ACAD_REACTORS
330
C
102
}
330
C
100
AcDbDictionary
281
     1
  3
Metric50
350
20A3
  0
DICTIONARY
  5
7E
102
{ACAD_REACTORS
330
C
102
}
330
C
100
AcDbDictionary
281
     1
  3
Standard
350
7F
  0
DICTIONARY
  5
EF
102
{ACAD_REACTORS
330
C
102
}
330
C
100
AcDbDictionary
281
     1
  3
2dWireframe
350
F5
  3
3D Hidden
350
F7
  3
3dWireframe
350
F6
  3
Basic
350
F4
  3
Brighten
350
FB
  3
ColorChange
350
FF
  3
Conceptual
350
F8
  3
Dim
350
FA
  3
EdgeColorOff
350
1E6
  3
Facepattern
350
FE
  3
Flat
350
F0
  3
FlatWithEdges
350
F1
  3
Gouraud
350
F2
  3
GouraudWithEdges
350
F3
  3
Hidden
350
209C
  3
JitterOff
350
1E4
  3
Linepattern
350
FD
  3
OverhangOff
350
1E5
  3
Realistic
350
F9
  3
Shaded
350
20A1
  3
Shaded with edges
350
20A0
  3
Shades of Gray
350
209D
  3
Sketchy
350
209E
  3
Thicken
350
FC
  3
Wireframe
350
209B
  3
X-Ray
350
209F
  0
XRECORD
  5
2DB6
102
{ACAD_REACTORS
330
C
102
}
330
C
100
AcDbXrecord
280
     1
 90
        1
330
7F
  0
DICTIONARY
  5
2BA5
102
{ACAD_REACTORS
330
C
102
}
330
C
100
AcDbDictionary
281
     2
  3
#REVCLOUDAPPROXARCLEN
350
2BA6
  3
ANNOALLVISIBLE
350
2BA7
  3
CANNOSCALE
350
2BA8
  3
CENTERLAYER
350
2BA9
  3
CMLEADERSTYLE
350
2BAA
  3
CTABLESTYLE
350
2BAB
  3
CVIEWDETAILSTYLE
350
2BAC
  3
CVIEWSECTIONSTYLE
350
2BAD
  3
DIMADEC
350
2BAE
  3
DIMASSOC
350
2BAF
  3
EXPORTPAPERSPACE
350
2BB0
  3
HIDETEXT
350
2BB1
  3
HPCOLOR
350
2BB2
  3
HPINHERIT
350
2BB3
  3
HPTRANSPARENCY
350
2BB4
  3
INDEXCTL
350
2BB5
  3
LAYEREVAL
350
2BB6
  3
LAYERNOTIFY
350
2BB7
  3
LIGHTINGUNITS
350
2BB8
  3
LOFTANG1
350
2DB2
  3
LOFTANG2
350
2DB3
  3
MARKUPASSISTMODE
350
2BB9
  3
MLEADERSCALE
350
2BBA
  3
MSLTSCALE
350
2BBB
  3
OLEFRAME
350
2BBC
  3
PSOLHEIGHT
350
2DB1
  3
PSOLWIDTH
350
2DB0
  3
SORTENTS
350
2BBD
  3
STEPSIZE
350
2BBE
  3
STEPSPERSEC
350
2BBF
  3
TEXTJUSTIFY
350
2BC0
  3
TEXTLAYER
350
2BC1
  3
XCLIPFRAME
350
2DB4
  3
XREFLAYER
350
2BC2
  0
DICTIONARY
  5
200
102
{ACAD_REACTORS
330
C
102
}
330
C
100
AcDbDictionary
281
     1
  0
DICTIONARY
  5
1F9
102
{ACAD_REACTORS
330
1F8
102
}
330
1F8
100
AcDbDictionary
281
     1
  0
SORTENTSTABLE
  5
207
102
{ACAD_REACTORS
330
1CE
102
}
330
1CE
100
AcDbSortentsTable
330
1F
331
2B8C
  5
2D31
331
2B8D
  5
2D32
331
2B8E
  5
2D33
331
2B8F
  5
2D34
331
2B90
  5
2D35
331
2B91
  5
2D36
331
2B92
  5
2D37
331
2C14
  5
2B8C
331
2C15
  5
2B8D
331
2C16
  5
2B8E
331
2C17
  5
2B8F
331
2C18
  5
2B90
331
2C19
  5
2B91
331
2C1A
  5
2B92
331
2C1B
  5
2C14
331
2C1C
  5
2C15
331
2C1D
  5
2C16
331
2C1E
  5
2C17
331
2C1F
  5
2C18
331
2C20
  5
2C19
331
2C21
  5
2C1A
331
2C22
  5
2C1B
331
2C23
  5
2C1C
331
2C24
  5
2C1D
331
2C25
  5
2C1E
331
2C26
  5
2C1F
331
2C27
  5
2C20
331
2C28
  5
2C21
331
2C29
  5
2C22
331
2C2A
  5
2C23
331
2C2B
  5
2C24
331
2C2C
  5
2C25
331
2C2D
  5
2C26
331
2C2E
  5
2C27
331
2C2F
  5
2C28
331
2C30
  5
2C29
331
2C31
  5
2C2A
331
2C32
  5
2C2B
331
2C33
  5
2C2C
331
2C34
  5
2C2D
331
2C35
  5
2C2E
331
2C36
  5
2C2F
331
2C37
  5
2C30
331
2C38
  5
2C31
331
2C39
  5
2C32
331
2C3A
  5
2C33
331
2C3B
  5
2C34
331
2C3C
  5
2C35
331
2C3D
  5
2C36
331
2C3E
  5
2C37
331
2C3F
  5
2C38
331
2C40
  5
2C39
331
2C41
  5
2C3A
331
2C42
  5
2C3B
331
2C43
  5
2C3C
331
2C44
  5
2C3D
331
2C45
  5
2C3E
331
2C46
  5
2C3F
331
2C47
  5
2C40
331
2C48
  5
2C41
331
2C49
  5
2C42
331
2C4A
  5
2C43
331
2C4B
  5
2C44
331
2C4C
  5
2C45
331
2C4D
  5
2C46
331
2C4E
  5
2C47
331
2C4F
  5
2C48
331
2C50
  5
2C49
331
2C51
  5
2C4A
331
2C52
  5
2C4B
331
2C53
  5
2C4C
331
2C54
  5
2C4D
331
2C55
  5
2C4E
331
2C56
  5
2C4F
331
2C57
  5
2C50
331
2C58
  5
2C51
331
2C59
  5
2C52
331
2C5A
  5
2C53
331
2C5B
  5
2C54
331
2C5C
  5
2C55
331
2C5D
  5
2C56
331
2C5E
  5
2C57
331
2C5F
  5
2C58
331
2C60
  5
2C59
331
2C61
  5
2C5A
331
2C62
  5
2C5B
331
2C63
  5
2C5C
331
2C64
  5
2C5D
331
2C65
  5
2C5E
331
2C66
  5
2C5F
331
2C67
  5
2C60
331
2C68
  5
2C61
331
2C69
  5
2C62
331
2C6A
  5
2C63
331
2C6B
  5
2C64
331
2C6C
  5
2C65
331
2C6D
  5
2C66
331
2C6E
  5
2C67
331
2C6F
  5
2C68
331
2C70
  5
2C69
331
2C71
  5
2C6A
331
2C72
  5
2C6B
331
2C73
  5
2C6C
331
2C74
  5
2C6D
331
2C75
  5
2C6E
331
2C76
  5
2C6F
331
2C77
  5
2C70
331
2C78
  5
2C71
331
2C79
  5
2C72
331
2C7A
  5
2C73
331
2C7B
  5
2C74
331
2C7C
  5
2C75
331
2C7D
  5
2C76
331
2C7E
  5
2C77
331
2C7F
  5
2C78
331
2C80
  5
2C79
331
2C81
  5
2C7A
331
2C82
  5
2C7B
331
2C83
  5
2C7C
331
2C84
  5
2C7D
331
2C85
  5
2C7E
331
2C86
  5
2C7F
331
2C87
  5
2C80
331
2C88
  5
2C81
331
2C89
  5
2C82
331
2C8A
  5
2C83
331
2C8B
  5
2C84
331
2C8C
  5
2C85
331
2C8D
  5
2C86
331
2C8E
  5
2C87
331
2C8F
  5
2C88
331
2C90
  5
2C89
331
2C91
  5
2C8A
331
2C92
  5
2C8B
331
2C93
  5
2C8C
331
2C94
  5
2C8D
331
2C95
  5
2C8E
331
2C96
  5
2C8F
331
2C97
  5
2C90
331
2C98
  5
2C91
331
2C99
  5
2C92
331
2C9A
  5
2C93
331
2C9B
  5
2C94
331
2C9C
  5
2C95
331
2C9D
  5
2C96
331
2C9E
  5
2C97
331
2C9F
  5
2C98
331
2CA0
  5
2C99
331
2CA1
  5
2C9A
331
2CA2
  5
2C9B
331
2CA3
  5
2C9C
331
2CA4
  5
2C9D
331
2CA5
  5
2C9E
331
2CA6
  5
2C9F
331
2CA7
  5
2CA0
331
2CA8
  5
2CA1
331
2CA9
  5
2CA2
331
2CAA
  5
2CA3
331
2CAB
  5
2CA4
331
2CAC
  5
2CA5
331
2CAD
  5
2CA6
331
2CAE
  5
2CA7
331
2CAF
  5
2CA8
331
2CB0
  5
2CA9
331
2CB1
  5
2CAA
331
2CB2
  5
2CAB
331
2CB3
  5
2CAC
331
2CB4
  5
2CAD
331
2CB5
  5
2CAE
331
2CB6
  5
2CAF
331
2CB7
  5
2CB0
331
2CB8
  5
2CB1
331
2CB9
  5
2CB2
331
2CBA
  5
2CB3
331
2CBB
  5
2CB4
331
2CBC
  5
2CB5
331
2CBD
  5
2CB6
331
2CBE
  5
2CB7
331
2CBF
  5
2CB8
331
2CC0
  5
2CB9
331
2CC1
  5
2CBA
331
2CC2
  5
2CBB
331
2CC3
  5
2CBC
331
2CC4
  5
2CBD
331
2CC5
  5
2CBE
331
2CC6
  5
2CBF
331
2CC7
  5
2CC0
331
2CC8
  5
2CC1
331
2CC9
  5
2CC2
331
2CCA
  5
2CC3
331
2CCB
  5
2CC4
331
2CCC
  5
2CC5
331
2CCD
  5
2CC6
331
2CCE
  5
2CC7
331
2CCF
  5
2CC8
331
2CD0
  5
2CC9
331
2CD1
  5
2CCA
331
2CD2
  5
2CCB
331
2CD3
  5
2CCC
331
2CD4
  5
2CCD
331
2CD5
  5
2CCE
331
2CD6
  5
2CCF
331
2CD7
  5
2CD0
331
2CD8
  5
2CD1
331
2CD9
  5
2CD2
331
2CDA
  5
2CD3
331
2CDB
  5
2CD4
331
2CDC
  5
2CD5
331
2CDD
  5
2CD6
331
2CDE
  5
2CD7
331
2CDF
  5
2CD8
331
2CE0
  5
2CD9
331
2CE1
  5
2CDA
331
2CE2
  5
2CDB
331
2CE3
  5
2CDC
331
2CE4
  5
2CDD
331
2CE5
  5
2CDE
331
2CE6
  5
2CDF
331
2CE7
  5
2CE0
331
2CE8
  5
2CE1
331
2CE9
  5
2CE2
331
2CEA
  5
2CE3
331
2CEB
  5
2CE4
331
2CEC
  5
2CE5
331
2CED
  5
2CE6
331
2CEE
  5
2CE7
331
2CEF
  5
2CE8
331
2CF0
  5
2CE9
331
2CF1
  5
2CEA
331
2CF2
  5
2CEB
331
2CF3
  5
2CEC
331
2CF4
  5
2CED
331
2CF5
  5
2CEE
331
2CF6
  5
2CEF
331
2CF7
  5
2CF0
331
2CF8
  5
2CF1
331
2CF9
  5
2CF2
331
2CFA
  5
2CF3
331
2CFB
  5
2CF4
331
2CFC
  5
2CF5
331
2CFD
  5
2CF6
331
2CFE
  5
2CF7
331
2CFF
  5
2CF8
331
2D00
  5
2CF9
331
2D01
  5
2CFA
331
2D02
  5
2CFB
331
2D03
  5
2CFC
331
2D04
  5
2CFD
331
2D05
  5
2CFE
331
2D06
  5
2CFF
331
2D07
  5
2D00
331
2D08
  5
2D01
331
2D09
  5
2D02
331
2D0A
  5
2D03
331
2D0B
  5
2D04
331
2D0C
  5
2D05
331
2D0D
  5
2D06
331
2D0E
  5
2D07
331
2D0F
  5
2D08
331
2D10
  5
2D09
331
2D11
  5
2D0A
331
2D12
  5
2D0B
331
2D13
  5
2D0C
331
2D14
  5
2D0D
331
2D15
  5
2D0E
331
2D16
  5
2D0F
331
2D17
  5
2D10
331
2D18
  5
2D11
331
2D19
  5
2D12
331
2D1A
  5
2D13
331
2D1B
  5
2D14
331
2D1C
  5
2D15
331
2D1D
  5
2D16
331
2D1E
  5
2D17
331
2D1F
  5
2D18
331
2D20
  5
2D19
331
2D21
  5
2D1A
331
2D22
  5
2D1B
331
2D23
  5
2D1C
331
2D24
  5
2D1D
331
2D25
  5
2D1E
331
2D26
  5
2D1F
331
2D27
  5
2D20
331
2D28
  5
2D21
331
2D29
  5
2D22
331
2D2A
  5
2D23
331
2D2B
  5
2D24
331
2D2C
  5
2D25
331
2D2D
  5
2D26
331
2D2E
  5
2D27
331
2D2F
  5
2D28
331
2D30
  5
2D29
331
2D31
  5
2D2A
331
2D32
  5
2D2B
331
2D33
  5
2D2C
331
2D34
  5
2D2D
331
2D35
  5
2D2E
331
2D36
  5
2D2F
331
2D37
  5
2D30
  0
ACDBDETAILVIEWSTYLE
  5
20A5
102
{ACAD_XDICTIONARY
360
2DEE
102
}
102
{ACAD_REACTORS
330
20A4
102
}
330
20A4
100
AcDbModelDocViewStyle
 70
     0
  3
Metric50
290
     0
100
AcDbDetailViewStyle
 70
     0
 71
     0
 90
        3
 71
     1
340
11
 62
   256
 40
5.0
340
0
 62
   256
 40
5.0
300

 40
0.0
280
     1
 71
     2
340
16
 90
       25
 62
   256
 71
     3
340
11
 62
   256
 40
5.0
 90
        0
 40
15.0
 90
        1
300
%<\AcVar ViewDetailId>% (%<\AcVar ViewScale \f "%sn">%)
 71
     4
340
16
 90
       25
 62
   256
340
16
 90
       25
 62
   256
280
     0
  0
LAYOUT
  5
22
102
{ACAD_XDICTIONARY
360
16D0
102
}
102
{ACAD_REACTORS
330
1A
102
}
330
1A
100
AcDbPlotSettings
  1

  2
none_device
  4
ISO_A4_(210.00_x_297.00_MM)
  6

 40
7.5
 41
20.0
 42
7.5
 43
20.0
 44
210.0
 45
297.0
 46
11.54999923706054
 47
-13.65000009536743
 48
0.0
 49
0.0
140
0.0
141
0.0
142
1.0
143
8.704084754739808
 70
 11952
 72
     1
 73
     0
 74
     0
  7

 75
     0
147
0.1148885871608098
 76
     0
 77
     2
 78
   300
148
0.0
149
0.0
100
AcDbLayout
  1
Model
 70
     1
 71
     0
 10
0.0
 20
0.0
 11
12.0
 21
9.0
 12
0.0
 22
0.0
 32
0.0
 14
0.0
 24
0.0
 34
0.0
 15
0.0
 25
0.0
 35
0.0
146
0.0
 13
0.0
 23
0.0
 33
0.0
 16
1.0
 26
0.0
 36
0.0
 17
0.0
 27
1.0
 37
0.0
 76
     0
330
1F
331
EA
1001
ACAD_PSEXT
1000
None
1000
None
1000
Not applicable
1000
The layout will not be plotted unless a new plotter configuration name is selected.
1070
     0
  0
LAYOUT
  5
D3
102
{ACAD_REACTORS
330
1A
102
}
330
1A
100
AcDbPlotSettings
  1

  2
C:\Documents and Settings\basas\Application Data\Autodesk\AutoCAD 2005\R16.1\enu\plotters\Default Windows System Printer.pc3
  4

  6

 40
0.0
 41
0.0
 42
0.0
 43
0.0
 44
0.0
 45
0.0
 46
0.0
 47
0.0
 48
0.0
 49
0.0
140
0.0
141
0.0
142
1.0
143
1.0
 70
   688
 72
     0
 73
     0
 74
     5
  7

 75
    16
147
1.0
 76
     0
 77
     2
 78
   300
148
0.0
149
0.0
100
AcDbLayout
  1
Presentación1
 70
     1
 71
     1
 10
0.0
 20
0.0
 11
12.0
 21
9.0
 12
0.0
 22
0.0
 32
0.0
 14
0.0
 24
0.0
 34
0.0
 15
0.0
 25
0.0
 35
0.0
146
0.0
 13
0.0
 23
0.0
 33
0.0
 16
1.0
 26
0.0
 36
0.0
 17
0.0
 27
1.0
 37
0.0
 76
     0
330
D2
  0
LAYOUT
  5
D7
102
{ACAD_REACTORS
330
1A
102
}
330
1A
100
AcDbPlotSettings
  1

  2
C:\Documents and Settings\basas\Application Data\Autodesk\AutoCAD 2005\R16.1\enu\plotters\Default Windows System Printer.pc3
  4

  6

 40
0.0
 41
0.0
 42
0.0
 43
0.0
 44
0.0
 45
0.0
 46
0.0
 47
0.0
 48
0.0
 49
0.0
140
0.0
141
0.0
142
1.0
143
1.0
 70
   688
 72
     0
 73
     0
 74
     5
  7

 75
    16
147
1.0
 76
     0
 77
     2
 78
   300
148
0.0
149
0.0
100
AcDbLayout
  1
Presentación2
 70
     1
 71
     2
 10
0.0
 20
0.0
 11
12.0
 21
9.0
 12
0.0
 22
0.0
 32
0.0
 14
0.0
 24
0.0
 34
0.0
 15
0.0
 25
0.0
 35
0.0
146
0.0
 13
0.0
 23
0.0
 33
0.0
 16
1.0
 26
0.0
 36
0.0
 17
0.0
 27
1.0
 37
0.0
 76
     0
330
D6
  0
MATERIAL
  5
ED
102
{ACAD_XDICTIONARY
360
350
102
}
102
{ACAD_REACTORS
330
6A
102
}
330
6A
100
AcDbMaterial
  1
ByBlock
  0
MATERIAL
  5
EC
102
{ACAD_XDICTIONARY
360
34E
102
}
102
{ACAD_REACTORS
330
6A
102
}
330
6A
100
AcDbMaterial
  1
ByLayer
  0
MATERIAL
  5
EE
102
{ACAD_XDICTIONARY
360
173
102
}
102
{ACAD_REACTORS
330
6A
102
}
330
6A
100
AcDbMaterial
  1
Global
 43
0.0007999999797903
 43
0.0
 43
0.0
 43
0.0
 43
0.0
 43
0.0007999999797903
 43
0.0
 43
0.0
 43
0.0
 43
0.0
 43
1.0
 43
0.0
 43
0.0
 43
0.0
 43
0.0
 43
1.0
 49
0.0007999999797903
 49
0.0
 49
0.0
 49
0.0
 49
0.0
 49
0.0007999999797903
 49
0.0
 49
0.0
 49
0.0
 49
0.0
 49
1.0
 49
0.0
 49
0.0
 49
0.0
 49
0.0
 49
1.0
142
0.0007999999797903
142
0.0
142
0.0
142
0.0
142
0.0
142
0.0007999999797903
142
0.0
142
0.0
142
0.0
142
0.0
142
1.0
142
0.0
142
0.0
142
0.0
142
0.0
142
1.0
144
0.0007999999797903
144
0.0
144
0.0
144
0.0
144
0.0
144
0.0007999999797903
144
0.0
144
0.0
144
0.0
144
0.0
144
1.0
144
0.0
144
0.0
144
0.0
144
0.0
144
1.0
1001
ACAD
1070
    -1
1070
     3
1070
     0
1000

1071
        0
1070
     0
  0
MLEADERSTYLE
  5
12E
102
{ACAD_REACTORS
330
12D
102
}
330
12D
100
AcDbMLeaderStyle
170
     2
171
     1
172
     0
 90
        2
 40
0.0
 41
0.0
173
     1
 91
-1056964608
340
14
 92
       -2
290
     1
 42
2.0
291
     1
 43
8.0
  3
Standard
 44
4.0
300

342
11
174
     1
178
     1
175
     1
176
     0
 93
-1056964608
 45
4.0
292
     0
297
     0
 46
4.0
 94
-1056964608
 47
1.0
 49
1.0
140
1.0
293
     1
141
0.0
294
     1
177
     0
142
1.0
295
     0
296
     0
143
3.75
1001
ACAD_MLEADERVER
1070
     2
  0
MLINESTYLE
  5
18
102
{ACAD_REACTORS
330
17
102
}
330
17
100
AcDbMlineStyle
  2
STANDARD
 70
     0
  3

 62
   256
 51
90.0
 52
90.0
 71
     2
 49
0.5
 62
   256
  6
BYLAYER
 49
-0.5
 62
   256
  6
BYLAYER
  0
ACDBPLACEHOLDER
  5
F
102
{ACAD_REACTORS
330
E
102
}
330
E
  0
SCALE
  5
10D
102
{ACAD_REACTORS
330
10C
102
}
330
10C
100
AcDbScale
 70
     0
300
1:1
140
1.0
141
1.0
290
     1
  0
SCALE
  5
1BE
102
{ACAD_REACTORS
330
10C
102
}
330
10C
100
AcDbScale
 70
     0
300
1:2
140
1.0
141
2.0
290
     0
  0
SCALE
  5
1BF
102
{ACAD_REACTORS
330
10C
102
}
330
10C
100
AcDbScale
 70
     0
300
1:4
140
1.0
141
4.0
290
     0
  0
SCALE
  5
1C0
102
{ACAD_REACTORS
330
10C
102
}
330
10C
100
AcDbScale
 70
     0
300
1:5
140
1.0
141
5.0
290
     0
  0
SCALE
  5
1C1
102
{ACAD_REACTORS
330
10C
102
}
330
10C
100
AcDbScale
 70
     0
300
1:8
140
1.0
141
8.0
290
     0
  0
SCALE
  5
1C2
102
{ACAD_REACTORS
330
10C
102
}
330
10C
100
AcDbScale
 70
     0
300
1:10
140
1.0
141
10.0
290
     0
  0
SCALE
  5
1C3
102
{ACAD_REACTORS
330
10C
102
}
330
10C
100
AcDbScale
 70
     0
300
1:16
140
1.0
141
16.0
290
     0
  0
SCALE
  5
1C4
102
{ACAD_REACTORS
330
10C
102
}
330
10C
100
AcDbScale
 70
     0
300
1:20
140
1.0
141
20.0
290
     0
  0
SCALE
  5
1C5
102
{ACAD_REACTORS
330
10C
102
}
330
10C
100
AcDbScale
 70
     0
300
1:30
140
1.0
141
30.0
290
     0
  0
SCALE
  5
1C6
102
{ACAD_REACTORS
330
10C
102
}
330
10C
100
AcDbScale
 70
     0
300
1:40
140
1.0
141
40.0
290
     0
  0
SCALE
  5
1C7
102
{ACAD_REACTORS
330
10C
102
}
330
10C
100
AcDbScale
 70
     0
300
1:50
140
1.0
141
50.0
290
     0
  0
SCALE
  5
1C8
102
{ACAD_REACTORS
330
10C
102
}
330
10C
100
AcDbScale
 70
     0
300
1:100
140
1.0
141
100.0
290
     0
  0
SCALE
  5
1C9
102
{ACAD_REACTORS
330
10C
102
}
330
10C
100
AcDbScale
 70
     0
300
2:1
140
2.0
141
1.0
290
     0
  0
SCALE
  5
1CA
102
{ACAD_REACTORS
330
10C
102
}
330
10C
100
AcDbScale
 70
     0
300
4:1
140
4.0
141
1.0
290
     0
  0
SCALE
  5
1CB
102
{ACAD_REACTORS
330
10C
102
}
330
10C
100
AcDbScale
 70
     0
300
8:1
140
8.0
141
1.0
290
     0
  0
SCALE
  5
1CC
102
{ACAD_REACTORS
330
10C
102
}
330
10C
100
AcDbScale
 70
     0
300
10:1
140
10.0
141
1.0
290
     0
  0
SCALE
  5
1CD
102
{ACAD_REACTORS
330
10C
102
}
330
10C
100
AcDbScale
 70
     0
300
100:1
140
100.0
141
1.0
290
     0
  0
ACDBSECTIONVIEWSTYLE
  5
20A3
102
{ACAD_XDICTIONARY
360
2DEC
102
}
102
{ACAD_REACTORS
330
20A2
102
}
330
20A2
100
AcDbModelDocViewStyle
 70
     0
  3
Metric50
290
     0
100
AcDbSectionViewStyle
 70
     0
 71
     0
 90
      102
 71
     1
340
11
 62
   256
 40
5.0
340
0
340
0
 62
   256
 40
5.0
300
I, O, Q, S, X, Z
 40
10.0
 90
        0
 40
2.5
 90
        0
 71
     2
340
16
 90
       25
 62
   256
340
16
 90
       50
 62
   256
 40
5.0
 40
2.5
 40
5.0
 71
     3
340
11
 62
   256
 40
5.0
 90
        0
 40
15.0
 90
        1
300
%<\AcVar ViewSectionStartId>%-%<\AcVar ViewSectionEndId>% (%<\AcVar ViewScale \f "%sn">%)
 71
     4
 62
   256
 62
   257
300
ANSI31
 40
1.0
 90
        0
290
     0
290
     0
 90
        6
 40
0.0
 40
1.570796326794896
 40
0.2617993877991494
 40
1.308996938995747
 40
-0.2617993877991494
 40
1.832595714594044
  0
TABLESTYLE
  5
7F
102
{ACAD_XDICTIONARY
360
162
102
}
102
{ACAD_REACTORS
330
7E
102
}
330
7E
100
AcDbTableStyle
  3
Standard
 70
     0
 71
     0
 40
1.5
 41
1.5
280
     0
281
     0
  7
Standard
140
4.5
170
     2
 62
     0
 63
     7
283
     0
274
    -2
284
     1
 64
     0
275
    -2
285
     1
 65
     0
276
    -2
286
     1
 66
     0
277
    -2
287
     1
 67
     0
278
    -2
288
     1
 68
     0
279
    -2
289
     1
 69
     0
  7
Standard
140
6.0
170
     5
 62
     0
 63
     7
283
     0
274
    -2
284
     1
 64
     0
275
    -2
285
     1
 65
     0
276
    -2
286
     1
 66
     0
277
    -2
287
     1
 67
     0
278
    -2
288
     1
 68
     0
279
    -2
289
     1
 69
     0
  7
Standard
140
4.5
170
     5
 62
     0
 63
     7
283
     0
274
    -2
284
     1
 64
     0
275
    -2
285
     1
 65
     0
276
    -2
286
     1
 66
     0
277
    -2
287
     1
 67
     0
278
    -2
288
     1
 68
     0
279
    -2
289
     1
 69
     0
  0
VISUALSTYLE
  5
F5
102
{ACAD_XDICTIONARY
360
2DC2
102
}
102
{ACAD_REACTORS
330
EF
102
}
330
EF
100
AcDbVisualStyle
  2

 70
     4
 71
     0
 72
     2
 73
     1
 90
        0
 40
-0.6
 41
-30.0
 62
     5
 63
     7
 74
     1
 91
        4
 64
     7
 65
   257
 75
     1
175
     1
 42
1.0
 92
        0
 66
   257
 43
1.0
 76
     1
 77
     6
 78
     2
 67
     7
 79
     5
170
     0
171
     0
290
     0
174
     0
 93
        1
 44
0.0
173
     0
291
     0
 45
0.0
1001
ACAD
1000
AcDbSavedByObjectVersion
1070
     0
  0
VISUALSTYLE
  5
F7
102
{ACAD_XDICTIONARY
360
2DC6
102
}
102
{ACAD_REACTORS
330
EF
102
}
330
EF
100
AcDbVisualStyle
  2

 70
     6
 71
     1
 72
     2
 73
     2
 90
        0
 40
-0.6
 41
-30.0
 62
     5
 63
     7
 74
     2
 91
        2
 64
     7
 65
   257
 75
     2
175
     1
 42
40.0
 92
        0
 66
   257
 43
1.0
 76
     1
 77
     6
 78
     2
 67
     7
 79
     3
170
     0
171
     0
290
     0
174
     0
 93
        1
 44
0.0
173
     0
291
     0
 45
0.0
1001
ACAD
1000
AcDbSavedByObjectVersion
1070
     0
  0
VISUALSTYLE
  5
F6
102
{ACAD_XDICTIONARY
360
2DC4
102
}
102
{ACAD_REACTORS
330
EF
102
}
330
EF
100
AcDbVisualStyle
  2

 70
     5
 71
     0
 72
     2
 73
     1
 90
        0
 40
-0.6
 41
-30.0
 62
     5
 63
     7
 74
     1
 91
        4
 64
     7
 65
   257
 75
     1
175
     1
 42
1.0
 92
        0
 66
   257
 43
1.0
 76
     1
 77
     6
 78
     2
 67
     7
 79
     5
170
     0
171
     0
290
     0
174
     0
 93
        1
 44
0.0
173
     0
291
     0
 45
0.0
1001
ACAD
1000
AcDbSavedByObjectVersion
1070
     0
  0
VISUALSTYLE
  5
F4
102
{ACAD_XDICTIONARY
360
2DC0
102
}
102
{ACAD_REACTORS
330
EF
102
}
330
EF
100
AcDbVisualStyle
  2

 70
     7
 71
     1
 72
     0
 73
     1
 90
        0
 40
-0.6
 41
-30.0
 62
     5
 63
     7
 74
     0
 91
        4
 64
     7
 65
   257
 75
     1
175
     1
 42
1.0
 92
        8
 66
     7
 43
1.0
 76
     1
 77
     6
 78
     2
 67
     7
 79
     5
170
     0
171
     0
290
     0
174
     0
 93
        1
 44
0.0
173
     0
291
     1
 45
0.0
1001
ACAD
1000
AcDbSavedByObjectVersion
1070
     0
  0
VISUALSTYLE
  5
FB
102
{ACAD_XDICTIONARY
360
2DCE
102
}
102
{ACAD_REACTORS
330
EF
102
}
330
EF
100
AcDbVisualStyle
  2

 70
    12
 71
     2
 72
     2
 73
     1
 90
        0
 40
-0.6
 41
-30.0
 62
     5
 63
     7
 74
     1
 91
        4
 64
     7
 65
   257
 75
     1
175
     1
 42
1.0
 92
        8
 66
     7
 43
1.0
 76
     1
 77
     6
 78
     2
 67
     7
 79
     5
170
     0
171
     0
290
     0
174
     0
 93
        1
 44
50.0
173
     0
291
     1
 45
0.0
1001
ACAD
1000
AcDbSavedByObjectVersion
1070
     0
  0
VISUALSTYLE
  5
FF
102
{ACAD_XDICTIONARY
360
2DD6
102
}
102
{ACAD_REACTORS
330
EF
102
}
330
EF
100
AcDbVisualStyle
  2

 70
    16
 71
     2
 72
     2
 73
     3
 90
        0
 40
-0.6
 41
-30.0
 62
     5
 63
     8
 74
     1
 91
        4
 64
     7
 65
   257
 75
     1
175
     1
 42
1.0
 92
        8
 66
     8
 43
1.0
 76
     1
 77
     6
 78
     2
 67
     7
 79
     5
170
     0
171
     0
290
     0
174
     0
 93
        1
 44
0.0
173
     0
291
     1
 45
0.0
1001
ACAD
1000
AcDbSavedByObjectVersion
1070
     0
  0
VISUALSTYLE
  5
F8
102
{ACAD_XDICTIONARY
360
2DC8
102
}
102
{ACAD_REACTORS
330
EF
102
}
330
EF
100
AcDbVisualStyle
  2

 70
     9
 71
     3
 72
     2
 73
     1
 90
        0
 40
-0.6
 41
-30.0
 62
     5
 63
     7
 74
     2
 91
        2
 64
     7
 65
   257
 75
     1
175
     1
 42
40.0
 92
        8
 66
     7
 43
1.0
 76
     1
 77
     6
 78
     2
 67
     7
 79
     3
170
     0
171
     0
290
     0
174
     0
 93
        1
 44
0.0
173
     0
291
     0
 45
0.0
1001
ACAD
1000
AcDbSavedByObjectVersion
1070
     0
  0
VISUALSTYLE
  5
FA
102
{ACAD_XDICTIONARY
360
2DCC
102
}
102
{ACAD_REACTORS
330
EF
102
}
330
EF
100
AcDbVisualStyle
  2

 70
    11
 71
     2
 72
     2
 73
     1
 90
        0
 40
-0.6
 41
-30.0
 62
     5
 63
     7
 74
     1
 91
        4
 64
     7
 65
   257
 75
     1
175
     1
 42
1.0
 92
        8
 66
     7
 43
1.0
 76
     1
 77
     6
 78
     2
 67
     7
 79
     5
170
     0
171
     0
290
     0
174
     0
 93
        1
 44
-50.0
173
     0
291
     1
 45
0.0
1001
ACAD
1000
AcDbSavedByObjectVersion
1070
     0
  0
VISUALSTYLE
  5
1E6
102
{ACAD_XDICTIONARY
360
2DDC
102
}
102
{ACAD_REACTORS
330
EF
102
}
330
EF
100
AcDbVisualStyle
  2

 70
    22
 71
     2
 72
     2
 73
     0
 90
        0
 40
-0.6
 41
-30.0
 62
     5
 63
     7
 74
     1
 91
        4
 64
     7
 65
   257
 75
     1
175
     1
 42
1.0
 92
        8
 66
     7
 43
1.0
 76
     1
 77
     6
 78
     2
 67
     7
 79
     5
170
     0
171
     0
290
     0
174
     0
 93
        1
 44
0.0
173
     0
291
     1
 45
0.0
1001
ACAD
1000
AcDbSavedByObjectVersion
1070
     0
  0
VISUALSTYLE
  5
FE
102
{ACAD_XDICTIONARY
360
2DD4
102
}
102
{ACAD_REACTORS
330
EF
102
}
330
EF
100
AcDbVisualStyle
  2

 70
    15
 71
     2
 72
     2
 73
     1
 90
        0
 40
-0.6
 41
-30.0
 62
     5
 63
     7
 74
     1
 91
        4
 64
     7
 65
   257
 75
     1
175
     1
 42
1.0
 92
        8
 66
     7
 43
1.0
 76
     1
 77
     6
 78
     2
 67
     7
 79
     5
170
     0
171
     0
290
     0
174
     0
 93
        1
 44
0.0
173
     0
291
     1
 45
0.0
1001
ACAD
1000
AcDbSavedByObjectVersion
1070
     0
  0
VISUALSTYLE
  5
F0
102
{ACAD_XDICTIONARY
360
2DB8
102
}
102
{ACAD_REACTORS
330
EF
102
}
330
EF
100
AcDbVisualStyle
  2

 70
     0
 71
     2
 72
     1
 73
     1
 90
        2
 40
-0.6
 41
30.0
 62
     5
 63
     7
 74
     0
 91
        4
 64
     7
 65
   257
 75
     1
175
     1
 42
1.0
 92
        8
 66
     7
 43
1.0
 76
     1
 77
     6
 78
     2
 67
     7
 79
     5
170
     0
171
     0
290
     0
174
     0
 93
        1
 44
0.0
173
     0
291
     1
 45
0.0
1001
ACAD
1000
AcDbSavedByObjectVersion
1070
     0
  0
VISUALSTYLE
  5
F1
102
{ACAD_XDICTIONARY
360
2DBA
102
}
102
{ACAD_REACTORS
330
EF
102
}
330
EF
100
AcDbVisualStyle
  2

 70
     1
 71
     2
 72
     1
 73
     1
 90
        2
 40
-0.6
 41
30.0
 62
     5
 63
     7
 74
     1
 91
        4
 64
     7
 65
   257
 75
     1
175
     1
 42
1.0
 92
        0
 66
   257
 43
1.0
 76
     1
 77
     6
 78
     2
 67
     7
 79
     5
170
     0
171
     0
290
     0
174
     0
 93
        1
 44
0.0
173
     0
291
     1
 45
0.0
1001
ACAD
1000
AcDbSavedByObjectVersion
1070
     0
  0
VISUALSTYLE
  5
F2
102
{ACAD_XDICTIONARY
360
2DBC
102
}
102
{ACAD_REACTORS
330
EF
102
}
330
EF
100
AcDbVisualStyle
  2

 70
     2
 71
     2
 72
     2
 73
     1
 90
        2
 40
-0.6
 41
30.0
 62
     5
 63
     7
 74
     0
 91
        4
 64
     7
 65
   257
 75
     1
175
     1
 42
1.0
 92
        0
 66
     7
 43
1.0
 76
     1
 77
     6
 78
     2
 67
     7
 79
     5
170
     0
171
     0
290
     0
174
     0
 93
        1
 44
0.0
173
     0
291
     1
 45
0.0
1001
ACAD
1000
AcDbSavedByObjectVersion
1070
     0
  0
VISUALSTYLE
  5
F3
102
{ACAD_XDICTIONARY
360
2DBE
102
}
102
{ACAD_REACTORS
330
EF
102
}
330
EF
100
AcDbVisualStyle
  2

 70
     3
 71
     2
 72
     2
 73
     1
 90
        2
 40
-0.6
 41
30.0
 62
     5
 63
     7
 74
     1
 91
        4
 64
     7
 65
   257
 75
     1
175
     1
 42
1.0
 92
        0
 66
   257
 43
1.0
 76
     1
 77
     6
 78
     2
 67
     7
 79
     5
170
     0
171
     0
290
     0
174
     0
 93
        1
 44
0.0
173
     0
291
     1
 45
0.0
1001
ACAD
1000
AcDbSavedByObjectVersion
1070
     0
  0
VISUALSTYLE
  5
209C
102
{ACAD_XDICTIONARY
360
2DE0
102
}
102
{ACAD_REACTORS
330
EF
102
}
330
EF
100
AcDbVisualStyle
  2

 70
     6
 71
     1
 72
     2
 73
     2
 90
        0
 40
-0.6
 41
-30.0
 62
     5
 63
     7
421
 16777215
 74
     2
 91
        2
 64
     7
 65
   257
 75
     2
175
     1
 42
40.0
 92
        0
 66
   257
 43
1.0
 76
     1
 77
     6
 78
     2
 67
     7
 79
     3
170
     0
171
     0
290
     0
174
     0
 93
        1
 44
0.0
173
     0
291
     0
 45
0.0
1001
ACAD
1000
AcDbSavedByObjectVersion
1070
     0
  0
VISUALSTYLE
  5
1E4
102
{ACAD_XDICTIONARY
360
2DD8
102
}
102
{ACAD_REACTORS
330
EF
102
}
330
EF
100
AcDbVisualStyle
  2

 70
    20
 71
     2
 72
     2
 73
     0
 90
        0
 40
-0.6
 41
-30.0
 62
     5
 63
     7
 74
     1
 91
        4
 64
     7
 65
   257
 75
     1
175
     1
 42
1.0
 92
       10
 66
     7
 43
1.0
 76
     1
 77
     6
 78
     2
 67
     7
 79
     5
170
     0
171
     0
290
     0
174
     0
 93
        1
 44
0.0
173
     0
291
     1
 45
0.0
1001
ACAD
1000
AcDbSavedByObjectVersion
1070
     0
  0
VISUALSTYLE
  5
FD
102
{ACAD_XDICTIONARY
360
2DD2
102
}
102
{ACAD_REACTORS
330
EF
102
}
330
EF
100
AcDbVisualStyle
  2

 70
    14
 71
     2
 72
     2
 73
     1
 90
        0
 40
-0.6
 41
-30.0
 62
     5
 63
     7
 74
     1
 91
        4
 64
     7
 65
   257
 75
     7
175
     7
 42
1.0
 92
        8
 66
     7
 43
1.0
 76
     1
 77
     6
 78
     2
 67
     7
 79
     5
170
     0
171
     0
290
     0
174
     0
 93
        1
 44
0.0
173
     0
291
     1
 45
0.0
1001
ACAD
1000
AcDbSavedByObjectVersion
1070
     0
  0
VISUALSTYLE
  5
1E5
102
{ACAD_XDICTIONARY
360
2DDA
102
}
102
{ACAD_REACTORS
330
EF
102
}
330
EF
100
AcDbVisualStyle
  2

 70
    21
 71
     2
 72
     2
 73
     0
 90
        0
 40
-0.6
 41
-30.0
 62
     5
 63
     7
 74
     1
 91
        4
 64
     7
 65
   257
 75
     1
175
     1
 42
1.0
 92
        9
 66
     7
 43
1.0
 76
     1
 77
     6
 78
     2
 67
     7
 79
     5
170
     0
171
     0
290
     0
174
     0
 93
        1
 44
0.0
173
     0
291
     1
 45
0.0
1001
ACAD
1000
AcDbSavedByObjectVersion
1070
     0
  0
VISUALSTYLE
  5
F9
102
{ACAD_XDICTIONARY
360
2DCA
102
}
102
{ACAD_REACTORS
330
EF
102
}
330
EF
100
AcDbVisualStyle
  2

 70
     8
 71
     2
 72
     2
 73
     1
 90
        0
 40
-0.6
 41
-30.0
 62
     5
 63
     7
 74
     1
 91
        0
 64
     7
 65
   257
 75
     1
175
     1
 42
1.0
 92
        8
 66
     8
 43
1.0
 76
     1
 77
     6
 78
     2
 67
     7
 79
     5
170
     0
171
     0
290
     0
174
     0
 93
       13
 44
0.0
173
     0
291
     0
 45
0.0
1001
ACAD
1000
AcDbSavedByObjectVersion
1070
     0
  0
VISUALSTYLE
  5
20A1
102
{ACAD_XDICTIONARY
360
2DEA
102
}
102
{ACAD_REACTORS
330
EF
102
}
330
EF
100
AcDbVisualStyle
  2

 70
    27
 71
     2
 72
     2
 73
     1
 90
        2
 40
-0.6
 41
30.0
 62
     5
 63
     7
421
 16777215
 74
     0
 91
        4
 64
     7
 65
   257
 75
     1
175
     1
 42
1.0
 92
        8
 66
   257
 43
1.0
 76
     1
 77
     6
 78
     2
 67
     8
425
  7895160
 79
     3
170
     0
171
     0
290
     0
174
     0
 93
        5
 44
0.0
173
     0
291
     0
 45
0.0
1001
ACAD
1000
AcDbSavedByObjectVersion
1070
     0
  0
VISUALSTYLE
  5
20A0
102
{ACAD_XDICTIONARY
360
2DE8
102
}
102
{ACAD_REACTORS
330
EF
102
}
330
EF
100
AcDbVisualStyle
  2

 70
    26
 71
     2
 72
     2
 73
     1
 90
        2
 40
-0.6
 41
30.0
 62
     5
 63
     7
421
 16777215
 74
     1
 91
        2
 64
     7
 65
   257
 75
     2
175
     1
 42
1.0
 92
        8
 66
   257
 43
1.0
 76
     1
 77
     6
 78
     2
 67
     7
 79
     3
170
     0
171
     0
290
     0
174
     0
 93
        5
 44
0.0
173
     0
291
     0
 45
0.0
1001
ACAD
1000
AcDbSavedByObjectVersion
1070
     0
  0
VISUALSTYLE
  5
209D
102
{ACAD_XDICTIONARY
360
2DE2
102
}
102
{ACAD_REACTORS
330
EF
102
}
330
EF
100
AcDbVisualStyle
  2

 70
    23
 71
     2
 72
     2
 73
     3
 90
        0
 40
-0.6
 41
-30.0
 62
     5
 63
     7
421
 16777215
 74
     2
 91
        2
 64
     7
 65
     7
 75
     1
175
     1
 42
40.0
 92
        8
 66
     7
 43
1.0
 76
     1
 77
     6
 78
     2
 67
     7
 79
     3
170
     0
171
     0
290
     0
174
     0
 93
        1
 44
0.0
173
     0
291
     0
 45
0.0
1001
ACAD
1000
AcDbSavedByObjectVersion
1070
     0
  0
VISUALSTYLE
  5
209E
102
{ACAD_XDICTIONARY
360
2DE4
102
}
102
{ACAD_REACTORS
330
EF
102
}
330
EF
100
AcDbVisualStyle
  2

 70
    24
 71
     1
 72
     2
 73
     2
 90
        0
 40
-0.6
 41
-30.0
 62
     5
 63
     7
421
 16777215
 74
     2
 91
        2
 64
     7
 65
     7
 75
     1
175
     1
 42
40.0
 92
       11
 66
     7
 43
1.0
 76
     1
 77
     6
 78
     2
 67
     7
 79
     6
170
     0
171
     0
290
     0
174
     0
 93
        1
 44
0.0
173
     0
291
     0
 45
0.0
1001
ACAD
1000
AcDbSavedByObjectVersion
1070
     0
  0
VISUALSTYLE
  5
FC
102
{ACAD_XDICTIONARY
360
2DD0
102
}
102
{ACAD_REACTORS
330
EF
102
}
330
EF
100
AcDbVisualStyle
  2

 70
    13
 71
     2
 72
     2
 73
     1
 90
        0
 40
-0.6
 41
-30.0
 62
     5
 63
     7
 74
     1
 91
        4
 64
     7
 65
   257
 75
     1
175
     1
 42
1.0
 92
       12
 66
     7
 43
1.0
 76
     1
 77
     6
 78
     2
 67
     7
 79
     5
170
     0
171
     0
290
     0
174
     0
 93
        1
 44
0.0
173
     0
291
     1
 45
0.0
1001
ACAD
1000
AcDbSavedByObjectVersion
1070
     0
  0
VISUALSTYLE
  5
209B
102
{ACAD_XDICTIONARY
360
2DDE
102
}
102
{ACAD_REACTORS
330
EF
102
}
330
EF
100
AcDbVisualStyle
  2

 70
     5
 71
     0
 72
     2
 73
     0
 90
        0
 40
-0.6
 41
-30.0
 62
     5
 63
     7
421
 16777215
 74
     1
 91
        4
 64
     7
 65
   257
 75
     1
175
     1
 42
1.0
 92
        0
 66
   257
 43
1.0
 76
     1
 77
     6
 78
     2
 67
     7
 79
     3
170
     0
171
     0
290
     0
174
     0
 93
        1
 44
0.0
173
     0
291
     0
 45
0.0
1001
ACAD
1000
AcDbSavedByObjectVersion
1070
     0
  0
VISUALSTYLE
  5
209F
102
{ACAD_XDICTIONARY
360
2DE6
102
}
102
{ACAD_REACTORS
330
EF
102
}
330
EF
100
AcDbVisualStyle
  2

 70
    25
 71
     2
 72
     2
 73
     1
 90
        1
 40
0.5
 41
-30.0
 62
     5
 63
     7
421
 16777215
 74
     1
 91
        0
 64
     7
 65
   257
 75
     1
175
     1
 42
1.0
 92
        8
 66
     7
 43
1.0
 76
     1
 77
     6
 78
     2
 67
     7
 79
     3
170
     0
171
     0
290
     0
174
     0
 93
       13
 44
0.0
173
     0
291
     0
 45
0.0
1001
ACAD
1000
AcDbSavedByObjectVersion
1070
     0
  0
DICTIONARYVAR
  5
2BA6
102
{ACAD_REACTORS
330
2BA5
102
}
330
2BA5
100
DictionaryVariables
280
     0
  1
100.000000
  0
DICTIONARYVAR
  5
2BA7
102
{ACAD_REACTORS
330
2BA5
102
}
330
2BA5
100
DictionaryVariables
280
     0
  1
1
  0
DICTIONARYVAR
  5
2BA8
102
{ACAD_REACTORS
330
2BA5
102
}
330
2BA5
100
DictionaryVariables
280
     0
  1
1:1
  0
DICTIONARYVAR
  5
2BA9
102
{ACAD_REACTORS
330
2BA5
102
}
330
2BA5
100
DictionaryVariables
280
     0
  1
AM_7
  0
DICTIONARYVAR
  5
2BAA
102
{ACAD_REACTORS
330
2BA5
102
}
330
2BA5
100
DictionaryVariables
280
     0
  1
STANDARD
  0
DICTIONARYVAR
  5
2BAB
102
{ACAD_REACTORS
330
2BA5
102
}
330
2BA5
100
DictionaryVariables
280
     0
  1
STANDARD
  0
DICTIONARYVAR
  5
2BAC
102
{ACAD_REACTORS
330
2BA5
102
}
330
2BA5
100
DictionaryVariables
280
     0
  1
Metric50
  0
DICTIONARYVAR
  5
2BAD
102
{ACAD_REACTORS
330
2BA5
102
}
330
2BA5
100
DictionaryVariables
280
     0
  1
Metric50
  0
DICTIONARYVAR
  5
2BAE
102
{ACAD_REACTORS
330
2BA5
102
}
330
2BA5
100
DictionaryVariables
280
     0
  1
0
  0
DICTIONARYVAR
  5
2BAF
102
{ACAD_REACTORS
330
2BA5
102
}
330
2BA5
100
DictionaryVariables
280
     0
  1
2
  0
DICTIONARYVAR
  5
2BB0
102
{ACAD_REACTORS
330
2BA5
102
}
330
2BA5
100
DictionaryVariables
280
     0
  1
1
  0
DICTIONARYVAR
  5
2BB1
102
{ACAD_REACTORS
330
2BA5
102
}
330
2BA5
100
DictionaryVariables
280
     0
  1
1
  0
DICTIONARYVAR
  5
2BB2
102
{ACAD_REACTORS
330
2BA5
102
}
330
2BA5
100
DictionaryVariables
280
     0
  1
BYLAYER
  0
DICTIONARYVAR
  5
2BB3
102
{ACAD_REACTORS
330
2BA5
102
}
330
2BA5
100
DictionaryVariables
280
     0
  1
0
  0
DICTIONARYVAR
  5
2BB4
102
{ACAD_REACTORS
330
2BA5
102
}
330
2BA5
100
DictionaryVariables
280
     0
  1
ByLayer
  0
DICTIONARYVAR
  5
2BB5
102
{ACAD_REACTORS
330
2BA5
102
}
330
2BA5
100
DictionaryVariables
280
     0
  1
0
  0
DICTIONARYVAR
  5
2BB6
102
{ACAD_REACTORS
330
2BA5
102
}
330
2BA5
100
DictionaryVariables
280
     0
  1
0
  0
DICTIONARYVAR
  5
2BB7
102
{ACAD_REACTORS
330
2BA5
102
}
330
2BA5
100
DictionaryVariables
280
     0
  1
0
  0
DICTIONARYVAR
  5
2BB8
102
{ACAD_REACTORS
330
2BA5
102
}
330
2BA5
100
DictionaryVariables
280
     0
  1
2
  0
DICTIONARYVAR
  5
2DB2
102
{ACAD_REACTORS
330
2BA5
102
}
330
2BA5
100
DictionaryVariables
280
     0
  1
1.570796
  0
DICTIONARYVAR
  5
2DB3
102
{ACAD_REACTORS
330
2BA5
102
}
330
2BA5
100
DictionaryVariables
280
     0
  1
1.570796
  0
DICTIONARYVAR
  5
2BB9
102
{ACAD_REACTORS
330
2BA5
102
}
330
2BA5
100
DictionaryVariables
280
     0
  1
0
  0
DICTIONARYVAR
  5
2BBA
102
{ACAD_REACTORS
330
2BA5
102
}
330
2BA5
100
DictionaryVariables
280
     0
  1
1.000000
  0
DICTIONARYVAR
  5
2BBB
102
{ACAD_REACTORS
330
2BA5
102
}
330
2BA5
100
DictionaryVariables
280
     0
  1
1
  0
DICTIONARYVAR
  5
2BBC
102
{ACAD_REACTORS
330
2BA5
102
}
330
2BA5
100
DictionaryVariables
280
     0
  1
2
  0
DICTIONARYVAR
  5
2DB1
102
{ACAD_REACTORS
330
2BA5
102
}
330
2BA5
100
DictionaryVariables
280
     0
  1
80.000000
  0
DICTIONARYVAR
  5
2DB0
102
{ACAD_REACTORS
330
2BA5
102
}
330
2BA5
100
DictionaryVariables
280
     0
  1
5.000000
  0
DICTIONARYVAR
  5
2BBD
102
{ACAD_REACTORS
330
2BA5
102
}
330
2BA5
100
DictionaryVariables
280
     0
  1
127
  0
DICTIONARYVAR
  5
2BBE
102
{ACAD_REACTORS
330
2BA5
102
}
330
2BA5
100
DictionaryVariables
280
     0
  1
6.000000
  0
DICTIONARYVAR
  5
2BBF
102
{ACAD_REACTORS
330
2BA5
102
}
330
2BA5
100
DictionaryVariables
280
     0
  1
2.000000
  0
DICTIONARYVAR
  5
2BC0
102
{ACAD_REACTORS
330
2BA5
102
}
330
2BA5
100
DictionaryVariables
280
     0
  1
BC
  0
DICTIONARYVAR
  5
2BC1
102
{ACAD_REACTORS
330
2BA5
102
}
330
2BA5
100
DictionaryVariables
280
     0
  1
AM_6
  0
DICTIONARYVAR
  5
2DB4
102
{ACAD_REACTORS
330
2BA5
102
}
330
2BA5
100
DictionaryVariables
280
     0
  1
2
  0
DICTIONARYVAR
  5
2BC2
102
{ACAD_REACTORS
330
2BA5
102
}
330
2BA5
100
DictionaryVariables
280
     0
  1
AM_0
  0
DICTIONARY
  5
2DEE
330
20A5
100
AcDbDictionary
280
     1
281
     1
  3
ACAD_XREC_ROUNDTRIP
360
2DEF
  0
DICTIONARY
  5
16D0
330
22
100
AcDbDictionary
280
     1
281
     1
  3
ADSK_XREC_LAYOUTTHUMBNAIL
360
16D1
  0
DICTIONARY
  5
350
330
ED
100
AcDbDictionary
280
     1
281
     1
  3
ACAD_XREC_ROUNDTRIP
360
351
  0
DICTIONARY
  5
34E
330
EC
100
AcDbDictionary
280
     1
281
     1
  3
ACAD_XREC_ROUNDTRIP
360
34F
  0
DICTIONARY
  5
173
330
EE
100
AcDbDictionary
280
     1
281
     1
  3
ACAD_XREC_ROUNDTRIP
360
352
  3
BUMPTILE
360
175
  3
DIFFUSETILE
360
174
  3
OPACITYTILE
360
176
  3
REFLECTIONTILE
360
177
  0
DICTIONARY
  5
2DEC
330
20A3
100
AcDbDictionary
280
     1
281
     1
  3
ACAD_XREC_ROUNDTRIP
360
2DED
  0
DICTIONARY
  5
162
330
7F
100
AcDbDictionary
280
     1
281
     1
  3
ACAD_ROUNDTRIP_2008_TABLESTYLE_CELLSTYLEMAP
360
2DB5
  3
ACAD_XREC_ROUNDTRIP
360
2DB7
  0
DICTIONARY
  5
2DC2
330
F5
100
AcDbDictionary
280
     1
281
     1
  3
ACAD_XREC_ROUNDTRIP
360
2DC3
  0
DICTIONARY
  5
2DC6
330
F7
100
AcDbDictionary
280
     1
281
     1
  3
ACAD_XREC_ROUNDTRIP
360
2DC7
  0
DICTIONARY
  5
2DC4
330
F6
100
AcDbDictionary
280
     1
281
     1
  3
ACAD_XREC_ROUNDTRIP
360
2DC5
  0
DICTIONARY
  5
2DC0
330
F4
100
AcDbDictionary
280
     1
281
     1
  3
ACAD_XREC_ROUNDTRIP
360
2DC1
  0
DICTIONARY
  5
2DCE
330
FB
100
AcDbDictionary
280
     1
281
     1
  3
ACAD_XREC_ROUNDTRIP
360
2DCF
  0
DICTIONARY
  5
2DD6
330
FF
100
AcDbDictionary
280
     1
281
     1
  3
ACAD_XREC_ROUNDTRIP
360
2DD7
  0
DICTIONARY
  5
2DC8
330
F8
100
AcDbDictionary
280
     1
281
     1
  3
ACAD_XREC_ROUNDTRIP
360
2DC9
  0
DICTIONARY
  5
2DCC
330
FA
100
AcDbDictionary
280
     1
281
     1
  3
ACAD_XREC_ROUNDTRIP
360
2DCD
  0
DICTIONARY
  5
2DDC
330
1E6
100
AcDbDictionary
280
     1
281
     1
  3
ACAD_XREC_ROUNDTRIP
360
2DDD
  0
DICTIONARY
  5
2DD4
330
FE
100
AcDbDictionary
280
     1
281
     1
  3
ACAD_XREC_ROUNDTRIP
360
2DD5
  0
DICTIONARY
  5
2DB8
330
F0
100
AcDbDictionary
280
     1
281
     1
  3
ACAD_XREC_ROUNDTRIP
360
2DB9
  0
DICTIONARY
  5
2DBA
330
F1
100
AcDbDictionary
280
     1
281
     1
  3
ACAD_XREC_ROUNDTRIP
360
2DBB
  0
DICTIONARY
  5
2DBC
330
F2
100
AcDbDictionary
280
     1
281
     1
  3
ACAD_XREC_ROUNDTRIP
360
2DBD
  0
DICTIONARY
  5
2DBE
330
F3
100
AcDbDictionary
280
     1
281
     1
  3
ACAD_XREC_ROUNDTRIP
360
2DBF
  0
DICTIONARY
  5
2DE0
330
209C
100
AcDbDictionary
280
     1
281
     1
  3
ACAD_XREC_ROUNDTRIP
360
2DE1
  0
DICTIONARY
  5
2DD8
330
1E4
100
AcDbDictionary
280
     1
281
     1
  3
ACAD_XREC_ROUNDTRIP
360
2DD9
  0
DICTIONARY
  5
2DD2
330
FD
100
AcDbDictionary
280
     1
281
     1
  3
ACAD_XREC_ROUNDTRIP
360
2DD3
  0
DICTIONARY
  5
2DDA
330
1E5
100
AcDbDictionary
280
     1
281
     1
  3
ACAD_XREC_ROUNDTRIP
360
2DDB
  0
DICTIONARY
  5
2DCA
330
F9
100
AcDbDictionary
280
     1
281
     1
  3
ACAD_XREC_ROUNDTRIP
360
2DCB
  0
DICTIONARY
  5
2DEA
330
20A1
100
AcDbDictionary
280
     1
281
     1
  3
ACAD_XREC_ROUNDTRIP
360
2DEB
  0
DICTIONARY
  5
2DE8
330
20A0
100
AcDbDictionary
280
     1
281
     1
  3
ACAD_XREC_ROUNDTRIP
360
2DE9
  0
DICTIONARY
  5
2DE2
330
209D
100
AcDbDictionary
280
     1
281
     1
  3
ACAD_XREC_ROUNDTRIP
360
2DE3
  0
DICTIONARY
  5
2DE4
330
209E
100
AcDbDictionary
280
     1
281
     1
  3
ACAD_XREC_ROUNDTRIP
360
2DE5
  0
DICTIONARY
  5
2DD0
330
FC
100
AcDbDictionary
280
     1
281
     1
  3
ACAD_XREC_ROUNDTRIP
360
2DD1
  0
DICTIONARY
  5
2DDE
330
209B
100
AcDbDictionary
280
     1
281
     1
  3
ACAD_XREC_ROUNDTRIP
360
2DDF
  0
DICTIONARY
  5
2DE6
330
209F
100
AcDbDictionary
280
     1
281
     1
  3
ACAD_XREC_ROUNDTRIP
360
2DE7
  0
XRECORD
  5
2DEF
102
{ACAD_REACTORS
330
2DEE
102
}
330
2DEE
100
AcDbXrecord
280
     1
102
DISPLAYNAME
  1
Metric50
102
FLAGS
 90
        0
  0
XRECORD
  5
16D1
102
{ACAD_REACTORS
330
16D0
102
}
330
16D0
100
AcDbXrecord
280
     1
310
280000000001000088000000010008000000000000880000000000000000000000010000000000000000000000000000FFFFFF000000000000000000000000000000000000000000000000000000000000000000330000006600000099000000CC000000FF00000000330000333300006633000099330000CC330000FF3300
310
0000660000336600006666000099660000CC660000FF66000000990000339900006699000099990000CC990000FF99000000CC000033CC000066CC000099CC0000CCCC0000FFCC000000FF000033FF000066FF000099FF0000CCFF0000FFFF000000003300330033006600330099003300CC003300FF003300003333003333
310
33006633330099333300CC333300FF33330000663300336633006666330099663300CC663300FF66330000993300339933006699330099993300CC993300FF99330000CC330033CC330066CC330099CC3300CCCC3300FFCC330000FF330033FF330066FF330099FF3300CCFF3300FFFF330000006600330066006600660099
310
006600CC006600FF00660000336600333366006633660099336600CC336600FF33660000666600336666006666660099666600CC666600FF66660000996600339966006699660099996600CC996600FF99660000CC660033CC660066CC660099CC6600CCCC6600FFCC660000FF660033FF660066FF660099FF6600CCFF6600
310
FFFF660000009900330099006600990099009900CC009900FF00990000339900333399006633990099339900CC339900FF33990000669900336699006666990099669900CC669900FF66990000999900339999006699990099999900CC999900FF99990000CC990033CC990066CC990099CC9900CCCC9900FFCC990000FF99
310
0033FF990066FF990099FF9900CCFF9900FFFF99000000CC003300CC006600CC009900CC00CC00CC00FF00CC000033CC003333CC006633CC009933CC00CC33CC00FF33CC000066CC003366CC006666CC009966CC00CC66CC00FF66CC000099CC003399CC006699CC009999CC00CC99CC00FF99CC0000CCCC0033CCCC0066CC
310
CC0099CCCC00CCCCCC00FFCCCC0000FFCC0033FFCC0066FFCC0099FFCC00CCFFCC00FFFFCC000000FF003300FF006600FF009900FF00CC00FF00FF00FF000033FF003333FF006633FF009933FF00CC33FF00FF33FF000066FF003366FF006666FF009966FF00CC66FF00FF66FF000099FF003399FF006699FF009999FF00CC
310
99FF00FF99FF0000CCFF0033CCFF0066CCFF0099CCFF00CCCCFF00FFCCFF0000FFFF0033FFFF0066FFFF0099FFFF00CCFFFF00FFFFFF00000000000D0D0D001A1A1A00282828003535350043434300505050005D5D5D006B6B6B00787878008686860093939300A1A1A100AEAEAE00BBBBBB00C9C9C900D6D6D600E4E4E400
310
F1F1F100FFFFFF0000000000000000000000000000000000000000000000000000000000000000000000000000000000E2E2E2E2E2E2E2E2E2E2E2E2E2E2E2E2E2E2E2E2E2E2E2E2E2E2E2E2E2E2E2E2E2E2E2E2E2E2E2E2E2E2E2E2E2E2E2E2E2E2E2E2E2E2E2E2E2E2E2E2E2E2E2E2E2E2E2E2E2E2E2E2E2E2E2E2E2E2E2
310
E2E2E2E2E2E2E2E2E2E2E2E2E2E2E2E2E2E2E2E2E2E2E2E2E2E2E2E2E2E2E2E2E2E2E2E2E2E2E2E2E2E2E2E2E2E2E2E2E2E2E2E2E2E2E2E2E2E2E2E2E2E2E2E2E2E2E2E2E2E2E2E2E2E2E2E2E2E2E2E2E2E2E2E2E2E2E2E2E2E2E2E2E2E2E2E2E2E2E2E2E2E2E2E2E2E2E2E2E2E2E2E2E2E2E2E2E2E2E2E2E2E2E2E2E2E2E2
310
E2E2E2E2E2E2E2E2E2E2E2E2E2E2E2E2E2E2E2E2E2E2E2E2E2E2E2E2E2E2E2E2E2E2E2E2E2E2E2E2E2E2E2E2E2E2E2E2E2E2E2E2E2E2E2E2E2E2E2E2E2E2E2E2E2E2E2E2E2E2E2E2E2E2E2E2E2E2E2E2E2E2E2E2E2E2E2E2E2E2E2E2E2E2E2E2E2E2E2E2E2E2E2E2E2E2E2E2E2E2E2E2E2E2E2E2E2E2E2E2E2E2E2E2E2E2E2
310
E2E2E2E2E2E2E2E2E2E2E2E2E2E2E2E2E2E2E2E2E2E2E2E2E2E2E2E2E2E2E2E2E2E2E2E2E2E2E2E2E2E2E2E2E2E2E2E2E2E2E2E2E2E2E2E2E2E2E2E2E2E2E2E2E2E2E2E2E2E2E2E2E2E2E2E2E2E2E2E2E2E2E2E2E2E2E2E2E2E2E2E2E2E2E2E2E2E2E2E2E2E2E2E2E2E2E2E2E2E2E2E2E2E2E2E2E2E2E2E2E2E2E2E2E2E2E2
310
E2E2E2E2E2E2E2E2E2E2E2E2E2E2E2E2E2E2E2E2E2E2E2E2E2E2E2E2E2E2E2E2E2E2E2E2E2E2E2E2E2E2E2E2E2E2E2E2E2E2E2E2E2E2E2E2E2E2E2E2E2E2E2E2E2E2E2E2E2E2E2E2E2E2E2E2E2E2E2E2E2E2E2E2E2E2E2E2E2E2E2E2E2E2E2E2E2E2E2E2E2E2E2E2E2E2E2E2E2E2E2E2E2E2E2E2E2E2E2E2E2E2E2E2E2E2E2
310
E2E2E2E2E2E2E2E2E2E2E2E2E2E2E2E2E2E2E2E2E2E2E2E2E2E2E2E2E2E2E2E2E2E2E2E2E2E2E2E2E2E2E2E2E2E2E2E2E2E2E2E2E2E2E2E2E2E2E2E2E2E2E2E2E2E2E2E2E2E2E2E2E2E2E2E2E2E2E2E2E2E2E2E2E2E2E2E2E2E2E2E2E2E2E2E2E2E2E2E2E2E2E2E2E2E2E2E2E2E2E2E2E2E2E2E2E2E2E2E2E2E2E2E2E2E2E2
310
E2E2E2E2E2E2E2E2E2E2E2E2E2E2E2E2E2E2E2E2E2E2E2E2E2E2E2E2E2E2E2E2E2E2E2E2E2E2E2E2E2E2E2E2E2E2E2E2E2E2E2E2E2E2E2E2E2E2E2E2E2E2E2E2E2E2E2E2E2E2E2E2E2E2E2E2E2E2E2E2E2E2E2E2E2E2E2E2E2E2E2E2E2E2E2E2E2E2E2E2E2E2E2E2E2E2E2E2E2E2E2E2E2E2E2E2E2E2E2E2E2E2E2E2E2E2E2
310
E2E2E2E2E2E2E2E2E2E2E2E2E2E2E2E2E2E2E2E2E2E2E2E2E2E2E2E2E2E2E2E2E2E2E2E2E2E2E2E2E2E2E2E2E2E2E2E2E2E2E2E2E2E2E2E2E2E2E2E2E2E2E2E2E2E2E2E2E2E2E2E2E2E2E2E2E2E2E2E2E2E2E2E2E2E2E2E2E2E2E2E2E2E2E2E2E2E2E2E2E2E2E2E2E2E2E2E2E2E2E2E2E2E2E2E2E2E2E2E2E2E2E2E2E2E2E2
310
E2E2E2E2E2E2E2E2E2E2E2E2E2E2E2E2E2E2E2E2E2E2E2E2E2E2E2E2E2E2E2E2E2E2E2E2E2E2E2E2E2E2E2E2E2E2E2E2E2E2E2E2E2E2E2E2E2E2E2E2E2E2E2E2E2E2E2E2E2E2E2E2E2E2E2E2E2E2E2E2E2E2E2E2E2E2E2E2E2E2E2E2E2E2E2E2E2E2E2E2E2E2E2E2E2E2E2E2E2E2E2E2E2E2E2E2E2E2E2E2E2E2E2E2E2E2E2
310
E2E2E2E2E2E2E2E2E2E2E2E2E2E2E2E2E2E2E2E2E2E2E2E2E2E2E2E2E2E2E2E2E2E2E2E2E2E2E2E2E2E2E2E2E2E2E2E2E2E2E2E2E2E2E2E2E2E2E2E2E2E2E2E2E2E2E2E2E2E2E2E2E2E2E2E2E2E2E2E2E2E2E2E2E2E2E2E2E2E2E2E2E2E2E2E2E2E2E2E2E2E2E2E2E2E2E2E2E2E2E2E2E2E2E2E2E2E2E2E2E2E2E2E2E2E2E2
310
E2E2E2E2E2E2E2E2E2E2E2E2E2E2E2E2E2E2E2E2E2E2E2E2E2E2E2E2E2E2E2E2E2E2E2E2E2E2E2E2E2E2E2E2E2E2E2E2E2E2E2E2E2E2E2E2E2E2E2E2E2E2E2E2E2E2E2E2E2E2E2E2E2E2E2E2E2E2E2E2E2E2E2E2E2E2E2E2E2E2E2E2E2E2E2E2E2E2E2E2E2E2E2E2E2E2E2E2E2E2E2E2E2E2E2E2E2E2E2E2E2E2E2E2E2E2E2
310
E2E2E2E2E2E2E2E2E2E2E2E2E2E2E2E2E2E2E2E2E2E2E2E2E2E2E2E2E2E2E2E2E2E2E2E2E2E2E2E2E2E2E2E2E2E2E2E2E2E2E2E2E2E2E2E2E2E2E2E2E2E2E2E2E2E2E2E2E2E2E2E2E2E2E2E2E2E2E2E2E2E2E2E2E2E2E2E2E2E2E2E2E2E2E2E2E2E2E2E2E2E2E2E2E2E2E2E2E2E2E2E2E2E2E2E2E2E2E2E2E2E2E2E2E2E2E2
310
E2E2E2E2E2E2E2E2E2E2E2E2E2E2E2E2E2E2E2E2E2E2E2E2E2E2E2E2E2E2E2E2E2E2E2E2E2E2E2E2E2E2E2E2E2E2E2E2E2E2E2E2E2E2E2E2E2E2E2E2E2E2E2E2E2E2E2E2E2E2E2E2E2E2E2E2E2E2E2E2E2E2E2E2E2E2E2E2E2E2E2E2E2E2E2E2E2E2E2E2E2E2E2E2E2E2E2E2E2E2E2E2E2E2E2E2E2E2E2E2E2E2E2E2E2E2E2
310
E2E2E2E2E2E2E2E2E2E2E2E2E2E2E2E2E2E2E2E2E2E2E2E2E2E2E2E2E2E2E2E2E2E2E2E2E2E2E2E2E2E2E2E2E2E2E2E2E2E2E2E2E2E2E2E2E2E2E2E2E2E2E2E2E2E2E2E2E2E2E2E2E2E2E2E2E2E2E2E2E2E2E2E2E2E2E2E2E2E2E2E2E2E2E2E2E2E2E2E2E2E2E2E2E2E2E2E2E2E2E2E2E2E2E2E2E2E2E2E2E2E2E2E2E2E2E2
310
E2E2E2E2E2E2E2E2E2E2E2E2E2E2E2E2E2E2E2E2E2E2E2E2E2E2E2E2E2E2E2E2E2E2E2E2E2E2E2E2E2E2E2E2E2E2E2E2E2E2E2E2E2E2E2E2E2E2E2E2E2E2E2E2E2E2E2E2E2E2E2E2E2E2E2E2E2E2E2E2E2E2E2E2E2E2E2E2E2E2E2E2E2E2E2E2E2E2E2E2E2E2E2E2E2E2E2E2E2E2E2E2E2E2E2E2E2E2E2E2E2E2E2E2E2E2E2
310
E2E2E2E2E2E2E2E2E2E2E2E2E2E2E2E2E2E2E2E2E2E2E2E2E2E2E2E2E2E2E2E2E2E2E2E2E2E2E2E2E2E2E2E2E2E2E2E2E2E2E2E2E2E2E2E2E2E2E2E2E2E2E2E2E2E2E2E2E2E2E2E2E2E2E2E2E2E2E2E2E2E2E2E2E2E2E2E2E2E2E2E2E2E2E2E2E2E2E2E2E2E2E2E2E2E2E2E2E2E2E2E2E2E2E2E2E2E2E2E2E2E2E2E2E2E2E2
310
E2E2E2E2E2E2E2E2E2E2E2E2E2E2E2E2E2E2E2E2E2E2E2E2E2E2E2E2E2E2E2E2E2E2E2E2E2E2E2E2E2E2E2E2E2E2E2E2E2E2E2E2E2E2E2E2E2E2E2E2E2E2E2E2E2E2E2E2E2E2E2E2E2E2E2E2E2E2E2E2E2E2E2E2E2E2E2E2E2E2E2E2E2E2E2E2E2E2E2E2E2E2E2E2E2E2E2E2E2E2E2E2E2E2E2E2E2E2E2E2E2E2E2E2E2E2E2
310
E2E2E2E2E2E2E2E2E2E2E2E2E2E2E2E2E2E2E2E2E2E2E2E2E2E2E2E2E2E2E2E6E2E6E6E2E2E2E2E2E2E2E2E2E2E2E2E2E2E2E2E2E2E2E2E2E2E2E2E2E2E2E2E2E2E2E2E2E2E2E2E2E2E2E2E2E2E2E2E2E2E2E2E2E2E2E2E2E2E2E2E2E2E2E2E2E2E2E2E2E2E2E2E2E2E2E2E2E2E2E2E2E2E2E2E2E2E2E6E6E2E6E2E2E2E2E2
310
E2E2E2E2E2E2E2E2E2E2E2E2E2E2E2E2E2E2E2E2E2E2E2E2E2E2E2E2E2E2E2E2E2E2E2E2E2E2E2E2E2E2E2E2E2E2E2E2E2E2E2E2E2E2E2E2E2E2E2E2E2E2E2E2E2E2E2E2E2E2E2E2E2E2E2E2E2E2E2E2E2E2E2E2E2E2E2E2E2E2E2E2E2E2E2E2E2E2E2E2E2E2E2E2E2E2E2E2E2E2E2E2E2E2E2E2E2E2E2E2E2E2E2E2E2E2E2
310
E2E2E2E2E2E2E2E2E2E2E2E2E2E2E2E2E2E2E2E2E2E2E2E2E2E2E2E2E2E2E2E2E2E6E6E6E6E6E6E6E6E6E6E6E6E6E6E6E6E6E6E6E6E6E6E6E6E6E6E6E6E6E6E6E6E6E6E6E6E6E6E6E6E6E6E6E6E6E6E6E6E6E6E6E6E6E6E6E6E6E6E6E6E6E6E6E6E6E6E6E6E6E6E6E6E6E6E6E6E6E6E6E6E6E6E6E6E6E6E6E6E6E6E6E2E2E2
310
E2E2E2E2E2E2E2E2E2E2E2E2E2E2E2E2E2E2E2E2E2E2E2E2E2E2E2E2E2E2E2E2E2E2E2E2E2E2E2E2E2E2E2E2E2E2E2E2E2E2E2E2E2E2E2E2E2E2E2E2E2E2E2E2E2E2E2E2E2E2E2E2E2E2E2E2E2E2E2E2E2E2E2E2E2E2E2E2E2E2E2E2E2E2E2E2E2E2E2E2E2E2E2E2E2E2E2E2E2E2E2E2E2E2E2E2E2E2E2E2E2E2E2E2E2E2E2
310
E2E2E2E2E2E2E2E2E2E2E2E2E2E2E2E2E2E2E2E2E2E2E2E2E2E2E2E2E2E2E2E2E2E2E2E6E2E2E2E2E2E2E2E2E2E2E2E2E2E2E2E2E2E2E2E2E2E2E2E2E2E2E2E2E2E2E2E2E2E2E2E2E2E2E2E2E2E6E6E6E6E6E6E2E2E2E2E2E2E2E2E2E2E2E2E2E2E2E2E2E2E2E2E2E2E2E2E2E2E2E2E2E2E2E2E2E2E2E2E2E2E2E2E2E2E6E2
310
E2E2E2E2E2E2E2E2E2E2E2E2E2E2E2E2E2E2E2E2E2E2E2E2E2E2E2E2E2E2E2E2E2E2E2E2E2E2E2E2E2E2E2E2E2E2E2E2E2E2E2E2E2E2E2E2E2E2E2E2E2E2E2E2E2E2E2E2E2E2E2E2E2E2E2E2E2E2E2E2E2E2E2E2E2E2E2E2E2E2E2E2E2E2E2E2E2E2E2E2E2E2E2E2E2E2E2E2E2E2E2E2E2E2E2E2E2E2E2E2E2E2E2E2E2E2E2
310
E2E2E2E2E2E2E2E2E2E2E2E2E2E2E2E2E2E2E2E2E2E2E2E2E2E2E2E2E2E2E2E2E2E2E2E2E2E6E2E2E2E2E2E2E2E2E2E2E2E2E2E2E2E2E2E2E2E2E2E2E2E2E2E2E2E2E2E2E2E2E2E2E2E2E2E2E2E2E2E6E6E6E6E6E6E2E2E2E2E2E2E2E2E2E2E2E2E2E2E2E2E2E2E2E2E2E2E2E2E2E2E2E2E2E2E2E2E2E2E2E2E2E2E2E2E2E2
310
E6E2E2E2E2E2E2E2E2E2E2E2E2E2E2E2E2E2E2E2E2E2E2E2E2E2E2E2E2E2E2E2E2E2E2E2E2E2E2E2E2E2E2E2E2E2E2E2E2E2E2E2E2E2E2E2E2E2E2E2E2E2E2E2E2E2E2E2E2E2E2E2E2E2E2E2E2E2E2E2E2E2E2E2E2E2E2E2E2E2E2E2E2E2E2E2E2E2E2E2E2E2E2E2E2E2E2E2E2E2E2E2E2E2E2E2E2E2E2E2E2E2E2E2E2E2E2
310
E2E2E2E2E2E2E2E2E2E2E2E2E2E2E2E2E2E2E2E2E2E2E2E2E2E2E2E2E2E2E2E2E2E2E2E2E2E2E2E6E2E2E2E2E2E2E2E2E2E2E2E2E2E2E2E2E2E2E2E2E2E2E2E2E2E2E2E2E2E2E2E2E2E2E2E2E2E2E2E2E2E6E6E6E6E6E6E2E2E2E2E2E2E2E2E2E2E2E2E2E2E2E2E2E2E2E2E2E2E2E2E2E2E2E2E2E2E2E2E2E2E2E2E2E2E2E2
310
E2E2E6E2E2E2E2E2E2E2E2E2E2E2E2E2E2E2E2E2E2E2E2E2E2E2E2E2E2E2E2E2E2E2E2E2E2E2E2E2E2E2E2E2E2E2E2E2E2E2E2E2E2E2E2E2E2E2E2E2E2E2E2E2E2E2E2E2E2E2E2E2E2E2E2E2E2E2E2E2E2E2E2E2E2E2E2E2E2E2E2E2E2E2E2E2E2E2E2E2E2E2E2E2E2E2E2E2E2E2E2E2E2E2E2E2E2E2E2E2E2E2E2E2E2E2E2
310
E2E2E2E2E2E2E2E2E2E2E2E2E2E2E2E2E2E2E2E2E2E2E2E2E2E2E2E2E2E2E2E2E2E2E2E2E2E2E2E2E2E6E2E2E2E2E2E2E2E2E2E2E2E2E2E2E2E2E2E2E2E2E2E2E2E2E2E2E2E2E2E2E2E2E2E2E2E2E2E2E2E2E2E2E2E2E2E2E2E2E2E2E2E2E2E2E2E2E2E2E2E2E2E2E2E2E2E2E2E2E2E2E2E2E2E2E2E2E2E2E2E2E2E2E2E2E2
310
E2E2E2E2E6E2E2E2E2E2E2E2E2E2E2E2E2E2E2E2E2E2E2E2E2E2E2E2E2E2E2E2E2E2E2E2E2E2E2E2E2E2E2E2E2E2E2E2E2E2E2E2E2E2E2E2E2E2E2E2E2E2E2E2E2E2E2E2E2E2E2E2E2E2E2E2E2E2E2E2E2E2E2E2E2E2E2E2E2E2E2E2E2E2E2E2E2E2E2E2E2E2E2E2E2E2E2E2E2E2E2E2E2E2E2E2E2E2E2E2E2E2E2E2E2E2E2
310
E2E2E2E2E2E2E2E2E2E2E2E2E2E2E2E2E2E2E2E2E2E2E2E2E2E2E2E2E2E2E2E2E2E2E2E2E2E2E2E2E2E2E2E6E2E2E2E2E2E2E2E2E2E2E2E2E2E2E2E2E2E2E2E2E2E2E2E2E2E2E2E2E2E2E2E2E2E2E2E2E2E2E2E2E2E2E2E2E2E2E2E2E2E2E2E2E2E2E2E2E2E2E2E2E2E2E2E2E2E2E2E2E2E2E2E2E2E2E2E2E2E2E2E2E2E2E2
310
E2E2E2E2E2E2E6E2E2E2E2E2E2E2E2E2E2E2E2E2E2E2E2E2E2E2E2E2E2E2E2E2E2E2E2E2E2E2E2E2E2E2E2E2E2E2E2E2E2E2E2E2E2E2E2E2E2E2E2E2E2E2E2E2E2E2E2E2E2E2E2E2E2E2E2E2E2E2E2E2E2E2E2E2E2E2E2E2E2E2E2E2E2E2E2E2E2E2E2E2E2E2E2E2E2E2E2E2E2E2E2E2E2E2E2E2E2E2E2E2E2E2E2E2E2E2E2
310
E2E2E2E2E2E2E2E2E2E2E2E2E2E2E2E2E2E2E2E2E2E2E2E2E2E2E2E2E2E2E2E2E2E2E2E2E2E2E2E2E2E2E2E2E2E6E2E2E2E2E2E2E2E2E2E2E2E2E2E2E2E2E2E2E2E2E2E2E2E2E2E2E2E2E2E2E2E2E2E2E2E2E2E2E2E2E2E2E2E2E2E2E2E2E2E2E2E2E2E2E2E2E2E2E2E2E2E2E2E2E2E2E2E2E2E2E2E2E2E2E2E2E2E2E2E2E2
310
E2E2E2E2E2E2E2E2E6E2E2E2E2E2E2E2E2E2E2E2E2E2E2E2E2E2E2E2E2E2E2E2E2E2E2E2E2E2E2E2E2E2E2E2E2E2E2E2E2E2E2E2E2E2E2E2E2E2E2E2E2E2E2E2E2E2E2E2E2E2E2E2E2E2E2E2E2E2E2E2E2E2E2E2E2E2E2E2E2E2E2E2E2E2E2E2E2E2E2E2E2E2E2E2E2E2E2E2E2E2E2E2E2E2E2E2E2E2E2E2E2E2E2E2E2E2E2
310
E2E2E2E2E2E2E2E2E2E2E2E2E2E2E2E2E2E2E2E2E2E2E2E2E2E2E2E2E2E2E2E2E2E2E2E2E2E2E2E2E2E2E2E2E2E2E2E6E2E2E2E2E2E2E2E2E2E2E2E2E2E2E2E2E2E2E2E2E2E2E2E2E2E2E2E2E2E2E2E2E2E2E2E2E2E2E2E2E2E2E2E2E2E2E2E2E2E2E2E2E2E2E2E2E2E2E2E2E2E2E2E2E2E2E2E2E2E2E2E2E2E2E2E2E2E2E2
310
E2E2E2E2E2E2E2E2E2E2E6E2E2E2E2E2E2E2E2E2E2E2E2E2E2E2E2E2E2E2E2E2E2E2E2E2E2E2E2E2E2E2E2E2E2E2E2E2E2E2E2E2E2E2E2E2E2E2E2E2E2E2E2E2E2E2E2E2E2E2E2E2E2E2E2E2E2E2E2E2E2E2E2E2E2E2E2E2E2E2E2E2E2E2E2E2E2E2E2E2E2E2E2E2E2E2E2E2E2E2E2E2E2E2E2E2E2E2E2E2E2E2E2E2E2E2E2
310
E2E2E2E2E2E2E2E2E2E2E2E2E2E2E2E2E2E2E2E2E2E2E2E2E2E2E2E2E2E2E2E2E2E2E2E2E2E2E2E2E2E2E2E2E2E2E2E2E2E6E2E2E2E2E2E2E2E2E2E2E2E2E2E2E2E2E2E2E2E2E2E2E2E2E2E2E2E2E2E2E2E2E2E2E2E2E2E2E2E2E2E2E2E2E2E2E2E2E2E2E2E2E2E2E2E2E2E2E2E2E2E2E2E2E2E2E2E2E2E2E2E2E2E2E2E2E2
310
E2E2E2E2E2E2E2E2E2E2E2E2E6E2E2E2E2E2E2E2E2E2E2E2E2E2E2E2E2E2E2E2E2E2E2E2E2E2E2E2E2E2E2E2E2E2E2E2E2E2E2E2E2E2E2E2E2E2E2E2E2E2E2E2E2E2E2E2E2E2E2E2E2E2E2E2E2E2E2E2E2E2E2E2E2E2E2E2E2E2E2E2E2E2E2E2E2E2E2E2E2E2E2E2E2E2E2E2E2E2E2E2E2E2E2E2E2E2E2E2E2E2E2E2E2E2E2
310
E2E2E2E2E2E2E2E2E2E2E2E2E2E2E2E2E2E2E2E2E2E2E2E2E2E2E2E2E2E2E2E2E2E2E2E2E2E2E2E2E2E6E6E6E6E6E6E6E6E6E6E6E6E6E6E6E6E6E6E6E6E6E6E6E6E6E6E6E6E6E6E6E6E6E6E6E6E6E6E6E6E6E6E6E6E6E6E6E6E6E6E6E6E6E6E6E6E6E6E6E6E6E6E6E6E6E6E6E6E6E6E6E6E6E6E6E6E6E6E6E6E6E6E6E6E6E6
310
E6E6E6E6E6E2F5E6E6E2E2E6E6E6E6E6E6E6E6E6E6E6E6E6E6E2E2E2E2E2E2E2E2E2E2E2E2E2E2E2E2E2E2E2E2E2E2E2E2E2E2E2E2E2E2E2E2E2E2E2E2E2E2E2E2E2E2E2E2E2E2E2E2E2E2E2E2E2E2E2E2E2E2E2E2E2E2E2E2E2E2E2E2E2E2E2E2E2E2E2E2E2E2E2E2E2E2E2E2E2E2E2E2E2E2E2E2E2E2E2E2E2E2E2E2E2E2
310
E2E2E2E2E2E2E2E2E2E2E2E2E2E2E2E2E2E2E2E2E2E2E2E2E2E2E2E2E2E2E2E2E2E2E2E2E2E2E2E2E2E2E2E2E6E2E2E2E2E2E2E2E2E6E2E2E2E2E2E2E2E2E2E2E2E2E2E2E2E2E2E2E2E2E2E2E2E2E2E2E2E2E2E2E2E2E2E2E2E2E2E2E2E2E2E2E2E2E2E2E2E2E2E2E2E2E2E2E2E2E2E2E2E2E2E2E2E2E2E2E2E2E2E2E2E2E2
310
E2E2E2E2E2E2E2F5F5F5F5F5F5E2E2E2E6E2E2E2E2E2E2E2E2E2E6E2E2E2E2E2E2E2E2E2E2E2E2E2E2E2E2E2E2E2E2E2E2E2E2E2E2E2E2E2E2E2E2E2E2E2E2E2E2E2E2E2E2E2E2E2E2E2E2E2E2E2E2E2E2E2E2E2E2E2E2E2E2E2E2E2E2E2E2E2E2E2E2E2E2E2E2E2E2E2E2E2E2E2E2E2E2E2E2E2E2E2E2E2E2E2E2E2E2E2E2
310
E2E2E2E2E2E2E2E2E2E2E2E2E2E2E2E2E2E2E2E2E2E2E2E2E2E2E2E2E2E2E2E2E2E2E2E2E2E2E2E2E2E2E2E2E2E6E6E2E2E2E2E2E2E2E2E6E2E2E2E2E2E2E2E2E2E2E2E2E2E2E2E2E2E2E2E2E2E2E2E2E2E2E2E2E2E2E2E2E2E2E2E2E2E2E2E2E2E2E2E2E2E2E2E2E2E2E2E2E2E2E2E2E2E2E2E2E2E2E2E2E2E2E2E2E2E2E2
310
E2E2E2E2E2E2E2E2E2F5F5F5F5F5F5F5E2E2E2E2E2E2E2E2E2E2E2E6E6E2E2E2E2E2E2E2E2E2E2E2E2E2E2E2E2E2E2E2E2E2E2E2E2E2E2E2E2E2E2E2E2E2E2E2E2E2E2E2E2E2E2E2E2E2E2E2E2E2E2E2E2E2E2E2E2E2E2E2E2E2E2E2E2E2E2E2E2E2E2E2E2E2E2E2E2E2E2E2E2E2E2E2E2E2E2E2E2E2E2E2E2E2E2E2E2E2E2
310
E2E2E2E2E2E2E2E2E2E2E2E2E2E2E2E2E2E2E2E2E2E2E2E2E2E2E2E2E2E2E2E2E2E2E2E2E2E2E2E2E2E2E2E2E2E2E2E6E6E2E2E2E2E2E2E2E2E6E2E2E2E2E2E2E2E2E2E2E2E2E2E2E2E2E2E2E2E2E2E2E2E2E2E2E2E2E2E2E2E2E2E2E2E2E2E2E2E2E2E2E2E2E2E2E2E2E2E2E2E2E2E2E2E2E2E2E2E2E2E2E2E2E2E2E2E2E2
310
E2E2E2E2E2E2E2E2E2E2E2F5F5F5F5F5F5F5F5F5E2E2E2E2E2E2E2E2E2E6E6E2E2E2E2E2E2E2E2E2E2E2E2E2E2E2E2E2E2E2E2E2E2E2E2E2E2E2E2E2E2E2E2E2E2E2E2E2E2E2E2E2E2E2E2E2E2E2E2E2E2E2E2E2E2E2E2E2E2E2E2E2E2E2E2E2E2E2E2E2E2E2E2E2E2E2E2E2E2E2E2E2E2E2E2E2E2E2E2E2E2E2E2E2E2E2E2
310
E2E2E2E2E2E2E2E2E2E2E2E2E2E2E2E2E2E2E2E2E2E2E2E2E2E2E2E2E2E2E2E2E2E2E2E2E2E2E2E2E2E2E2E2E2E2E2E2E2E2E6E2E2E2E2E2E2E2E2E6E2E2E2E2E2E2E2E2E2E2E2E2E2E2E2E2E2E2E2E2E2E2E2E2E2E2E2E2E2E2E2E2E2E2E2E2E2E2E2E2E2E2E2E2E2E2E2E2E2E2E2E2E2E2E2E2E2E2E2E2E2E2E2E2E2E2E2
310
E2E2E2E2E2E2E2E2E2E2E2E2E2F5F5F5E2E2F5F5F5F5E6E2E2E2E2E2E2E2E2E2E6E2E2E2E2E2E2E2E2E2E2E2E2E2E2E2E2E2E2E2E2E2E2E2E2E2E2E2E2E2E2E2E2E2E2E2E2E2E2E2E2E2E2E2E2E2E2E2E2E2E2E2E2E2E2E2E2E2E2E2E2E2E2E2E2E2E2E2E2E2E2E2E2E2E2E2E2E2E2E2E2E2E2E2E2E2E2E2E2E2E2E2E2E2E2
310
E2E2E2E2E2E2E2E2E2E2E2E2E2E2E2E2E2E2E2E2E2E2E2E2E2E2E2E2E2E2E2E2E2E2E2E2E2E2E2E2E2E2E2E2E2E2E2E2E2E2E2E2E6E2E2E2E2E2E2E2E2E6E2E2E2E2E2E2E2E2E2E2E2E2E2E2E2E2E2E2E2E2E2E2E2E2E2E2E2E2E2E2E2E2E2E2E2E2E2E2E2E2E2E2E2E2E2E2E2E2E2E2E2E2E2E2E2E2E2E2E2E2E2E2E2E2E2
310
E2E2E2E2E2E2E2E2E2E2E2E2E2E2E2E2E2E2E2E2E2E2F5F5F5E2E2E2E2E2E2E2E2E2E6E2E2E2E2E2E2E2E2E2E2E2E2E2E2E2E2E2E2E2E2E2E2E2E2E2E2E2E2E2E2E2E2E2E2E2E2E2E2E2E2E2E2E2E2E2E2E2E2E2E2E2E2E2E2E2E2E2E2E2E2E2E2E2E2E2E2E2E2E2E2E2E2E2E2E2E2E2E2E2E2E2E2E2E2E2E2E2E2E2E2E2E2
310
E2E2E2E2E2E2E2E2E2E2E2E2E2E2E2E2E2E2E2E2E2E2E2E2E2E2E2E2E2E2E2E2E2E2E2E2E2E2E2E2E2E2E2E2E2E2E2E2E2E2E2E2E2E2E6E2E2E2E2E2E2E2E2E6E2E2E2E2E2E2E2E2E2E2E2E2E2E2E2E2E2E2E2E2E2E2E2E2E2E2E2E2E2E2E2E2E2E2E2E2E2E2E2E2E2E2E2E2E2E2E2E2E2E2E2E2E2E2E2E2E2E2E2E2E2E2E2
310
E2E2E2E2E2E2E2E2E2E2E2E2E2E2E2E2E2E2E2E2E2E2E2E2F5F5F5E2E2E2E2E2E2E2E2E2E6E2E2E2E2E2E2E2E2E2E2E2E2E2E2E2E2E2E2E2E2E2E2E2E2E2E2E2E2E2E2E2E2E2E2E2E2E2E2E2E2E2E2E2E2E2E2E2E2E2E2E2E2E2E2E2E2E2E2E2E2E2E2E2E2E2E2E2E2E2E2E2E2E2E2E2E2E2E2E2E2E2E2E2E2E2E2E2E2E2E2
310
E2E2E2E2E2E2E2E2E2E2E2E2E2E2E2E2E2E2E2E2E2E2E2E2E2E2E2E2E2E2E2E2E2E2E2E2E2E2E2E2E2E2E2E2E2E2E2E2E2E2E2E2E2E2E2E2E6E2E2E2E2E2E2E2E2E6E2E2E2E2E2E2E2E2E2E2E2E2E2E2E2E2E2E2E2E2E2E2E2E2E2E2E2E2E2E2E2E2E2E2E2E2E2E2E2E2E2E2E2E2E2E2E2E2E2E2E2E2E2E2E2E2E2E2E2E2E2
310
E2E2E2E2E2E2E2E2E2E2E2E2E2E2E2E2E2E2E2E2E2E2E2E2E2E2F5F5F5E2E2E2E2E2E2E2E2E2E6E2E2E2E2E2E2E2E2E2E2E2E2E2E2E2E2E2E2E2E2E2E2E2E2E2E2E2E2E2E2E2E2E2E2E2E2E2E2E2E2E2E2E2E2E2E2E2E2E2E2E2E2E2E2E2E2E2E2E2E2E2E2E2E2E2E2E2E2E2E2E2E2E2E2E2E2E2E2E2E2E2E2E2E2E2E2E2E2
310
E2E2E2E2E2E2E2E2E2E2E2E2E2E2E2E2E2E2E2E2E2E2E2E2E2E2E2E2E2E2E2E2E2E2E2E2E2E2E2E2E2E2E2E2E2E2E2E2E2E2E2E2E2E2E2E2E2E2E6E2E2E2E2E2E2E2E2E6E2E2E2E2E2E2E2E2E2E2E2E2E2E2E2E2E2E2E2E2E2E2E2E2E2E2E2E2E2E2E2E2E2E2E2E2E2E2E2E2E2E2E2E2E2E2E2E2E2E2E2E2E2E2E2E2E2E2E2
310
E2E2E2E2E2E2E2E2E2E2E2E2E2E2E2E2E2E2E2E2E2F5F5F5E2E2F5F5F5F5F5E2E2E2E2E2E2E2E2E2E6E2E2E2E2E2E2E2E2E2E2E2E2E2E2E2E2E2E2E2E2E2E2E2E2E2E2E2E2E2E2E2E2E2E2E2E2E2E2E2E2E2E2E2E2E2E2E2E2E2E2E2E2E2E2E2E2E2E2E2E2E2E2E2E2E2E2E2E2E2E2E2E2E2E2E2E2E2E2E2E2E2E2E2E2E2E2
310
E2E2E2E2E2E2E2E2E2E2E2E2E2E2E2E2E2E2E2E2E2E2E2E2E2E2E2E2E2E2E2E2E2E2E2E2E2E2E2E2E2E2E2E2E2E2E2E2E2E2E2E2E2E2E2E2E2E2E2E2E6E2E2E2E2E2E2E2E2E6E2E2E2E2E2E2E2E2E2E2E2E2E2E2E2E2E2E2E2E2E2E2E2E2E2E2E2E2E2E2E2E2E2E2E2E2E2E2E2E2E2E2E2E2E2E2E2E2E2E2E2E2E2E2E2E2E2
310
E2E2E2E2E2E2E2E2E2E2E2E2E2E2E2E2E2E2E2E2E2E2E2F5F5F5F5F5F5F5F5F5F5E2E2E2E2E2E2E2E2E2E6E2E2E2E2E2E2E2E2E2E2E2E2E2E2E2E2E2E2E2E2E2E2E2E2E2E2E2E2E2E2E2E2E2E2E2E2E2E2E2E2E2E2E2E2E2E2E2E2E2E2E2E2E2E2E2E2E2E2E2E2E2E2E2E2E2E2E2E2E2E2E2E2E2E2E2E2E2E2E2E2E2E2E2E2
310
E2E2E2E2E2E2E2E2E2E2E2E2E2E2E2E2E2E2E2E2E2E2E2E2E2E2E2E2E2E2E2E2E2E2E2E2E2E2E2E2E2E2E2E2E2E2E2E2E2E2E2E2E2E2E2E2E2E2E2E2E2E2E6E2E2E2E2E2E2E2E2E6E2E2E2E2E2E2E2E2E2E2E2E2E2E2E2E2E2E2E2E2E2E2E2E2E2E2E2E2E2E2E2E2E2E2E2E2E2E2E2E2E2E2E2E2E2E2E2E2E2E2E2E2E2E2E2
310
E2E2E2E2E2E2E2E2E2E2E2E2E2E2E2E2E2E2E2E2E2E2E2E2E2F5F5F5F5F5F5F5F5F5F5E2E2E2E2E2E2E2E2E2E6E2E2E2E2E2E2E2E2E2E2E2E2E2E2E2E2E2E2E2E2E2E2E2E2E2E2E2E2E2E2E2E2E2E2E2E2E2E2E2E2E2E2E2E2E2E2E2E2E2E2E2E2E2E2E2E2E2E2E2E2E2E2E2E2E2E2E2E2E2E2E2E2E2E2E2E2E2E2E2E2E2E2
310
E2E2E2E2E2E2E2E2E2E2E2E2E2E2E2E2E2E2E2E2E2E2E2E2E2E2E2E2E2E2E2E2E2E2E2E2E2E2E2E2E2E2E2E2E2E2E2E2E2E2E2E2E2E2E2E2E2E2E2E2E2E2E2E2E6E2E2E2E2E2E2E2E2E6E2E2E2E2E2E2E2E2E2E2E2E2E2E2E2E2E2E2E2E2E2E2E2E2E2E2E2E2E2E2E2E2E2E2E2E2E2E2E2E2E2E2E2E2E2E2E2E2E2E2E2E2E2
310
E2E2E2E2E2E2E2E2E2E2E2E2E2E2E2E2E2E2E2E2E2E2E2E2E2E2E2F5F5F5F5F5F5E2F5F5F5E2E2E2E2E2E2E2E2E2E6E2E2E2E2E2E2E2E2E2E2E2E2E2E2E2E2E2E2E2E2E2E2E2E2E2E2E2E2E2E2E2E2E2E2E2E2E2E2E2E2E2E2E2E2E2E2E2E2E2E2E2E2E2E2E2E2E2E2E2E2E2E2E2E2E2E2E2E2E2E2E2E2E2E2E2E2E2E2E2E2
310
E2E2E2E2E2E2E2E2E2E2E2E2E2E2E2E2E2E2E2E2E2E2E2E2E2E2E2E2E2E2E2E2E2E2E2E2E2E2E2E2E2E2E2E2E2E2E2E2E2E2E2E2E2E2E2E2E2E2E2E2E2E6E6E6E6E2E6E2E2E2E2E2E2E2E2E6E2E2E2E2E2E2E2E2E2E2E2E2E2E2E2E2E2E2E2E2E2E2E2E2E2E2E2E2E2E2E2E2E2E2E2E2E2E2E2E2E2E2E2E2E2E2E2E2E2E2E2
310
E2E2E2E2E2E2E2E2E2E2E2E2E2E2E2E2E2E2E2E2E2E2E2E2E2E2E2E2E2E2E2E2E2E2E2E2F5F5F5E2E2E2E2E2E2E2E2E2E6E2E2E2E2E2E2E2E2E2E2E2E2E2E2E2E2E2E2E2E2E2E2E2E2E2E2E2E2E2E2E2E2E2E2E2E2E2E2E2E2E2E2E2E2E2E2E2E2E2E2E2E2E2E2E2E2E2E2E2E2E2E2E2E2E2E2E2E2E2E2E2E2E2E2E2E2E2E2
310
E2E2E2E2E2E2E2E2E2E2E2E2E2E2E2E2E2E2E2E2E2E2E2E2E2E2E2E2E2E2E2E2E2E2E2E2E2E2E2E2E2E2E2E2E2E2E2E2E2E2E2E2E2E2E2E2E2E2E2E2E2E2E2E6E6E6E6E2E6E2E2E2E2E2E2E2E2E6E2E2E2E2E2E2E2E2E2E2E2E2E2E2E2E2E2E2E2E2E2E2E2E2E2E2E2E2E2E2E2E2E2E2E2E2E2E2E2E2E2E2E2E2E2E2E2E2E2
310
E2E2E2E2E2E2E2E2E2E2E2E2E2E2E2E2E2E2E2E2E2E2E2E2E2E2E2E2E2E2E2E2E2E2E2E2E2E2F5F5F5E2E2E2E2E2E2E2E2E2E6E2E2E2E2E2E2E2E2E2E2E2E2E2E2E2E2E2E2E2E2E2E2E2E2E2E2E2E2E2E2E2E2E2E2E2E2E2E2E2E2E2E2E2E2E2E2E2E2E2E2E2E2E2E2E2E2E2E2E2E2E2E2E2E2E2E2E2E2E2E2E2E2E2E2E2E2
310
E2E2E2E2E2E2E2E2E2E2E2E2E2E2E2E2E2E2E2E2E2E2E2E2E2E2E2E2E2E2E2E2E2E2E2E2E2E2E2E2E2E2E2E2E2E2E2E2E2E2E2E2E2E2E2E2E2E2E2E2E2E2E2E2E2E6E6E6E6E2E6E2E2E2E2E2E2E2E2E6E2E2E2E2E2E2E2E2E2E2E2E2E2E2E2E2E2E2E2E2E2E2E2E2E2E2E2E2E2E2E2E2E2E2E2E2E2E2E2E2E2E2E2E2E2E2E2
310
E2E2E2E2E2E2E2E2E2E2E2E2E2E2E2E2E2E2E2E2E2E2E2E2E2E2E2E2E2E2E2E2E2E2E2E2E2E2E2E2F5F5F5E2E2E2E2E2E2E2E2E2E6E2E2E2E2E2E2E2E2E2E2E2E2E2E2E2E2E2E2E2E2E2E2E2E2E2E2E2E2E2E2E2E2E2E2E2E2E2E2E2E2E2E2E2E2E2E2E2E2E2E2E2E2E2E2E2E2E2E2E2E2E2E2E2E2E2E2E2E2E2E2E2E2E2E2
310
E2E2E2E2E2E2E2E2E2E2E2E2E2E2E2E2E2E2E2E2E2E2E2E2E2E2E2E2E2E2E2E2E2E2E2E2E2E2E2E2E2E2E2E2E2E2E2E2E2E2E2E2E2E2E2E2E2E2E2E2E2E2E2E2E2E2E2E6E6E6E6E2E6E2E2E2E2E2E2E2E2E6E2E2E2E2E2E2E2E2E2E2E2E2E2E2E2E2E2E2E2E2E2E2E2E2E2E2E2E2E2E2E2E2E2E2E2E2E2E2E2E2E2E2E2E2E2
310
E2E2E2E2E2E2E2E2E2E2E2E2E2E2E2E2E2E2E2E2E2E2E2E2E2E2E2E2E2E2E2E2E2E2E2E2E2E2E2E2E2E2F5F5F5E2E2E2E2E2E2E2E2E2E6E2E2E2E2E2E2E2E2E2E2E2E2E2E2E2E2E2E2E2E2E2E2E2E2E2E2E2E2E2E2E2E2E2E2E2E2E2E2E2E2E2E2E2E2E2E2E2E2E2E2E2E2E2E2E2E2E2E2E2E2E2E2E2E2E2E2E2E2E2E2E2E2
310
E2E2E2E2E2E2E2E2E2E2E2E2E2E2E2E2E2E2E2E2E2E2E2E2E2E2E2E2E2E2E2E2E2E2E2E2E2E2E2E2E2E2E2E2E2E2E2E2E2E2E2E2E2E2E2E2E2E2E2E2E2E2E2E2E2E2E2E2E2E6E6E6E6E2E6E2E2E2E2E2E2E2E2E6E2E2E2E2E2E2E2E2E2E2E2E2E2E2E2E2E2E2E2E2E2E2E2E2E2E2E2E2E2E2E2E2E2E2E2E2E2E2E2E2E2E2E2
310
E2E2E2E2E2E2E2E2E2E2E2E2E2E2E2E2E2E2E2E2E2E2E2E2E2E2E2E2E2E2E2E2E2E2E2E2E2E2E2E2E2E2E2E2F5F5F5E2E2E2E2E2E2E2E2E2E6E2E2E2E2E2E2E2E2E2E2E2E2E2E2E2E2E2E2E2E2E2E2E2E2E2E2E2E2E2E2E2E2E2E2E2E2E2E2E2E2E2E2E2E2E2E2E2E2E2E2E2E2E2E2E2E2E2E2E2E2E2E2E2E2E2E2E2E2E2E2
310
E2E2E2E2E2E2E2E2E2E2E2E2E2E2E2E2E2E2E2E2E2E2E2E2E2E2E2E2E2E2E2E2E2E2E2E2E2E2E2E2E2E2E2E2E2E2E2E2E2E2E2E2E2E2E2E2E2E2E2E2E2E2E2E2E2E2E2E2E2E2E2E6E6E6E6E2E6E2E2E2E2E2E2E2E2E6E2E2E2E2E2E2E2E2E2E2E2E2E2E2E2E2E2E2E2E2E2E2E2E2E2E2E2E2E2E2E2E2E2E2E2E2E2E2E2E2E2
310
E2E2E2E2E2E2E2E2E2E2E2E2E2E2E2E2E2E2E2E2E2E2E2E2E2E2E2E2E2E2E2E2E2E2E2E2E2E2E2E2E2E2E2E2E2E2F5F5F5E2E2E2E2E2E2E2E2E2E6E2E2E2E2E2E2E2E2E2E2E2E2E2E2E2E2E2E2E2E2E2E2E2E2E2E2E2E2E2E2E2E2E2E2E2E2E2E2E2E2E2E2E2E2E2E2E2E2E2E2E2E2E2E2E2E2E2E2E2E2E2E2E2E2E2E2E2E2
310
E2E2E2E2E2E2E2E2E2E2E2E2E2E2E2E2E2E2E2E2E2E2E2E2E2E2E2E2E2E2E2E2E2E2E2E2E2E2E2E2E2E2E2E2E2E2E2E2E2E2E2E2E2E2E2E2E2E2E2E2E2E2E2E2E2E2E2E2E2E2E2E2E2E6E6E6E6E2E6E2E2E2E2E2E2E2E2E6E2E2E2E2E2E2E2E2E2E2E2E2E2E2E2E2E2E2E2E2E2E2E2E2E2E2E2E2E2E2E2E2E2E2E2E2E2E2E2
310
E2E2E2E2E2E2E2E2E2E2E2E2E2E2E2E2E2E2E2E2E2E2E2E2E2E2E2E2E2E2E2E2E2E2E2E2E2E2E2E2E2E2E2E2E2E2E2E2F5F5F5E2E2E2E2E2E2E2E2E2E6E2E2E2E2E2E2E2E2E2E2E2E2E2E2E2E2E2E2E2E2E2E2E2E2E2E2E2E2E2E2E2E2E2E2E2E2E2E2E2E2E2E2E2E2E2E2E2E2E2E2E2E2E2E2E2E2E2E2E2E2E2E2E2E2E2E2
310
E2E2E2E2E2E2E2E2E2E2E2E2E2E2E2E2E2E2E2E2E2E2E2E2E2E2E2E2E2E2E2E2E2E2E2E2E2E2E2E2E2E2E2E2E2E2E2E2E2E2E2E2E2E2E2E2E2E2E2E2E2E2E2E2E2E2E2E2E2E2E2E2E2E2E2E2E2E2E2E2E6E2E2E2E2E2E2E2E2E6E2E2E2E2E2E2E2E2E2E2E2E2E2E2E2E2E2E2E2E2E2E2E2E2E2E2E2E2E2E2E2E2E2E2E2E2E2
310
E2E2E2E2E2E2E2E2E2E2E2E2E2E2E2E2E2E2E2E2E2E2E2E2E2E2E2E2E2E2E2E2E2E2E2E2E2E2E2E2E2E2E2E2E2E2E2E2E2E2F5F5F5E2E2E2E2E2E2E2E2E2E6E2E2E2E2E2E2E2E2E2E2E2E2E2E2E2E2E2E2E2E2E2E2E2E2E2E2E2E2E2E2E2E2E2E2E2E2E2E2E2E2E2E2E2E2E2E2E2E2E2E2E2E2E2E2E2E2E2E2E2E2E2E2E2E2
310
E2E2E2E2E2E2E2E2E2E2E2E2E2E2E2E2E2E2E2E2E2E2E2E2E2E2E2E2E2E2E2E2E2E2E2E2E2E2E2E2E2E2E2E2E2E2E2E2E2E2E2E2E2E2E2E2E2E2E2E2E2E2E2E2E2E2E2E2E2E2E2E2E2E2E2E2E2E2E2E2E2E2E6E2E2E2E2E2E2E2E2E6E2E2E2E2E2E2E2E2E2E2E2E2E2E2E2E2E2E2E2E2E2E2E2E2E2E2E2E2E2E2E2E2E2E2E2
310
E2E2E2E2E2E2E2E2E2E2E2E2E2E2E2E2E2E2E2E2E2E2E2E2E2E2E2E2E2E2E2E2E2E2E2E2E2E2E2E2E2E2E2E2E2E2E2E2E2E2E2E2F5F5F5E2E2E2E2E2E2E2E2E2E6E2E2E2E2E2E2E2E2E2E2E2E2E2E2E2E2E2E2E2E2E2E2E2E2E2E2E2E2E2E2E2E2E2E2E2E2E2E2E2E2E2E2E2E2E2E2E2E2E2E2E2E2E2E2E2E2E2E2E2E2E2E2
310
E2E2E2E2E2E2E2E2E2E2E2E2E2E2E2E2E2E2E2E2E2E2E2E2E2E2E2E2E2E2E2E2E2E2E2E2E2E2E2E2E2E2E2E2E2E2E2E2E2E2E2E2E2E2E2E2E2E2E2E2E2E2E2E2E2E2E2E2E2E2E2E2E2E2E2E2E2E2E2E2E2E2E2E2E6E2E2E2E2E2E2E2E2E6E2E2E2E2E2E2E2E2E2E2E2E2E2E2E2E2E2E2E2E2E2E2E2E2E2E2E2E2E2E2E2E2E2
310
E2E2E2E2E2E2E2E2E2E2E2E2E2E2E2E2E2E2E2E2E2E2E2E2E2E2E2E2E2E2E2E2E2E2E2E2E2E2E2E2E2E2E2E2E2E2E2E2E2E2E2E2E2E2F5F5F5E2E2E2E2E2E2E2E2E2E6E2E2E2E2E2E2E2E2E2E2E2E2E2E2E2E2E2E2E2E2E2E2E2E2E2E2E2E2E2E2E2E2E2E2E2E2E2E2E2E2E2E2E2E2E2E2E2E2E2E2E2E2E2E2E2E2E2E2E2E2
310
E2E2E2E2E2E2E2E2E2E2E2E2E2E2E2E2E2E2E2E2E2E2E2E2E2E2E2E2E2E2E2E2E2E2E2E2E2E2E2E2E2E2E2E2E2E2E2E2E2E2E2E2E2E2E2E2E2E2E2E2E2E2E2E2E2E2E2E2E2E2E2E2E2E2E2E2E2E2E2E2E2E2E2E2E2E2E6E2E2E2E2E2E2E2E2E6E2E2E2E2E2E2E2E2E2E2E2E2E2E2E2E2E2E2E2E2E2E2E2E2E2E2E2E2E2E2E2
310
E2E2E2E2E2E2E2E2E2E2E2E2E2E2E2E2E2E2E2E2E2E2E2E2E2E2E2E2E2E2E2E2E2E2E2E2E2E2E2E2E2E2E2E2E2E2E2E2E2E2E2E2E2E2E2E2F5F5F5E2E2E2E2E2E2E2E2E2E6E2E2E2E2E2E2E2E2E2E2E2E2E2E2E2E2E2E2E2E2E2E2E2E2E2E2E2E2E2E2E2E2E2E2E2E2E2E2E2E2E2E2E2E2E2E2E2E2E2E2E2E2E2E2E2E2E2E2
310
E2E2E2E2E2E2E2E2E2E2E2E2E2E2E2E2E2E2E2E2E2E2E2E2E2E2E2E2E2E2E2E2E2E2E2E2E2E2E2E2E2E2E2E2E2E2E2E2E2E2E2E2E2E2E2E2E2E2E2E2E2E2E2E2E2E2E2E2E2E2E2E2E2E2E2E2E2E2E2E2E2E2E2E2E2E2E2E2E6E2E2E2E2E2E2E2E2E6E2E2E2E2E2E2E2E2E2E2E2E2E2E2E2E2E2E2E2E2E2E2E2E2E2E2E2E2E2
310
E2E2E2E2E2E2E2E2E2E2E2E2E2E2E2E2E2E2E2E2E2E2E2E2E2E2E2E2E2E2E2E2E2E2E2E2E2E2E2E2E2E2E2E2E2E2E2E2E2E2E2E2E2E2E2E2E2E2F5F5F5E2E2E2E2E2E2E2E2E2E6E2E2E2E2E2E2E2E2E2E2E2E2E2E2E2E2E2E2E2E2E2E2E2E2E2E2E2E2E2E2E2E2E2E2E2E2E2E2E2E2E2E2E2E2E2E2E2E2E2E2E2E2E2E2E2E2
310
E2E2E2E2E2E2E2E2E2E2E2E2E2E2E2E2E2E2E2E2E2E2E2E2E2E2E2E2E2E2E2E2E2E2E2E2E2E2E2E2E2E2E2E2E2E2E2E2E2E2E2E2E2E2E2E2E2E2E2E2E2E2E2E2E2E2E2E2E2E2E2E2E2E2E2E2E2E2E2E2E2E2E2E2E2E2E2E2E2E2E6E2E2E2E2E2E2E2E2E6E2E2E2E2E2E2E2E2E2E2E2E2E2E2E2E2E2E2E2E2E2E2E2E2E2E2E2
310
E2E2E2E2E2E2E2E2E2E2E2E2E2E2E2E2E2E2E2E2E2E2E2E2E2E2E2E2E2E2E2E2E2E2E2E2E2E2E2E2E2E2E2E2E2E2E2E2E2E2E2E2E2E2E2E2E2E2E2E2F5F5F5E2E2E2E2E2E2E2E2E2E6E2E2E2E2E2E2E2E2E2E2E2E2E2E2E2E2E2E2E2E2E2E2E2E2E2E2E2E2E2E2E2E2E2E2E2E2E2E2E2E2E2E2E2E2E2E2E2E2E2E2E2E2E2E2
310
E2E2E2E2E2E2E2E2E2E2E2E2E2E2E2E2E2E2E2E2E2E2E2E2E2E2E2E2E2E2E2E2E2E2E2E2E2E2E2E2E2E2E2E2E2E2E2E2E2E2E2E2E2E2E2E2E2E2E2E2E2E2E2E2E2E2E2E2E2E2E2E2E2E2E2E2E2E2E2E2E2E2E2E2E2E2E2E2E2E2E2E2E6E2E2E2E2E2E2E2E2E6E2E2E2E2E2E2E2E2E2E2E2E2E2E2E2E2E2E2E2E2E2E2E2E2E2
310
E2E2E2E2E2E2E2E2E2E2E2E2E2E2E2E2E2E2E2E2E2E2E2E2E2E2E2E2E2E2E2E2E2E2E2E2E2E2E2E2E2E2E2E2E2E2E2E2E2E2E2E2E2E2E2E2E2E2E2E2E2E2F5F5F5E2E2E2E2E2E2E2E2E2E6E2E2E2E2E2E2E2E2E2E2E2E2E2E2E2E2E2E2E2E2E2E2E2E2E2E2E2E2E2E2E2E2E2E2E2E2E2E2E2E2E2E2E2E2E2E2E2E2E2E2E2E2
310
E2E2E2E2E2E2E2E2E2E2E2E2E2E2E2E2E2E2E2E2E2E2E2E2E2E2E2E2E2E2E2E2E2E2E2E2E2E2E2E2E2E2E2E2E2E2E2E2E2E2E2E2E2E2E2E2E2E2E2E2E2E2E2E2E2E2E2E2E2E2E2E2E2E2E2E2E2E2E2E2E2E2E2E2E2E2E2E2E2E2E2E2E2E2E6E2E2E2E2E2E2E2E2E6E2E2E2E2E2E2E2E2E2E2E2E2E2E2E2E2E2E2E2E2E2E2E2
310
E2E2E2E2E2E2E2E2E2E2E2E2E2E2E2E2E2E2E2E2E2E2E2E2E2E2E2E2E2E2E2E2E2E2E2E2E2E2E2E2E2E2E2E2E2E2E2E2E2E2E2E2E2E2E2E2E2E2E2E2E2E2E2E2F5F5F5E2E2E2E2E2E2E2E2E2E6E2E2E2E2E2E2E2E2E2E2E2E2E2E2E2E2E2E2E2E2E2E2E2E2E2E2E2E2E2E2E2E2E2E2E2E2E2E2E2E2E2E2E2E2E2E2E2E2E2E2
310
E2E2E2E2E2E2E2E2E2E2E2E2E2E2E2E2E2E2E2E2E2E2E2E2E2E2E2E2E2E2E2E2E2E2E2E2E2E2E2E2E2E2E2E2E2E2E2E2E2E2E2E2E2E2E2E2E2E2E2E2E2E2E2E2E2E2E2E2E2E2E2E2E2E2E2E2E2E2E2E2E2E2E2E2E2E2E2E2E2E2E2E2E2E2E2E6E6E2E2E2E2E2E2E2E2E6E2E2E2E2E2E2E2E2E2E2E2E2E2E2E2E2E2E2E2E2E2
310
E2E2E2E2E2E2E2E2E2E2E2E2E2E2E2E2E2E2E2E2E2E2E2E2E2E2E2E2E2E2E2E2E2E2E2E2E2E2E2E2E2E2E2E2E2E2E2E2E2E2E2E2E2E2E2E2E2E2E2E2E2E2E2E2E2E2F5F5F5E2E2E2E2E2E2E2E2E2E6E2E2E2E2E2E2E2E2E2E2E2E2E2E2E2E2E2E2E2E2E2E2E2E2E2E2E2E2E2E2E2E2E2E2E2E2E2E2E2E2E2E2E2E2E2E2E2E2
310
E2E2E2E2E2E2E2E2E2E2E2E2E2E2E2E2E2E2E2E2E2E2E2E2E2E2E2E2E2E2E2E2E2E2E2E2E2E2E2E2E2E2E2E2E2E2E2E2E2E2E2E2E2E2E2E2E2E2E2E2E2E2E2E2E2E2E2E2E2E2E2E2E2E2E2E2E2E2E2E2E2E2E2E2E2E2E2E2E2E2E2E2E2E2E2E2E2E6E6E2E2E2E2E2E2E2E2E6E2E2E2E2E2E2E2E2E2E2E2E2E2E2E2E2E2E2E2
310
E2E2E2E2E2E2E2E2E2E2E2E2E2E2E2E2E2E2E2E2E2E2E2E2E2E2E2E2E2E2E2E2E2E2E2E2E2E2E2E2E2E2E2E2E2E2E2E2E2E2E2E2E2E2E2E2E2E2E2E2E2E2E2E2E2E2E2E2F5F5F5E2E2E2E2E2E2E2E2E2E6E2E2E2E2E2E2E2E2E2E2E2E2E2E2E2E2E2E2E2E2E2E2E2E2E2E2E2E2E2E2E2E2E2E2E2E2E2E2E2E2E2E2E2E2E2E2
310
E2E2E2E2E2E2E2E2E2E2E2E2E2E2E2E2E2E2E2E2E2E2E2E2E2E2E2E2E2E2E2E2E2E2E2E2E2E2E2E2E2E2E2E2E2E2E2E2E2E2E2E2E2E2E2E2E2E2E2E2E2E2E2E2E2E2E2E2E2E2E2E2E2E2E2E2E2E2E2E2E2E2E2E2E2E2E2E2E2E2E2E2E2E2E2E2E2E2E2E2E6E2E2E2E2E2E2E2E2E6E2E2E2E2E2E2E2E2E2E2E2E2E2E2E2E2E2
310
E2E2E2E2E2E2E2E2E2E2E2E2E2E2E2E2E2E2E2E2E2E2E2E2E2E2E2E2E2E2E2E2E2E2E2E2E2E2E2E2E2E2E2E2E2E2E2E2E2E2E2E2E2E2E2E2E2E2E2E2E2E2E2E2E2E2E2E2E2E2F5F5F5E2E2E2E2E2E2E2E2E2E6E2E2E2E2E2E2E2E2E2E2E2E2E2E2E2E2E2E2E2E2E2E2E2E2E2E2E2E2E2E2E2E2E2E2E2E2E2E2E2E2E2E2E2E2
310
E2E2E2E2E2E2E2E2E2E2E2E2E2E2E2E2E2E2E2E2E2E2E2E2E2E2E2E2E2E2E2E2E2E2E2E2E2E2E2E2E2E2E2E2E2E2E2E2E2E2E2E2E2E2E2E2E2E2E2E2E2E2E2E2E2E2E2E2E2E2E2E2E2E2E2E2E2E2E2E2E2E2E2E2E2E2E2E2E2E2E2E2E2E2E2E2E2E2E2E2E2E6E6E6E6E6E6E6E6E6E6E6E2E6E6F5E2E2E2E2E2E2E2E2E2E2E2
310
E2E2E2E2E2F5F5F5F5E2E2E2E2E2E2E2E2E2E2E2E2E2E2E2E2E2E2E2E2E2E2E2E2E2E2E2E2E2E2E2E2E2E2E2E2E2E2E2E2E2E2E2E2E2E2E2E2E2E2E2E2E2E2E2E2E2E2E2E2E2E2E2F5F5F5E2E2E2E2E2E2E2E2E2E6E2E2E2E2E2E2E2E2E2E2E2E2E2E2E2E2E2E2E2E2E2E2E2E2E2E2E2E2E2E2E2E2E2E2E2E2E2E2E2E2E2E2
310
E2E2E2E2E2E2E2E2E2E2E2E2E2E2E2E2E2E2E2E2E2E2E2E2E2E2E2E2E2E2E2E2E2E2E2E2E2E2E2E2E2E2E2E2E2E2E2E2E2E2E2E2E2E2E2E2E2E2E2E2E2E2E2E2E2E2E2E2E2E2E2E2E2E2E2E2E2E2E2E2E2E2E2E2E2E2E2E2E2E2E2E2E2E2E2E2E2E2E2E2E2E2E2E2E6E2E2E2E2E2E2E2E2E2F5F5F5F5F5E2E2E2E2E2E2E2E2
310
E2E2E2E2E2E2F5F5F5F5F5E2E2E2E2E2E2E2E2E2E2E2E2E2E2E2E2E2E2E2E2E2E2E2E2E2E2E2E2E2E2E2E2E2E2E2E2E2E2E2E2E2E2E2E2E2E2E2E2E2E2E2E2E2E2E2E2E2E2E2E2E2E2E2F5F5F5E2E2E2E2E2E2E2E2E2E6E2E2E2E2E2E2E2E2E2E2E2E2E2E2E2E2E2E2E2E2E2E2E2E2E2E2E2E2E2E2E2E2E2E2E2E2E2E2E2E2
310
E2E2E2E2E2E2E2E2E2E2E2E2E2E2E2E2E2E2E2E2E2E2E2E2E2E2E2E2E2E2E2E2E2E2E2E2E2E2E2E2E2E2E2E2E2E2E2E2E2E2E2E2E2E2E2E2E2E2E2E2E2E2E2E2E2E2E2E2E2E2E2E2E2E2E2E2E2E2E2E2E2E2E2E2E2E2E2E2E2E2E2E2E2E2E2E2E2E2E2E2E2E2E2E2E2E6E6E2E2E2E2E2E2E2E2E6F5F5F5F5F5E2E2E2E2E2E2
310
E2E2E2E2E2E2E2E2F5F5F5F5F5E2E2E2E2E2E2E2E2E2E2E2E2E2E2E2E2E2E2E2E2E2E2E2E2E2E2E2E2E2E2E2E2E2E2E2E2E2E2E2E2E2E2E2E2E2E2E2E2E2E2E2E2E2E2E2E2E2E2E2E2E2E2E2F5F5F5E2E2E2E2E2E2E2E2E2E6E2E2E2E2E2E2E2E2E2E2E2E2E2E2E2E2E2E2E2E2E2E2E2E2E2E2E2E2E2E2E2E2E2E2E2E2E2E2
310
E2E2E2E2E2E2E2E2E2E2E2E2E2E2E2E2E2E2E2E2E2E2E2E2E2E2E2E2E2E2E2E2E2E2E2E2E2E2E2E2E2E2E2E2E2E2E2E2E2E2E2E2E2E2E2E2E2E2E2E2E2E2E2E2E2E2E2E2E2E2E2E2E2E2E2E2E2E2E2E2E2E2E2E2E2E2E2E2E2E2E2E2E2E2E2E2E2E2E2E2E2E2E2E2E2E2E2E6E6E2E2E2E2E2E2E2E2F5F5F5F5F5F5E2E2E2E2
310
E2E2E2E2E2E2E2E2E2E2F5F5F5F5F5E2E2E2E2E2E2E2E2E2E2E2E2E2E2E2E2E2E2E2E2E2E2E2E2E2E2E2E2E2E2E2E2E2E2E2E2E2E2E2E2E2E2E2E2E2E2E2E2E2E2E2E2E2E2E2E2E2E2E2E2E2E2E2F5F5F5E2E2E2E2E2E2E2E2E2E6E2E2E2E2E2E2E2E2E2E2E2E2E2E2E2E2E2E2E2E2E2E2E2E2E2E2E2E2E2E2E2E2E2E2E2E2
310
E2E2E2E2E2E2E2E2E2E2E2E2E2E2E2E2E2E2E2E2E2E2E2E2E2E2E2E2E2E2E2E2E2E2E2E2E2E2E2E2E2E2E2E2E2E2E2E2E2E2E2E2E2E2E2E2E2E2E2E2E2E2E2E2E2E2E2E2E2E2E2E2E2E2E2E2E2E2E2E2E2E2E2E2E2E2E2E2E2E2E2E2E2E2E2E2E2E2E2E2E2E2E2E2E2E2E2E2E2E2E6E2E2E2E2E2E2E2E2F5F5F5E2E2E2E2E2
310
E2E2E2E2E2E2E2E2E2E2E2E2E2E2F5F5F5E2E2E2E2E2E2E2E2E2E2E2E2E2E2E2E2E2E2E2E2E2E2E2E2E2E2E2E2E2E2E2E2E2E2E2E2E2E2E2E2E2E2E2E2E2E2E2E2E2E2E2E2E2E2E2E2E2E2E2E2E2E2E2F5F5F5E2E2E2E2E2E2E2E2E2E6E2E2E2E2E2E2E2E2E2E2E2E2E2E2E2E2E2E2E2E2E2E2E2E2E2E2E2E2E2E2E2E2E2E2
310
E2E2E2E2E2E2E2E2E2E2E2E2E2E2E2E2E2E2E2E2E2E2E2E2E2E2E2E2E2E2E2E2E2E2E2E2E2E2E2E2E2E2E2E2E2E2E2E2E2E2E2E2E2E2E2E2E2E2E2E2E2E2E2E2E2E2E2E2E2E2E2E2E2E2E2E2E2E2E2E2E2E2E2E2E2E2E2E2E2E2E2E2E2E2E2E2E2E2E2E2E2E2E2E2E2E2E2E2E2E2E2E2E6E2E2E2E2E2E2E2E2F5F5F5E2E2E2
310
E2E2E2E2E2E2E2E2E2E2E2E2E2E2E2E2F5F5F5E2E2E2E2E2E2E2E2E2E2E2E2E2E2E2E2E2E2E2E2E2E2E2E2E2E2E2E2E2E2E2E2E2E2E2E2E2E2E2E2E2E2E2E2E2E2E2E2E2E2E2E2E2E2E2E2E2E2E2E2E2E2E2F5F5F5E2E2E2E2E2E2E2E2E2E6E2E2E2E2E2E2E2E2E2E2E2E2E2E2E2E2E2E2E2E2E2E2E2E2E2E2E2E2E2E2E2E2
310
E2E2E2E2E2E2E2E2E2E2E2E2E2E2E2E2E2E2E2E2E2E2E2E2E2E2E2E2E2E2E2E2E2E2E2E2E2E2E2E2E2E2E2E2E2E2E2E2E2E2E2E2E2E2E2E2E2E2E2E2E2E2E2E2E2E2E2E2E2E2E2E2E2E2E2E2E2E2E2E2E2E2E2E2E2E2E2E2E2E2E2E2E2E2E2E2E2E2E2E2E2E2E2E2E2E2E2E2E2E2E2E2E2E2E6E2E2E2E2E2E2E2E2F5F5F5F5
310
F5F5F5F5F5F5F5F5F5F5F5F5F5F5F5F5F5F5F5F5F5F5F5F5F5F5F5F5F5F5F5F5F5F5F5F5E2E2E2E2E2E2E2E2E2E2E2E2E2E2E2E2E2E2E2E2E2E2E2E2E2E2E2E2E2E2E2E2E2E2E2E2E2E2E2E2E2F5F5F5E2E2E2E2F5F5F5E2E2E2E2E2E2E2E2E2E6E2E2E2E2E2E2E2E2E2E2E2E2E2E2E2E2E2E2E2E2E2E2E2E2E2E2E2E2E2E2
310
E2E2E2E2E2E2E2E2E2E2E2E2E2E2E2E2E2E2E2E2E2E2E2E2E2E2E2E2E2E2E2E2E2E2E2E2E2E2E2E2E2E2E2E2E2E2E2E2E2E2E2E2E2E2E2E2E2E2E2E2E2E2E2E2E2E2E2E2E2E2E2E2E2E2E2E2E2E2E2E2E2E2E2E2E2E2E2E2E2E2E2E2E2E2E2E2E2E2E2E2E2E2E2E2E2E2E2E2E2E2E2E2E2E2E2E2E6E2E2E2E2E2E2E2E2F5F5
310
F5F5F5F5F5F5F5F5F5F5F5F5F5F5F5F5F5F5F5F5F5F5F5F5F5F5F5F5F5F5F5F5F5F5F5F5F5F5E2E2E2E2E2E2E2E2E2E2E2E2E2E2E2E2E2E2E2E2E2E2E2E2E2E2E2E2E2E2E2E2E2E2E2E2E2E2E2E2E2F5F5F5F5F5F5F5F5F5F5E2E2E2E2E2E2E2E2E2E6E2E2E2E2E2E2E2E2E2E2E2E2E2E2E2E2E2E2E2E2E2E2E2E2E2E2E2E2
310
E2E2E2E2E2E2E2E2E2E2E2E2E2E2E2E2E2E2E2E2E2E2E2E2E2E2E2E2E2E2E2E2E2E2E2E2E2E2E2E2E2E2E2E2E2E2E2E2E2E2E2E2E2E2E2E2E2E2E2E2E2E2E2E2E2E2E2E2E2E2E2E2E2E2E2E2E2E2E2E2E2E2E2E2E2E2E2E2E2E2E2E2E2E2E2E2E2E2E2E2E2E2E2E2E2E2E2E2E2E2E2E2E2E2E2E2E2E2E6E2E2E2E2E2E2E2E2
310
F5F5F5F5F5F5F5F5F5F5F5F5F5F5F5F5F5F5F5F5F5F5F5F5F5F5F5F5F5F5F5F5F5F5F5F5F5F5F5F5F5E2F5F5F5F5ECECECECECECECECECECECECECECECECECECECECECECECECECECECECECECF5F5F5E2E2F5F5F5F5F5F5F5F5F5F5E2E2E2E2E2E2E2E2E2E6E2E2E2E2E2E2E2E2E2E2E2E2E2E2E2E2E2E2E2E2E2E2E2E2E2E2
310
E2E2E2E2E2E2E2E2E2E2E2E2E2E2E2E2E2E2E2E2E2E2E2E2E2E2E2E2E2E2E2E2E2E2E2E2E2E2E2E2E2E2E2E2E2E2E2E2E2E2E2E2E2E2E2E2E2E2E2E2E2E2E2E2E2E2E2E2E2E2E2E2E2E2E2E2E2E2E2E2E2E2E2E2E2E2E2E2E2E2E2E2E2E2E2E2E2E2E2E2E2E2E2E2E2E2E2E2E2E2E2E2E2E2E2E2E2E2E2E2E6E2E2E2E2E2E2
310
E2E2F5F5F5E2E2E2E2E2E2E2E2E2E2E2E2E2E2E2E2E2E2E2E2E2E2E2E2E2E2E2E2E2E2E2E2E2E2F5F5F5F5F5F5F5F5E2ECE2ECE2E2ECE2E2ECE2ECECE2ECE2E2ECE2ECECE2ECE2E2ECE2E2ECE2ECF5F5F5F5F5F5F5F5F5F5F5F5F5F5F5E2E2E2E2E2E2E2E2E2E6E2E2E2E2E2E2E2E2E2E2E2E2E2E2E2E2E2E2E2E2E2E2E2E2
310
E2E2E2E2E2E2E2E2E2E2E2E2E2E2E2E2E2E2E2E2E2E2E2E2E2E2E2E2E2E2E2E2E2E2E2E2E2E2E2E2E2E2E2E2E2E2E2E2E2E2E2E2E2E2E2E2E2E2E2E2E2E2E2E2E2E2E2E2E2E2E2E2E2E2E2E2E2E2E2E2E2E2E2E2E2E2E2E2E2E2E2E2E2E2E2E2E2E2E2E2E2E2E2E2E2E2E2E2E2E2E2E2E2E2E2E2E2E2E2E2E2E2E6E2E2E2E2
310
E2E2E2E2F5F5F5E2E2E2E2E2E2E2E2E2E2E2E2E2E2E2E2E2E2E2E2E2E2E2E2E2E2E2E2E2E2E2E2E2E2F5F5F5F5F5F5F5ECECECECECECECECECECECECECECECECECECECECECECECECECECECECECECECE2ECF5F5F5F5F5F5F5E2E2E2E2F5F5F5E2E2E2E2E2E2E2E2E2E6E2E2E2E2E2E2E2E2E2E2E2E2E2E2E2E2E2E2E2E2E2E2
310
E2E2E2E2E2E2E2E2E2E2E2E2E2E2E2E2E2E2E2E2E2E2E2E2E2E2E2E2E2E2E2E2E2E2E2E2E2E2E2E2E2E2E2E2E2E2E2E2E2E2E2E2E2E2E2E2E2E2E2E2E2E2E2E2E2E2E2E2E2E2E2E2E2E2E2E2E2E2E2E2E2E2E2E2E2E2E2E2E2E2E2E2E2E2E2E2E2E2E2E2E2E2E2E2E2E2E2E2E2E2E2E2E2E2E2E2E2E2E2E2E2E2E2E2E6E2E2
310
E2E2E2E2E2E2F5F5F5E2E2E2E2E2E2E2E2E2E2E2E2E2E2E2E2E2E2E2E2E2E2E2E2E2E2E2E2E2E2E2E2E2E2F5F5F5ECF5F5ECECECECE2E2E2E2E2E2E2E2E2E2E2E2E2E2E2E2E2E2E2E2E2E2E2E2E2E2E2ECECECE2F5F5F5F5F5F5E2E2E2E2F5F5F5E2E2E2E2E2E2E2E2E2E6E2E2E2E2E2E2E2E2E2E2E2E2E2E2E2E2E2E2E2E2
310
E2E2E2E2E2E2E2E2E2E2E2E2E2E2E2E2E2E2E2E2E2E2E2E2E2E2E2E2E2E2E2E2E2E2E2E2E2E2E2E2E2E2E2E2E2E2E2E2E2E2E2E2E2E2E2E2E2E2E2E2E2E2E2E2E2E2E2E2E2E2E2E2E2E2E2E2E2E2E2E2E2E2E2E2E2E2E2E2E2E2E2E2E2E2E2E2E2E2E2E2E2E2E2E2E2E2E2E2E2E2E2E2E2E2E2E2E2E2E2E2E2E2E2E2E2E2E6
310
E2E2E2E2E2E2E2E2F5F5F5E2E2E2E2E2E2E2E2E2E2E2E2E2E2E2E2E2E2E2E2E2E2E2E2E2E2E2E2E2E2E2E2E2E2F5F5F5ECECECECECECE2E2E2E2E2E2E2E2E2E2E2E2E2E2E2E2E2E2E2E2E2E2E2E2E2E2E2E2E2ECECECE2ECECF5F5F5E2E2E2E2F5F5F5E2E2E2E2E2E2E2E2E2E6E2E2E2E2E2E2E2E2E2E2E2E2E2E2E2E2E2E2
310
E2E2E2E2E2E2E2E2E2E2E2E2E2E2E2E2E2E2E2E2E2E2E2E2E2E2E2E2E2E2E2E2E2E2E2E2E2E2E2E2E2E2E2E2E2E2E2E2E2E2E2E2E2E2E2E2E2E2E2E2E2E2E2E2E2E2E2E2E2E2E2E2E2E2E2E2E2E2E2E2E2E2E2E2E2E2E2E2E2E2E2E2E2E2E2E2E2E2E2E2E2E2E2E2E2E2E2E2E2E2E2E2E2E2E2E2E2E2E2E2E2E2E2E2E2E2E2
310
E2E6E2E2E2E2E2E2E2E2F5F5F5E2E2E2E2E2E2E2E2E2E2E2E2E2E2E2E2E2E2E2E2E2E2E2E2E2E2E2E2E2E2E2E2E2E2F5F5F5ECECECE2ECE2E2E2E2E2E2E2E2E2E2E2E2E2E2E2E2E2E2E2E2E2E2E2E2E2E2E2E2E2E2E2ECECE2E2ECF5F5F5E2E2E2E2F5F5F5E2E2E2E2E2E2E2E2E2E6E2E2E2E2E2E2E2E2E2E2E2E2E2E2E2E2
310
E2E2E2E2E2E2E2E2E2E2E2E2E2E2E2E2E2E2E2E2E2E2E2E2E2E2E2E2E2E2E2E2E2E2E2E2E2E2E2E2E2E2E2E2E2E2E2E2E2E2E2E2E2E2E2E2E2E2E2E2E2E2E2E2E2E2E2E2E2E2E2E2E2E2E2E2E2E2E2E2E2E2E2E2E2E2E2E2E2E2E2E2E2E2E2E2E2E2E2E2E2E2E2E2E2E2E2E2E2E2E2E2E2E2E2E2E2E2E2E2E2E2E2E2E2E2E2
310
E2E2E2E6E2E2E2E2E2E2E2E2F5F5F5E2E2E2E2E2E2E2E2E2E2E2E2E2E2E2E2E2E2E2E2E2E2E2E2E2E2E2E2E2E2E2E2E2E2F5F5F5ECECF5ECECE2E2E2E2E2E2E2E2E2E2E2E2E2E2E2E2E2E2E2E2E2E2E2E2E2E2E2E2E2E2E2ECECF5F5ECF5F5F5E2E2E2E2F5F5F5E2E2E2E2E2E2E2E2E2E6E2E2E2E2E2E2E2E2E2E2E2E2E2E2
310
E2E2E2E2E2E2E2E2E2E2E2E2E2E2E2E2E2E2E2E2E2E2E2E2E2E2E2E2E2E2E2E2E2E2E2E2E2E2E2E2E2E2E2E2E2E2E2E2E2E2E2E2E2E2E2E2E2E2E2E2E2E2E2E2E2E2E2E2E2E2E2E2E2E2E2E2E2E2E2E2E2E2E2E2E2E2E2E2E2E2E2E2E2E2E2E2E2E2E2E2E2E2E2E2E2E2E2E2E2E2E2E2E2E2E2E2E2E2E2E2E2E2E2E2E2E2E2
310
E6E6E6E6E2E6E2E2E2E2E2E2E2E2F5F5F5E2E2E2E2E2E2E2E2E2E2E2E2E2E2E2E2E2E2E2E2E2E2E2E2E2E2E2E2E2E2E2E2E2E2F5F5F5F5F5F5E2E2E2E2E2E2E2E2E2E2E2E2E2E2E2E2E2E2E2E2E2E2E2E2E2E2E2E2E2E2E2E2E2E2E2F5F5F5F5F5F5E2E2E2E2F5F5F5E2E2E2E2E6E6E6E6E2E6E2E2E2E2E2E2E2E2E2E2E2E2
310
E2E2E2E2E2E2E2E2E2E2E2E2E2E2E2E2E2E2E2E2E2E2E2E2E2E2E2E2E2E2E2E2E2E2E2E2E2E2E2E2E2E2E2E2E2E2E2E2E2E2E2E2E2E2E2E2E2E2E2E2E2E2E2E2E2E2E2E2E2E2E2E2E2E2E2E2E2E2E2E2E2E2E2E2E2E2E2E2E2E2E2E2E2E2E2E2E2E2E2E2E2E2E2E2E2E2E2E2E2E2E2E2E2E2E2E2E2E2E2E2E2E2E2E2E2E2E2
310
E2E2E6E6E6E6E2E6E2E2E2E2E2E2E2E2F5F5F5E2E2E2E2E2E2E2E2E2E2E2E2E2E2E2E2E2E2E2E2E2E2E2E2E2E2E2E2E2E2E2E2E2E2F5F5F5F5F5F5E2E2E2E2E2E2E2E2E2E2E2E2E2E2E2E2E2E2E2E2E2E2E2E2E2E2E2E2E2E2E2E2E2E2E2F5F5F5F5F5F5E2E2E2E2F5F5F5E2E2E2E2E6E6E6E6E2E6E2E2E2E2E2E2E2E2E2E2
310
E2E2E2E2E2E2E2E2E2E2E2E2E2E2E2E2E2E2E2E2E2E2E2E2E2E2E2E2E2E2E2E2E2E2E2E2E2E2E2E2E2E2E2E2E2E2E2E2E2E2E2E2E2E2E2E2E2E2E2E2E2E2E2E2E2E2E2E2E2E2E2E2E2E2E2E2E2E2E2E2E2E2E2E2E2E2E2E2E2E2E2E2E2E2E2E2E2E2E2E2E2E2E2E2E2E2E2E2E2E2E2E2E2E2E2E2E2E2E2E2E2E2E2E2E2E2E2
310
E2E2E2E2E6E6E6E6E2E6E2E2E2E2E2E2E2E2F5F5F5E2E2E2E2E2E2E2E2E2E2E2E2E2E2E2E2E2E2E2E2E2E2E2E2E2E2E2E2E2E2E2E2E2E2F5F5F5F5F5E2E2E2E2E2E2E2E2E2E2E2E2E2E2E2E2E2E2E2E2E2E2E2E2E2E2E2E2E2E2E2E2E2E2E2E2F5F5F5F5F5F5E2E2E2E2F5F5F5E2E2E2E2E6E6E6E6E2E6E2E2E2E2E2E2E2E2
310
E2E2E2E2E2E2E2E2E2E2E2E2E2E2E2E2E2E2E2E2E2E2E2E2E2E2E2E2E2E2E2E2E2E2E2E2E2E2E2E2E2E2E2E2E2E2E2E2E2E2E2E2E2E2E2E2E2E2E2E2E2E2E2E2E2E2E2E2E2E2E2E2E2E2E2E2E2E2E2E2E2E2E2E2E2E2E2E2E2E2E2E2E2E2E2E2E2E2E2E2E2E2E2E2E2E2E2E2E2E2E2E2E2E2E2E2E2E2E2E2E2E2E2E2E2E2E2
310
E2E2E2E2E2E2E6E6E6E6E2E6E2E2E2E2E2E2E2E2F5F5F5E2E2E2E2E2E2E2E2E2E2E2E2E2E2E2E2E2E2E2E2E2E2E2E2E2E2E2E2E2E2E2E2E2E2F5F5F5E2E2E2E2E2E2E2E2E2E2E2E2E2E2E2E2E2E2E2E2E2E2E2E2E2E2E2E2E2E2E2E2E2E2E2E2E2E2F5F5F5E2E2E2E2E2E2E2F5F5F5E2E2E2E2E6E6E6E6E2E6E2E2E2E2E2E2
310
E2E2E2E2E2E2E2E2E2E2E2E2E2E2E2E2E2E2E2E2E2E2E2E2E2E2E2E2E2E2E2E2E2E2E2E2E2E2E2E2E2E2E2E2E2E2E2E2E2E2E2E2E2E2E2E2E2E2E2E2E2E2E2E2E2E2E2E2E2E2E2E2E2E2E2E2E2E2E2E2E2E2E2E2E2E2E2E2E2E2E2E2E2E2E2E2E2E2E2E2E2E2E2E2E2E2E2E2E2E2E2E2E2E2E2E2E2E2E2E2E2E2E2E2E2E2E2
310
E2E2E2E2E2E2E2E2E6E6E6E6E2E6E2E2E2E2E2E2E2E2F5F5F5E2E2E2E2E2E2E2E2E2E2E2E2E2E2E2E2E2E2E2E2E2E2E2E2E2E2E2E2E2E2E2E2E2E2F5F5F5F5E2E2E2E2E2E2E2E2E2E2E2E2E2E2E2E2E2E2E2E2E2E2E2E2E2E2E2E2E2E2E2E2E2E2E2E2E2F5F5F5F5F5F5E2E2E2E2F5F5F5E2E2E2E2E6E6E6E6E2E6E2E2E2E2
310
E2E2E2E2E2E2E2E2E2E2E2E2E2E2E2E2E2E2E2E2E2E2E2E2E2E2E2E2E2E2E2E2E2E2E2E2E2E2E2E2E2E2E2E2E2E2E2E2E2E2E2E2E2E2E2E2E2E2E2E2E2E2E2E2E2E2E2E2E2E2E2E2E2E2E2E2E2E2E2E2E2E2E2E2E2E2E2E2E2E2E2E2E2E2E2E2E2E2E2E2E2E2E2E2E2E2E2E2E2E2E2E2E2E2E2E2E2E2E2E2E2E2E2E2E2E2E2
310
E2E2E2E2E2E2E2E2E2E2E6E6E6E6E2E6E2E2E2E2E2E2E2E2F5F5F5E2E2E2E2E2E2E2E2E2E2E2E2E2E2E2E2E2E2E2E2E2E2E2E2E2E2E2E2E2E2E2E2E2E2F5F5F5F5F5F5E2E2E2E2E2E2E2E2E2E2E2E2E2E2E2E2E2E2E2E2E2E2E2E2E2E2E2E2E2E2E2E2E2E2E2F5F5F5F5F5F5E2E2E2E2F5F5F5E2E2E2E2E6E6E6E6E2E6E2E2
310
E2E2E2E2E2E2E2E2E2E2E2E2E2E2E2E2E2E2E2E2E2E2E2E2E2E2E2E2E2E2E2E2E2E2E2E2E2E2E2E2E2E2E2E2E2E2E2E2E2E2E2E2E2E2E2E2E2E2E2E2E2E2E2E2E2E2E2E2E2E2E2E2E2E2E2E2E2E2E2E2E2E2E2E2E2E2E2E2E2E2E2E2E2E2E2E2E2E2E2E2E2E2E2E2E2E2E2E2E2E2E2E2E2E2E2E2E2E2E2E2E2E2E2E2E2E2E2
310
E2E2E2E2E2E2E2E2E2E2E2E2E2E2E2E2E2E6E2E2E2E2E2E2E2E2F5F5F5E2E2E2E2E2E2E2E2E2E2E2E2E2E2E2E2E2E2E2E2E2E2E2E2E2E2E2E2E2E2E2E2E2E2F5F5F5F5F5F5E2E2E2E2E2E2E2E2E2E2E2E2E2E2E2E2E2E2E2E2E2E2E2E2E2E2E2E2E2E2E2E2E2E2E2F5F5F5F5F5F5E2E2E2E2F5F5F5E2E2E2E2E2E2E2E2E2E6
310
E2E2E2E2E2E2E2E2E2E2E2E2E2E2E2E2E2E2E2E2E2E2E2E2E2E2E2E2E2E2E2E2E2E2E2E2E2E2E2E2E2E2E2E2E2E2E2E2E2E2E2E2E2E2E2E2E2E2E2E2E2E2E2E2E2E2E2E2E2E2E2E2E2E2E2E2E2E2E2E2E2E2E2E2E2E2E2E2E2E2E2E2E2E2E2E2E2E2E2E2E2E2E2E2E2E2E2E2E2E2E2E2E2E2E2E2E2E2E2E2E2E2E2E2E2E2E2
310
E2E2E2E2E2E2E2E2E2E2E2E2E2E2E2E2E2E2E2E6E2E2E2E2E2E2E2E2F5F5F5E2E2E2E2E2E2E2E2E2E2E2E2E2E2E2E2E2E2E2E2E2E2E2E2E2E2E2E2E2E2E2E2E2E2F5F5F5ECF5F5ECECE2E2E2E2E2E2E2E2E2E2E2E2E2E2E2E2E2E2E2E2E2E2E2E2E2E2E2E2E2E2E2E2ECF5F5F5F5F5F5E2E2E2E2F5F5F5E2E2E2E2E2E2E2E2
310
E2E6E2E2E2E2E2E2E2E2E2E2E2E2E2E2E2E2E2E2E2E2E2E2E2E2E2E2E2E2E2E2E2E2E2E2E2E2E2E2E2E2E2E2E2E2E2E2E2E2E2E2E2E2E2E2E2E2E2E2E2E2E2E2E2E2E2E2E2E2E2E2E2E2E2E2E2E2E2E2E2E2E2E2E2E2E2E2E2E2E2E2E2E2E2E2E2E2E2E2E2E2E2E2E2E2E2E2E2E2E2E2E2E2E2E2E2E2E2E2E2E2E2E2E2E2E2
310
E2E2E2E2E2E2E2E2E2E2E2E2E2E2E2E2E2E2E2E2E2E6E2E2E2E2E2E2E2E2F5F5F5E2E2E2E2E2E2E2E2E2E2E2E2E2E2E2E2E2E2E2E2E2E2E2E2E2E2E2E2E2E2E2E2E2E2F5F5F5ECECECE2ECECE2E2E2E2E2E2E2E2E2E2E2E2E2E2E2E2E2E2E2E2E2E2E2E2E2E2E2E2E2E2ECECE2ECECF5F5F5E2E2E2E2F5F5F5E2E2E2E2E2E2
310
E2E2E2E6E2E2E2E2E2E2E2E2E2E2E2E2E2E2E2E2E2E2E2E2E2E2E2E2E2E2E2E2E2E2E2E2E2E2E2E2E2E2E2E2E2E2E2E2E2E2E2E2E2E2E2E2E2E2E2E2E2E2E2E2E2E2E2E2E2E2E2E2E2E2E2E2E2E2E2E2E2E2E2E2E2E2E2E2E2E2E2E2E2E2E2E2E2E2E2E2E2E2E2E2E2E2E2E2E2E2E2E2E2E2E2E2E2E2E2E2E2E2E2E2E2E2E2
310
E2E2E2E2E2E2E2E2E2E2E2E2E2E2E2E2E2E2E2E2E2E2E2E6E2E2E2E2E2E2E2E2F5F5F5E2E2E2E2E2E2E2E2E2E2E2E2E2E2E2E2E2E2E2E2E2E2E2E2E2E2E2E2E2E2E2E2E2E2F5F5F5ECECECE2ECECE2E2E2E2E2E2E2E2E2E2E2E2E2E2E2E2E2E2E2E2E2E2E2E2E2E2E2E2E2ECECECE2ECECF5F5F5E2E2E2E2F5F5F5E2E2E2E2
310
E2E2E2E2E2E6E2E2E2E2E2E2E2E2E2E2E2E2E2E2E2E2E2E2E2E2E2E2E2E2E2E2E2E2E2E2E2E2E2E2E2E2E2E2E2E2E2E2E2E2E2E2E2E2E2E2E2E2E2E2E2E2E2E2E2E2E2E2E2E2E2E2E2E2E2E2E2E2E2E2E2E2E2E2E2E2E2E2E2E2E2E2E2E2E2E2E2E2E2E2E2E2E2E2E2E2E2E2E2E2E2E2E2E2E2E2E2E2E2E2E2E2E2E2E2E2E2
310
E2E2E2E2E2E2E2E2E2E2E2E2E2E2E2E2E2E2E2E2E2E2E2E2E2E6E2E2E2E2E2E2E2E2F5F5F5E2E2E2E2E2E2E2E2E2E2E2E2E2E2E2E2E2E2E2E2E2E2E2E2E2E2E2E2E2E2E2E2E2E2F5F5F5ECECF5ECECECECE2E2E2E2E2E2E2E2E2E2E2E2E2E2E2E2E2E2E2E2E2E2E2E2E2E2E2E2ECE2E2F5F5E2F5F5F5E2E2E2E2F5F5F5E2E2
310
E2E2E2E2E2E2E2E6E2E2E2E2E2E2E2E2E2E2E2E2E2E2E2E2E2E2E2E2E2E2E2E2E2E2E2E2E2E2E2E2E2E2E2E2E2E2E2E2E2E2E2E2E2E2E2E2E2E2E2E2E2E2E2E2E2E2E2E2E2E2E2E2E2E2E2E2E2E2E2E2E2E2E2E2E2E2E2E2E2E2E2E2E2E2E2E2E2E2E2E2E2E2E2E2E2E2E2E2E2E2E2E2E2E2E2E2E2E2E2E2E2E2E2E2E2E2E2
310
E2E2E2E2E2E2E2E2E2E2E2E2E2E2E2E2E2E2E2E2E2E2E2E2E2E2E2E6E2E2E2E2E2E2E2E2F5F5F5E2E2E2E2E2E2E2E2E2E2E2E2E2E2E2E2E2E2E2E2E2E2E2E2E2E2E2E2E2E2E2E2E2E2F5F5F5ECF5F5F5ECECECECECECECECECECECECECECECECECECECECECECECECECECECECECECECE2ECF5F5F5F5F5F5F5E2E2E2E2F5F5F5
310
E2E2E2E2E2E2E2E2E2E6E2E2E2E2E2E2E2E2E2E2E2E2E2E2E2E2E2E2E2E2E2E2E2E2E2E2E2E2E2E2E2E2E2E2E2E2E2E2E2E2E2E2E2E2E2E2E2E2E2E2E2E2E2E2E2E2E2E2E2E2E2E2E2E2E2E2E2E2E2E2E2E2E2E2E2E2E2E2E2E2E2E2E2E2E2E2E2E2E2E2E2E2E2E2E2E2E2E2E2E2E2E2E2E2E2E2E2E2E2E2E2E2E2E2E2E2E2
310
E2E2E2E2E2E2E2E2E2E2E2E2E2E2E2E2E2E2E2E2E2E2E2E2E2E2E2E2E2E6E2E2E2E2E2E2E2E2F5F5F5E2E2E2E2E2E2E2E2E2E2E2E2E2E2E2E2E2E2E2E2E2E2E2E2E2E2E2E2E2E2E2E2E2E2F5F5F5F5F5F5F5F5E2ECE2ECECE2ECE2E2ECE2ECECE2ECE2E2ECE2ECECE2ECE2E2ECE2ECECE2ECF5F5F5F5F5F5F5F5F5F5F5F5F5
310
F5F5E2E2E2E2E2E2E2E2E2E6E2E2E2E2E2E2E2E2E2E2E2E2E2E2E2E2E2E2E2E2E2E2E2E2E2E2E2E2E2E2E2E2E2E2E2E2E2E2E2E2E2E2E2E2E2E2E2E2E2E2E2E2E2E2E2E2E2E2E2E2E2E2E2E2E2E2E2E2E2E2E2E2E2E2E2E2E2E2E2E2E2E2E2E2E2E2E2E2E2E2E2E2E2E2E2E2E2E2E2E2E2E2E2E2E2E2E2E2E2E2E2E2E2E2E2
310
E2E2E2E2E2E2E2E2E2E2E2E2E2E2E2E2E2E2E2E2E2E2E2E2E2E2E2E2E2E2E2E6E2E2E2E2E2E2E2E2F5F5F5F5F5F5F5F5F5F5F5F5F5F5F5F5F5F5F5F5F5F5F5F5F5F5F5F5F5F5F5F5F5F5F5F5F5F5F5F5F5F5F5F5F5F5ECECECECECECECECECECECECECECECECECECECECECECECECECECECECECECF5F5F5E2F5F5F5F5F5F5F5
310
F5F5F5F5E2E2E2E2E2E2E2E2E2E6E2E2E2E2E2E2E2E2E2E2E2E2E2E2E2E2E2E2E2E2E2E2E2E2E2E2E2E2E2E2E2E2E2E2E2E2E2E2E2E2E2E2E2E2E2E2E2E2E2E2E2E2E2E2E2E2E2E2E2E2E2E2E2E2E2E2E2E2E2E2E2E2E2E2E2E2E2E2E2E2E2E2E2E2E2E2E2E2E2E2E2E2E2E2E2E2E2E2E2E2E2E2E2E2E2E2E2E2E2E2E2E2E2
310
E2E2E2E2E2E2E2E2E2E2E2E2E2E2E2E2E2E2E2E2E2E2E2E2E2E2E2E2E2E2E2E2E2E6E2E2E2E2E2E2E2E2F5F5F5F5F5F5F5F5F5F5F5F5F5F5F5F5F5F5F5F5F5F5F5F5F5F5F5F5F5F5F5F5F5F5F5F5F5F5F5F5E2E2E2F5F5F5E2E2E2E2E2E2E2E2E2E2E2E2E2E2E2E2E2E2E2E2E2E2E2E2E2E2E2E2E2E2F5F5F5E2E2F5F5F5F5
310
F5F5F5F5F5F5E2E2E2E2E2E2E2E2E2E6E2E2E2E2E2E2E2E2E2E2E2E2E2E2E2E2E2E2E2E2E2E2E2E2E2E2E2E2E2E2E2E2E2E2E2E2E2E2E2E2E2E2E2E2E2E2E2E2E2E2E2E2E2E2E2E2E2E2E2E2E2E2E2E2E2E2E2E2E2E2E2E2E2E2E2E2E2E2E2E2E2E2E2E2E2E2E2E2E2E2E2E2E2E2E2E2E2E2E2E2E2E2E2E2E2E2E2E2E2E2E2
310
E2E2E2E2E2E2E2E2E2E2E2E2E2E2E2E2E2E2E2E2E2E2E2E2E2E2E2E2E2E2E2E2E2E2E2E6E2E2E2E2E2E2E2E2F5F5F5F5F5F5F5F5F5F5F5F5F5F5F5F5F5F5F5F5F5F5F5F5F5F5F5F5F5F5F5F5F5F5F5F5F5F5F5F5E2E2E2E2E2E2E2E2E2E2E2E2E2E2E2E2E2E2E2E2E2E2E2E2E2E2E2E2E2E2E2E2E2E2E2E2E2E2E2E2E2F5F5
310
F5E2E2E2E2F5F5F5E2E2E2E2E2E2E2E2E2E6E2E2E2E2E2E2E2E2E2E2E2E2E2E2E2E2E2E2E2E2E2E2E2E2E2E2E2E2E2E2E2E2E2E2E2E2E2E2E2E2E2E2E2E2E2E2E2E2E2E2E2E2E2E2E2E2E2E2E2E2E2E2E2E2E2E2E2E2E2E2E2E2E2E2E2E2E2E2E2E2E2E2E2E2E2E2E2E2E2E2E2E2E2E2E2E2E2E2E2E2E2E2E2E2E2E2E2E2E2
310
E2E2E2E2E2E2E2E2E2E2E2E2E2E2E2E2E2E2E2E2E2E2E2E2E2E2E2E2E2E2E2E2E2E2E2E2E2E6E2E2E2E2E2E2E2E2F5F5F5E2E2E2E2E2E2E2E2E2E2E2E2E2E2E2E2E2E2E2F5F5F5E2E2E2E2E2E2E2E2E2E2E2E2E2E2E2E2E2E2E2E2E2E2E2E2E2E2E2E2E2E2E2E2E2E2E2E2E2E2E2E2E2E2E2E2E2E2E2E2E2E2E2E2E2E2E2E2
310
E2E2E2E2E2E2E2F5F5F5E2E2E2E2E2E2E2E2E2E6E2E2E2E2E2E2E2E2E2E2E2E2E2E2E2E2E2E2E2E2E2E2E2E2E2E2E2E2E2E2E2E2E2E2E2E2E2E2E2E2E2E2E2E2E2E2E2E2E2E2E2E2E2E2E2E2E2E2E2E2E2E2E2E2E2E2E2E2E2E2E2E2E2E2E2E2E2E2E2E2E2E2E2E2E2E2E2E2E2E2E2E2E2E2E2E2E2E2E2E2E2E2E2E2E2E2E2
310
E2E2E2E2E2E2E2E2E2E2E2E2E2E2E2E2E2E2E2E2E2E2E2E2E2E2E2E2E2E2E2E2E2E2E2E2E2E2E2E6E2E2E2E2E2E2E2E2F5F5F5E2E2E2E2E2E2E2E2E2E2E2E2E2E2E2E2E2E2E2F5F5F5E2E2E2E2E2E2E2E2E2E2E2E2E2E2E2E2E2E2E2E2E2E2E2E2E2E2E2E2E2E2E2E2E2E2E2E2E2E2E2E2E2E2E2E2E2E2E2E2E2E2E2E2E2E2
310
E2E2E2E2E2E2E2E2E2F5F5F5E2E2E2E2E2E2E2E2E2E6E2E2E2E2E2E2E2E2E2E2E2E2E2E2E2E2E2E2E2E2E2E2E2E2E2E2E2E2E2E2E2E2E2E2E2E2E2E2E2E2E2E2E2E2E2E2E2E2E2E2E2E2E2E2E2E2E2E2E2E2E2E2E2E2E2E2E2E2E2E2E2E2E2E2E2E2E2E2E2E2E2E2E2E2E2E2E2E2E2E2E2E2E2E2E2E2E2E2E2E2E2E2E2E2E2
310
E2E2E2E2E2E2E2E2E2E2E2E2E2E2E2E2E2E2E2E2E2E2E2E2E2E2E2E2E2E2E2E2E2E2E2E2E2E2E2E2E6E6E2E2E2E2E2E2E2E2F5F5F5E2E2E2E2E2E2E2E2E2E2E2E2E2E2E2E2E2E2E2F5F5F5E2E2E2E2E2E2E2E2E2E2E2E2E2E2E2E2E2E2E2E2E2E2E2E2E2E2E2E2E2E2E2E2E2E2E2E2E2E2E2E2E2E2E2E2E2E2E2E2E2E2E2E2
310
E2E2E2E2E2E2E2E2E2E2E2F5F5F5E2E2E2E2E2E2E2E2E2E6E2E2E2E2E2E2E2E2E2E2E2E2E2E2E2E2E2E2E2E2E2E2E2E2E2E2E2E2E2E2E2E2E2E2E2E2E2E2E2E2E2E2E2E2E2E2E2E2E2E2E2E2E2E2E2E2E2E2E2E2E2E2E2E2E2E2E2E2E2E2E2E2E2E2E2E2E2E2E2E2E2E2E2E2E2E2E2E2E2E2E2E2E2E2E2E2E2E2E2E2E2E2E2
310
E2E2E2E2E2E2E2E2E2E2E2E2E2E2E2E2E2E2E2E2E2E2E2E2E2E2E2E2E2E2E2E2E2E2E2E2E2E2E2E2E2E2E6E6E2E2E2E2E2E2E2E2E6F5F5F5F5F5E2E2E2E2E2E2E2E2E2E2E2E2E2E2F5F5F5F5F5E2E2E2E2E2E2E2E2E2E2E2E2E2E2E2E2E2E2E2E2E2E2E2E2E2E2E2E2E2E2E2E2E2E2E2E2E2E2E2E2E2E2E2E2E2E2E2E2E2E2
310
E2E2E2E2E2E2E2E2E2E2E2E2E2F5F5F5E2E2E2E2E2E2E2E2E2E6E2E2E2E2E2E2E2E2E2E2E2E2E2E2E2E2E2E2E2E2E2E2E2E2E2E2E2E2E2E2E2E2E2E2E2E2E2E2E2E2E2E2E2E2E2E2E2E2E2E2E2E2E2E2E2E2E2E2E2E2E2E2E2E2E2E2E2E2E2E2E2E2E2E2E2E2E2E2E2E2E2E2E2E2E2E2E2E2E2E2E2E2E2E2E2E2E2E2E2E2E2
310
E2E2E2E2E2E2E2E2E2E2E2E2E2E2E2E2E2E2E2E2E2E2E2E2E2E2E2E2E2E2E2E2E2E2E2E2E2E2E2E2E2E2E2E2E2E6E2E2E2E2E2E2E2E2E2F5F5F5F5F5E2E2E2E2E2E2E2E2E2E2E2E2E2E2F5F5F5F5F5E2E2E2E2E2E2E2E2E2E2E2E2E2E2E2E2E2E2E2E2E2E2E2E2E2E2E2E2E2E2E2E2E2E2E2E2E2E2E2E2E2E2E2E2E2E2E2E2
310
E2E2E2E2E2E2E2E2E2E2E2E2E2E2E2F5F5F5E2E2E2E2E2E2E2E2E2E6E2E2E2E2E2E2E2E2E2E2E2E2E2E2E2E2E2E2E2E2E2E2E2E2E2E2E2E2E2E2E2E2E2E2E2E2E2E2E2E2E2E2E2E2E2E2E2E2E2E2E2E2E2E2E2E2E2E2E2E2E2E2E2E2E2E2E2E2E2E2E2E2E2E2E2E2E2E2E2E2E2E2E2E2E2E2E2E2E2E2E2E2E2E2E2E2E2E2E2
310
E2E2E2E2E2E2E2E2E2E2E2E2E2E2E2E2E2E2E2E2E2E2E2E2E2E2E2E2E2E2E2E2E2E2E2E2E2E2E2E2E2E2E2E2E2E2E6E6E6E6E6E6E6E6E6E6E2E2E6F5F5E2E2E2E2E2E2E2E2E2E2E2E2E2E2E2F5F5F5F5F5E2E2E2E2E2E2E2E2E2E2E2E2E2E2E2E2E2E2E2E2E2E2E2E2E2E2E2E2E2E2E2E2E2E2E2E2E2E2E2E2E2E2E2E2E2E2
310
E2E2E2E2E2E2E2E2E2E2E2E2E2E2E2E2E2F5F5F5E2E2E2E2E2E2E2E2E2E6E2E2E2E2E2E2E2E2E2E2E2E2E2E2E2E2E2E2E2E2E2E2E2E2E2E2E2E2E2E2E2E2E2E2E2E2E2E2E2E2E2E2E2E2E2E2E2E2E2E2E2E2E2E2E2E2E2E2E2E2E2E2E2E2E2E2E2E2E2E2E2E2E2E2E2E2E2E2E2E2E2E2E2E2E2E2E2E2E2E2E2E2E2E2E2E2E2
310
E2E2E2E2E2E2E2E2E2E2E2E2E2E2E2E2E2E2E2E2E2E2E2E2E2E2E2E2E2E2E2E2E2E2E2E2E2E2E2E2E2E2E2E2E2E2E2E2E2E6E2E2E2E2E2E2E2E2E6E2E2E2E2E2E2E2E2E2E2E2E2E2E2E2E2E2E2E2E2E2E2E2E2E2E2E2E2E2E2E2E2E2E2E2E2E2E2E2E2E2E2E2E2E2E2E2E2E2E2E2E2E2E2E2E2E2E2E2E2E2E2E2E2E2E2E2E2
310
E2E2E2E2E2E2E2E2E2E2E2E2E2E2E2E2E2E2E2F5F5F5E2E2E2E2E2E2E2E2E2E6E2E2E2E2E2E2E2E2E2E2E2E2E2E2E2E2E2E2E2E2E2E2E2E2E2E2E2E2E2E2E2E2E2E2E2E2E2E2E2E2E2E2E2E2E2E2E2E2E2E2E2E2E2E2E2E2E2E2E2E2E2E2E2E2E2E2E2E2E2E2E2E2E2E2E2E2E2E2E2E2E2E2E2E2E2E2E2E2E2E2E2E2E2E2E2
310
E2E2E2E2E2E2E2E2E2E2E2E2E2E2E2E2E2E2E2E2E2E2E2E2E2E2E2E2E2E2E2E2E2E2E2E2E2E2E2E2E2E2E2E2E2E2E2E2E2E2E6E6E2E2E2E2E2E2E2E2E6E2E2E2E2E2E2E2E2E2E2E2E2E2E2E2E2E2E2E2E2E2E2E2E2E2E2E2E2E2E2E2E2E2E2E2E2E2E2E2E2E2E2E2E2E2E2E2E2E2E2E2E2E2E2E2E2E2E2E2E2E2E2E2E2E2E2
310
E2E2E2E2E2E2E2E2E2E2E2E2E2E2E2E2E2E2E2E2E2F5F5F5E2E2E2E2E2E2E2E2E2E6E2E2E2E2E2E2E2E2E2E2E2E2E2E2E2E2E2E2E2E2E2E2E2E2E2E2E2E2E2E2E2E2E2E2E2E2E2E2E2E2E2E2E2E2E2E2E2E2E2E2E2E2E2E2E2E2E2E2E2E2E2E2E2E2E2E2E2E2E2E2E2E2E2E2E2E2E2E2E2E2E2E2E2E2E2E2E2E2E2E2E2E2E2
310
E2E2E2E2E2E2E2E2E2E2E2E2E2E2E2E2E2E2E2E2E2E2E2E2E2E2E2E2E2E2E2E2E2E2E2E2E2E2E2E2E2E2E2E2E2E2E2E2E2E2E2E2E6E6E2E2E2E2E2E2E2E2E6E2E2E2E2E2E2E2E2E2E2E2E2E2E2E2E2E2E2E2E2E2E2E2E2E2E2E2E2E2E2E2E2E2E2E2E2E2E2E2E2E2E2E2E2E2E2E2E2E2E2E2E2E2E2E2E2E2E2E2E2E2E2E2E2
310
E2E2E2E2E2E2E2E2E2E2E2E2E2E2E2E2E2E2E2E2E2E2E2F5F5F5E2E2E2E2E2E2E2E2E2E6E2E2E2E2E2E2E2E2E2E2E2E2E2E2E2E2E2E2E2E2E2E2E2E2E2E2E2E2E2E2E2E2E2E2E2E2E2E2E2E2E2E2E2E2E2E2E2E2E2E2E2E2E2E2E2E2E2E2E2E2E2E2E2E2E2E2E2E2E2E2E2E2E2E2E2E2E2E2E2E2E2E2E2E2E2E2E2E2E2E2E2
310
E2E2E2E2E2E2E2E2E2E2E2E2E2E2E2E2E2E2E2E2E2E2E2E2E2E2E2E2E2E2E2E2E2E2E2E2E2E2E2E2E2E2E2E2E2E2E2E2E2E2E2E2E2E2E2E6E2E2E2E2E2E2E2E2E6E2E2E2E2E2E2E2E2E2E2E2E2E2E2E2E2E2E2E2E2E2E2E2E2E2E2E2E2E2E2E2E2E2E2E2E2E2E2E2E2E2E2E2E2E2E2E2E2E2E2E2E2E2E2E2E2E2E2E2E2E2E2
310
E2E2E2E2E2E2E2E2E2E2E2E2E2E2E2E2E2E2E2E2E2E2E2E2E2F5F5F5E2E2E2E2E2E2E2E2E2E6E2E2E2E2E2E2E2E2E2E2E2E2E2E2E2E2E2E2E2E2E2E2E2E2E2E2E2E2E2E2E2E2E2E2E2E2E2E2E2E2E2E2E2E2E2E2E2E2E2E2E2E2E2E2E2E2E2E2E2E2E2E2E2E2E2E2E2E2E2E2E2E2E2E2E2E2E2E2E2E2E2E2E2E2E2E2E2E2E2
310
E2E2E2E2E2E2E2E2E2E2E2E2E2E2E2E2E2E2E2E2E2E2E2E2E2E2E2E2E2E2E2E2E2E2E2E2E2E2E2E2E2E2E2E2E2E2E2E2E2E2E2E2E2E2E2E2E2E6E2E2E2E2E2E2E2E2E6E2E2E2E2E2E2E2E2E2E2E2E2E2E2E2E2E2E2E2E2E2E2E2E2E2E2E2E2E2E2E2E2E2E2E2E2E2E2E2E2E2E2E2E2E2E2E2E2E2E2E2E2E2E2E2E2E2E2E2E2
310
E2E2E2E2E2E2E2E2E2E2E2E2E2E2E2E2E2E2E2E2E2E2E2E2E2E2E2F5F5F5E2E2E2E2E2E2E2E2E2E6E2E2E2E2E2E2E2E2E2E2E2E2E2E2E2E2E2E2E2E2E2E2E2E2E2E2E2E2E2E2E2E2E2E2E2E2E2E2E2E2E2E2E2E2E2E2E2E2E2E2E2E2E2E2E2E2E2E2E2E2E2E2E2E2E2E2E2E2E2E2E2E2E2E2E2E2E2E2E2E2E2E2E2E2E2E2E2
310
E2E2E2E2E2E2E2E2E2E2E2E2E2E2E2E2E2E2E2E2E2E2E2E2E2E2E2E2E2E2E2E2E2E2E2E2E2E2E2E2E2E2E2E2E2E2E2E2E2E2E2E2E2E2E2E2E2E2E2E6E2E2E2E2E2E2E2E2E6E2E2E2E2E2E2E2E2E2E2E2E2E2E2E2E2E2E2E2E2E2E2E2E2E2E2E2E2E2E2E2E2E2E2E2E2E2E2E2E2E2E2E2E2E2E2E2E2E2E2E2E2E2E2E2E2E2E2
310
E2E2E2E2E2E2E2E2E2E2E2E2E2E2E2E2E2E2E2E2E2E2E2E2E2E2E2E2E2F5F5F5E2E2E2E2E2E2E2E2E2E6E2E2E2E2E2E2E2E2E2E2E2E2E2E2E2E2E2E2E2E2E2E2E2E2E2E2E2E2E2E2E2E2E2E2E2E2E2E2E2E2E2E2E2E2E2E2E2E2E2E2E2E2E2E2E2E2E2E2E2E2E2E2E2E2E2E2E2E2E2E2E2E2E2E2E2E2E2E2E2E2E2E2E2E2E2
310
E2E2E2E2E2E2E2E2E2E2E2E2E2E2E2E2E2E2E2E2E2E2E2E2E2E2E2E2E2E2E2E2E2E2E2E2E2E2E2E2E2E2E2E2E2E2E2E2E2E2E2E2E2E2E2E2E2E2E2E2E2E6E2E2E2E2E2E2E2E2E6E2E2E2E2E2E2E2E2E2E2E2E2E2E2E2E2E2E2E2E2E2E2E2E2E2E2E2E2E2E2E2E2E2E2E2E2E2E2E2E2E2E2E2E2E2E2E2E2E2E2E2E2E2E2E2E2
310
E2E2E2E2E2E2E2E2E2E2E2E2E2E2E2E2E2E2E2E2E2E2E2E2E2E2E2E2E2E2E2F5F5F5E2E2E2E2E2E2E2E2E2E6E2E2E2E2E2E2E2E2E2E2E2E2E2E2E2E2E2E2E2E2E2E2E2E2E2E2E2E2E2E2E2E2E2E2E2E2E2E2E2E2E2E2E2E2E2E2E2E2E2E2E2E2E2E2E2E2E2E2E2E2E2E2E2E2E2E2E2E2E2E2E2E2E2E2E2E2E2E2E2E2E2E2E2
310
E2E2E2E2E2E2E2E2E2E2E2E2E2E2E2E2E2E2E2E2E2E2E2E2E2E2E2E2E2E2E2E2E2E2E2E2E2E2E2E2E2E2E2E2E2E2E2E2E2E2E2E2E2E2E2E2E2E2E2E2E2E2E2E6E2E2E2E2E2E2E2E2E6E2E2E2E2E2E2E2E2E2E2E2E2E2E2E2E2E2E2E2E2E2E2E2E2E2E2E2E2E2E2E2E2E2E2E2E2E2E2E2E2E2E2E2E2E2E2E2E2E2E2E2E2E2E2
310
E2E2E2E2E2E2E2E2E2E2E2E2E2E2E2E2E2E2E2E2E2E2E2E2E2E2E2E2E2E2E2E2E2F5F5F5E2E2E2E2E2E2E2E2E2E6E2E2E2E2E2E2E2E2E2E2E2E2E2E2E2E2E2E2E2E2E2E2E2E2E2E2E2E2E2E2E2E2E2E2E2E2E2E2E2E2E2E2E2E2E2E2E2E2E2E2E2E2E2E2E2E2E2E2E2E2E2E2E2E2E2E2E2E2E2E2E2E2E2E2E2E2E2E2E2E2E2
310
E2E2E2E2E2E2E2E2E2E2E2E2E2E2E2E2E2E2E2E2E2E2E2E2E2E2E2E2E2E2E2E2E2E2E2E2E2E2E2E2E2E2E2E2E2E2E2E2E2E2E2E2E2E2E2E2E2E2E2E2E2E2E2E2E2E6E2E2E2E2E2E2E2E2E6E2E2E2E2E2E2E2E2E2E2E2E2E2E2E2E2E2E2E2E2E2E2E2E2E2E2E2E2E2E2E2E2E2E2E2E2E2E2E2E2E2E2E2E2E2E2E2E2E2E2E2E2
310
E2E2E2E2E2E2E2E2E2E2E2E2E2E2E2E2E2E2E2E2E2E2E2E2E2E2E2E2E2E2E2E2E2E2E2F5F5F5E2E2E2E2E2E2E2E2E2E6E2E2E2E2E2E2E2E2E2E2E2E2E2E2E2E2E2E2E2E2E2E2E2E2E2E2E2E2E2E2E2E2E2E2E2E2E2E2E2E2E2E2E2E2E2E2E2E2E2E2E2E2E2E2E2E2E2E2E2E2E2E2E2E2E2E2E2E2E2E2E2E2E2E2E2E2E2E2E2
310
E2E2E2E2E2E2E2E2E2E2E2E2E2E2E2E2E2E2E2E2E2E2E2E2E2E2E2E2E2E2E2E2E2E2E2E2E2E2E2E2E2E2E2E2E2E2E2E2E2E2E2E2E2E2E2E2E2E2E2E2E2E2E2E2E2E2E2E6E2E2E2E2E2E2E2E2E6E2E2E2E2E2E2E2E2E2E2E2E2E2E2E2E2E2E2E2E2E2E2E2E2E2E2E2E2E2E2E2E2E2E2E2E2E2E2E2E2E2E2E2E2E2E2E2E2E2E2
310
E2E2E2E2E2E2E2E2E2E2E2E2E2E2E2E2E2E2E2E2E2E2E2E2E2E2E2E2E2E2E2E2E2E2E2E2E2F5F5F5E2E2E2E2E2E2E2E2E2E6E2E2E2E2E2E2E2E2E2E2E2E2E2E2E2E2E2E2E2E2E2E2E2E2E2E2E2E2E2E2E2E2E2E2E2E2E2E2E2E2E2E2E2E2E2E2E2E2E2E2E2E2E2E2E2E2E2E2E2E2E2E2E2E2E2E2E2E2E2E2E2E2E2E2E2E2E2
310
E2E2E2E2E2E2E2E2E2E2E2E2E2E2E2E2E2E2E2E2E2E2E2E2E2E2E2E2E2E2E2E2E2E2E2E2E2E2E2E2E2E2E2E2E2E2E2E2E2E2E2E2E2E2E2E2E2E2E2E2E2E2E2E2E2E2E2E2E2E6E2E2E2E2E2E2E2E2E6E2E2E2E2E2E2E2E2E2E2E2E2E2E2E2E2E2E2E2E2E2E2E2E2E2E2E2E2E2E2E2E2E2E2E2E2E2E2E2E2E2E2E2E2E2E2E2E2
310
E2E2E2E2E2E2E2E2E2E2E2E2E2E2E2E2E2E2E2E2E2E2E2E2E2E2E2E2E2E2E2E2E2E2E2E2E2E2E2F5F5F5E2E2E2E2E2E2E2E2E2E6E2E2E2E2E2E2E2E2E2E2E2E2E2E2E2E2E2E2E2E2E2E2E2E2E2E2E2E2E2E2E2E2E2E2E2E2E2E2E2E2E2E2E2E2E2E2E2E2E2E2E2E2E2E2E2E2E2E2E2E2E2E2E2E2E2E2E2E2E2E2E2E2E2E2E2
310
E2E2E2E2E2E2E2E2E2E2E2E2E2E2E2E2E2E2E2E2E2E2E2E2E2E2E2E2E2E2E2E2E2E2E2E2E2E2E2E2E2E2E2E2E2E2E2E2E2E2E2E2E2E2E2E2E2E2E2E2E2E2E2E2E2E2E6E6E6E6E2E6E2E2E2E2E2E2E2E2E6E2E2E2E2E2E2E2E2E2E2E2E2E2E2E2E2E2E2E2E2E2E2E2E2E2E2E2E2E2E2E2E2E2E2E2E2E2E2E2E2E2E2E2E2E2E2
310
E2E2E2E2E2E2E2E2E2E2E2E2E2E2E2E2E2E2E2E2E2E2E2E2E2E2E2E2E2E2E2E2E2E2E2E2E2E2E2E2E2F5F5F5E2E2E2E2E2E2E2E2E2E6E2E2E2E2E2E2E2E2E2E2E2E2E2E2E2E2E2E2E2E2E2E2E2E2E2E2E2E2E2E2E2E2E2E2E2E2E2E2E2E2E2E2E2E2E2E2E2E2E2E2E2E2E2E2E2E2E2E2E2E2E2E2E2E2E2E2E2E2E2E2E2E2E2
310
E2E2E2E2E2E2E2E2E2E2E2E2E2E2E2E2E2E2E2E2E2E2E2E2E2E2E2E2E2E2E2E2E2E2E2E2E2E2E2E2E2E2E2E2E2E2E2E2E2E2E2E2E2E2E2E2E2E2E2E2E2E2E2E2E2E2E2E2E6E6E6E6E2E6E2E2E2E2E2E2E2E2E6E2E2E2E2E2E2E2E2E2E2E2E2E2E2E2E2E2E2E2E2E2E2E2E2E2E2E2E2E2E2E2E2E2E2E2E2E2E2E2E2E2E2E2E2
310
E2E2E2E2E2E2E2E2E2E2E2E2E2E2E2E2E2E2E2E2E2E2E2E2E2E2E2E2E2E2E2E2E2E2E2E2E2E2E2E2E2E2E2F5F5F5E2E2E2E2E2E2E2E2E2E6E2E2E2E2E2E2E2E2E2E2E2E2E2E2E2E2E2E2E2E2E2E2E2E2E2E2E2E2E2E2E2E2E2E2E2E2E2E2E2E2E2E2E2E2E2E2E2E2E2E2E2E2E2E2E2E2E2E2E2E2E2E2E2E2E2E2E2E2E2E2E2
310
E2E2E2E2E2E2E2E2E2E2E2E2E2E2E2E2E2E2E2E2E2E2E2E2E2E2E2E2E2E2E2E2E2E2E2E2E2E2E2E2E2E2E2E2E2E2E2E2E2E2E2E2E2E2E2E2E2E2E2E2E2E2E2E2E2E2E2E2E2E2E6E6E6E6E2E6E2E2E2E2E2E2E2E2E6E2E2E2E2E2E2E2E2E2E2E2E2E2E2E2E2E2E2E2E2E2E2E2E2E2E2E2E2E2E2E2E2E2E2E2E2E2E2E2E2E2E2
310
E2E2E2E2E2E2E2E2E2E2E2E2E2E2E2E2E2E2E2E2E2E2E2E2E2E2E2E2E2E2E2E2E2E2E2E2E2E2E2E2E2E2E2E2E2F5F5F5E2E2E2E2E2E2E2E2E2E6E2E2E2E2E2E2E2E2E2E2E2E2E2E2E2E2E2E2E2E2E2E2E2E2E2E2E2E2E2E2E2E2E2E2E2E2E2E2E2E2E2E2E2E2E2E2E2E2E2E2E2E2E2E2E2E2E2E2E2E2E2E2E2E2E2E2E2E2E2
310
E2E2E2E2E2E2E2E2E2E2E2E2E2E2E2E2E2E2E2E2E2E2E2E2E2E2E2E2E2E2E2E2E2E2E2E2E2E2E2E2E2E2E2E2E2E2E2E2E2E2E2E2E2E2E2E2E2E2E2E2E2E2E2E2E2E2E2E2E2E2E2E2E6E6E6E6E2E6E2E2E2E2E2E2E2E2E6E2E2E2E2E2E2E2E2E2E2E2E2E2E2E2E2E2E2E2E2E2E2E2E2E2E2E2E2E2E2E2E2E2E2E2E2E2E2E2E2
310
E2E2E2E2E2E2E2E2E2E2E2E2E2E2E2E2E2E2E2E2E2E2E2E2E2E2E2E2E2E2E2E2E2E2E2E2E2E2E2E2E2E2E2E2E2E2E2F5F5F5E2E2E2E2E2E2E2E2E2E6E2E2E2E2E2E2E2E2E2E2E2E2E2E2E2E2E2E2E2E2E2E2E2E2E2E2E2E2E2E2E2E2E2E2E2E2E2E2E2E2E2E2E2E2E2E2E2E2E2E2E2E2E2E2E2E2E2E2E2E2E2E2E2E2E2E2E2
310
E2E2E2E2E2E2E2E2E2E2E2E2E2E2E2E2E2E2E2E2E2E2E2E2E2E2E2E2E2E2E2E2E2E2E2E2E2E2E2E2E2E2E2E2E2E2E2E2E2E2E2E2E2E2E2E2E2E2E2E2E2E2E2E2E2E2E2E2E2E2E2E2E2E2E6E6E6E6E2E6E2E2E2E2E2E2E2E2E6E2E2E2E2E2E2E2E2E2E2E2E2E2E2E2E2E2E2E2E2E2E2E2E2E2E2E2E2E2E2E2E2E2E2E2E2E2E2
310
E2E2E2E2E2E2E2E2E2E2E2E2E2E2E2E2E2E2E2E2E2E2E2E2E2E2E2E2E2E2E2E2E2E2E2E2E2E2E2E2E2E2E2E2E2E2E2E2E2F5F5F5E2E2E2E2E2E2E2E2E2E6E2E2E2E2E2E2E2E2E2E2E2E2E2E2E2E2E2E2E2E2E2E2E2E2E2E2E2E2E2E2E2E2E2E2E2E2E2E2E2E2E2E2E2E2E2E2E2E2E2E2E2E2E2E2E2E2E2E2E2E2E2E2E2E2E2
310
E2E2E2E2E2E2E2E2E2E2E2E2E2E2E2E2E2E2E2E2E2E2E2E2E2E2E2E2E2E2E2E2E2E2E2E2E2E2E2E2E2E2E2E2E2E2E2E2E2E2E2E2E2E2E2E2E2E2E2E2E2E2E2E2E2E2E2E2E2E2E2E2E2E2E2E2E6E6E6E6E2E6E2E2E2E2E2E2E2E2E6E2E2E2E2E2E2E2E2E2E2E2E2E2E2E2E2E2E2E2E2E2E2E2E2E2E2E2E2E2E2E2E2E2E2E2E2
310
E2E2E2E2E2E2E2E2E2E2E2E2E2E2E2E2E2E2E2E2E2E2E2E2E2E2E2E2E2E2E2E2E2E2E2E2E2E2E2E2E2E2E2E2E2E2E2E2E2E2E2F5F5F5E2E2E2E2E2E2E2E2E2E6E2E2E2E2E2E2E2E2E2E2E2E2E2E2E2E2E2E2E2E2E2E2E2E2E2E2E2E2E2E2E2E2E2E2E2E2E2E2E2E2E2E2E2E2E2E2E2E2E2E2E2E2E2E2E2E2E2E2E2E2E2E2E2
310
E2E2E2E2E2E2E2E2E2E2E2E2E2E2E2E2E2E2E2E2E2E2E2E2E2E2E2E2E2E2E2E2E2E2E2E2E2E2E2E2E2E2E2E2E2E2E2E2E2E2E2E2E2E2E2E2E2E2E2E2E2E2E2E2E2E2E2E2E2E2E2E2E2E2E2E2E2E2E2E2E2E2E2E6E2E2E2E2E2E2E2E2E6E2E2E2E2E2E2E2E2E2E2E2E2E2E2E2E2E2E2E2E2E2E2E2E2E2E2E2E2E2E2E2E2E2E2
310
E2E2E2E2E2E2E2E2E2E2E2E2E2E2E2E2E2E2E2E2E2E2E2E2E2E2E2E2E2E2E2E2E2E2E2E2E2E2E2E2E2E2E2E2E2E2E2E2E2E2E2E2E2F5F5F5E2E2E2E2E2E2E2E2E2E6E2E2E2E2E2E2E2E2E2E2E2E2E2E2E2E2E2E2E2E2E2E2E2E2E2E2E2E2E2E2E2E2E2E2E2E2E2E2E2E2E2E2E2E2E2E2E2E2E2E2E2E2E2E2E2E2E2E2E2E2E2
310
E2E2E2E2E2E2E2E2E2E2E2E2E2E2E2E2E2E2E2E2E2E2E2E2E2E2E2E2E2E2E2E2E2E2E2E2E2E2E2E2E2E2E2E2E2E2E2E2E2E2E2E2E2E2E2E2E2E2E2E2E2E2E2E2E2E2E2E2E2E2E2E2E2E2E2E2E2E2E2E2E2E2E2E2E2E6E2E2E2E2E2E2E2E2E6E2E2E2E2E2E2E2E2E2E2E2E2E2E2E2E2E2E2E2E2E2E2E2E2E2E2E2E2E2E2E2E2
310
E2E2E2E2E2E2E2E2E2E2E2E2E2E2E2E2E2E2E2E2E2E2E2E2E2E2E2E2E2E2E2E2E2E2E2E2E2E2E2E2E2E2E2E2E2E2E2E2F5F5F5F5F5E2E2F5F5F5E2E2E2E2E2E2E2E2E2E6E2E2E2E2E2E2E2E2E2E2E2E2E2E2E2E2E2E2E2E2E2E2E2E2E2E2E2E2E2E2E2E2E2E2E2E2E2E2E2E2E2E2E2E2E2E2E2E2E2E2E2E2E2E2E2E2E2E2E2
310
E2E2E2E2E2E2E2E2E2E2E2E2E2E2E2E2E2E2E2E2E2E2E2E2E2E2E2E2E2E2E2E2E2E2E2E2E2E2E2E2E2E2E2E2E2E2E2E2E2E2E2E2E2E2E2E2E2E2E2E2E2E2E2E2E2E2E2E2E2E2E2E2E2E2E2E2E2E2E2E2E2E2E2E2E2E2E2E6E2E2E2E2E2E2E2E2E6E2E2E2E2E2E2E2E2E2E2E2E2E2E2E2E2E2E2E2E2E2E2E2E2E2E2E2E2E2E2
310
E2E2E2E2E2E2E2E2E2E2E2E2E2E2E2E2E2E2E2E2E2E2E2E2E2E2E2E2E2E2E2E2E2E2E2E2E2E2E2E2E2E2E2E2E2E2E2E2E2E2F5F5F5F5F5F5E2F5F5F5E2E2E2E2E2E2E2E2E2E6E2E2E2E2E2E2E2E2E2E2E2E2E2E2E2E2E2E2E2E2E2E2E2E2E2E2E2E2E2E2E2E2E2E2E2E2E2E2E2E2E2E2E2E2E2E2E2E2E2E2E2E2E2E2E2E2E2
310
E2E2E2E2E2E2E2E2E2E2E2E2E2E2E2E2E2E2E2E2E2E2E2E2E2E2E2E2E2E2E2E2E2E2E2E2E2E2E2E2E2E2E2E2E2E2E2E2E2E2E2E2E2E2E2E2E2E2E2E2E2E2E2E2E2E2E2E2E2E2E2E2E2E2E2E2E2E2E2E2E2E2E2E2E2E2E2E2E2E6E2E2E2E2E2E2E2E2E6E2E2E2E2E2E2E2E2E2E2E2E2E2E2E2E2E2E2E2E2E2E2E2E2E2E2E2E2
310
E2E2E2E2E2E2E2E2E2E2E2E2E2E2E2E2E2E2E2E2E2E2E2E2E2E2E2E2E2E2E2E2E2E2E2E2E2E2E2E2E2E2E2E2E2E2E2E2E2E2E2E2F5F5F5F5F5F5F5F5F5F5E2E2E2E2E2E2E2E2E2E6E2E2E2E2E2E2E2E2E2E2E2E2E2E2E2E2E2E2E2E2E2E2E2E2E2E2E2E2E2E2E2E2E2E2E2E2E2E2E2E2E2E2E2E2E2E2E2E2E2E2E2E2E2E2E2
310
E2E2E2E2E2E2E2E2E2E2E2E2E2E2E2E2E2E2E2E2E2E2E2E2E2E2E2E2E2E2E2E2E2E2E2E2E2E2E2E2E2E2E2E2E2E2E2E2E2E2E2E2E2E2E2E2E2E2E2E2E2E2E2E2E2E2E2E2E2E2E2E2E2E2E2E2E2E2E2E2E2E2E2E2E2E2E2E2E2E2E2E6E2E2E2E2E2E2E2E2E6E2E2E2E2E2E2E2E2E2E2E2E2E2E2E2E2E2E2E2E2E2E2E2E2E2E2
310
E2E2E2E2E2E2E2E2E2E2E2E2E2E2E2E2E2E2E2E2E2E2E2E2E2E2E2E2E2E2E2E2E2E2E2E2E2E2E2E2E2E2E2E2E2E2E2E2E2E2E2E2E2E2F5F5F5E2F5F5F5F5F5F5E2E2E2E2E2E2E2E2E2E6E2E2E2E2E2E2E2E2E2E2E2E2E2E2E2E2E2E2E2E2E2E2E2E2E2E2E2E2E2E2E2E2E2E2E2E2E2E2E2E2E2E2E2E2E2E2E2E2E2E2E2E2E2
310
E2E2E2E2E2E2E2E2E2E2E2E2E2E2E2E2E2E2E2E2E2E2E2E2E2E2E2E2E2E2E2E2E2E2E2E2E2E2E2E2E2E2E2E2E2E2E2E2E2E2E2E2E2E2E2E2E2E2E2E2E2E2E2E2E2E2E2E2E2E2E2E2E2E2E2E2E2E2E2E2E2E2E2E2E2E2E2E2E2E2E2E2E2E6E2E2E2E2E2E2E2E2E6E2E2E2E2E2E2E2E2E2E2E2E2E2E2E2E2E2E2E2E2E2E2E2E2
310
E2E2E2E2E2E2E2E2E2E2E2E2E2E2E2E2E2E2E2E2E2E2E2E2E2E2E2E2E2E2E2E2E2E2E2E2E2E2E2E2E2E2E2E2E2E2E2E2E2E2E2E2E2E2E2E2E2E2E2E2E2E2F5F5F5F5E2E2E2E2E2E2E2E2E2E6E2E2E2E2E2E2E2E2E2E2E2E2E2E2E2E2E2E2E2E2E2E2E2E2E2E2E2E2E2E2E2E2E2E2E2E2E2E2E2E2E2E2E2E2E2E2E2E2E2E2E2
310
E2E2E2E2E2E2E2E2E2E2E2E2E2E2E2E2E2E2E2E2E2E2E2E2E2E2E2E2E2E2E2E2E2E2E2E2E2E2E2E2E2E2E2E2E2E2E2E2E2E2E2E2E2E2E2E2E2E2E2E2E2E2E2E2E2E2E2E2E2E2E2E2E2E2E2E2E2E2E2E2E2E2E2E2E2E2E2E2E2E2E2E2E2E2E2E6E2E2E2E2E2E2E2E2E6E2E2E2E2E2E2E2E2E2E2E2E2E2E2E2E2E2E2E2E2E2E2
310
E2E2E2E2E2E2E2E2E2E2E2E2E2E2E2E2E2E2E2E2E2E2E2E2E2E2E2E2E2E2E2E2E2E2E2E2E2E2E2E2E2E2E2E2E2E2E2E2E2E2E2E2E2E2E2E2E2E2E2E2E2E2E2E2E2F5F5F5E2E2E2E2E2E2E2E2E2E6E2E2E2E2E2E2E2E2E2E2E2E2E2E2E2E2E2E2E2E2E2E2E2E2E2E2E2E2E2E2E2E2E2E2E2E2E2E2E2E2E2E2E2E2E2E2E2E2E2
310
E2E2E2E2E2E2E2E2E2E2E2E2E2E2E2E2E2E2E2E2E2E2E2E2E2E2E2E2E2E2E2E2E2E2E2E2E2E2E2E2E2E2E2E2E2E2E2E2E2E2E2E2E2E2E2E2E2E2E2E2E2E2E2E2E2E2E2E2E2E2E2E2E2E2E2E2E2E2E2E2E2E2E2E2E2E2E2E2E2E2E2E2E2E2E2E2E2E6E2E2E2E2E2E2E2E2E6E2E2E2E2E2E2E2E2E2E2E2E2E2E2E2E2E2E2E2E2
310
E2E2E2E2E2E2E2E2E2E2E2E2E2E2E2E2E2E2E2E2E2E2E2E2E2E2E2E2E2E2E2E2E2E2E2E2E2E2E2E2E2E2E2E2E2E2E2E2E2E2E2E2E2E2E2E2E2E2E2E2E2E2E2E2E2E2E2F5F5F5E2E2E2E2E2E2E2E2E2E6E2E2E2E2E2E2E2E2E2E2E2E2E2E2E2E2E2E2E2E2E2E2E2E2E2E2E2E2E2E2E2E2E2E2E2E2E2E2E2E2E2E2E2E2E2E2E2
310
E2E2E2E2E2E2E2E2E2E2E2E2E2E2E2E2E2E2E2E2E2E2E2E2E2E2E2E2E2E2E2E2E2E2E2E2E2E2E2E2E2E2E2E2E2E2E2E2E2E2E2E2E2E2E2E2E2E2E2E2E2E2E2E2E2E2E2E2E2E2E2E2E2E2E2E2E2E2E2E2E2E2E2E2E2E2E2E2E2E2E2E2E2E2E2E2E2E2E2E6E2E2E2E2E2E2E2E2E6E2E2E2E2E2E2E2E2E2E2E2E2E2E2E2E2E2E2
310
E2E2E2E2E2E2E2E2E2E2E2E2E2E2E2E2E2E2E2E2E2E2E2E2E2E2E2E2E2E2E2E2E2E2E2E2E2E2E2E2E2E2E2E2E2E2E2E2E2E2E2E2E2E2E2E2E2E2E2E2E2E2E2F5F5E2E2F5F5F5F5E6E2E2E2E2E2E2E2E2E2E6E2E2E2E2E2E2E2E2E2E2E2E2E2E2E2E2E2E2E2E2E2E2E2E2E2E2E2E2E2E2E2E2E2E2E2E2E2E2E2E2E2E2E2E2E2
310
E2E2E2E2E2E2E2E2E2E2E2E2E2E2E2E2E2E2E2E2E2E2E2E2E2E2E2E2E2E2E2E2E2E2E2E2E2E2E2E2E2E2E2E2E2E2E2E2E2E2E2E2E2E2E2E2E2E2E2E2E2E2E2E2E2E2E2E2E2E2E2E2E2E2E2E2E2E2E2E2E2E2E2E2E2E2E2E2E2E2E2E2E2E2E2E2E2E2E2E2E6E6E2E2E2E2E2E2E2E2E6E2E2E2E2E2E2E2E2E2E2E2E2E2E2E2E2
310
E2E2E2E2E2E2E2E2E2E2E2E2E2E2E2E2E2E2E2E2E2E2E2E2E2E2E2E2E2E2E2E2E2E2E2E2E2E2E2E2E2E2E2E2E2E2E2E2E2E2E2E2E2E2E2E2E2E2E2E2E2E2E2E2F5F5F5F5F5F5F5F5F5E2E2E2E2E2E2E2E2E2E6E6E2E2E2E2E2E2E2E2E2E2E2E2E2E2E2E2E2E2E2E2E2E2E2E2E2E2E2E2E2E2E2E2E2E2E2E2E2E2E2E2E2E2E2
310
E2E2E2E2E2E2E2E2E2E2E2E2E2E2E2E2E2E2E2E2E2E2E2E2E2E2E2E2E2E2E2E2E2E2E2E2E2E2E2E2E2E2E2E2E2E2E2E2E2E2E2E2E2E2E2E2E2E2E2E2E2E2E2E2E2E2E2E2E2E2E2E2E2E2E2E2E2E2E2E2E2E2E2E2E2E2E2E2E2E2E2E2E2E2E2E2E2E2E2E2E2E2E6E6E2E2E2E2E2E2E2E2E6E2E2E2E2E2E2E2E2E2E2E2E2E2E2
310
E2E2E2E2E2E2E2E2E2E2E2E2E2E2E2E2E2E2E2E2E2E2E2E2E2E2E2E2E2E2E2E2E2E2E2E2E2E2E2E2E2E2E2E2E2E2E2E2E2E2E2E2E2E2E2E2E2E2E2E2E2E2E2E2E2E2F5F5F5F5F5F5F5E2E2E2E2E2E2E2E2E2E2E2E6E6E2E2E2E2E2E2E2E2E2E2E2E2E2E2E2E2E2E2E2E2E2E2E2E2E2E2E2E2E2E2E2E2E2E2E2E2E2E2E2E2E2
310
E2E2E2E2E2E2E2E2E2E2E2E2E2E2E2E2E2E2E2E2E2E2E2E2E2E2E2E2E2E2E2E2E2E2E2E2E2E2E2E2E2E2E2E2E2E2E2E2E2E2E2E2E2E2E2E2E2E2E2E2E2E2E2E2E2E2E2E2E2E2E2E2E2E2E2E2E2E2E2E2E2E2E2E2E2E2E2E2E2E2E2E2E2E2E2E2E2E2E2E2E2E2E2E2E2E6E2E2E2E2E2E2E2E2E6E2E2E2E2E2E2E2E2E2E2E2E2
310
E2E2E2E2E2E2E2E2E2E2E2E2E2E2E2E2E2E2E2E2E2E2E2E2E2E2E2E2E2E2E2E2E2E2E2E2E2E2E2E2E2E2E2E2E2E2E2E2E2E2E2E2E2E2E2E2E2E2E2E2E2E2E2E2E2E2E2E2E6F5F5F5F5F5E2E2E2E6E2E2E2E2E2E2E2E2E2E6E2E2E2E2E2E2E2E2E2E2E2E2E2E2E2E2E2E2E2E2E2E2E2E2E2E2E2E2E2E2E2E2E2E2E2E2E2E2E2
310
E2E2E2E2E2E2E2E2E2E2E2E2E2E2E2E2E2E2E2E2E2E2E2E2E2E2E2E2E2E2E2E2E2E2E2E2E2E2E2E2E2E2E2E2E2E2E2E2E2E2E2E2E2E2E2E2E2E2E2E2E2E2E2E2E2E2E2E2E2E2E2E2E2E2E2E2E2E2E2E2E2E2E2E2E2E2E2E2E2E2E2E2E2E2E2E2E2E2E2E2E2E2E2E2E2E2E6E6E6E6E6E6E6E6E6E6E6E6E6E6E6E6E6E6E6E6E6
310
E6E6E6E6E6E6E6E6E6E6E6E6E6E6E6E6E6E6E6E6E6E6E6E6E6E6E6E6E6E6E6E6E6E6E6E6E6E6E6E6E6E6E6E6E6E6E6E6E6E6E6E6E6E6E6E6E6E6E6E6E6E6E6E6E6E6E6E6E6E2F5E6F5E6E2E2E6E6E6E6E6E6E6E6E6E6E6E6E6E6E2E2E2E2E2E2E2E2E2E2E2E2E2E2E2E2E2E2E2E2E2E2E2E2E2E2E2E2E2E2E2E2E2E2E2E2E2
310
E2E2E2E2E2E2E2E2E2E2E2E2E2E2E2E2E2E2E2E2E2E2E2E2E2E2E2E2E2E2E2E2E2E2E2E2E2E2E2E2E2E2E2E2E2E2E2E2E2E2E2E2E2E2E2E2E2E2E2E2E2E2E2E2E2E2E2E2E2E2E2E2E2E2E2E2E2E2E2E2E2E2E2E2E2E2E2E2E2E2E2E2E2E2E2E2E2E2E2E2E2E2E2E2E2E2E2E2E2E2E2E2E2E2E2E2E2E2E6E2E2E2E2E2E2E2E2
310
E2E2E2E2E2E2E2E2E2E2E2E2E2E2E2E2E2E2E2E2E2E2E2E2E2E2E2E2E2E2E2E2E2E2E2E2E2E2E2E2E2E2E2E2E2E2E2E2E2E2E2E2E2E2E2E2E2E2E2E2E2E2E2E2E2E2E2E2E2E2E2E2E2E2E2E2E2E2E2E2E2E6E2E2E2E2E2E2E2E2E2E2E2E2E2E2E2E2E2E2E2E2E2E2E2E2E2E2E2E2E2E2E2E2E2E2E2E2E2E2E2E2E2E2E2E2E2
310
E2E2E2E2E2E2E2E2E2E2E2E2E2E2E2E2E2E2E2E2E2E2E2E2E2E2E2E2E2E2E2E2E2E2E2E2E2E2E2E2E2E2E2E2E2E2E2E2E2E2E2E2E2E2E2E2E2E2E2E2E2E2E2E2E2E2E2E2E2E2E2E2E2E2E2E2E2E2E2E2E2E2E2E2E2E2E2E2E2E2E2E2E2E2E2E2E2E2E2E2E2E2E2E2E2E2E2E2E2E2E2E2E2E2E2E2E2E2E2E2E6E2E2E2E2E2E2
310
E2E2E2E2E2E2E2E2E2E2E2E2E2E2E2E2E2E2E2E2E2E2E2E2E2E2E2E2E2E2E2E2E2E2E2E2E2E2E2E2E2E2E2E2E2E2E2E2E2E2E2E2E2E2E2E2E2E2E2E2E2E2E2E2E2E2E2E2E2E2E2E2E2E2E6E2E2E2E2E2E2E2E2E6E2E2E2E2E2E2E2E2E2E2E2E2E2E2E2E2E2E2E2E2E2E2E2E2E2E2E2E2E2E2E2E2E2E2E2E2E2E2E2E2E2E2E2
310
E2E2E2E2E2E2E2E2E2E2E2E2E2E2E2E2E2E2E2E2E2E2E2E2E2E2E2E2E2E2E2E2E2E2E2E2E2E2E2E2E2E2E2E2E2E2E2E2E2E2E2E2E2E2E2E2E2E2E2E2E2E2E2E2E2E2E2E2E2E2E2E2E2E2E2E2E2E2E2E2E2E2E2E2E2E2E2E2E2E2E2E2E2E2E2E2E2E2E2E2E2E2E2E2E2E2E2E2E2E2E2E2E2E2E2E2E2E2E2E2E2E2E6E2E2E2E2
310
E2E2E2E2E2E2E2E2E2E2E2E2E2E2E2E2E2E2E2E2E2E2E2E2E2E2E2E2E2E2E2E2E2E2E2E2E2E2E2E2E2E2E2E2E2E2E2E2E2E2E2E2E2E2E2E2E2E2E2E2E2E2E2E2E2E2E2E2E2E2E2E2E2E2E2E2E6E2E2E2E2E2E2E2E2E6E2E2E2E2E2E2E2E2E2E2E2E2E2E2E2E2E2E2E2E2E2E2E2E2E2E2E2E2E2E2E2E2E2E2E2E2E2E2E2E2E2
310
E2E2E2E2E2E2E2E2E2E2E2E2E2E2E2E2E2E2E2E2E2E2E2E2E2E2E2E2E2E2E2E2E2E2E2E2E2E2E2E2E2E2E2E2E2E2E2E2E2E2E2E2E2E2E2E2E2E2E2E2E2E2E2E2E2E2E2E2E2E2E2E2E2E2E2E2E2E2E2E2E2E2E2E2E2E2E2E2E2E2E2E2E2E2E2E2E2E2E2E2E2E2E2E2E2E2E2E2E2E2E2E2E2E2E2E2E2E2E2E2E2E2E2E2E6E2E2
310
E2E2E2E2E2E2E2E2E2E2E2E2E2E2E2E2E2E2E2E2E2E2E2E2E2E2E2E2E2E2E2E2E2E2E2E2E2E2E2E2E2E2E2E2E2E2E2E2E2E2E2E2E2E2E2E2E2E2E2E2E2E2E2E2E2E2E2E2E2E2E2E2E2E2E2E2E2E2E6E2E2E2E2E2E2E2E2E6E2E2E2E2E2E2E2E2E2E2E2E2E2E2E2E2E2E2E2E2E2E2E2E2E2E2E2E2E2E2E2E2E2E2E2E2E2E2E2
310
E2E2E2E2E2E2E2E2E2E2E2E2E2E2E2E2E2E2E2E2E2E2E2E2E2E2E2E2E2E2E2E2E2E2E2E2E2E2E2E2E2E2E2E2E2E2E2E2E2E2E2E2E2E2E2E2E2E2E2E2E2E2E2E2E2E2E2E2E2E2E2E2E2E2E2E2E2E2E2E2E2E2E2E2E2E2E2E2E2E2E2E2E2E2E2E2E2E2E2E2E2E2E2E2E2E2E2E2E2E2E2E2E2E2E2E2E2E2E2E2E2E2E2E2E2E2E6
310
E2E2E2E2E2E2E2E2E2E2E2E2E2E2E2E2E2E2E2E2E2E2E2E2E2E2E2E2E2E2E2E2E2E2E2E2E2E2E2E2E2E2E2E2E2E2E2E2E2E2E2E2E2E2E2E2E2E2E2E2E2E2E2E2E2E2E2E2E2E2E2E2E2E2E2E2E2E2E2E2E6E2E2E2E2E2E2E2E2E6E2E2E2E2E2E2E2E2E2E2E2E2E2E2E2E2E2E2E2E2E2E2E2E2E2E2E2E2E2E2E2E2E2E2E2E2E2
310
E2E2E2E2E2E2E2E2E2E2E2E2E2E2E2E2E2E2E2E2E2E2E2E2E2E2E2E2E2E2E2E2E2E2E2E2E2E2E2E2E2E2E2E2E2E2E2E2E2E2E2E2E2E2E2E2E2E2E2E2E2E2E2E2E2E2E2E2E2E2E2E2E2E2E2E2E2E2E2E2E2E2E2E2E2E2E2E2E2E2E2E2E2E2E2E2E2E2E2E2E2E2E2E2E2E2E2E2E2E2E2E2E2E2E2E2E2E2E2E2E2E2E2E2E2E2E2
310
E2E6E2E2E2E2E2E2E2E2E2E2E2E2E2E2E2E2E2E2E2E2E2E2E2E2E2E2E2E2E2E2E2E2E2E2E2E2E2E2E2E2E2E2E2E2E2E2E2E2E2E2E2E2E2E2E2E2E2E2E2E2E2E2E2E2E2E2E2E2E2E2E2E2E2E2E2E2E2E2E2E2E6E2E2E2E2E2E2E2E2E6E2E2E2E2E2E2E2E2E2E2E2E2E2E2E2E2E2E2E2E2E2E2E2E2E2E2E2E2E2E2E2E2E2E2E2
310
E2E2E2E2E2E2E2E2E2E2E2E2E2E2E2E2E2E2E2E2E2E2E2E2E2E2E2E2E2E2E2E2E2E2E2E2E2E2E2E2E2E2E2E2E2E2E2E2E2E2E2E2E2E2E2E2E2E2E2E2E2E2E2E2E2E2E2E2E2E2E2E2E2E2E2E2E2E2E2E2E2E2E2E2E2E2E2E2E2E2E2E2E2E2E2E2E2E2E2E2E2E2E2E2E2E2E2E2E2E2E2E2E2E2E2E2E2E2E2E2E2E2E2E2E2E2E2
310
E2E2E2E6E2E2E2E2E2E2E2E2E2E2E2E2E2E2E2E2E2E2E2E2E2E2E2E2E2E2E2E2E2E2E2E2E2E2E2E2E2E2E2E2E2E2E2E2E2E2E2E2E2E2E2E2E2E2E2E2E2E2E2E2E2E2E2E2E2E2E2E2E2E2E2E2E2E2E2E2E2E2E2E2E6E2E2E2E2E2E2E2E2E6E2E2E2E2E2E2E2E2E2E2E2E2E2E2E2E2E2E2E2E2E2E2E2E2E2E2E2E2E2E2E2E2E2
310
E2E2E2E2E2E2E2E2E2E2E2E2E2E2E2E2E2E2E2E2E2E2E2E2E2E2E2E2E2E2E2E2E2E2E2E2E2E2E2E2E2E2E2E2E2E2E2E2E2E2E2E2E2E2E2E2E2E2E2E2E2E2E2E2E2E2E2E2E2E2E2E2E2E2E2E2E2E2E2E2E2E2E2E2E2E2E2E2E2E2E2E2E2E2E2E2E2E2E2E2E2E2E2E2E2E2E2E2E2E2E2E2E2E2E2E2E2E2E2E2E2E2E2E2E2E2E2
310
E2E2E2E2E2E6E2E2E2E2E2E2E2E2E2E2E2E2E2E2E2E2E2E2E2E2E2E2E2E2E2E2E2E2E2E2E2E2E2E2E2E2E2E2E2E2E2E2E2E2E2E2E2E2E2E2E2E2E2E2E2E2E2E2E2E2E2E2E2E2E2E2E2E2E2E2E2E2E2E2E2E2E2E2E2E2E6E2E2E2E2E2E2E2E2E6E2E2E2E2E2E2E2E2E2E2E2E2E2E2E2E2E2E2E2E2E2E2E2E2E2E2E2E2E2E2E2
310
E2E2E2E2E2E2E2E2E2E2E2E2E2E2E2E2E2E2E2E2E2E2E2E2E2E2E2E2E2E2E2E2E2E2E2E2E2E2E2E2E2E2E2E2E2E2E2E2E2E2E2E2E2E2E2E2E2E2E2E2E2E2E2E2E2E2E2E2E2E2E2E2E2E2E2E2E2E2E2E2E2E2E2E2E2E2E2E2E2E2E2E2E2E2E2E2E2E2E2E2E2E2E2E2E2E2E2E2E2E2E2E2E2E2E2E2E2E2E2E2E2E2E2E2E2E2E2
310
E2E2E2E2E2E2E2E6E6E6E6E6E6E6E6E6E6E6E6E6E6E6E6E6E6E6E6E6E6E6E6E6E6E6E6E6E6E6E6E6E6E6E6E6E6E6E6E6E6E6E6E6E6E6E6E6E6E6E6E6E6E6E6E6E6E6E6E6E6E6E6E6E6E6E6E6E6E6E6E6E6E6E6E6E6E6E6E6E6E6E6E6E6E6E6E6E6E6E2E2E2E2E2E2E2E2E2E2E2E2E2E2E2E2E2E2E2E2E2E2E2E2E2E2E2E2E2
310
E2E2E2E2E2E2E2E2E2E2E2E2E2E2E2E2E2E2E2E2E2E2E2E2E2E2E2E2E2E2E2E2E2E2E2E2E2E2E2E2E2E2E2E2E2E2E2E2E2E2E2E2E2E2E2E2E2E2E2E2E2E2E2E2E2E2E2E2E2E2E2E2E2E2E2E2E2E2E2E2E2E2E2E2E2E2E2E2E2E2E2E2E2E2E2E2E2E2E2E2E2E2E2E2E2E2E2E2E2E2E2E2E2E2E2E2E2E2E2E2E2E2E2E2E2E2E2
310
E2E2E2E2E2E2E2E2E2E6E2E6E6E2E2E2E2E2E2E2E2E2E2E2E2E2E2E2E2E2E2E2E2E2E2E2E2E2E2E2E2E2E2E2E2E2E2E6E6E6E6E6E6E2E2E2E2E2E2E2E2E2E2E2E2E2E2E2E2E2E2E2E2E2E2E2E2E2E2E2E2E2E2E2E2E2E2E6E6E2E6E2E6E6E6E6E6E6E2E6E2E2E2E2E2E2E2E2E2E2E2E2E2E2E2E2E2E2E2E2E2E2E2E2E2E2E2
310
E2E2E2E2E2E2E2E2E2E2E2E2E2E2E2E2E2E2E2E2E2E2E2E2E2E2E2E2E2E2E2E2E2E2E2E2E2E2E2E2E2E2E2E2E2E2E2E2E2E2E2E2E2E2E2E2E2E2E2E2E2E2E2E2E2E2E2E2E2E2E2E2E2E2E2E2E2E2E2E2E2E2E2E2E2E2E2E2E2E2E2E2E2E2E2E2E2E2E2E2E2E2E2E2E2E2E2E2E2E2E2E2E2E2E2E2E2E2E2E2E2E2E2E2E2E2E2
310
E2E2E2E2E2E2E2E2E2E2E2E2E2E2E2E2E2E2E2E2E2E2E2E2E2E2E2E2E2E2E2E2E2E2E2E2E2E2E2E2E2E2E2E2E2E2E2E2E2E6E6E6E6E6E6E2E2E2E2E2E2E2E2E2E2E2E2E2E2E2E2E2E2E2E2E2E2E2E2E2E2E2E2E2E2E2E2E2E2E2E2E2E2E2E6E6E6E6E6E2E2E2E2E2E2E2E2E2E2E2E2E2E2E2E2E2E2E2E2E2E2E2E2E2E2E2E2
310
E2E2E2E2E2E2E2E2E2E2E2E2E2E2E2E2E2E2E2E2E2E2E2E2E2E2E2E2E2E2E2E2E2E2E2E2E2E2E2E2E2E2E2E2E2E2E2E2E2E2E2E2E2E2E2E2E2E2E2E2E2E2E2E2E2E2E2E2E2E2E2E2E2E2E2E2E2E2E2E2E2E2E2E2E2E2E2E2E2E2E2E2E2E2E2E2E2E2E2E2E2E2E2E2E2E2E2E2E2E2E2E2E2E2E2E2E2E2E2E2E2E2E2E2E2E2E2
310
E2E2E2E2E2E2E2E2E2E2E2E2E2E2E2E2E2E2E2E2E2E2E2E2E2E2E2E2E2E2E2E2E2E2E2E2E2E2E2E2E2E2E2E2E2E2E2E2E2E2E2E6E6E6E6E6E6E2E2E2E2E2E2E2E2E2E2E2E2E2E2E2E2E2E2E2E2E2E2E2E2E2E2E2E2E2E2E2E2E2E2E2E2E2E2E2E6E6E6E6E6E2E2E2E2E2E2E2E2E2E2E2E2E2E2E2E2E2E2E2E2E2E2E2E2E2E2
310
E2E2E2E2E2E2E2E2E2E2E2E2E2E2E2E2E2E2E2E2E2E2E2E2E2E2E2E2E2E2E2E2E2E2E2E2E2E2E2E2E2E2E2E2E2E2E2E2E2E2E2E2E2E2E2E2E2E2E2E2E2E2E2E2E2E2E2E2E2E2E2E2E2E2E2E2E2E2E2E2E2E2E2E2E2E2E2E2E2E2E2E2E2E2E2E2E2E2E2E2E2E2E2E2E2E2E2E2E2E2E2E2E2E2E2E2E2E2E2E2E2E2E2E2E2E2E2
310
E2E2E2E2E2E2E2E2E2E2E2E2E2E2E2E2E2E2E2E2E2E2E2E2E2E2E2E2E2E2E2E2E2E2E2E2E2E2E2E2E2E2E2E2E2E2E2E2E2E2E2E2E2E6E6E6E6E6E6E2E2E2E2E2E2E2E2E2E2E2E2E2E2E2E2E2E2E2E2E2E2E2E2E2E2E2E2E2E2E2E2E2E2E2E2E2E2E2E6E6E6E6E6E2E2E2E2E2E2E2E2E2E2E2E2E2E2E2E2E2E2E2E2E2E2E2E2
310
E2E2E2E2E2E2E2E2E2E2E2E2E2E2E2E2E2E2E2E2E2E2E2E2E2E2E2E2E2E2E2E2E2E2E2E2E2E2E2E2E2E2E2E2E2E2E2E2E2E2E2E2E2E2E2E2E2E2E2E2E2E2E2E2E2E2E2E2E2E2E2E2E2E2E2E2E2E2E2E2E2E2E2E2E2E2E2E2E2E2E2E2E2E2E2E2E2E2E2E2E2E2E2E2E2E2E2E2E2E2E2E2E2E2E2E2E2E2E2E2E2E2E2E2E2E2E2
310
E2E2E2E2E2E2E2E2E2E2E2E2E2E2E2E2E2E2E2E2E2E2E2E2E2E2E2E2E2E2E2E2E2E2E2E2E2E2E2E2E2E2E2E2E2E2E2E2E2E2E2E2E2E2E2E2E2E2E2E2E2E2E2E2E2E2E2E2E2E2E2E2E2E2E2E2E2E2E2E2E2E2E2E2E2E2E2E2E2E2E2E2E2E2E2E2E2E2E2E2E2E2E2E2E2E2E2E2E2E2E2E2E2E2E2E2E2E2E2E2E2E2E2E2E2E2E2
310
E2E2E2E2E2E2E2E2E2E2E2E2E2E2E2E2E2E2E2E2E2E2E2E2E2E2E2E2E2E2E2E2E2E2E2E2E2E2E2E2E2E2E2E2E2E2E2E2E2E2E2E2E2E2E2E2E2E2E2E2E2E2E2E2E2E2E2E2E2E2E2E2E2E2E2E2E2E2E2E2E2E2E2E2E2E2E2E2E2E2E2E2E2E2E2E2E2E2E2E2E2E2E2E2E2E2E2E2E2E2E2E2E2E2E2E2E2E2E2E2E2E2E2E2E2E2E2
310
E2E2E2E2E2E2E2E2E2E2E2E2E2E2E2E2E2E2E2E2E2E2E2E2E2E2E2E2E2E2E2E2E2E2E2E2E2E2E2E2E2E2E2E2E2E2E2E2E2E2E2E2E2E2E2E2E2E2E2E2E2E2E2E2E2E2E2E2E2E2E2E2E2E2E2E2E2E2E2E2E2E2E2E2E2E2E2E2E2E2E2E2E2E2E2E2E2E2E2E2E2E2E2E2E2E2E2E2E2E2E2E2E2E2E2E2E2E2E2E2E2E2E2E2E2E2E2
310
E2E2E2E2E2E2E2E2E2E2E2E2E2E2E2E2E2E2E2E2E2E2E2E2E2E2E2E2E2E2E2E2E2E2E2E2E2E2E2E2E2E2E2E2E2E2E2E2E2E2E2E2E2E2E2E2E2E2E2E2E2E2E2E2E2E2E2E2E2E2E2E2E2E2E2E2E2E2E2E2E2E2E2E2E2E2E2E2E2E2E2E2E2E2E2E2E2E2E2E2E2E2E2E2E2E2E2E2E2E2E2E2E2E2E2E2E2E2E2E2E2E2E2E2E2E2E2
310
E2E2E2E2E2E2E2E2E2E2E2E2E2E2E2E2E2E2E2E2E2E2E2E2E2E2E2E2E2E2E2E2E2E2E2E2E2E2E2E2E2E2E2E2E2E2E2E2E2E2E2E2E2E2E2E2E2E2E2E2E2E2E2E2E2E2E2E2E2E2E2E2E2E2E2E2E2E2E2E2E2E2E2E2E2E2E2E2E2E2E2E2E2E2E2E2E2E2E2E2E2E2E2E2E2E2E2E2E2E2E2E2E2E2E2E2E2E2E2E2E2E2E2E2E2E2E2
310
E2E2E2E2E2E2E2E2E2E2E2E2E2E2E2E2E2E2E2E2E2E2E2E2E2E2E2E2E2E2E2E2E2E2E2E2E2E2E2E2E2E2E2E2E2E2E2E2E2E2E2E2E2E2E2E2E2E2E2E2E2E2E2E2E2E2E2E2E2E2E2E2E2E2E2E2E2E2E2E2E2E2E2E2E2E2E2E2E2E2E2E2E2E2E2E2E2E2E2E2E2E2E2E2E2E2E2E2E2E2E2E2E2E2E2E2E2E2E2E2E2E2E2E2E2E2E2
310
E2E2E2E2E2E2E2E2E2E2E2E2E2E2E2E2E2E2E2E2E2E2E2E2E2E2E2E2E2E2E2E2E2E2E2E2E2E2E2E2E2E2E2E2E2E2E2E2E2E2E2E2E2E2E2E2E2E2E2E2E2E2E2E2E2E2E2E2E2E2E2E2E2E2E2E2E2E2E2E2E2E2E2E2E2E2E2E2E2E2E2E2E2E2E2E2E2E2E2E2E2E2E2E2E2E2E2E2E2E2E2E2E2E2E2E2E2E2E2E2E2E2E2E2E2E2E2
310
E2E2E2E2E2E2E2E2E2E2E2E2E2E2E2E2E2E2E2E2E2E2E2E2E2E2E2E2E2E2E2E2E2E2E2E2E2E2E2E2E2E2E2E2E2E2E2E2E2E2E2E2E2E2E2E2E2E2E2E2E2E2E2E2E2E2E2E2E2E2E2E2E2E2E2E2E2E2E2E2E2E2E2E2E2E2E2E2E2E2E2E2E2E2E2E2E2E2E2E2E2E2E2E2E2E2E2E2E2E2E2E2E2E2E2E2E2E2E2E2E2E2E2E2E2E2E2
310
E2E2E2E2E2E2E2E2E2E2E2E2E2E2E2E2E2E2E2E2E2E2E2E2E2E2E2E2E2E2E2E2E2E2E2E2E2E2E2E2E2E2E2E2E2E2E2E2E2E2E2E2E2E2E2E2E2E2E2E2E2E2E2E2E2E2E2E2E2E2E2E2E2E2E2E2E2E2E2E2E2E2E2E2E2E2E2E2E2E2E2E2E2E2E2E2E2E2E2E2E2E2E2E2E2E2E2E2E2E2E2E2E2E2E2E2E2E2E2E2E2E2E2E2E2E2E2
310
E2E2E2E2E2E2E2E2E2E2E2E2E2E2E2E2E2E2E2E2E2E2E2E2E2E2E2E2E2E2E2E2E2E2E2E2E2E2E2E2E2E2E2E2E2E2E2E2E2E2E2E2E2E2E2E2E2E2E2E2E2E2E2E2E2E2E2E2E2E2E2E2E2E2E2E2E2E2E2E2E2E2E2E2E2E2E2E2E2E2E2E2E2E2E2E2E2E2E2E2E2E2E2E2E2E2E2E2E2E2E2E2E2E2E2E2E2E2E2E2E2E2E2E2E2E2E2
310
E2E2E2E2E2E2E2E2E2E2E2E2E2E2E2E2E2E2E2E2E2E2E2E2E2E2E2E2E2E2E2E2E2E2E2E2E2E2E2E2E2E2E2E2E2E2E2E2E2E2E2E2E2E2E2E2E2E2E2E2E2E2E2E2E2E2E2E2E2E2E2E2E2E2E2E2E2E2E2E2E2E2E2E2E2E2E2E2E2E2E2E2E2E2E2E2E2E2E2E2E2E2E2E2E2E2E2E2E2E2E2E2E2E2E2E2E2E2E2E2E2E2E2E2E2E2E2
310
E2E2E2E2E2E2E2E2E2E2E2E2E2E2E2E2E2E2E2E2E2E2E2E2E2E2E2E2E2E2E2E2E2E2E2E2E2E2E2E2E2E2E2E2E2E2E2E2E2E2E2E2E2E2E2E2E2E2E2E2E2E2E2E2E2E2E2E2E2E2E2E2E2E2E2E2E2E2E2E2E2E2E2E2E2E2E2E2E2E2E2E2E2E2E2E2E2E2E2E2E2E2E2E2E2E2E2E2E2E2E2E2E2E2E2E2E2E2E2E2E2E2E2E2E2E2E2
310
E2E2E2E2E2E2E2E2E2E2E2E2E2E2E2E2E2E2E2E2E2E2E2E2E2E2E2E2E2E2E2E2E2E2E2E2E2E2E2E2E2E2E2E2E2E2E2E2E2E2E2E2E2E2E2E2E2E2E2E2E2E2E2E2E2E2E2E2E2E2E2E2E2E2E2E2E2E2E2E2E2E2E2E2E2E2E2E2E2E2E2E2E2E2E2E2E2E2E2E2E2E2E2E2E2E2E2E2E2E2E2E2E2E2E2E2E2E2E2E2E2E2E2E2E2E2E2
310
E2E2E2E2E2E2E2E2E2E2E2E2E2E2E2E2E2E2E2E2E2E2E2E2E2E2E2E2E2E2E2E2E2E2E2E2E2E2E2E2E2E2E2E2E2E2E2E2E2E2E2E2E2E2E2E2E2E2E2E2E2E2E2E2E2E2E2E2E2E2E2E2E2E2E2E2E2E2E2E2E2E2E2E2E2E2E2E2E2E2E2E2E2E2E2E2E2E2E2E2E2E2E2E2E2E2E2E2E2E2E2E2E2E2E2E2E2E2E2E2E2E2E2E2E2E2E2
310
E2E2E2E2E2E2E2E2E2E2E2E2E2E2E2E2E2E2E2E2E2E2E2E2E2E2E2E2E2E2E2E2E2E2E2E2E2E2E2E2E2E2E2E2E2E2E2E2E2E2E2E2E2E2E2E2E2E2E2E2E2E2E2E2E2E2E2E2E2E2E2E2E2E2E2E2E2E2E2E2E2E2E2E2E2E2E2E2E2E2E2E2E2E2E2E2E2E2E2E2E2E2E2E2E2E2E2E2E2E2E2E2E2E2E2E2E2E2E2E2E2E2E2E2E2E2E2
310
E2E2E2E2E2E2E2E2E2E2E2E2E2E2E2E2E2E2E2E2E2E2E2E2E2E2E2E2E2E2E2E2E2E2E2E2E2E2E2E2E2E2E2E2E2E2E2E2E2E2E2E2E2E2E2E2E2E2E2E2E2E2E2E2E2E2
  0
XRECORD
  5
351
102
{ACAD_REACTORS
330
350
102
}
330
350
100
AcDbXrecord
280
     1
102
MATERIAL
148
0.0
149
0.0
149
0.0
 93
        0
 94
      127
282
     0
 72
     1
 77
     1
171
     1
175
     1
179
     1
273
     0
  0
XRECORD
  5
34F
102
{ACAD_REACTORS
330
34E
102
}
330
34E
100
AcDbXrecord
280
     1
102
MATERIAL
148
0.0
149
0.0
149
0.0
 93
        0
 94
      127
282
     0
 72
     1
 77
     1
171
     1
175
     1
179
     1
273
     0
  0
XRECORD
  5
352
102
{ACAD_REACTORS
330
173
102
}
330
173
100
AcDbXrecord
280
     1
102
MATERIAL
148
0.0
149
0.0
149
0.0
 93
        0
 94
      127
282
     0
 72
     1
 77
     1
171
     1
175
     1
179
     1
273
     0
  0
XRECORD
  5
175
102
{ACAD_REACTORS
330
173
102
}
330
173
100
AcDbXrecord
280
     1
270
     1
271
     1
  0
XRECORD
  5
174
102
{ACAD_REACTORS
330
173
102
}
330
173
100
AcDbXrecord
280
     1
270
     1
271
     1
  0
XRECORD
  5
176
102
{ACAD_REACTORS
330
173
102
}
330
173
100
AcDbXrecord
280
     1
270
     1
271
     1
  0
XRECORD
  5
177
102
{ACAD_REACTORS
330
173
102
}
330
173
100
AcDbXrecord
280
     1
270
     1
271
     1
  0
XRECORD
  5
2DED
102
{ACAD_REACTORS
330
2DEC
102
}
330
2DEC
100
AcDbXrecord
280
     1
102
DISPLAYNAME
  1
Metric50
102
FLAGS
 90
        0
  0
CELLSTYLEMAP
  5
2DB5
102
{ACAD_REACTORS
330
162
102
}
330
162
100
AcDbCellStyleMap
 90
        3
300
CELLSTYLE
  1
TABLEFORMAT_BEGIN
 90
        5
170
     1
 91
        0
 92
    32768
 62
   257
 93
        1
300
CONTENTFORMAT
  1
CONTENTFORMAT_BEGIN
 90
        0
 91
        0
 92
      512
 93
        0
300

 40
0.0
140
1.0
 94
        5
 62
     0
340
11
144
6.0
309
CONTENTFORMAT_END
171
     1
301
MARGIN
  1
CELLMARGIN_BEGIN
 40
1.5
 40
1.5
 40
1.5
 40
1.5
 40
0.18
 40
0.18
309
CELLMARGIN_END
 94
        6
 95
        1
302
GRIDFORMAT
  1
GRIDFORMAT_BEGIN
 90
        0
 91
        1
 62
     0
 92
       -2
340
14
 93
        0
 40
1.125
309
GRIDFORMAT_END
 95
        2
302
GRIDFORMAT
  1
GRIDFORMAT_BEGIN
 90
        0
 91
        1
 62
     0
 92
       -2
340
14
 93
        0
 40
1.125
309
GRIDFORMAT_END
 95
        4
302
GRIDFORMAT
  1
GRIDFORMAT_BEGIN
 90
        0
 91
        1
 62
     0
 92
       -2
340
14
 93
        0
 40
1.125
309
GRIDFORMAT_END
 95
        8
302
GRIDFORMAT
  1
GRIDFORMAT_BEGIN
 90
        0
 91
        1
 62
     0
 92
       -2
340
14
 93
        0
 40
1.125
309
GRIDFORMAT_END
 95
       16
302
GRIDFORMAT
  1
GRIDFORMAT_BEGIN
 90
        0
 91
        1
 62
     0
 92
       -2
340
14
 93
        0
 40
1.125
309
GRIDFORMAT_END
 95
       32
302
GRIDFORMAT
  1
GRIDFORMAT_BEGIN
 90
        0
 91
        1
 62
     0
 92
       -2
340
14
 93
        0
 40
1.125
309
GRIDFORMAT_END
309
TABLEFORMAT_END
  1
CELLSTYLE_BEGIN
 90
        1
 91
        1
300
_TITLE
309
CELLSTYLE_END
300
CELLSTYLE
  1
TABLEFORMAT_BEGIN
 90
        5
170
     1
 91
        0
 92
        0
 62
   257
 93
        1
300
CONTENTFORMAT
  1
CONTENTFORMAT_BEGIN
 90
        0
 91
        0
 92
      512
 93
        0
300

 40
0.0
140
1.0
 94
        5
 62
     0
340
11
144
4.5
309
CONTENTFORMAT_END
171
     1
301
MARGIN
  1
CELLMARGIN_BEGIN
 40
1.5
 40
1.5
 40
1.5
 40
1.5
 40
0.18
 40
0.18
309
CELLMARGIN_END
 94
        6
 95
        1
302
GRIDFORMAT
  1
GRIDFORMAT_BEGIN
 90
        0
 91
        1
 62
     0
 92
       -2
340
14
 93
        0
 40
1.125
309
GRIDFORMAT_END
 95
        2
302
GRIDFORMAT
  1
GRIDFORMAT_BEGIN
 90
        0
 91
        1
 62
     0
 92
       -2
340
14
 93
        0
 40
1.125
309
GRIDFORMAT_END
 95
        4
302
GRIDFORMAT
  1
GRIDFORMAT_BEGIN
 90
        0
 91
        1
 62
     0
 92
       -2
340
14
 93
        0
 40
1.125
309
GRIDFORMAT_END
 95
        8
302
GRIDFORMAT
  1
GRIDFORMAT_BEGIN
 90
        0
 91
        1
 62
     0
 92
       -2
340
14
 93
        0
 40
1.125
309
GRIDFORMAT_END
 95
       16
302
GRIDFORMAT
  1
GRIDFORMAT_BEGIN
 90
        0
 91
        1
 62
     0
 92
       -2
340
14
 93
        0
 40
1.125
309
GRIDFORMAT_END
 95
       32
302
GRIDFORMAT
  1
GRIDFORMAT_BEGIN
 90
        0
 91
        1
 62
     0
 92
       -2
340
14
 93
        0
 40
1.125
309
GRIDFORMAT_END
309
TABLEFORMAT_END
  1
CELLSTYLE_BEGIN
 90
        2
 91
        1
300
_HEADER
309
CELLSTYLE_END
300
CELLSTYLE
  1
TABLEFORMAT_BEGIN
 90
        5
170
     1
 91
        0
 92
        0
 62
   257
 93
        1
300
CONTENTFORMAT
  1
CONTENTFORMAT_BEGIN
 90
        0
 91
        0
 92
      512
 93
        0
300

 40
0.0
140
1.0
 94
        2
 62
     0
340
11
144
4.5
309
CONTENTFORMAT_END
171
     1
301
MARGIN
  1
CELLMARGIN_BEGIN
 40
1.5
 40
1.5
 40
1.5
 40
1.5
 40
0.18
 40
0.18
309
CELLMARGIN_END
 94
        6
 95
        1
302
GRIDFORMAT
  1
GRIDFORMAT_BEGIN
 90
        0
 91
        1
 62
     0
 92
       -2
340
14
 93
        0
 40
1.125
309
GRIDFORMAT_END
 95
        2
302
GRIDFORMAT
  1
GRIDFORMAT_BEGIN
 90
        0
 91
        1
 62
     0
 92
       -2
340
14
 93
        0
 40
1.125
309
GRIDFORMAT_END
 95
        4
302
GRIDFORMAT
  1
GRIDFORMAT_BEGIN
 90
        0
 91
        1
 62
     0
 92
       -2
340
14
 93
        0
 40
1.125
309
GRIDFORMAT_END
 95
        8
302
GRIDFORMAT
  1
GRIDFORMAT_BEGIN
 90
        0
 91
        1
 62
     0
 92
       -2
340
14
 93
        0
 40
1.125
309
GRIDFORMAT_END
 95
       16
302
GRIDFORMAT
  1
GRIDFORMAT_BEGIN
 90
        0
 91
        1
 62
     0
 92
       -2
340
14
 93
        0
 40
1.125
309
GRIDFORMAT_END
 95
       32
302
GRIDFORMAT
  1
GRIDFORMAT_BEGIN
 90
        0
 91
        1
 62
     0
 92
       -2
340
14
 93
        0
 40
1.125
309
GRIDFORMAT_END
309
TABLEFORMAT_END
  1
CELLSTYLE_BEGIN
 90
        3
 91
        2
300
_DATA
309
CELLSTYLE_END
  0
XRECORD
  5
2DB7
102
{ACAD_REACTORS
330
162
102
}
330
162
100
AcDbXrecord
280
     1
102
ACAD_ROUNDTRIP_PRE2007_TABLESTYLE
 90
      512
 91
        0
  1

 92
      512
 93
        0
  2

 94
      512
 95
        0
  3

  0
XRECORD
  5
2DC3
102
{ACAD_REACTORS
330
2DC2
102
}
330
2DC2
100
AcDbXrecord
280
     1
102
RTVSPost2010Prop28
280
     1
102
RTVSPost2010PropOp28
 70
     1
102
RTVSPost2010Prop29
280
     1
102
RTVSPost2010PropOp29
 70
     1
102
RTVSPost2010Prop30
280
     0
102
RTVSPost2010PropOp30
 70
     1
102
RTVSPost2010Prop31
280
     0
102
RTVSPost2010PropOp31
 70
     1
102
RTVSPost2010Prop32
280
     0
102
RTVSPost2010PropOp32
 70
     1
102
RTVSPost2010Prop33
280
     0
102
RTVSPost2010PropOp33
 70
     1
102
RTVSPost2010Prop34
280
     0
102
RTVSPost2010PropOp34
 70
     1
102
RTVSPost2010Prop35
280
     0
102
RTVSPost2010PropOp35
 70
     1
102
RTVSPost2010Prop36
280
     0
102
RTVSPost2010PropOp36
 70
     1
102
RTVSPost2010Prop37
 90
       50
102
RTVSPost2010PropOp37
 70
     1
102
RTVSPost2010Prop38
140
0.0
102
RTVSPost2010PropOp38
 70
     1
102
RTVSPost2010Prop39
140
1.0
102
RTVSPost2010PropOp39
 70
     1
102
RTVSPost2010Prop40
 90
        0
102
RTVSPost2010PropOp40
 70
     1
102
RTVSPost2010Prop41ColorIndex
 90
       18
102
RTVSPost2010Prop41ColorRGB
 90
        0
102
RTVSPost2010PropOp41
 70
     1
102
RTVSPost2010Prop42
 90
       50
102
RTVSPost2010PropOp42
 70
     1
102
RTVSPost2010Prop43
 90
        3
102
RTVSPost2010PropOp43
 70
     1
102
RTVSPost2010Prop44ColorIndex
 90
        5
102
RTVSPost2010Prop44ColorRGB
 90
      255
102
RTVSPost2010PropOp44
 70
     1
102
RTVSPost2010Prop45
280
     0
102
RTVSPost2010PropOp45
 70
     1
102
RTVSPost2010Prop46
 90
       50
102
RTVSPost2010PropOp46
 70
     1
102
RTVSPost2010Prop47
 90
       50
102
RTVSPost2010PropOp47
 70
     1
102
RTVSPost2010Prop48
 90
       50
102
RTVSPost2010PropOp48
 70
     1
102
RTVSPost2010Prop49
280
     0
102
RTVSPost2010PropOp49
 70
     1
102
RTVSPost2010Prop50
 90
       50
102
RTVSPost2010PropOp50
 70
     1
102
RTVSPost2010Prop51ColorIndex
 90
      256
102
RTVSPost2010Prop51ColorRGB
 90
-16777216
102
RTVSPost2010PropOp51
 70
     0
102
RTVSPost2010Prop52
140
1.0
102
RTVSPost2010PropOp52
 70
     0
102
RTVSPost2010Prop53
 90
        2
102
RTVSPost2010PropOp53
 70
     1
102
RTVSPost2010Prop54
  1
strokes_ogs.tif
102
RTVSPost2010PropOp54
 70
     1
102
RTVSPost2010Prop55
280
     0
102
RTVSPost2010PropOp55
 70
     1
102
RTVSPost2010Prop56
140
1.0
102
RTVSPost2010PropOp56
 70
     1
102
RTVSPost2010Prop57
140
1.0
102
RTVSPost2010PropOp57
 70
     1
102
RTVSPropertyOp0
 70
     1
102
RTVSPropertyOp1
 70
     1
102
RTVSPropertyOp2
 70
     1
102
RTVSPropertyOp3
 70
     1
102
RTVSPropertyOp4
 70
     1
102
RTVSPropertyOp5
 70
     1
102
RTVSPropertyOp6
 70
     1
102
RTVSPropertyOp7
 70
     1
102
RTVSPropertyOp8
 70
     1
102
RTVSPropertyOp9
 70
     1
102
RTVSPropertyOp10
 70
     1
102
RTVSPropertyOp11
 70
     1
102
RTVSPropertyOp12
 70
     1
102
RTVSPropertyOp13
 70
     1
102
RTVSPropertyOp14
 70
     1
102
RTVSPropertyOp15
 70
     1
102
RTVSPropertyOp16
 70
     1
102
RTVSPropertyOp17
 70
     1
102
RTVSPropertyOp18
 70
     1
102
RTVSPropertyOp19
 70
     1
102
RTVSPropertyOp20
 70
     1
102
RTVSPropertyOp21
 70
     1
102
RTVSPropertyOp22
 70
     1
102
RTVSPropertyOp23
 70
     1
102
RTVSPropertyOp24
 70
     1
102
RTVSPropertyOp25
 70
     1
102
RTVSPropertyOp26
 70
     1
102
RTVSPropertyOp27
 70
     1
102
RTVSPropertyOp28
 70
     1
102
RTVSPropertyOp29
 70
     1
102
RTVSPropertyOp30
 70
     1
102
RTVSPropertyOp31
 70
     1
102
RTVSPropertyOp32
 70
     1
102
RTVSPropertyOp33
 70
     1
102
RTVSPropertyOp34
 70
     1
102
RTVSPropertyOp35
 70
     1
102
RTVSPropertyOp36
 70
     1
102
RTVSPropertyOp37
 70
     1
102
RTVSPropertyOp38
 70
     1
102
RTVSPropertyOp39
 70
     1
102
RTVSPropertyOp40
 70
     1
102
RTVSPropertyOp41
 70
     1
102
RTVSPropertyOp42
 70
     1
102
RTVSPropertyOp43
 70
     1
102
RTVSPropertyOp44
 70
     1
102
RTVSPropertyOp45
 70
     1
102
RTVSPropertyOp46
 70
     1
102
RTVSPropertyOp47
 70
     1
102
RTVSPropertyOp48
 70
     1
102
RTVSPropertyOp49
 70
     1
102
RTVSPropertyOp50
 70
     1
102
RTVSPropertyOp51
 70
     0
102
RTVSPropertyOp52
 70
     0
102
RTVSPropertyOp53
 70
     1
102
RTVSPropertyOp54
 70
     1
102
RTVSPropertyOp55
 70
     1
102
RTVSPropertyOp56
 70
     1
102
RTVSPropertyOp57
 70
     1
102
RTVSPropertyOp58
 70
     1
102
RTVSPropertyOp59
 70
     1
102
RTVSPropertyOp60
 70
     1
102
RTVSPropertyOp61
 70
     1
102
RTVSPropertyOp62
 70
     1
  0
XRECORD
  5
2DC7
102
{ACAD_REACTORS
330
2DC6
102
}
330
2DC6
100
AcDbXrecord
280
     1
102
RTVSPost2010Prop28
280
     0
102
RTVSPost2010PropOp28
 70
     1
102
RTVSPost2010Prop29
280
     1
102
RTVSPost2010PropOp29
 70
     1
102
RTVSPost2010Prop30
280
     1
102
RTVSPost2010PropOp30
 70
     1
102
RTVSPost2010Prop31
280
     0
102
RTVSPost2010PropOp31
 70
     1
102
RTVSPost2010Prop32
280
     0
102
RTVSPost2010PropOp32
 70
     1
102
RTVSPost2010Prop33
280
     0
102
RTVSPost2010PropOp33
 70
     1
102
RTVSPost2010Prop34
280
     0
102
RTVSPost2010PropOp34
 70
     1
102
RTVSPost2010Prop35
280
     0
102
RTVSPost2010PropOp35
 70
     1
102
RTVSPost2010Prop36
280
     0
102
RTVSPost2010PropOp36
 70
     1
102
RTVSPost2010Prop37
 90
       50
102
RTVSPost2010PropOp37
 70
     1
102
RTVSPost2010Prop38
140
0.0
102
RTVSPost2010PropOp38
 70
     1
102
RTVSPost2010Prop39
140
1.0
102
RTVSPost2010PropOp39
 70
     1
102
RTVSPost2010Prop40
 90
        0
102
RTVSPost2010PropOp40
 70
     1
102
RTVSPost2010Prop41ColorIndex
 90
       18
102
RTVSPost2010Prop41ColorRGB
 90
        0
102
RTVSPost2010PropOp41
 70
     1
102
RTVSPost2010Prop42
 90
       50
102
RTVSPost2010PropOp42
 70
     1
102
RTVSPost2010Prop43
 90
        3
102
RTVSPost2010PropOp43
 70
     1
102
RTVSPost2010Prop44ColorIndex
 90
        5
102
RTVSPost2010Prop44ColorRGB
 90
      255
102
RTVSPost2010PropOp44
 70
     1
102
RTVSPost2010Prop45
280
     0
102
RTVSPost2010PropOp45
 70
     1
102
RTVSPost2010Prop46
 90
       50
102
RTVSPost2010PropOp46
 70
     1
102
RTVSPost2010Prop47
 90
       50
102
RTVSPost2010PropOp47
 70
     1
102
RTVSPost2010Prop48
 90
       50
102
RTVSPost2010PropOp48
 70
     1
102
RTVSPost2010Prop49
280
     0
102
RTVSPost2010PropOp49
 70
     1
102
RTVSPost2010Prop50
 90
       50
102
RTVSPost2010PropOp50
 70
     1
102
RTVSPost2010Prop51ColorIndex
 90
      256
102
RTVSPost2010Prop51ColorRGB
 90
-16777216
102
RTVSPost2010PropOp51
 70
     0
102
RTVSPost2010Prop52
140
1.0
102
RTVSPost2010PropOp52
 70
     0
102
RTVSPost2010Prop53
 90
        2
102
RTVSPost2010PropOp53
 70
     1
102
RTVSPost2010Prop54
  1
strokes_ogs.tif
102
RTVSPost2010PropOp54
 70
     1
102
RTVSPost2010Prop55
280
     0
102
RTVSPost2010PropOp55
 70
     1
102
RTVSPost2010Prop56
140
1.0
102
RTVSPost2010PropOp56
 70
     1
102
RTVSPost2010Prop57
140
1.0
102
RTVSPost2010PropOp57
 70
     1
102
RTVSPropertyOp0
 70
     1
102
RTVSPropertyOp1
 70
     1
102
RTVSPropertyOp2
 70
     1
102
RTVSPropertyOp3
 70
     1
102
RTVSPropertyOp4
 70
     1
102
RTVSPropertyOp5
 70
     1
102
RTVSPropertyOp6
 70
     1
102
RTVSPropertyOp7
 70
     1
102
RTVSPropertyOp8
 70
     1
102
RTVSPropertyOp9
 70
     1
102
RTVSPropertyOp10
 70
     1
102
RTVSPropertyOp11
 70
     1
102
RTVSPropertyOp12
 70
     1
102
RTVSPropertyOp13
 70
     1
102
RTVSPropertyOp14
 70
     1
102
RTVSPropertyOp15
 70
     1
102
RTVSPropertyOp16
 70
     1
102
RTVSPropertyOp17
 70
     1
102
RTVSPropertyOp18
 70
     1
102
RTVSPropertyOp19
 70
     1
102
RTVSPropertyOp20
 70
     1
102
RTVSPropertyOp21
 70
     1
102
RTVSPropertyOp22
 70
     1
102
RTVSPropertyOp23
 70
     1
102
RTVSPropertyOp24
 70
     1
102
RTVSPropertyOp25
 70
     1
102
RTVSPropertyOp26
 70
     1
102
RTVSPropertyOp27
 70
     1
102
RTVSPropertyOp28
 70
     1
102
RTVSPropertyOp29
 70
     1
102
RTVSPropertyOp30
 70
     1
102
RTVSPropertyOp31
 70
     1
102
RTVSPropertyOp32
 70
     1
102
RTVSPropertyOp33
 70
     1
102
RTVSPropertyOp34
 70
     1
102
RTVSPropertyOp35
 70
     1
102
RTVSPropertyOp36
 70
     1
102
RTVSPropertyOp37
 70
     1
102
RTVSPropertyOp38
 70
     1
102
RTVSPropertyOp39
 70
     1
102
RTVSPropertyOp40
 70
     1
102
RTVSPropertyOp41
 70
     1
102
RTVSPropertyOp42
 70
     1
102
RTVSPropertyOp43
 70
     1
102
RTVSPropertyOp44
 70
     1
102
RTVSPropertyOp45
 70
     1
102
RTVSPropertyOp46
 70
     1
102
RTVSPropertyOp47
 70
     1
102
RTVSPropertyOp48
 70
     1
102
RTVSPropertyOp49
 70
     1
102
RTVSPropertyOp50
 70
     1
102
RTVSPropertyOp51
 70
     0
102
RTVSPropertyOp52
 70
     0
102
RTVSPropertyOp53
 70
     1
102
RTVSPropertyOp54
 70
     1
102
RTVSPropertyOp55
 70
     1
102
RTVSPropertyOp56
 70
     1
102
RTVSPropertyOp57
 70
     1
102
RTVSPropertyOp58
 70
     1
102
RTVSPropertyOp59
 70
     1
102
RTVSPropertyOp60
 70
     1
102
RTVSPropertyOp61
 70
     1
102
RTVSPropertyOp62
 70
     1
  0
XRECORD
  5
2DC5
102
{ACAD_REACTORS
330
2DC4
102
}
330
2DC4
100
AcDbXrecord
280
     1
102
RTVSPost2010Prop28
280
     0
102
RTVSPost2010PropOp28
 70
     1
102
RTVSPost2010Prop29
280
     1
102
RTVSPost2010PropOp29
 70
     1
102
RTVSPost2010Prop30
280
     1
102
RTVSPost2010PropOp30
 70
     1
102
RTVSPost2010Prop31
280
     0
102
RTVSPost2010PropOp31
 70
     1
102
RTVSPost2010Prop32
280
     0
102
RTVSPost2010PropOp32
 70
     1
102
RTVSPost2010Prop33
280
     0
102
RTVSPost2010PropOp33
 70
     1
102
RTVSPost2010Prop34
280
     0
102
RTVSPost2010PropOp34
 70
     1
102
RTVSPost2010Prop35
280
     0
102
RTVSPost2010PropOp35
 70
     1
102
RTVSPost2010Prop36
280
     0
102
RTVSPost2010PropOp36
 70
     1
102
RTVSPost2010Prop37
 90
       50
102
RTVSPost2010PropOp37
 70
     1
102
RTVSPost2010Prop38
140
0.0
102
RTVSPost2010PropOp38
 70
     1
102
RTVSPost2010Prop39
140
1.0
102
RTVSPost2010PropOp39
 70
     1
102
RTVSPost2010Prop40
 90
        0
102
RTVSPost2010PropOp40
 70
     1
102
RTVSPost2010Prop41ColorIndex
 90
       18
102
RTVSPost2010Prop41ColorRGB
 90
        0
102
RTVSPost2010PropOp41
 70
     1
102
RTVSPost2010Prop42
 90
       50
102
RTVSPost2010PropOp42
 70
     1
102
RTVSPost2010Prop43
 90
        3
102
RTVSPost2010PropOp43
 70
     1
102
RTVSPost2010Prop44ColorIndex
 90
        5
102
RTVSPost2010Prop44ColorRGB
 90
      255
102
RTVSPost2010PropOp44
 70
     1
102
RTVSPost2010Prop45
280
     0
102
RTVSPost2010PropOp45
 70
     1
102
RTVSPost2010Prop46
 90
       50
102
RTVSPost2010PropOp46
 70
     1
102
RTVSPost2010Prop47
 90
       50
102
RTVSPost2010PropOp47
 70
     1
102
RTVSPost2010Prop48
 90
       50
102
RTVSPost2010PropOp48
 70
     1
102
RTVSPost2010Prop49
280
     0
102
RTVSPost2010PropOp49
 70
     1
102
RTVSPost2010Prop50
 90
       50
102
RTVSPost2010PropOp50
 70
     1
102
RTVSPost2010Prop51ColorIndex
 90
      256
102
RTVSPost2010Prop51ColorRGB
 90
-16777216
102
RTVSPost2010PropOp51
 70
     0
102
RTVSPost2010Prop52
140
1.0
102
RTVSPost2010PropOp52
 70
     0
102
RTVSPost2010Prop53
 90
        2
102
RTVSPost2010PropOp53
 70
     1
102
RTVSPost2010Prop54
  1
strokes_ogs.tif
102
RTVSPost2010PropOp54
 70
     1
102
RTVSPost2010Prop55
280
     0
102
RTVSPost2010PropOp55
 70
     1
102
RTVSPost2010Prop56
140
1.0
102
RTVSPost2010PropOp56
 70
     1
102
RTVSPost2010Prop57
140
1.0
102
RTVSPost2010PropOp57
 70
     1
102
RTVSPropertyOp0
 70
     1
102
RTVSPropertyOp1
 70
     1
102
RTVSPropertyOp2
 70
     1
102
RTVSPropertyOp3
 70
     1
102
RTVSPropertyOp4
 70
     1
102
RTVSPropertyOp5
 70
     1
102
RTVSPropertyOp6
 70
     1
102
RTVSPropertyOp7
 70
     1
102
RTVSPropertyOp8
 70
     1
102
RTVSPropertyOp9
 70
     1
102
RTVSPropertyOp10
 70
     1
102
RTVSPropertyOp11
 70
     1
102
RTVSPropertyOp12
 70
     1
102
RTVSPropertyOp13
 70
     1
102
RTVSPropertyOp14
 70
     1
102
RTVSPropertyOp15
 70
     1
102
RTVSPropertyOp16
 70
     1
102
RTVSPropertyOp17
 70
     1
102
RTVSPropertyOp18
 70
     1
102
RTVSPropertyOp19
 70
     1
102
RTVSPropertyOp20
 70
     1
102
RTVSPropertyOp21
 70
     1
102
RTVSPropertyOp22
 70
     1
102
RTVSPropertyOp23
 70
     1
102
RTVSPropertyOp24
 70
     1
102
RTVSPropertyOp25
 70
     1
102
RTVSPropertyOp26
 70
     1
102
RTVSPropertyOp27
 70
     1
102
RTVSPropertyOp28
 70
     1
102
RTVSPropertyOp29
 70
     1
102
RTVSPropertyOp30
 70
     1
102
RTVSPropertyOp31
 70
     1
102
RTVSPropertyOp32
 70
     1
102
RTVSPropertyOp33
 70
     1
102
RTVSPropertyOp34
 70
     1
102
RTVSPropertyOp35
 70
     1
102
RTVSPropertyOp36
 70
     1
102
RTVSPropertyOp37
 70
     1
102
RTVSPropertyOp38
 70
     1
102
RTVSPropertyOp39
 70
     1
102
RTVSPropertyOp40
 70
     1
102
RTVSPropertyOp41
 70
     1
102
RTVSPropertyOp42
 70
     1
102
RTVSPropertyOp43
 70
     1
102
RTVSPropertyOp44
 70
     1
102
RTVSPropertyOp45
 70
     1
102
RTVSPropertyOp46
 70
     1
102
RTVSPropertyOp47
 70
     1
102
RTVSPropertyOp48
 70
     1
102
RTVSPropertyOp49
 70
     1
102
RTVSPropertyOp50
 70
     1
102
RTVSPropertyOp51
 70
     0
102
RTVSPropertyOp52
 70
     0
102
RTVSPropertyOp53
 70
     1
102
RTVSPropertyOp54
 70
     1
102
RTVSPropertyOp55
 70
     1
102
RTVSPropertyOp56
 70
     1
102
RTVSPropertyOp57
 70
     1
102
RTVSPropertyOp58
 70
     1
102
RTVSPropertyOp59
 70
     1
102
RTVSPropertyOp60
 70
     1
102
RTVSPropertyOp61
 70
     1
102
RTVSPropertyOp62
 70
     1
  0
XRECORD
  5
2DC1
102
{ACAD_REACTORS
330
2DC0
102
}
330
2DC0
100
AcDbXrecord
280
     1
102
RTVSPost2010Prop28
280
     0
102
RTVSPost2010PropOp28
 70
     1
102
RTVSPost2010Prop29
280
     1
102
RTVSPost2010PropOp29
 70
     1
102
RTVSPost2010Prop30
280
     1
102
RTVSPost2010PropOp30
 70
     1
102
RTVSPost2010Prop31
280
     0
102
RTVSPost2010PropOp31
 70
     1
102
RTVSPost2010Prop32
280
     0
102
RTVSPost2010PropOp32
 70
     1
102
RTVSPost2010Prop33
280
     0
102
RTVSPost2010PropOp33
 70
     1
102
RTVSPost2010Prop34
280
     0
102
RTVSPost2010PropOp34
 70
     1
102
RTVSPost2010Prop35
280
     0
102
RTVSPost2010PropOp35
 70
     1
102
RTVSPost2010Prop36
280
     0
102
RTVSPost2010PropOp36
 70
     1
102
RTVSPost2010Prop37
 90
       50
102
RTVSPost2010PropOp37
 70
     1
102
RTVSPost2010Prop38
140
0.0
102
RTVSPost2010PropOp38
 70
     1
102
RTVSPost2010Prop39
140
1.0
102
RTVSPost2010PropOp39
 70
     1
102
RTVSPost2010Prop40
 90
        0
102
RTVSPost2010PropOp40
 70
     1
102
RTVSPost2010Prop41ColorIndex
 90
       18
102
RTVSPost2010Prop41ColorRGB
 90
        0
102
RTVSPost2010PropOp41
 70
     1
102
RTVSPost2010Prop42
 90
       50
102
RTVSPost2010PropOp42
 70
     1
102
RTVSPost2010Prop43
 90
        3
102
RTVSPost2010PropOp43
 70
     1
102
RTVSPost2010Prop44ColorIndex
 90
        5
102
RTVSPost2010Prop44ColorRGB
 90
      255
102
RTVSPost2010PropOp44
 70
     1
102
RTVSPost2010Prop45
280
     0
102
RTVSPost2010PropOp45
 70
     1
102
RTVSPost2010Prop46
 90
       50
102
RTVSPost2010PropOp46
 70
     1
102
RTVSPost2010Prop47
 90
       50
102
RTVSPost2010PropOp47
 70
     1
102
RTVSPost2010Prop48
 90
       50
102
RTVSPost2010PropOp48
 70
     1
102
RTVSPost2010Prop49
280
     0
102
RTVSPost2010PropOp49
 70
     1
102
RTVSPost2010Prop50
 90
       50
102
RTVSPost2010PropOp50
 70
     1
102
RTVSPost2010Prop51ColorIndex
 90
      256
102
RTVSPost2010Prop51ColorRGB
 90
-16777216
102
RTVSPost2010PropOp51
 70
     0
102
RTVSPost2010Prop52
140
1.0
102
RTVSPost2010PropOp52
 70
     0
102
RTVSPost2010Prop53
 90
        2
102
RTVSPost2010PropOp53
 70
     1
102
RTVSPost2010Prop54
  1
strokes_ogs.tif
102
RTVSPost2010PropOp54
 70
     1
102
RTVSPost2010Prop55
280
     0
102
RTVSPost2010PropOp55
 70
     1
102
RTVSPost2010Prop56
140
1.0
102
RTVSPost2010PropOp56
 70
     1
102
RTVSPost2010Prop57
140
1.0
102
RTVSPost2010PropOp57
 70
     1
102
RTVSPropertyOp0
 70
     1
102
RTVSPropertyOp1
 70
     1
102
RTVSPropertyOp2
 70
     1
102
RTVSPropertyOp3
 70
     1
102
RTVSPropertyOp4
 70
     1
102
RTVSPropertyOp5
 70
     1
102
RTVSPropertyOp6
 70
     1
102
RTVSPropertyOp7
 70
     1
102
RTVSPropertyOp8
 70
     1
102
RTVSPropertyOp9
 70
     1
102
RTVSPropertyOp10
 70
     1
102
RTVSPropertyOp11
 70
     1
102
RTVSPropertyOp12
 70
     1
102
RTVSPropertyOp13
 70
     1
102
RTVSPropertyOp14
 70
     1
102
RTVSPropertyOp15
 70
     1
102
RTVSPropertyOp16
 70
     1
102
RTVSPropertyOp17
 70
     1
102
RTVSPropertyOp18
 70
     1
102
RTVSPropertyOp19
 70
     1
102
RTVSPropertyOp20
 70
     1
102
RTVSPropertyOp21
 70
     1
102
RTVSPropertyOp22
 70
     1
102
RTVSPropertyOp23
 70
     1
102
RTVSPropertyOp24
 70
     1
102
RTVSPropertyOp25
 70
     1
102
RTVSPropertyOp26
 70
     1
102
RTVSPropertyOp27
 70
     1
102
RTVSPropertyOp28
 70
     1
102
RTVSPropertyOp29
 70
     1
102
RTVSPropertyOp30
 70
     1
102
RTVSPropertyOp31
 70
     1
102
RTVSPropertyOp32
 70
     1
102
RTVSPropertyOp33
 70
     1
102
RTVSPropertyOp34
 70
     1
102
RTVSPropertyOp35
 70
     1
102
RTVSPropertyOp36
 70
     1
102
RTVSPropertyOp37
 70
     1
102
RTVSPropertyOp38
 70
     1
102
RTVSPropertyOp39
 70
     1
102
RTVSPropertyOp40
 70
     1
102
RTVSPropertyOp41
 70
     1
102
RTVSPropertyOp42
 70
     1
102
RTVSPropertyOp43
 70
     1
102
RTVSPropertyOp44
 70
     1
102
RTVSPropertyOp45
 70
     1
102
RTVSPropertyOp46
 70
     1
102
RTVSPropertyOp47
 70
     1
102
RTVSPropertyOp48
 70
     1
102
RTVSPropertyOp49
 70
     1
102
RTVSPropertyOp50
 70
     1
102
RTVSPropertyOp51
 70
     0
102
RTVSPropertyOp52
 70
     0
102
RTVSPropertyOp53
 70
     1
102
RTVSPropertyOp54
 70
     1
102
RTVSPropertyOp55
 70
     1
102
RTVSPropertyOp56
 70
     1
102
RTVSPropertyOp57
 70
     1
102
RTVSPropertyOp58
 70
     1
102
RTVSPropertyOp59
 70
     1
102
RTVSPropertyOp60
 70
     1
102
RTVSPropertyOp61
 70
     1
102
RTVSPropertyOp62
 70
     1
  0
XRECORD
  5
2DCF
102
{ACAD_REACTORS
330
2DCE
102
}
330
2DCE
100
AcDbXrecord
280
     1
102
RTVSPost2010Prop28
280
     0
102
RTVSPost2010PropOp28
 70
     1
102
RTVSPost2010Prop29
280
     1
102
RTVSPost2010PropOp29
 70
     1
102
RTVSPost2010Prop30
280
     1
102
RTVSPost2010PropOp30
 70
     1
102
RTVSPost2010Prop31
280
     0
102
RTVSPost2010PropOp31
 70
     1
102
RTVSPost2010Prop32
280
     0
102
RTVSPost2010PropOp32
 70
     1
102
RTVSPost2010Prop33
280
     0
102
RTVSPost2010PropOp33
 70
     1
102
RTVSPost2010Prop34
280
     0
102
RTVSPost2010PropOp34
 70
     1
102
RTVSPost2010Prop35
280
     0
102
RTVSPost2010PropOp35
 70
     1
102
RTVSPost2010Prop36
280
     0
102
RTVSPost2010PropOp36
 70
     1
102
RTVSPost2010Prop37
 90
       50
102
RTVSPost2010PropOp37
 70
     1
102
RTVSPost2010Prop38
140
0.0
102
RTVSPost2010PropOp38
 70
     1
102
RTVSPost2010Prop39
140
1.0
102
RTVSPost2010PropOp39
 70
     1
102
RTVSPost2010Prop40
 90
        0
102
RTVSPost2010PropOp40
 70
     1
102
RTVSPost2010Prop41ColorIndex
 90
       18
102
RTVSPost2010Prop41ColorRGB
 90
        0
102
RTVSPost2010PropOp41
 70
     1
102
RTVSPost2010Prop42
 90
       50
102
RTVSPost2010PropOp42
 70
     1
102
RTVSPost2010Prop43
 90
        3
102
RTVSPost2010PropOp43
 70
     1
102
RTVSPost2010Prop44ColorIndex
 90
        5
102
RTVSPost2010Prop44ColorRGB
 90
      255
102
RTVSPost2010PropOp44
 70
     1
102
RTVSPost2010Prop45
280
     0
102
RTVSPost2010PropOp45
 70
     1
102
RTVSPost2010Prop46
 90
       50
102
RTVSPost2010PropOp46
 70
     1
102
RTVSPost2010Prop47
 90
       50
102
RTVSPost2010PropOp47
 70
     1
102
RTVSPost2010Prop48
 90
       50
102
RTVSPost2010PropOp48
 70
     1
102
RTVSPost2010Prop49
280
     0
102
RTVSPost2010PropOp49
 70
     1
102
RTVSPost2010Prop50
 90
       50
102
RTVSPost2010PropOp50
 70
     1
102
RTVSPost2010Prop51ColorIndex
 90
      256
102
RTVSPost2010Prop51ColorRGB
 90
-16777216
102
RTVSPost2010PropOp51
 70
     0
102
RTVSPost2010Prop52
140
1.0
102
RTVSPost2010PropOp52
 70
     0
102
RTVSPost2010Prop53
 90
        2
102
RTVSPost2010PropOp53
 70
     1
102
RTVSPost2010Prop54
  1
strokes_ogs.tif
102
RTVSPost2010PropOp54
 70
     1
102
RTVSPost2010Prop55
280
     0
102
RTVSPost2010PropOp55
 70
     1
102
RTVSPost2010Prop56
140
1.0
102
RTVSPost2010PropOp56
 70
     1
102
RTVSPost2010Prop57
140
1.0
102
RTVSPost2010PropOp57
 70
     1
102
RTVSPropertyOp0
 70
     1
102
RTVSPropertyOp1
 70
     1
102
RTVSPropertyOp2
 70
     1
102
RTVSPropertyOp3
 70
     1
102
RTVSPropertyOp4
 70
     1
102
RTVSPropertyOp5
 70
     1
102
RTVSPropertyOp6
 70
     1
102
RTVSPropertyOp7
 70
     1
102
RTVSPropertyOp8
 70
     1
102
RTVSPropertyOp9
 70
     1
102
RTVSPropertyOp10
 70
     1
102
RTVSPropertyOp11
 70
     1
102
RTVSPropertyOp12
 70
     1
102
RTVSPropertyOp13
 70
     1
102
RTVSPropertyOp14
 70
     1
102
RTVSPropertyOp15
 70
     1
102
RTVSPropertyOp16
 70
     1
102
RTVSPropertyOp17
 70
     1
102
RTVSPropertyOp18
 70
     1
102
RTVSPropertyOp19
 70
     1
102
RTVSPropertyOp20
 70
     1
102
RTVSPropertyOp21
 70
     1
102
RTVSPropertyOp22
 70
     1
102
RTVSPropertyOp23
 70
     1
102
RTVSPropertyOp24
 70
     1
102
RTVSPropertyOp25
 70
     1
102
RTVSPropertyOp26
 70
     1
102
RTVSPropertyOp27
 70
     1
102
RTVSPropertyOp28
 70
     1
102
RTVSPropertyOp29
 70
     1
102
RTVSPropertyOp30
 70
     1
102
RTVSPropertyOp31
 70
     1
102
RTVSPropertyOp32
 70
     1
102
RTVSPropertyOp33
 70
     1
102
RTVSPropertyOp34
 70
     1
102
RTVSPropertyOp35
 70
     1
102
RTVSPropertyOp36
 70
     1
102
RTVSPropertyOp37
 70
     1
102
RTVSPropertyOp38
 70
     1
102
RTVSPropertyOp39
 70
     1
102
RTVSPropertyOp40
 70
     1
102
RTVSPropertyOp41
 70
     1
102
RTVSPropertyOp42
 70
     1
102
RTVSPropertyOp43
 70
     1
102
RTVSPropertyOp44
 70
     1
102
RTVSPropertyOp45
 70
     1
102
RTVSPropertyOp46
 70
     1
102
RTVSPropertyOp47
 70
     1
102
RTVSPropertyOp48
 70
     1
102
RTVSPropertyOp49
 70
     1
102
RTVSPropertyOp50
 70
     1
102
RTVSPropertyOp51
 70
     0
102
RTVSPropertyOp52
 70
     0
102
RTVSPropertyOp53
 70
     1
102
RTVSPropertyOp54
 70
     1
102
RTVSPropertyOp55
 70
     1
102
RTVSPropertyOp56
 70
     1
102
RTVSPropertyOp57
 70
     1
102
RTVSPropertyOp58
 70
     1
102
RTVSPropertyOp59
 70
     1
102
RTVSPropertyOp60
 70
     1
102
RTVSPropertyOp61
 70
     1
102
RTVSPropertyOp62
 70
     1
  0
XRECORD
  5
2DD7
102
{ACAD_REACTORS
330
2DD6
102
}
330
2DD6
100
AcDbXrecord
280
     1
102
RTVSPost2010Prop28
280
     0
102
RTVSPost2010PropOp28
 70
     1
102
RTVSPost2010Prop29
280
     1
102
RTVSPost2010PropOp29
 70
     1
102
RTVSPost2010Prop30
280
     1
102
RTVSPost2010PropOp30
 70
     1
102
RTVSPost2010Prop31
280
     0
102
RTVSPost2010PropOp31
 70
     1
102
RTVSPost2010Prop32
280
     0
102
RTVSPost2010PropOp32
 70
     1
102
RTVSPost2010Prop33
280
     0
102
RTVSPost2010PropOp33
 70
     1
102
RTVSPost2010Prop34
280
     0
102
RTVSPost2010PropOp34
 70
     1
102
RTVSPost2010Prop35
280
     0
102
RTVSPost2010PropOp35
 70
     1
102
RTVSPost2010Prop36
280
     0
102
RTVSPost2010PropOp36
 70
     1
102
RTVSPost2010Prop37
 90
       50
102
RTVSPost2010PropOp37
 70
     1
102
RTVSPost2010Prop38
140
0.0
102
RTVSPost2010PropOp38
 70
     1
102
RTVSPost2010Prop39
140
1.0
102
RTVSPost2010PropOp39
 70
     1
102
RTVSPost2010Prop40
 90
        0
102
RTVSPost2010PropOp40
 70
     1
102
RTVSPost2010Prop41ColorIndex
 90
       18
102
RTVSPost2010Prop41ColorRGB
 90
        0
102
RTVSPost2010PropOp41
 70
     1
102
RTVSPost2010Prop42
 90
       50
102
RTVSPost2010PropOp42
 70
     1
102
RTVSPost2010Prop43
 90
        3
102
RTVSPost2010PropOp43
 70
     1
102
RTVSPost2010Prop44ColorIndex
 90
        5
102
RTVSPost2010Prop44ColorRGB
 90
      255
102
RTVSPost2010PropOp44
 70
     1
102
RTVSPost2010Prop45
280
     0
102
RTVSPost2010PropOp45
 70
     1
102
RTVSPost2010Prop46
 90
       50
102
RTVSPost2010PropOp46
 70
     1
102
RTVSPost2010Prop47
 90
       50
102
RTVSPost2010PropOp47
 70
     1
102
RTVSPost2010Prop48
 90
       50
102
RTVSPost2010PropOp48
 70
     1
102
RTVSPost2010Prop49
280
     0
102
RTVSPost2010PropOp49
 70
     1
102
RTVSPost2010Prop50
 90
       50
102
RTVSPost2010PropOp50
 70
     1
102
RTVSPost2010Prop51ColorIndex
 90
      256
102
RTVSPost2010Prop51ColorRGB
 90
-16777216
102
RTVSPost2010PropOp51
 70
     0
102
RTVSPost2010Prop52
140
1.0
102
RTVSPost2010PropOp52
 70
     0
102
RTVSPost2010Prop53
 90
        2
102
RTVSPost2010PropOp53
 70
     1
102
RTVSPost2010Prop54
  1
strokes_ogs.tif
102
RTVSPost2010PropOp54
 70
     1
102
RTVSPost2010Prop55
280
     0
102
RTVSPost2010PropOp55
 70
     1
102
RTVSPost2010Prop56
140
1.0
102
RTVSPost2010PropOp56
 70
     1
102
RTVSPost2010Prop57
140
1.0
102
RTVSPost2010PropOp57
 70
     1
102
RTVSPropertyOp0
 70
     1
102
RTVSPropertyOp1
 70
     1
102
RTVSPropertyOp2
 70
     1
102
RTVSPropertyOp3
 70
     1
102
RTVSPropertyOp4
 70
     1
102
RTVSPropertyOp5
 70
     1
102
RTVSPropertyOp6
 70
     1
102
RTVSPropertyOp7
 70
     1
102
RTVSPropertyOp8
 70
     1
102
RTVSPropertyOp9
 70
     1
102
RTVSPropertyOp10
 70
     1
102
RTVSPropertyOp11
 70
     1
102
RTVSPropertyOp12
 70
     1
102
RTVSPropertyOp13
 70
     1
102
RTVSPropertyOp14
 70
     1
102
RTVSPropertyOp15
 70
     1
102
RTVSPropertyOp16
 70
     1
102
RTVSPropertyOp17
 70
     1
102
RTVSPropertyOp18
 70
     1
102
RTVSPropertyOp19
 70
     1
102
RTVSPropertyOp20
 70
     1
102
RTVSPropertyOp21
 70
     1
102
RTVSPropertyOp22
 70
     1
102
RTVSPropertyOp23
 70
     1
102
RTVSPropertyOp24
 70
     1
102
RTVSPropertyOp25
 70
     1
102
RTVSPropertyOp26
 70
     1
102
RTVSPropertyOp27
 70
     1
102
RTVSPropertyOp28
 70
     1
102
RTVSPropertyOp29
 70
     1
102
RTVSPropertyOp30
 70
     1
102
RTVSPropertyOp31
 70
     1
102
RTVSPropertyOp32
 70
     1
102
RTVSPropertyOp33
 70
     1
102
RTVSPropertyOp34
 70
     1
102
RTVSPropertyOp35
 70
     1
102
RTVSPropertyOp36
 70
     1
102
RTVSPropertyOp37
 70
     1
102
RTVSPropertyOp38
 70
     1
102
RTVSPropertyOp39
 70
     1
102
RTVSPropertyOp40
 70
     1
102
RTVSPropertyOp41
 70
     1
102
RTVSPropertyOp42
 70
     1
102
RTVSPropertyOp43
 70
     1
102
RTVSPropertyOp44
 70
     1
102
RTVSPropertyOp45
 70
     1
102
RTVSPropertyOp46
 70
     1
102
RTVSPropertyOp47
 70
     1
102
RTVSPropertyOp48
 70
     1
102
RTVSPropertyOp49
 70
     1
102
RTVSPropertyOp50
 70
     1
102
RTVSPropertyOp51
 70
     0
102
RTVSPropertyOp52
 70
     0
102
RTVSPropertyOp53
 70
     1
102
RTVSPropertyOp54
 70
     1
102
RTVSPropertyOp55
 70
     1
102
RTVSPropertyOp56
 70
     1
102
RTVSPropertyOp57
 70
     1
102
RTVSPropertyOp58
 70
     1
102
RTVSPropertyOp59
 70
     1
102
RTVSPropertyOp60
 70
     1
102
RTVSPropertyOp61
 70
     1
102
RTVSPropertyOp62
 70
     1
  0
XRECORD
  5
2DC9
102
{ACAD_REACTORS
330
2DC8
102
}
330
2DC8
100
AcDbXrecord
280
     1
102
RTVSPost2010Prop28
280
     0
102
RTVSPost2010PropOp28
 70
     1
102
RTVSPost2010Prop29
280
     1
102
RTVSPost2010PropOp29
 70
     1
102
RTVSPost2010Prop30
280
     1
102
RTVSPost2010PropOp30
 70
     1
102
RTVSPost2010Prop31
280
     0
102
RTVSPost2010PropOp31
 70
     1
102
RTVSPost2010Prop32
280
     0
102
RTVSPost2010PropOp32
 70
     1
102
RTVSPost2010Prop33
280
     0
102
RTVSPost2010PropOp33
 70
     1
102
RTVSPost2010Prop34
280
     0
102
RTVSPost2010PropOp34
 70
     1
102
RTVSPost2010Prop35
280
     0
102
RTVSPost2010PropOp35
 70
     1
102
RTVSPost2010Prop36
280
     0
102
RTVSPost2010PropOp36
 70
     1
102
RTVSPost2010Prop37
 90
       50
102
RTVSPost2010PropOp37
 70
     1
102
RTVSPost2010Prop38
140
0.0
102
RTVSPost2010PropOp38
 70
     1
102
RTVSPost2010Prop39
140
1.0
102
RTVSPost2010PropOp39
 70
     1
102
RTVSPost2010Prop40
 90
        0
102
RTVSPost2010PropOp40
 70
     1
102
RTVSPost2010Prop41ColorIndex
 90
       18
102
RTVSPost2010Prop41ColorRGB
 90
        0
102
RTVSPost2010PropOp41
 70
     1
102
RTVSPost2010Prop42
 90
       50
102
RTVSPost2010PropOp42
 70
     1
102
RTVSPost2010Prop43
 90
        3
102
RTVSPost2010PropOp43
 70
     1
102
RTVSPost2010Prop44ColorIndex
 90
        5
102
RTVSPost2010Prop44ColorRGB
 90
      255
102
RTVSPost2010PropOp44
 70
     1
102
RTVSPost2010Prop45
280
     0
102
RTVSPost2010PropOp45
 70
     1
102
RTVSPost2010Prop46
 90
       50
102
RTVSPost2010PropOp46
 70
     1
102
RTVSPost2010Prop47
 90
       50
102
RTVSPost2010PropOp47
 70
     1
102
RTVSPost2010Prop48
 90
       50
102
RTVSPost2010PropOp48
 70
     1
102
RTVSPost2010Prop49
280
     0
102
RTVSPost2010PropOp49
 70
     1
102
RTVSPost2010Prop50
 90
       50
102
RTVSPost2010PropOp50
 70
     1
102
RTVSPost2010Prop51ColorIndex
 90
      256
102
RTVSPost2010Prop51ColorRGB
 90
-16777216
102
RTVSPost2010PropOp51
 70
     0
102
RTVSPost2010Prop52
140
1.0
102
RTVSPost2010PropOp52
 70
     0
102
RTVSPost2010Prop53
 90
        2
102
RTVSPost2010PropOp53
 70
     1
102
RTVSPost2010Prop54
  1
strokes_ogs.tif
102
RTVSPost2010PropOp54
 70
     1
102
RTVSPost2010Prop55
280
     0
102
RTVSPost2010PropOp55
 70
     1
102
RTVSPost2010Prop56
140
1.0
102
RTVSPost2010PropOp56
 70
     1
102
RTVSPost2010Prop57
140
1.0
102
RTVSPost2010PropOp57
 70
     1
102
RTVSPropertyOp0
 70
     1
102
RTVSPropertyOp1
 70
     1
102
RTVSPropertyOp2
 70
     1
102
RTVSPropertyOp3
 70
     1
102
RTVSPropertyOp4
 70
     1
102
RTVSPropertyOp5
 70
     1
102
RTVSPropertyOp6
 70
     1
102
RTVSPropertyOp7
 70
     1
102
RTVSPropertyOp8
 70
     1
102
RTVSPropertyOp9
 70
     1
102
RTVSPropertyOp10
 70
     1
102
RTVSPropertyOp11
 70
     1
102
RTVSPropertyOp12
 70
     1
102
RTVSPropertyOp13
 70
     1
102
RTVSPropertyOp14
 70
     1
102
RTVSPropertyOp15
 70
     1
102
RTVSPropertyOp16
 70
     1
102
RTVSPropertyOp17
 70
     1
102
RTVSPropertyOp18
 70
     1
102
RTVSPropertyOp19
 70
     1
102
RTVSPropertyOp20
 70
     1
102
RTVSPropertyOp21
 70
     1
102
RTVSPropertyOp22
 70
     1
102
RTVSPropertyOp23
 70
     1
102
RTVSPropertyOp24
 70
     1
102
RTVSPropertyOp25
 70
     1
102
RTVSPropertyOp26
 70
     1
102
RTVSPropertyOp27
 70
     1
102
RTVSPropertyOp28
 70
     1
102
RTVSPropertyOp29
 70
     1
102
RTVSPropertyOp30
 70
     1
102
RTVSPropertyOp31
 70
     1
102
RTVSPropertyOp32
 70
     1
102
RTVSPropertyOp33
 70
     1
102
RTVSPropertyOp34
 70
     1
102
RTVSPropertyOp35
 70
     1
102
RTVSPropertyOp36
 70
     1
102
RTVSPropertyOp37
 70
     1
102
RTVSPropertyOp38
 70
     1
102
RTVSPropertyOp39
 70
     1
102
RTVSPropertyOp40
 70
     1
102
RTVSPropertyOp41
 70
     1
102
RTVSPropertyOp42
 70
     1
102
RTVSPropertyOp43
 70
     1
102
RTVSPropertyOp44
 70
     1
102
RTVSPropertyOp45
 70
     1
102
RTVSPropertyOp46
 70
     1
102
RTVSPropertyOp47
 70
     1
102
RTVSPropertyOp48
 70
     1
102
RTVSPropertyOp49
 70
     1
102
RTVSPropertyOp50
 70
     1
102
RTVSPropertyOp51
 70
     0
102
RTVSPropertyOp52
 70
     0
102
RTVSPropertyOp53
 70
     1
102
RTVSPropertyOp54
 70
     1
102
RTVSPropertyOp55
 70
     1
102
RTVSPropertyOp56
 70
     1
102
RTVSPropertyOp57
 70
     1
102
RTVSPropertyOp58
 70
     1
102
RTVSPropertyOp59
 70
     1
102
RTVSPropertyOp60
 70
     1
102
RTVSPropertyOp61
 70
     1
102
RTVSPropertyOp62
 70
     1
  0
XRECORD
  5
2DCD
102
{ACAD_REACTORS
330
2DCC
102
}
330
2DCC
100
AcDbXrecord
280
     1
102
RTVSPost2010Prop28
280
     0
102
RTVSPost2010PropOp28
 70
     1
102
RTVSPost2010Prop29
280
     1
102
RTVSPost2010PropOp29
 70
     1
102
RTVSPost2010Prop30
280
     1
102
RTVSPost2010PropOp30
 70
     1
102
RTVSPost2010Prop31
280
     0
102
RTVSPost2010PropOp31
 70
     1
102
RTVSPost2010Prop32
280
     0
102
RTVSPost2010PropOp32
 70
     1
102
RTVSPost2010Prop33
280
     0
102
RTVSPost2010PropOp33
 70
     1
102
RTVSPost2010Prop34
280
     0
102
RTVSPost2010PropOp34
 70
     1
102
RTVSPost2010Prop35
280
     0
102
RTVSPost2010PropOp35
 70
     1
102
RTVSPost2010Prop36
280
     0
102
RTVSPost2010PropOp36
 70
     1
102
RTVSPost2010Prop37
 90
       50
102
RTVSPost2010PropOp37
 70
     1
102
RTVSPost2010Prop38
140
0.0
102
RTVSPost2010PropOp38
 70
     1
102
RTVSPost2010Prop39
140
1.0
102
RTVSPost2010PropOp39
 70
     1
102
RTVSPost2010Prop40
 90
        0
102
RTVSPost2010PropOp40
 70
     1
102
RTVSPost2010Prop41ColorIndex
 90
       18
102
RTVSPost2010Prop41ColorRGB
 90
        0
102
RTVSPost2010PropOp41
 70
     1
102
RTVSPost2010Prop42
 90
       50
102
RTVSPost2010PropOp42
 70
     1
102
RTVSPost2010Prop43
 90
        3
102
RTVSPost2010PropOp43
 70
     1
102
RTVSPost2010Prop44ColorIndex
 90
        5
102
RTVSPost2010Prop44ColorRGB
 90
      255
102
RTVSPost2010PropOp44
 70
     1
102
RTVSPost2010Prop45
280
     0
102
RTVSPost2010PropOp45
 70
     1
102
RTVSPost2010Prop46
 90
       50
102
RTVSPost2010PropOp46
 70
     1
102
RTVSPost2010Prop47
 90
       50
102
RTVSPost2010PropOp47
 70
     1
102
RTVSPost2010Prop48
 90
       50
102
RTVSPost2010PropOp48
 70
     1
102
RTVSPost2010Prop49
280
     0
102
RTVSPost2010PropOp49
 70
     1
102
RTVSPost2010Prop50
 90
       50
102
RTVSPost2010PropOp50
 70
     1
102
RTVSPost2010Prop51ColorIndex
 90
      256
102
RTVSPost2010Prop51ColorRGB
 90
-16777216
102
RTVSPost2010PropOp51
 70
     0
102
RTVSPost2010Prop52
140
1.0
102
RTVSPost2010PropOp52
 70
     0
102
RTVSPost2010Prop53
 90
        2
102
RTVSPost2010PropOp53
 70
     1
102
RTVSPost2010Prop54
  1
strokes_ogs.tif
102
RTVSPost2010PropOp54
 70
     1
102
RTVSPost2010Prop55
280
     0
102
RTVSPost2010PropOp55
 70
     1
102
RTVSPost2010Prop56
140
1.0
102
RTVSPost2010PropOp56
 70
     1
102
RTVSPost2010Prop57
140
1.0
102
RTVSPost2010PropOp57
 70
     1
102
RTVSPropertyOp0
 70
     1
102
RTVSPropertyOp1
 70
     1
102
RTVSPropertyOp2
 70
     1
102
RTVSPropertyOp3
 70
     1
102
RTVSPropertyOp4
 70
     1
102
RTVSPropertyOp5
 70
     1
102
RTVSPropertyOp6
 70
     1
102
RTVSPropertyOp7
 70
     1
102
RTVSPropertyOp8
 70
     1
102
RTVSPropertyOp9
 70
     1
102
RTVSPropertyOp10
 70
     1
102
RTVSPropertyOp11
 70
     1
102
RTVSPropertyOp12
 70
     1
102
RTVSPropertyOp13
 70
     1
102
RTVSPropertyOp14
 70
     1
102
RTVSPropertyOp15
 70
     1
102
RTVSPropertyOp16
 70
     1
102
RTVSPropertyOp17
 70
     1
102
RTVSPropertyOp18
 70
     1
102
RTVSPropertyOp19
 70
     1
102
RTVSPropertyOp20
 70
     1
102
RTVSPropertyOp21
 70
     1
102
RTVSPropertyOp22
 70
     1
102
RTVSPropertyOp23
 70
     1
102
RTVSPropertyOp24
 70
     1
102
RTVSPropertyOp25
 70
     1
102
RTVSPropertyOp26
 70
     1
102
RTVSPropertyOp27
 70
     1
102
RTVSPropertyOp28
 70
     1
102
RTVSPropertyOp29
 70
     1
102
RTVSPropertyOp30
 70
     1
102
RTVSPropertyOp31
 70
     1
102
RTVSPropertyOp32
 70
     1
102
RTVSPropertyOp33
 70
     1
102
RTVSPropertyOp34
 70
     1
102
RTVSPropertyOp35
 70
     1
102
RTVSPropertyOp36
 70
     1
102
RTVSPropertyOp37
 70
     1
102
RTVSPropertyOp38
 70
     1
102
RTVSPropertyOp39
 70
     1
102
RTVSPropertyOp40
 70
     1
102
RTVSPropertyOp41
 70
     1
102
RTVSPropertyOp42
 70
     1
102
RTVSPropertyOp43
 70
     1
102
RTVSPropertyOp44
 70
     1
102
RTVSPropertyOp45
 70
     1
102
RTVSPropertyOp46
 70
     1
102
RTVSPropertyOp47
 70
     1
102
RTVSPropertyOp48
 70
     1
102
RTVSPropertyOp49
 70
     1
102
RTVSPropertyOp50
 70
     1
102
RTVSPropertyOp51
 70
     0
102
RTVSPropertyOp52
 70
     0
102
RTVSPropertyOp53
 70
     1
102
RTVSPropertyOp54
 70
     1
102
RTVSPropertyOp55
 70
     1
102
RTVSPropertyOp56
 70
     1
102
RTVSPropertyOp57
 70
     1
102
RTVSPropertyOp58
 70
     1
102
RTVSPropertyOp59
 70
     1
102
RTVSPropertyOp60
 70
     1
102
RTVSPropertyOp61
 70
     1
102
RTVSPropertyOp62
 70
     1
  0
XRECORD
  5
2DDD
102
{ACAD_REACTORS
330
2DDC
102
}
330
2DDC
100
AcDbXrecord
280
     1
102
RTVSPost2010Prop28
280
     0
102
RTVSPost2010PropOp28
 70
     1
102
RTVSPost2010Prop29
280
     1
102
RTVSPost2010PropOp29
 70
     1
102
RTVSPost2010Prop30
280
     1
102
RTVSPost2010PropOp30
 70
     1
102
RTVSPost2010Prop31
280
     0
102
RTVSPost2010PropOp31
 70
     1
102
RTVSPost2010Prop32
280
     0
102
RTVSPost2010PropOp32
 70
     1
102
RTVSPost2010Prop33
280
     0
102
RTVSPost2010PropOp33
 70
     1
102
RTVSPost2010Prop34
280
     0
102
RTVSPost2010PropOp34
 70
     1
102
RTVSPost2010Prop35
280
     0
102
RTVSPost2010PropOp35
 70
     1
102
RTVSPost2010Prop36
280
     0
102
RTVSPost2010PropOp36
 70
     1
102
RTVSPost2010Prop37
 90
       50
102
RTVSPost2010PropOp37
 70
     1
102
RTVSPost2010Prop38
140
0.0
102
RTVSPost2010PropOp38
 70
     1
102
RTVSPost2010Prop39
140
1.0
102
RTVSPost2010PropOp39
 70
     1
102
RTVSPost2010Prop40
 90
        0
102
RTVSPost2010PropOp40
 70
     1
102
RTVSPost2010Prop41ColorIndex
 90
       18
102
RTVSPost2010Prop41ColorRGB
 90
        0
102
RTVSPost2010PropOp41
 70
     1
102
RTVSPost2010Prop42
 90
       50
102
RTVSPost2010PropOp42
 70
     1
102
RTVSPost2010Prop43
 90
        3
102
RTVSPost2010PropOp43
 70
     1
102
RTVSPost2010Prop44ColorIndex
 90
        5
102
RTVSPost2010Prop44ColorRGB
 90
      255
102
RTVSPost2010PropOp44
 70
     1
102
RTVSPost2010Prop45
280
     0
102
RTVSPost2010PropOp45
 70
     1
102
RTVSPost2010Prop46
 90
       50
102
RTVSPost2010PropOp46
 70
     1
102
RTVSPost2010Prop47
 90
       50
102
RTVSPost2010PropOp47
 70
     1
102
RTVSPost2010Prop48
 90
       50
102
RTVSPost2010PropOp48
 70
     1
102
RTVSPost2010Prop49
280
     0
102
RTVSPost2010PropOp49
 70
     1
102
RTVSPost2010Prop50
 90
       50
102
RTVSPost2010PropOp50
 70
     1
102
RTVSPost2010Prop51ColorIndex
 90
      256
102
RTVSPost2010Prop51ColorRGB
 90
-16777216
102
RTVSPost2010PropOp51
 70
     0
102
RTVSPost2010Prop52
140
1.0
102
RTVSPost2010PropOp52
 70
     0
102
RTVSPost2010Prop53
 90
        2
102
RTVSPost2010PropOp53
 70
     1
102
RTVSPost2010Prop54
  1
strokes_ogs.tif
102
RTVSPost2010PropOp54
 70
     1
102
RTVSPost2010Prop55
280
     0
102
RTVSPost2010PropOp55
 70
     1
102
RTVSPost2010Prop56
140
1.0
102
RTVSPost2010PropOp56
 70
     1
102
RTVSPost2010Prop57
140
1.0
102
RTVSPost2010PropOp57
 70
     1
102
RTVSPropertyOp0
 70
     0
102
RTVSPropertyOp1
 70
     0
102
RTVSPropertyOp2
 70
     0
102
RTVSPropertyOp3
 70
     0
102
RTVSPropertyOp4
 70
     0
102
RTVSPropertyOp5
 70
     0
102
RTVSPropertyOp6
 70
     0
102
RTVSPropertyOp7
 70
     0
102
RTVSPropertyOp8
 70
     0
102
RTVSPropertyOp9
 70
     0
102
RTVSPropertyOp10
 70
     0
102
RTVSPropertyOp11
 70
     0
102
RTVSPropertyOp12
 70
     0
102
RTVSPropertyOp13
 70
     0
102
RTVSPropertyOp14
 70
     2
102
RTVSPropertyOp15
 70
     0
102
RTVSPropertyOp16
 70
     0
102
RTVSPropertyOp17
 70
     0
102
RTVSPropertyOp18
 70
     0
102
RTVSPropertyOp19
 70
     0
102
RTVSPropertyOp20
 70
     0
102
RTVSPropertyOp21
 70
     0
102
RTVSPropertyOp22
 70
     0
102
RTVSPropertyOp23
 70
     0
102
RTVSPropertyOp24
 70
     0
102
RTVSPropertyOp25
 70
     0
102
RTVSPropertyOp26
 70
     0
102
RTVSPropertyOp27
 70
     0
102
RTVSPropertyOp28
 70
     1
102
RTVSPropertyOp29
 70
     1
102
RTVSPropertyOp30
 70
     1
102
RTVSPropertyOp31
 70
     1
102
RTVSPropertyOp32
 70
     1
102
RTVSPropertyOp33
 70
     1
102
RTVSPropertyOp34
 70
     1
102
RTVSPropertyOp35
 70
     1
102
RTVSPropertyOp36
 70
     1
102
RTVSPropertyOp37
 70
     1
102
RTVSPropertyOp38
 70
     1
102
RTVSPropertyOp39
 70
     1
102
RTVSPropertyOp40
 70
     1
102
RTVSPropertyOp41
 70
     1
102
RTVSPropertyOp42
 70
     1
102
RTVSPropertyOp43
 70
     1
102
RTVSPropertyOp44
 70
     1
102
RTVSPropertyOp45
 70
     1
102
RTVSPropertyOp46
 70
     1
102
RTVSPropertyOp47
 70
     1
102
RTVSPropertyOp48
 70
     1
102
RTVSPropertyOp49
 70
     1
102
RTVSPropertyOp50
 70
     1
102
RTVSPropertyOp51
 70
     0
102
RTVSPropertyOp52
 70
     0
102
RTVSPropertyOp53
 70
     1
102
RTVSPropertyOp54
 70
     1
102
RTVSPropertyOp55
 70
     1
102
RTVSPropertyOp56
 70
     1
102
RTVSPropertyOp57
 70
     1
102
RTVSPropertyOp58
 70
     1
102
RTVSPropertyOp59
 70
     1
102
RTVSPropertyOp60
 70
     1
102
RTVSPropertyOp61
 70
     1
102
RTVSPropertyOp62
 70
     1
  0
XRECORD
  5
2DD5
102
{ACAD_REACTORS
330
2DD4
102
}
330
2DD4
100
AcDbXrecord
280
     1
102
RTVSPost2010Prop28
280
     0
102
RTVSPost2010PropOp28
 70
     1
102
RTVSPost2010Prop29
280
     1
102
RTVSPost2010PropOp29
 70
     1
102
RTVSPost2010Prop30
280
     1
102
RTVSPost2010PropOp30
 70
     1
102
RTVSPost2010Prop31
280
     0
102
RTVSPost2010PropOp31
 70
     1
102
RTVSPost2010Prop32
280
     0
102
RTVSPost2010PropOp32
 70
     1
102
RTVSPost2010Prop33
280
     0
102
RTVSPost2010PropOp33
 70
     1
102
RTVSPost2010Prop34
280
     0
102
RTVSPost2010PropOp34
 70
     1
102
RTVSPost2010Prop35
280
     0
102
RTVSPost2010PropOp35
 70
     1
102
RTVSPost2010Prop36
280
     0
102
RTVSPost2010PropOp36
 70
     1
102
RTVSPost2010Prop37
 90
       50
102
RTVSPost2010PropOp37
 70
     1
102
RTVSPost2010Prop38
140
0.0
102
RTVSPost2010PropOp38
 70
     1
102
RTVSPost2010Prop39
140
1.0
102
RTVSPost2010PropOp39
 70
     1
102
RTVSPost2010Prop40
 90
        0
102
RTVSPost2010PropOp40
 70
     1
102
RTVSPost2010Prop41ColorIndex
 90
       18
102
RTVSPost2010Prop41ColorRGB
 90
        0
102
RTVSPost2010PropOp41
 70
     1
102
RTVSPost2010Prop42
 90
       50
102
RTVSPost2010PropOp42
 70
     1
102
RTVSPost2010Prop43
 90
        3
102
RTVSPost2010PropOp43
 70
     1
102
RTVSPost2010Prop44ColorIndex
 90
        5
102
RTVSPost2010Prop44ColorRGB
 90
      255
102
RTVSPost2010PropOp44
 70
     1
102
RTVSPost2010Prop45
280
     0
102
RTVSPost2010PropOp45
 70
     1
102
RTVSPost2010Prop46
 90
       50
102
RTVSPost2010PropOp46
 70
     1
102
RTVSPost2010Prop47
 90
       50
102
RTVSPost2010PropOp47
 70
     1
102
RTVSPost2010Prop48
 90
       50
102
RTVSPost2010PropOp48
 70
     1
102
RTVSPost2010Prop49
280
     0
102
RTVSPost2010PropOp49
 70
     1
102
RTVSPost2010Prop50
 90
       50
102
RTVSPost2010PropOp50
 70
     1
102
RTVSPost2010Prop51ColorIndex
 90
      256
102
RTVSPost2010Prop51ColorRGB
 90
-16777216
102
RTVSPost2010PropOp51
 70
     0
102
RTVSPost2010Prop52
140
1.0
102
RTVSPost2010PropOp52
 70
     0
102
RTVSPost2010Prop53
 90
        2
102
RTVSPost2010PropOp53
 70
     1
102
RTVSPost2010Prop54
  1
strokes_ogs.tif
102
RTVSPost2010PropOp54
 70
     1
102
RTVSPost2010Prop55
280
     0
102
RTVSPost2010PropOp55
 70
     1
102
RTVSPost2010Prop56
140
1.0
102
RTVSPost2010PropOp56
 70
     1
102
RTVSPost2010Prop57
140
1.0
102
RTVSPost2010PropOp57
 70
     1
102
RTVSPropertyOp0
 70
     1
102
RTVSPropertyOp1
 70
     1
102
RTVSPropertyOp2
 70
     1
102
RTVSPropertyOp3
 70
     1
102
RTVSPropertyOp4
 70
     1
102
RTVSPropertyOp5
 70
     1
102
RTVSPropertyOp6
 70
     1
102
RTVSPropertyOp7
 70
     1
102
RTVSPropertyOp8
 70
     1
102
RTVSPropertyOp9
 70
     1
102
RTVSPropertyOp10
 70
     1
102
RTVSPropertyOp11
 70
     1
102
RTVSPropertyOp12
 70
     1
102
RTVSPropertyOp13
 70
     1
102
RTVSPropertyOp14
 70
     1
102
RTVSPropertyOp15
 70
     1
102
RTVSPropertyOp16
 70
     1
102
RTVSPropertyOp17
 70
     1
102
RTVSPropertyOp18
 70
     1
102
RTVSPropertyOp19
 70
     1
102
RTVSPropertyOp20
 70
     1
102
RTVSPropertyOp21
 70
     1
102
RTVSPropertyOp22
 70
     1
102
RTVSPropertyOp23
 70
     1
102
RTVSPropertyOp24
 70
     1
102
RTVSPropertyOp25
 70
     1
102
RTVSPropertyOp26
 70
     1
102
RTVSPropertyOp27
 70
     1
102
RTVSPropertyOp28
 70
     1
102
RTVSPropertyOp29
 70
     1
102
RTVSPropertyOp30
 70
     1
102
RTVSPropertyOp31
 70
     1
102
RTVSPropertyOp32
 70
     1
102
RTVSPropertyOp33
 70
     1
102
RTVSPropertyOp34
 70
     1
102
RTVSPropertyOp35
 70
     1
102
RTVSPropertyOp36
 70
     1
102
RTVSPropertyOp37
 70
     1
102
RTVSPropertyOp38
 70
     1
102
RTVSPropertyOp39
 70
     1
102
RTVSPropertyOp40
 70
     1
102
RTVSPropertyOp41
 70
     1
102
RTVSPropertyOp42
 70
     1
102
RTVSPropertyOp43
 70
     1
102
RTVSPropertyOp44
 70
     1
102
RTVSPropertyOp45
 70
     1
102
RTVSPropertyOp46
 70
     1
102
RTVSPropertyOp47
 70
     1
102
RTVSPropertyOp48
 70
     1
102
RTVSPropertyOp49
 70
     1
102
RTVSPropertyOp50
 70
     1
102
RTVSPropertyOp51
 70
     0
102
RTVSPropertyOp52
 70
     0
102
RTVSPropertyOp53
 70
     1
102
RTVSPropertyOp54
 70
     1
102
RTVSPropertyOp55
 70
     1
102
RTVSPropertyOp56
 70
     1
102
RTVSPropertyOp57
 70
     1
102
RTVSPropertyOp58
 70
     1
102
RTVSPropertyOp59
 70
     1
102
RTVSPropertyOp60
 70
     1
102
RTVSPropertyOp61
 70
     1
102
RTVSPropertyOp62
 70
     1
  0
XRECORD
  5
2DB9
102
{ACAD_REACTORS
330
2DB8
102
}
330
2DB8
100
AcDbXrecord
280
     1
102
RTVSPost2010Prop28
280
     0
102
RTVSPost2010PropOp28
 70
     1
102
RTVSPost2010Prop29
280
     1
102
RTVSPost2010PropOp29
 70
     1
102
RTVSPost2010Prop30
280
     1
102
RTVSPost2010PropOp30
 70
     1
102
RTVSPost2010Prop31
280
     0
102
RTVSPost2010PropOp31
 70
     1
102
RTVSPost2010Prop32
280
     0
102
RTVSPost2010PropOp32
 70
     1
102
RTVSPost2010Prop33
280
     0
102
RTVSPost2010PropOp33
 70
     1
102
RTVSPost2010Prop34
280
     0
102
RTVSPost2010PropOp34
 70
     1
102
RTVSPost2010Prop35
280
     0
102
RTVSPost2010PropOp35
 70
     1
102
RTVSPost2010Prop36
280
     0
102
RTVSPost2010PropOp36
 70
     1
102
RTVSPost2010Prop37
 90
       50
102
RTVSPost2010PropOp37
 70
     1
102
RTVSPost2010Prop38
140
0.0
102
RTVSPost2010PropOp38
 70
     1
102
RTVSPost2010Prop39
140
1.0
102
RTVSPost2010PropOp39
 70
     1
102
RTVSPost2010Prop40
 90
        0
102
RTVSPost2010PropOp40
 70
     1
102
RTVSPost2010Prop41ColorIndex
 90
       18
102
RTVSPost2010Prop41ColorRGB
 90
        0
102
RTVSPost2010PropOp41
 70
     1
102
RTVSPost2010Prop42
 90
       50
102
RTVSPost2010PropOp42
 70
     1
102
RTVSPost2010Prop43
 90
        3
102
RTVSPost2010PropOp43
 70
     1
102
RTVSPost2010Prop44ColorIndex
 90
        5
102
RTVSPost2010Prop44ColorRGB
 90
      255
102
RTVSPost2010PropOp44
 70
     1
102
RTVSPost2010Prop45
280
     0
102
RTVSPost2010PropOp45
 70
     1
102
RTVSPost2010Prop46
 90
       50
102
RTVSPost2010PropOp46
 70
     1
102
RTVSPost2010Prop47
 90
       50
102
RTVSPost2010PropOp47
 70
     1
102
RTVSPost2010Prop48
 90
       50
102
RTVSPost2010PropOp48
 70
     1
102
RTVSPost2010Prop49
280
     0
102
RTVSPost2010PropOp49
 70
     1
102
RTVSPost2010Prop50
 90
       50
102
RTVSPost2010PropOp50
 70
     1
102
RTVSPost2010Prop51ColorIndex
 90
      256
102
RTVSPost2010Prop51ColorRGB
 90
-16777216
102
RTVSPost2010PropOp51
 70
     0
102
RTVSPost2010Prop52
140
1.0
102
RTVSPost2010PropOp52
 70
     0
102
RTVSPost2010Prop53
 90
        2
102
RTVSPost2010PropOp53
 70
     1
102
RTVSPost2010Prop54
  1
strokes_ogs.tif
102
RTVSPost2010PropOp54
 70
     1
102
RTVSPost2010Prop55
280
     0
102
RTVSPost2010PropOp55
 70
     1
102
RTVSPost2010Prop56
140
1.0
102
RTVSPost2010PropOp56
 70
     1
102
RTVSPost2010Prop57
140
1.0
102
RTVSPost2010PropOp57
 70
     1
102
RTVSPropertyOp0
 70
     1
102
RTVSPropertyOp1
 70
     1
102
RTVSPropertyOp2
 70
     1
102
RTVSPropertyOp3
 70
     1
102
RTVSPropertyOp4
 70
     1
102
RTVSPropertyOp5
 70
     1
102
RTVSPropertyOp6
 70
     1
102
RTVSPropertyOp7
 70
     1
102
RTVSPropertyOp8
 70
     1
102
RTVSPropertyOp9
 70
     1
102
RTVSPropertyOp10
 70
     1
102
RTVSPropertyOp11
 70
     1
102
RTVSPropertyOp12
 70
     1
102
RTVSPropertyOp13
 70
     1
102
RTVSPropertyOp14
 70
     1
102
RTVSPropertyOp15
 70
     1
102
RTVSPropertyOp16
 70
     1
102
RTVSPropertyOp17
 70
     1
102
RTVSPropertyOp18
 70
     1
102
RTVSPropertyOp19
 70
     1
102
RTVSPropertyOp20
 70
     1
102
RTVSPropertyOp21
 70
     1
102
RTVSPropertyOp22
 70
     1
102
RTVSPropertyOp23
 70
     1
102
RTVSPropertyOp24
 70
     1
102
RTVSPropertyOp25
 70
     1
102
RTVSPropertyOp26
 70
     1
102
RTVSPropertyOp27
 70
     1
102
RTVSPropertyOp28
 70
     1
102
RTVSPropertyOp29
 70
     1
102
RTVSPropertyOp30
 70
     1
102
RTVSPropertyOp31
 70
     1
102
RTVSPropertyOp32
 70
     1
102
RTVSPropertyOp33
 70
     1
102
RTVSPropertyOp34
 70
     1
102
RTVSPropertyOp35
 70
     1
102
RTVSPropertyOp36
 70
     1
102
RTVSPropertyOp37
 70
     1
102
RTVSPropertyOp38
 70
     1
102
RTVSPropertyOp39
 70
     1
102
RTVSPropertyOp40
 70
     1
102
RTVSPropertyOp41
 70
     1
102
RTVSPropertyOp42
 70
     1
102
RTVSPropertyOp43
 70
     1
102
RTVSPropertyOp44
 70
     1
102
RTVSPropertyOp45
 70
     1
102
RTVSPropertyOp46
 70
     1
102
RTVSPropertyOp47
 70
     1
102
RTVSPropertyOp48
 70
     1
102
RTVSPropertyOp49
 70
     1
102
RTVSPropertyOp50
 70
     1
102
RTVSPropertyOp51
 70
     0
102
RTVSPropertyOp52
 70
     0
102
RTVSPropertyOp53
 70
     1
102
RTVSPropertyOp54
 70
     1
102
RTVSPropertyOp55
 70
     1
102
RTVSPropertyOp56
 70
     1
102
RTVSPropertyOp57
 70
     1
102
RTVSPropertyOp58
 70
     1
102
RTVSPropertyOp59
 70
     1
102
RTVSPropertyOp60
 70
     1
102
RTVSPropertyOp61
 70
     1
102
RTVSPropertyOp62
 70
     1
  0
XRECORD
  5
2DBB
102
{ACAD_REACTORS
330
2DBA
102
}
330
2DBA
100
AcDbXrecord
280
     1
102
RTVSPost2010Prop28
280
     0
102
RTVSPost2010PropOp28
 70
     1
102
RTVSPost2010Prop29
280
     1
102
RTVSPost2010PropOp29
 70
     1
102
RTVSPost2010Prop30
280
     1
102
RTVSPost2010PropOp30
 70
     1
102
RTVSPost2010Prop31
280
     0
102
RTVSPost2010PropOp31
 70
     1
102
RTVSPost2010Prop32
280
     0
102
RTVSPost2010PropOp32
 70
     1
102
RTVSPost2010Prop33
280
     0
102
RTVSPost2010PropOp33
 70
     1
102
RTVSPost2010Prop34
280
     0
102
RTVSPost2010PropOp34
 70
     1
102
RTVSPost2010Prop35
280
     0
102
RTVSPost2010PropOp35
 70
     1
102
RTVSPost2010Prop36
280
     0
102
RTVSPost2010PropOp36
 70
     1
102
RTVSPost2010Prop37
 90
       50
102
RTVSPost2010PropOp37
 70
     1
102
RTVSPost2010Prop38
140
0.0
102
RTVSPost2010PropOp38
 70
     1
102
RTVSPost2010Prop39
140
1.0
102
RTVSPost2010PropOp39
 70
     1
102
RTVSPost2010Prop40
 90
        0
102
RTVSPost2010PropOp40
 70
     1
102
RTVSPost2010Prop41ColorIndex
 90
       18
102
RTVSPost2010Prop41ColorRGB
 90
        0
102
RTVSPost2010PropOp41
 70
     1
102
RTVSPost2010Prop42
 90
       50
102
RTVSPost2010PropOp42
 70
     1
102
RTVSPost2010Prop43
 90
        3
102
RTVSPost2010PropOp43
 70
     1
102
RTVSPost2010Prop44ColorIndex
 90
        5
102
RTVSPost2010Prop44ColorRGB
 90
      255
102
RTVSPost2010PropOp44
 70
     1
102
RTVSPost2010Prop45
280
     0
102
RTVSPost2010PropOp45
 70
     1
102
RTVSPost2010Prop46
 90
       50
102
RTVSPost2010PropOp46
 70
     1
102
RTVSPost2010Prop47
 90
       50
102
RTVSPost2010PropOp47
 70
     1
102
RTVSPost2010Prop48
 90
       50
102
RTVSPost2010PropOp48
 70
     1
102
RTVSPost2010Prop49
280
     0
102
RTVSPost2010PropOp49
 70
     1
102
RTVSPost2010Prop50
 90
       50
102
RTVSPost2010PropOp50
 70
     1
102
RTVSPost2010Prop51ColorIndex
 90
      256
102
RTVSPost2010Prop51ColorRGB
 90
-16777216
102
RTVSPost2010PropOp51
 70
     0
102
RTVSPost2010Prop52
140
1.0
102
RTVSPost2010PropOp52
 70
     0
102
RTVSPost2010Prop53
 90
        2
102
RTVSPost2010PropOp53
 70
     1
102
RTVSPost2010Prop54
  1
strokes_ogs.tif
102
RTVSPost2010PropOp54
 70
     1
102
RTVSPost2010Prop55
280
     0
102
RTVSPost2010PropOp55
 70
     1
102
RTVSPost2010Prop56
140
1.0
102
RTVSPost2010PropOp56
 70
     1
102
RTVSPost2010Prop57
140
1.0
102
RTVSPost2010PropOp57
 70
     1
102
RTVSPropertyOp0
 70
     1
102
RTVSPropertyOp1
 70
     1
102
RTVSPropertyOp2
 70
     1
102
RTVSPropertyOp3
 70
     1
102
RTVSPropertyOp4
 70
     1
102
RTVSPropertyOp5
 70
     1
102
RTVSPropertyOp6
 70
     1
102
RTVSPropertyOp7
 70
     1
102
RTVSPropertyOp8
 70
     1
102
RTVSPropertyOp9
 70
     1
102
RTVSPropertyOp10
 70
     1
102
RTVSPropertyOp11
 70
     1
102
RTVSPropertyOp12
 70
     1
102
RTVSPropertyOp13
 70
     1
102
RTVSPropertyOp14
 70
     1
102
RTVSPropertyOp15
 70
     1
102
RTVSPropertyOp16
 70
     1
102
RTVSPropertyOp17
 70
     1
102
RTVSPropertyOp18
 70
     1
102
RTVSPropertyOp19
 70
     1
102
RTVSPropertyOp20
 70
     1
102
RTVSPropertyOp21
 70
     1
102
RTVSPropertyOp22
 70
     1
102
RTVSPropertyOp23
 70
     1
102
RTVSPropertyOp24
 70
     1
102
RTVSPropertyOp25
 70
     1
102
RTVSPropertyOp26
 70
     1
102
RTVSPropertyOp27
 70
     1
102
RTVSPropertyOp28
 70
     1
102
RTVSPropertyOp29
 70
     1
102
RTVSPropertyOp30
 70
     1
102
RTVSPropertyOp31
 70
     1
102
RTVSPropertyOp32
 70
     1
102
RTVSPropertyOp33
 70
     1
102
RTVSPropertyOp34
 70
     1
102
RTVSPropertyOp35
 70
     1
102
RTVSPropertyOp36
 70
     1
102
RTVSPropertyOp37
 70
     1
102
RTVSPropertyOp38
 70
     1
102
RTVSPropertyOp39
 70
     1
102
RTVSPropertyOp40
 70
     1
102
RTVSPropertyOp41
 70
     1
102
RTVSPropertyOp42
 70
     1
102
RTVSPropertyOp43
 70
     1
102
RTVSPropertyOp44
 70
     1
102
RTVSPropertyOp45
 70
     1
102
RTVSPropertyOp46
 70
     1
102
RTVSPropertyOp47
 70
     1
102
RTVSPropertyOp48
 70
     1
102
RTVSPropertyOp49
 70
     1
102
RTVSPropertyOp50
 70
     1
102
RTVSPropertyOp51
 70
     0
102
RTVSPropertyOp52
 70
     0
102
RTVSPropertyOp53
 70
     1
102
RTVSPropertyOp54
 70
     1
102
RTVSPropertyOp55
 70
     1
102
RTVSPropertyOp56
 70
     1
102
RTVSPropertyOp57
 70
     1
102
RTVSPropertyOp58
 70
     1
102
RTVSPropertyOp59
 70
     1
102
RTVSPropertyOp60
 70
     1
102
RTVSPropertyOp61
 70
     1
102
RTVSPropertyOp62
 70
     1
  0
XRECORD
  5
2DBD
102
{ACAD_REACTORS
330
2DBC
102
}
330
2DBC
100
AcDbXrecord
280
     1
102
RTVSPost2010Prop28
280
     0
102
RTVSPost2010PropOp28
 70
     1
102
RTVSPost2010Prop29
280
     1
102
RTVSPost2010PropOp29
 70
     1
102
RTVSPost2010Prop30
280
     1
102
RTVSPost2010PropOp30
 70
     1
102
RTVSPost2010Prop31
280
     0
102
RTVSPost2010PropOp31
 70
     1
102
RTVSPost2010Prop32
280
     0
102
RTVSPost2010PropOp32
 70
     1
102
RTVSPost2010Prop33
280
     0
102
RTVSPost2010PropOp33
 70
     1
102
RTVSPost2010Prop34
280
     0
102
RTVSPost2010PropOp34
 70
     1
102
RTVSPost2010Prop35
280
     0
102
RTVSPost2010PropOp35
 70
     1
102
RTVSPost2010Prop36
280
     0
102
RTVSPost2010PropOp36
 70
     1
102
RTVSPost2010Prop37
 90
       50
102
RTVSPost2010PropOp37
 70
     1
102
RTVSPost2010Prop38
140
0.0
102
RTVSPost2010PropOp38
 70
     1
102
RTVSPost2010Prop39
140
1.0
102
RTVSPost2010PropOp39
 70
     1
102
RTVSPost2010Prop40
 90
        0
102
RTVSPost2010PropOp40
 70
     1
102
RTVSPost2010Prop41ColorIndex
 90
       18
102
RTVSPost2010Prop41ColorRGB
 90
        0
102
RTVSPost2010PropOp41
 70
     1
102
RTVSPost2010Prop42
 90
       50
102
RTVSPost2010PropOp42
 70
     1
102
RTVSPost2010Prop43
 90
        3
102
RTVSPost2010PropOp43
 70
     1
102
RTVSPost2010Prop44ColorIndex
 90
        5
102
RTVSPost2010Prop44ColorRGB
 90
      255
102
RTVSPost2010PropOp44
 70
     1
102
RTVSPost2010Prop45
280
     0
102
RTVSPost2010PropOp45
 70
     1
102
RTVSPost2010Prop46
 90
       50
102
RTVSPost2010PropOp46
 70
     1
102
RTVSPost2010Prop47
 90
       50
102
RTVSPost2010PropOp47
 70
     1
102
RTVSPost2010Prop48
 90
       50
102
RTVSPost2010PropOp48
 70
     1
102
RTVSPost2010Prop49
280
     0
102
RTVSPost2010PropOp49
 70
     1
102
RTVSPost2010Prop50
 90
       50
102
RTVSPost2010PropOp50
 70
     1
102
RTVSPost2010Prop51ColorIndex
 90
      256
102
RTVSPost2010Prop51ColorRGB
 90
-16777216
102
RTVSPost2010PropOp51
 70
     0
102
RTVSPost2010Prop52
140
1.0
102
RTVSPost2010PropOp52
 70
     0
102
RTVSPost2010Prop53
 90
        2
102
RTVSPost2010PropOp53
 70
     1
102
RTVSPost2010Prop54
  1
strokes_ogs.tif
102
RTVSPost2010PropOp54
 70
     1
102
RTVSPost2010Prop55
280
     0
102
RTVSPost2010PropOp55
 70
     1
102
RTVSPost2010Prop56
140
1.0
102
RTVSPost2010PropOp56
 70
     1
102
RTVSPost2010Prop57
140
1.0
102
RTVSPost2010PropOp57
 70
     1
102
RTVSPropertyOp0
 70
     1
102
RTVSPropertyOp1
 70
     1
102
RTVSPropertyOp2
 70
     1
102
RTVSPropertyOp3
 70
     1
102
RTVSPropertyOp4
 70
     1
102
RTVSPropertyOp5
 70
     1
102
RTVSPropertyOp6
 70
     1
102
RTVSPropertyOp7
 70
     1
102
RTVSPropertyOp8
 70
     1
102
RTVSPropertyOp9
 70
     1
102
RTVSPropertyOp10
 70
     1
102
RTVSPropertyOp11
 70
     1
102
RTVSPropertyOp12
 70
     1
102
RTVSPropertyOp13
 70
     1
102
RTVSPropertyOp14
 70
     1
102
RTVSPropertyOp15
 70
     1
102
RTVSPropertyOp16
 70
     1
102
RTVSPropertyOp17
 70
     1
102
RTVSPropertyOp18
 70
     1
102
RTVSPropertyOp19
 70
     1
102
RTVSPropertyOp20
 70
     1
102
RTVSPropertyOp21
 70
     1
102
RTVSPropertyOp22
 70
     1
102
RTVSPropertyOp23
 70
     1
102
RTVSPropertyOp24
 70
     1
102
RTVSPropertyOp25
 70
     1
102
RTVSPropertyOp26
 70
     1
102
RTVSPropertyOp27
 70
     1
102
RTVSPropertyOp28
 70
     1
102
RTVSPropertyOp29
 70
     1
102
RTVSPropertyOp30
 70
     1
102
RTVSPropertyOp31
 70
     1
102
RTVSPropertyOp32
 70
     1
102
RTVSPropertyOp33
 70
     1
102
RTVSPropertyOp34
 70
     1
102
RTVSPropertyOp35
 70
     1
102
RTVSPropertyOp36
 70
     1
102
RTVSPropertyOp37
 70
     1
102
RTVSPropertyOp38
 70
     1
102
RTVSPropertyOp39
 70
     1
102
RTVSPropertyOp40
 70
     1
102
RTVSPropertyOp41
 70
     1
102
RTVSPropertyOp42
 70
     1
102
RTVSPropertyOp43
 70
     1
102
RTVSPropertyOp44
 70
     1
102
RTVSPropertyOp45
 70
     1
102
RTVSPropertyOp46
 70
     1
102
RTVSPropertyOp47
 70
     1
102
RTVSPropertyOp48
 70
     1
102
RTVSPropertyOp49
 70
     1
102
RTVSPropertyOp50
 70
     1
102
RTVSPropertyOp51
 70
     0
102
RTVSPropertyOp52
 70
     0
102
RTVSPropertyOp53
 70
     1
102
RTVSPropertyOp54
 70
     1
102
RTVSPropertyOp55
 70
     1
102
RTVSPropertyOp56
 70
     1
102
RTVSPropertyOp57
 70
     1
102
RTVSPropertyOp58
 70
     1
102
RTVSPropertyOp59
 70
     1
102
RTVSPropertyOp60
 70
     1
102
RTVSPropertyOp61
 70
     1
102
RTVSPropertyOp62
 70
     1
  0
XRECORD
  5
2DBF
102
{ACAD_REACTORS
330
2DBE
102
}
330
2DBE
100
AcDbXrecord
280
     1
102
RTVSPost2010Prop28
280
     0
102
RTVSPost2010PropOp28
 70
     1
102
RTVSPost2010Prop29
280
     1
102
RTVSPost2010PropOp29
 70
     1
102
RTVSPost2010Prop30
280
     1
102
RTVSPost2010PropOp30
 70
     1
102
RTVSPost2010Prop31
280
     0
102
RTVSPost2010PropOp31
 70
     1
102
RTVSPost2010Prop32
280
     0
102
RTVSPost2010PropOp32
 70
     1
102
RTVSPost2010Prop33
280
     0
102
RTVSPost2010PropOp33
 70
     1
102
RTVSPost2010Prop34
280
     0
102
RTVSPost2010PropOp34
 70
     1
102
RTVSPost2010Prop35
280
     0
102
RTVSPost2010PropOp35
 70
     1
102
RTVSPost2010Prop36
280
     0
102
RTVSPost2010PropOp36
 70
     1
102
RTVSPost2010Prop37
 90
       50
102
RTVSPost2010PropOp37
 70
     1
102
RTVSPost2010Prop38
140
0.0
102
RTVSPost2010PropOp38
 70
     1
102
RTVSPost2010Prop39
140
1.0
102
RTVSPost2010PropOp39
 70
     1
102
RTVSPost2010Prop40
 90
        0
102
RTVSPost2010PropOp40
 70
     1
102
RTVSPost2010Prop41ColorIndex
 90
       18
102
RTVSPost2010Prop41ColorRGB
 90
        0
102
RTVSPost2010PropOp41
 70
     1
102
RTVSPost2010Prop42
 90
       50
102
RTVSPost2010PropOp42
 70
     1
102
RTVSPost2010Prop43
 90
        3
102
RTVSPost2010PropOp43
 70
     1
102
RTVSPost2010Prop44ColorIndex
 90
        5
102
RTVSPost2010Prop44ColorRGB
 90
      255
102
RTVSPost2010PropOp44
 70
     1
102
RTVSPost2010Prop45
280
     0
102
RTVSPost2010PropOp45
 70
     1
102
RTVSPost2010Prop46
 90
       50
102
RTVSPost2010PropOp46
 70
     1
102
RTVSPost2010Prop47
 90
       50
102
RTVSPost2010PropOp47
 70
     1
102
RTVSPost2010Prop48
 90
       50
102
RTVSPost2010PropOp48
 70
     1
102
RTVSPost2010Prop49
280
     0
102
RTVSPost2010PropOp49
 70
     1
102
RTVSPost2010Prop50
 90
       50
102
RTVSPost2010PropOp50
 70
     1
102
RTVSPost2010Prop51ColorIndex
 90
      256
102
RTVSPost2010Prop51ColorRGB
 90
-16777216
102
RTVSPost2010PropOp51
 70
     0
102
RTVSPost2010Prop52
140
1.0
102
RTVSPost2010PropOp52
 70
     0
102
RTVSPost2010Prop53
 90
        2
102
RTVSPost2010PropOp53
 70
     1
102
RTVSPost2010Prop54
  1
strokes_ogs.tif
102
RTVSPost2010PropOp54
 70
     1
102
RTVSPost2010Prop55
280
     0
102
RTVSPost2010PropOp55
 70
     1
102
RTVSPost2010Prop56
140
1.0
102
RTVSPost2010PropOp56
 70
     1
102
RTVSPost2010Prop57
140
1.0
102
RTVSPost2010PropOp57
 70
     1
102
RTVSPropertyOp0
 70
     1
102
RTVSPropertyOp1
 70
     1
102
RTVSPropertyOp2
 70
     1
102
RTVSPropertyOp3
 70
     1
102
RTVSPropertyOp4
 70
     1
102
RTVSPropertyOp5
 70
     1
102
RTVSPropertyOp6
 70
     1
102
RTVSPropertyOp7
 70
     1
102
RTVSPropertyOp8
 70
     1
102
RTVSPropertyOp9
 70
     1
102
RTVSPropertyOp10
 70
     1
102
RTVSPropertyOp11
 70
     1
102
RTVSPropertyOp12
 70
     1
102
RTVSPropertyOp13
 70
     1
102
RTVSPropertyOp14
 70
     1
102
RTVSPropertyOp15
 70
     1
102
RTVSPropertyOp16
 70
     1
102
RTVSPropertyOp17
 70
     1
102
RTVSPropertyOp18
 70
     1
102
RTVSPropertyOp19
 70
     1
102
RTVSPropertyOp20
 70
     1
102
RTVSPropertyOp21
 70
     1
102
RTVSPropertyOp22
 70
     1
102
RTVSPropertyOp23
 70
     1
102
RTVSPropertyOp24
 70
     1
102
RTVSPropertyOp25
 70
     1
102
RTVSPropertyOp26
 70
     1
102
RTVSPropertyOp27
 70
     1
102
RTVSPropertyOp28
 70
     1
102
RTVSPropertyOp29
 70
     1
102
RTVSPropertyOp30
 70
     1
102
RTVSPropertyOp31
 70
     1
102
RTVSPropertyOp32
 70
     1
102
RTVSPropertyOp33
 70
     1
102
RTVSPropertyOp34
 70
     1
102
RTVSPropertyOp35
 70
     1
102
RTVSPropertyOp36
 70
     1
102
RTVSPropertyOp37
 70
     1
102
RTVSPropertyOp38
 70
     1
102
RTVSPropertyOp39
 70
     1
102
RTVSPropertyOp40
 70
     1
102
RTVSPropertyOp41
 70
     1
102
RTVSPropertyOp42
 70
     1
102
RTVSPropertyOp43
 70
     1
102
RTVSPropertyOp44
 70
     1
102
RTVSPropertyOp45
 70
     1
102
RTVSPropertyOp46
 70
     1
102
RTVSPropertyOp47
 70
     1
102
RTVSPropertyOp48
 70
     1
102
RTVSPropertyOp49
 70
     1
102
RTVSPropertyOp50
 70
     1
102
RTVSPropertyOp51
 70
     0
102
RTVSPropertyOp52
 70
     0
102
RTVSPropertyOp53
 70
     1
102
RTVSPropertyOp54
 70
     1
102
RTVSPropertyOp55
 70
     1
102
RTVSPropertyOp56
 70
     1
102
RTVSPropertyOp57
 70
     1
102
RTVSPropertyOp58
 70
     1
102
RTVSPropertyOp59
 70
     1
102
RTVSPropertyOp60
 70
     1
102
RTVSPropertyOp61
 70
     1
102
RTVSPropertyOp62
 70
     1
  0
XRECORD
  5
2DE1
102
{ACAD_REACTORS
330
2DE0
102
}
330
2DE0
100
AcDbXrecord
280
     1
102
RTVSPost2010Prop28
280
     0
102
RTVSPost2010PropOp28
 70
     1
102
RTVSPost2010Prop29
280
     1
102
RTVSPost2010PropOp29
 70
     1
102
RTVSPost2010Prop30
280
     1
102
RTVSPost2010PropOp30
 70
     1
102
RTVSPost2010Prop31
280
     0
102
RTVSPost2010PropOp31
 70
     1
102
RTVSPost2010Prop32
280
     0
102
RTVSPost2010PropOp32
 70
     1
102
RTVSPost2010Prop33
280
     0
102
RTVSPost2010PropOp33
 70
     1
102
RTVSPost2010Prop34
280
     0
102
RTVSPost2010PropOp34
 70
     1
102
RTVSPost2010Prop35
280
     0
102
RTVSPost2010PropOp35
 70
     1
102
RTVSPost2010Prop36
280
     0
102
RTVSPost2010PropOp36
 70
     1
102
RTVSPost2010Prop37
 90
       50
102
RTVSPost2010PropOp37
 70
     1
102
RTVSPost2010Prop38
140
0.0
102
RTVSPost2010PropOp38
 70
     1
102
RTVSPost2010Prop39
140
1.0
102
RTVSPost2010PropOp39
 70
     1
102
RTVSPost2010Prop40
 90
        0
102
RTVSPost2010PropOp40
 70
     1
102
RTVSPost2010Prop41ColorIndex
 90
       18
102
RTVSPost2010Prop41ColorRGB
 90
        0
102
RTVSPost2010PropOp41
 70
     1
102
RTVSPost2010Prop42
 90
       50
102
RTVSPost2010PropOp42
 70
     1
102
RTVSPost2010Prop43
 90
        3
102
RTVSPost2010PropOp43
 70
     1
102
RTVSPost2010Prop44ColorIndex
 90
        5
102
RTVSPost2010Prop44ColorRGB
 90
      255
102
RTVSPost2010PropOp44
 70
     1
102
RTVSPost2010Prop45
280
     0
102
RTVSPost2010PropOp45
 70
     1
102
RTVSPost2010Prop46
 90
       50
102
RTVSPost2010PropOp46
 70
     1
102
RTVSPost2010Prop47
 90
       50
102
RTVSPost2010PropOp47
 70
     1
102
RTVSPost2010Prop48
 90
       50
102
RTVSPost2010PropOp48
 70
     1
102
RTVSPost2010Prop49
280
     0
102
RTVSPost2010PropOp49
 70
     1
102
RTVSPost2010Prop50
 90
       50
102
RTVSPost2010PropOp50
 70
     1
102
RTVSPost2010Prop51ColorIndex
 90
      256
102
RTVSPost2010Prop51ColorRGB
 90
-16777216
102
RTVSPost2010PropOp51
 70
     0
102
RTVSPost2010Prop52
140
1.0
102
RTVSPost2010PropOp52
 70
     0
102
RTVSPost2010Prop53
 90
        2
102
RTVSPost2010PropOp53
 70
     1
102
RTVSPost2010Prop54
  1
strokes_ogs.tif
102
RTVSPost2010PropOp54
 70
     1
102
RTVSPost2010Prop55
280
     0
102
RTVSPost2010PropOp55
 70
     1
102
RTVSPost2010Prop56
140
1.0
102
RTVSPost2010PropOp56
 70
     1
102
RTVSPost2010Prop57
140
1.0
102
RTVSPost2010PropOp57
 70
     1
102
RTVSPropertyOp0
 70
     1
102
RTVSPropertyOp1
 70
     1
102
RTVSPropertyOp2
 70
     1
102
RTVSPropertyOp3
 70
     1
102
RTVSPropertyOp4
 70
     1
102
RTVSPropertyOp5
 70
     1
102
RTVSPropertyOp6
 70
     1
102
RTVSPropertyOp7
 70
     1
102
RTVSPropertyOp8
 70
     1
102
RTVSPropertyOp9
 70
     1
102
RTVSPropertyOp10
 70
     1
102
RTVSPropertyOp11
 70
     1
102
RTVSPropertyOp12
 70
     1
102
RTVSPropertyOp13
 70
     1
102
RTVSPropertyOp14
 70
     1
102
RTVSPropertyOp15
 70
     1
102
RTVSPropertyOp16
 70
     1
102
RTVSPropertyOp17
 70
     1
102
RTVSPropertyOp18
 70
     1
102
RTVSPropertyOp19
 70
     1
102
RTVSPropertyOp20
 70
     1
102
RTVSPropertyOp21
 70
     1
102
RTVSPropertyOp22
 70
     1
102
RTVSPropertyOp23
 70
     1
102
RTVSPropertyOp24
 70
     1
102
RTVSPropertyOp25
 70
     1
102
RTVSPropertyOp26
 70
     1
102
RTVSPropertyOp27
 70
     1
102
RTVSPropertyOp28
 70
     1
102
RTVSPropertyOp29
 70
     1
102
RTVSPropertyOp30
 70
     1
102
RTVSPropertyOp31
 70
     1
102
RTVSPropertyOp32
 70
     1
102
RTVSPropertyOp33
 70
     1
102
RTVSPropertyOp34
 70
     1
102
RTVSPropertyOp35
 70
     1
102
RTVSPropertyOp36
 70
     1
102
RTVSPropertyOp37
 70
     1
102
RTVSPropertyOp38
 70
     1
102
RTVSPropertyOp39
 70
     1
102
RTVSPropertyOp40
 70
     1
102
RTVSPropertyOp41
 70
     1
102
RTVSPropertyOp42
 70
     1
102
RTVSPropertyOp43
 70
     1
102
RTVSPropertyOp44
 70
     1
102
RTVSPropertyOp45
 70
     1
102
RTVSPropertyOp46
 70
     1
102
RTVSPropertyOp47
 70
     1
102
RTVSPropertyOp48
 70
     1
102
RTVSPropertyOp49
 70
     1
102
RTVSPropertyOp50
 70
     1
102
RTVSPropertyOp51
 70
     0
102
RTVSPropertyOp52
 70
     0
102
RTVSPropertyOp53
 70
     1
102
RTVSPropertyOp54
 70
     1
102
RTVSPropertyOp55
 70
     1
102
RTVSPropertyOp56
 70
     1
102
RTVSPropertyOp57
 70
     1
102
RTVSPropertyOp58
 70
     1
102
RTVSPropertyOp59
 70
     1
102
RTVSPropertyOp60
 70
     1
102
RTVSPropertyOp61
 70
     1
102
RTVSPropertyOp62
 70
     1
  0
XRECORD
  5
2DD9
102
{ACAD_REACTORS
330
2DD8
102
}
330
2DD8
100
AcDbXrecord
280
     1
102
RTVSPost2010Prop28
280
     0
102
RTVSPost2010PropOp28
 70
     1
102
RTVSPost2010Prop29
280
     1
102
RTVSPost2010PropOp29
 70
     1
102
RTVSPost2010Prop30
280
     1
102
RTVSPost2010PropOp30
 70
     1
102
RTVSPost2010Prop31
280
     0
102
RTVSPost2010PropOp31
 70
     1
102
RTVSPost2010Prop32
280
     0
102
RTVSPost2010PropOp32
 70
     1
102
RTVSPost2010Prop33
280
     0
102
RTVSPost2010PropOp33
 70
     1
102
RTVSPost2010Prop34
280
     0
102
RTVSPost2010PropOp34
 70
     1
102
RTVSPost2010Prop35
280
     0
102
RTVSPost2010PropOp35
 70
     1
102
RTVSPost2010Prop36
280
     0
102
RTVSPost2010PropOp36
 70
     1
102
RTVSPost2010Prop37
 90
       50
102
RTVSPost2010PropOp37
 70
     1
102
RTVSPost2010Prop38
140
0.0
102
RTVSPost2010PropOp38
 70
     1
102
RTVSPost2010Prop39
140
1.0
102
RTVSPost2010PropOp39
 70
     1
102
RTVSPost2010Prop40
 90
        0
102
RTVSPost2010PropOp40
 70
     1
102
RTVSPost2010Prop41ColorIndex
 90
       18
102
RTVSPost2010Prop41ColorRGB
 90
        0
102
RTVSPost2010PropOp41
 70
     1
102
RTVSPost2010Prop42
 90
       50
102
RTVSPost2010PropOp42
 70
     1
102
RTVSPost2010Prop43
 90
        3
102
RTVSPost2010PropOp43
 70
     1
102
RTVSPost2010Prop44ColorIndex
 90
        5
102
RTVSPost2010Prop44ColorRGB
 90
      255
102
RTVSPost2010PropOp44
 70
     1
102
RTVSPost2010Prop45
280
     0
102
RTVSPost2010PropOp45
 70
     1
102
RTVSPost2010Prop46
 90
       50
102
RTVSPost2010PropOp46
 70
     1
102
RTVSPost2010Prop47
 90
       50
102
RTVSPost2010PropOp47
 70
     1
102
RTVSPost2010Prop48
 90
       50
102
RTVSPost2010PropOp48
 70
     1
102
RTVSPost2010Prop49
280
     0
102
RTVSPost2010PropOp49
 70
     1
102
RTVSPost2010Prop50
 90
       50
102
RTVSPost2010PropOp50
 70
     1
102
RTVSPost2010Prop51ColorIndex
 90
      256
102
RTVSPost2010Prop51ColorRGB
 90
-16777216
102
RTVSPost2010PropOp51
 70
     0
102
RTVSPost2010Prop52
140
1.0
102
RTVSPost2010PropOp52
 70
     0
102
RTVSPost2010Prop53
 90
        2
102
RTVSPost2010PropOp53
 70
     1
102
RTVSPost2010Prop54
  1
strokes_ogs.tif
102
RTVSPost2010PropOp54
 70
     1
102
RTVSPost2010Prop55
280
     0
102
RTVSPost2010PropOp55
 70
     1
102
RTVSPost2010Prop56
140
1.0
102
RTVSPost2010PropOp56
 70
     1
102
RTVSPost2010Prop57
140
1.0
102
RTVSPost2010PropOp57
 70
     1
102
RTVSPropertyOp0
 70
     0
102
RTVSPropertyOp1
 70
     0
102
RTVSPropertyOp2
 70
     0
102
RTVSPropertyOp3
 70
     0
102
RTVSPropertyOp4
 70
     0
102
RTVSPropertyOp5
 70
     0
102
RTVSPropertyOp6
 70
     0
102
RTVSPropertyOp7
 70
     0
102
RTVSPropertyOp8
 70
     0
102
RTVSPropertyOp9
 70
     0
102
RTVSPropertyOp10
 70
     0
102
RTVSPropertyOp11
 70
     0
102
RTVSPropertyOp12
 70
     0
102
RTVSPropertyOp13
 70
     0
102
RTVSPropertyOp14
 70
     2
102
RTVSPropertyOp15
 70
     0
102
RTVSPropertyOp16
 70
     0
102
RTVSPropertyOp17
 70
     0
102
RTVSPropertyOp18
 70
     0
102
RTVSPropertyOp19
 70
     0
102
RTVSPropertyOp20
 70
     0
102
RTVSPropertyOp21
 70
     0
102
RTVSPropertyOp22
 70
     0
102
RTVSPropertyOp23
 70
     0
102
RTVSPropertyOp24
 70
     0
102
RTVSPropertyOp25
 70
     0
102
RTVSPropertyOp26
 70
     0
102
RTVSPropertyOp27
 70
     0
102
RTVSPropertyOp28
 70
     1
102
RTVSPropertyOp29
 70
     1
102
RTVSPropertyOp30
 70
     1
102
RTVSPropertyOp31
 70
     1
102
RTVSPropertyOp32
 70
     1
102
RTVSPropertyOp33
 70
     1
102
RTVSPropertyOp34
 70
     1
102
RTVSPropertyOp35
 70
     1
102
RTVSPropertyOp36
 70
     1
102
RTVSPropertyOp37
 70
     1
102
RTVSPropertyOp38
 70
     1
102
RTVSPropertyOp39
 70
     1
102
RTVSPropertyOp40
 70
     1
102
RTVSPropertyOp41
 70
     1
102
RTVSPropertyOp42
 70
     1
102
RTVSPropertyOp43
 70
     1
102
RTVSPropertyOp44
 70
     1
102
RTVSPropertyOp45
 70
     1
102
RTVSPropertyOp46
 70
     1
102
RTVSPropertyOp47
 70
     1
102
RTVSPropertyOp48
 70
     1
102
RTVSPropertyOp49
 70
     1
102
RTVSPropertyOp50
 70
     1
102
RTVSPropertyOp51
 70
     0
102
RTVSPropertyOp52
 70
     0
102
RTVSPropertyOp53
 70
     1
102
RTVSPropertyOp54
 70
     1
102
RTVSPropertyOp55
 70
     1
102
RTVSPropertyOp56
 70
     1
102
RTVSPropertyOp57
 70
     1
102
RTVSPropertyOp58
 70
     1
102
RTVSPropertyOp59
 70
     1
102
RTVSPropertyOp60
 70
     1
102
RTVSPropertyOp61
 70
     1
102
RTVSPropertyOp62
 70
     1
  0
XRECORD
  5
2DD3
102
{ACAD_REACTORS
330
2DD2
102
}
330
2DD2
100
AcDbXrecord
280
     1
102
RTVSPost2010Prop28
280
     0
102
RTVSPost2010PropOp28
 70
     1
102
RTVSPost2010Prop29
280
     1
102
RTVSPost2010PropOp29
 70
     1
102
RTVSPost2010Prop30
280
     1
102
RTVSPost2010PropOp30
 70
     1
102
RTVSPost2010Prop31
280
     0
102
RTVSPost2010PropOp31
 70
     1
102
RTVSPost2010Prop32
280
     0
102
RTVSPost2010PropOp32
 70
     1
102
RTVSPost2010Prop33
280
     0
102
RTVSPost2010PropOp33
 70
     1
102
RTVSPost2010Prop34
280
     0
102
RTVSPost2010PropOp34
 70
     1
102
RTVSPost2010Prop35
280
     0
102
RTVSPost2010PropOp35
 70
     1
102
RTVSPost2010Prop36
280
     0
102
RTVSPost2010PropOp36
 70
     1
102
RTVSPost2010Prop37
 90
       50
102
RTVSPost2010PropOp37
 70
     1
102
RTVSPost2010Prop38
140
0.0
102
RTVSPost2010PropOp38
 70
     1
102
RTVSPost2010Prop39
140
1.0
102
RTVSPost2010PropOp39
 70
     1
102
RTVSPost2010Prop40
 90
        0
102
RTVSPost2010PropOp40
 70
     1
102
RTVSPost2010Prop41ColorIndex
 90
       18
102
RTVSPost2010Prop41ColorRGB
 90
        0
102
RTVSPost2010PropOp41
 70
     1
102
RTVSPost2010Prop42
 90
       50
102
RTVSPost2010PropOp42
 70
     1
102
RTVSPost2010Prop43
 90
        3
102
RTVSPost2010PropOp43
 70
     1
102
RTVSPost2010Prop44ColorIndex
 90
        5
102
RTVSPost2010Prop44ColorRGB
 90
      255
102
RTVSPost2010PropOp44
 70
     1
102
RTVSPost2010Prop45
280
     0
102
RTVSPost2010PropOp45
 70
     1
102
RTVSPost2010Prop46
 90
       50
102
RTVSPost2010PropOp46
 70
     1
102
RTVSPost2010Prop47
 90
       50
102
RTVSPost2010PropOp47
 70
     1
102
RTVSPost2010Prop48
 90
       50
102
RTVSPost2010PropOp48
 70
     1
102
RTVSPost2010Prop49
280
     0
102
RTVSPost2010PropOp49
 70
     1
102
RTVSPost2010Prop50
 90
       50
102
RTVSPost2010PropOp50
 70
     1
102
RTVSPost2010Prop51ColorIndex
 90
      256
102
RTVSPost2010Prop51ColorRGB
 90
-16777216
102
RTVSPost2010PropOp51
 70
     0
102
RTVSPost2010Prop52
140
1.0
102
RTVSPost2010PropOp52
 70
     0
102
RTVSPost2010Prop53
 90
        2
102
RTVSPost2010PropOp53
 70
     1
102
RTVSPost2010Prop54
  1
strokes_ogs.tif
102
RTVSPost2010PropOp54
 70
     1
102
RTVSPost2010Prop55
280
     0
102
RTVSPost2010PropOp55
 70
     1
102
RTVSPost2010Prop56
140
1.0
102
RTVSPost2010PropOp56
 70
     1
102
RTVSPost2010Prop57
140
1.0
102
RTVSPost2010PropOp57
 70
     1
102
RTVSPropertyOp0
 70
     1
102
RTVSPropertyOp1
 70
     1
102
RTVSPropertyOp2
 70
     1
102
RTVSPropertyOp3
 70
     1
102
RTVSPropertyOp4
 70
     1
102
RTVSPropertyOp5
 70
     1
102
RTVSPropertyOp6
 70
     1
102
RTVSPropertyOp7
 70
     1
102
RTVSPropertyOp8
 70
     1
102
RTVSPropertyOp9
 70
     1
102
RTVSPropertyOp10
 70
     1
102
RTVSPropertyOp11
 70
     1
102
RTVSPropertyOp12
 70
     1
102
RTVSPropertyOp13
 70
     1
102
RTVSPropertyOp14
 70
     1
102
RTVSPropertyOp15
 70
     1
102
RTVSPropertyOp16
 70
     1
102
RTVSPropertyOp17
 70
     1
102
RTVSPropertyOp18
 70
     1
102
RTVSPropertyOp19
 70
     1
102
RTVSPropertyOp20
 70
     1
102
RTVSPropertyOp21
 70
     1
102
RTVSPropertyOp22
 70
     1
102
RTVSPropertyOp23
 70
     1
102
RTVSPropertyOp24
 70
     1
102
RTVSPropertyOp25
 70
     1
102
RTVSPropertyOp26
 70
     1
102
RTVSPropertyOp27
 70
     1
102
RTVSPropertyOp28
 70
     1
102
RTVSPropertyOp29
 70
     1
102
RTVSPropertyOp30
 70
     1
102
RTVSPropertyOp31
 70
     1
102
RTVSPropertyOp32
 70
     1
102
RTVSPropertyOp33
 70
     1
102
RTVSPropertyOp34
 70
     1
102
RTVSPropertyOp35
 70
     1
102
RTVSPropertyOp36
 70
     1
102
RTVSPropertyOp37
 70
     1
102
RTVSPropertyOp38
 70
     1
102
RTVSPropertyOp39
 70
     1
102
RTVSPropertyOp40
 70
     1
102
RTVSPropertyOp41
 70
     1
102
RTVSPropertyOp42
 70
     1
102
RTVSPropertyOp43
 70
     1
102
RTVSPropertyOp44
 70
     1
102
RTVSPropertyOp45
 70
     1
102
RTVSPropertyOp46
 70
     1
102
RTVSPropertyOp47
 70
     1
102
RTVSPropertyOp48
 70
     1
102
RTVSPropertyOp49
 70
     1
102
RTVSPropertyOp50
 70
     1
102
RTVSPropertyOp51
 70
     0
102
RTVSPropertyOp52
 70
     0
102
RTVSPropertyOp53
 70
     1
102
RTVSPropertyOp54
 70
     1
102
RTVSPropertyOp55
 70
     1
102
RTVSPropertyOp56
 70
     1
102
RTVSPropertyOp57
 70
     1
102
RTVSPropertyOp58
 70
     1
102
RTVSPropertyOp59
 70
     1
102
RTVSPropertyOp60
 70
     1
102
RTVSPropertyOp61
 70
     1
102
RTVSPropertyOp62
 70
     1
  0
XRECORD
  5
2DDB
102
{ACAD_REACTORS
330
2DDA
102
}
330
2DDA
100
AcDbXrecord
280
     1
102
RTVSPost2010Prop28
280
     0
102
RTVSPost2010PropOp28
 70
     1
102
RTVSPost2010Prop29
280
     1
102
RTVSPost2010PropOp29
 70
     1
102
RTVSPost2010Prop30
280
     1
102
RTVSPost2010PropOp30
 70
     1
102
RTVSPost2010Prop31
280
     0
102
RTVSPost2010PropOp31
 70
     1
102
RTVSPost2010Prop32
280
     0
102
RTVSPost2010PropOp32
 70
     1
102
RTVSPost2010Prop33
280
     0
102
RTVSPost2010PropOp33
 70
     1
102
RTVSPost2010Prop34
280
     0
102
RTVSPost2010PropOp34
 70
     1
102
RTVSPost2010Prop35
280
     0
102
RTVSPost2010PropOp35
 70
     1
102
RTVSPost2010Prop36
280
     0
102
RTVSPost2010PropOp36
 70
     1
102
RTVSPost2010Prop37
 90
       50
102
RTVSPost2010PropOp37
 70
     1
102
RTVSPost2010Prop38
140
0.0
102
RTVSPost2010PropOp38
 70
     1
102
RTVSPost2010Prop39
140
1.0
102
RTVSPost2010PropOp39
 70
     1
102
RTVSPost2010Prop40
 90
        0
102
RTVSPost2010PropOp40
 70
     1
102
RTVSPost2010Prop41ColorIndex
 90
       18
102
RTVSPost2010Prop41ColorRGB
 90
        0
102
RTVSPost2010PropOp41
 70
     1
102
RTVSPost2010Prop42
 90
       50
102
RTVSPost2010PropOp42
 70
     1
102
RTVSPost2010Prop43
 90
        3
102
RTVSPost2010PropOp43
 70
     1
102
RTVSPost2010Prop44ColorIndex
 90
        5
102
RTVSPost2010Prop44ColorRGB
 90
      255
102
RTVSPost2010PropOp44
 70
     1
102
RTVSPost2010Prop45
280
     0
102
RTVSPost2010PropOp45
 70
     1
102
RTVSPost2010Prop46
 90
       50
102
RTVSPost2010PropOp46
 70
     1
102
RTVSPost2010Prop47
 90
       50
102
RTVSPost2010PropOp47
 70
     1
102
RTVSPost2010Prop48
 90
       50
102
RTVSPost2010PropOp48
 70
     1
102
RTVSPost2010Prop49
280
     0
102
RTVSPost2010PropOp49
 70
     1
102
RTVSPost2010Prop50
 90
       50
102
RTVSPost2010PropOp50
 70
     1
102
RTVSPost2010Prop51ColorIndex
 90
      256
102
RTVSPost2010Prop51ColorRGB
 90
-16777216
102
RTVSPost2010PropOp51
 70
     0
102
RTVSPost2010Prop52
140
1.0
102
RTVSPost2010PropOp52
 70
     0
102
RTVSPost2010Prop53
 90
        2
102
RTVSPost2010PropOp53
 70
     1
102
RTVSPost2010Prop54
  1
strokes_ogs.tif
102
RTVSPost2010PropOp54
 70
     1
102
RTVSPost2010Prop55
280
     0
102
RTVSPost2010PropOp55
 70
     1
102
RTVSPost2010Prop56
140
1.0
102
RTVSPost2010PropOp56
 70
     1
102
RTVSPost2010Prop57
140
1.0
102
RTVSPost2010PropOp57
 70
     1
102
RTVSPropertyOp0
 70
     0
102
RTVSPropertyOp1
 70
     0
102
RTVSPropertyOp2
 70
     0
102
RTVSPropertyOp3
 70
     0
102
RTVSPropertyOp4
 70
     0
102
RTVSPropertyOp5
 70
     0
102
RTVSPropertyOp6
 70
     0
102
RTVSPropertyOp7
 70
     0
102
RTVSPropertyOp8
 70
     0
102
RTVSPropertyOp9
 70
     0
102
RTVSPropertyOp10
 70
     0
102
RTVSPropertyOp11
 70
     0
102
RTVSPropertyOp12
 70
     0
102
RTVSPropertyOp13
 70
     0
102
RTVSPropertyOp14
 70
     2
102
RTVSPropertyOp15
 70
     0
102
RTVSPropertyOp16
 70
     0
102
RTVSPropertyOp17
 70
     0
102
RTVSPropertyOp18
 70
     0
102
RTVSPropertyOp19
 70
     0
102
RTVSPropertyOp20
 70
     0
102
RTVSPropertyOp21
 70
     0
102
RTVSPropertyOp22
 70
     0
102
RTVSPropertyOp23
 70
     0
102
RTVSPropertyOp24
 70
     0
102
RTVSPropertyOp25
 70
     0
102
RTVSPropertyOp26
 70
     0
102
RTVSPropertyOp27
 70
     0
102
RTVSPropertyOp28
 70
     1
102
RTVSPropertyOp29
 70
     1
102
RTVSPropertyOp30
 70
     1
102
RTVSPropertyOp31
 70
     1
102
RTVSPropertyOp32
 70
     1
102
RTVSPropertyOp33
 70
     1
102
RTVSPropertyOp34
 70
     1
102
RTVSPropertyOp35
 70
     1
102
RTVSPropertyOp36
 70
     1
102
RTVSPropertyOp37
 70
     1
102
RTVSPropertyOp38
 70
     1
102
RTVSPropertyOp39
 70
     1
102
RTVSPropertyOp40
 70
     1
102
RTVSPropertyOp41
 70
     1
102
RTVSPropertyOp42
 70
     1
102
RTVSPropertyOp43
 70
     1
102
RTVSPropertyOp44
 70
     1
102
RTVSPropertyOp45
 70
     1
102
RTVSPropertyOp46
 70
     1
102
RTVSPropertyOp47
 70
     1
102
RTVSPropertyOp48
 70
     1
102
RTVSPropertyOp49
 70
     1
102
RTVSPropertyOp50
 70
     1
102
RTVSPropertyOp51
 70
     0
102
RTVSPropertyOp52
 70
     0
102
RTVSPropertyOp53
 70
     1
102
RTVSPropertyOp54
 70
     1
102
RTVSPropertyOp55
 70
     1
102
RTVSPropertyOp56
 70
     1
102
RTVSPropertyOp57
 70
     1
102
RTVSPropertyOp58
 70
     1
102
RTVSPropertyOp59
 70
     1
102
RTVSPropertyOp60
 70
     1
102
RTVSPropertyOp61
 70
     1
102
RTVSPropertyOp62
 70
     1
  0
XRECORD
  5
2DCB
102
{ACAD_REACTORS
330
2DCA
102
}
330
2DCA
100
AcDbXrecord
280
     1
102
RTVSPost2010Prop28
280
     0
102
RTVSPost2010PropOp28
 70
     1
102
RTVSPost2010Prop29
280
     1
102
RTVSPost2010PropOp29
 70
     1
102
RTVSPost2010Prop30
280
     1
102
RTVSPost2010PropOp30
 70
     1
102
RTVSPost2010Prop31
280
     0
102
RTVSPost2010PropOp31
 70
     1
102
RTVSPost2010Prop32
280
     0
102
RTVSPost2010PropOp32
 70
     1
102
RTVSPost2010Prop33
280
     0
102
RTVSPost2010PropOp33
 70
     1
102
RTVSPost2010Prop34
280
     0
102
RTVSPost2010PropOp34
 70
     1
102
RTVSPost2010Prop35
280
     0
102
RTVSPost2010PropOp35
 70
     1
102
RTVSPost2010Prop36
280
     0
102
RTVSPost2010PropOp36
 70
     1
102
RTVSPost2010Prop37
 90
       50
102
RTVSPost2010PropOp37
 70
     1
102
RTVSPost2010Prop38
140
0.0
102
RTVSPost2010PropOp38
 70
     1
102
RTVSPost2010Prop39
140
1.0
102
RTVSPost2010PropOp39
 70
     1
102
RTVSPost2010Prop40
 90
        0
102
RTVSPost2010PropOp40
 70
     1
102
RTVSPost2010Prop41ColorIndex
 90
       18
102
RTVSPost2010Prop41ColorRGB
 90
        0
102
RTVSPost2010PropOp41
 70
     1
102
RTVSPost2010Prop42
 90
       50
102
RTVSPost2010PropOp42
 70
     1
102
RTVSPost2010Prop43
 90
        3
102
RTVSPost2010PropOp43
 70
     1
102
RTVSPost2010Prop44ColorIndex
 90
        5
102
RTVSPost2010Prop44ColorRGB
 90
      255
102
RTVSPost2010PropOp44
 70
     1
102
RTVSPost2010Prop45
280
     0
102
RTVSPost2010PropOp45
 70
     1
102
RTVSPost2010Prop46
 90
       50
102
RTVSPost2010PropOp46
 70
     1
102
RTVSPost2010Prop47
 90
       50
102
RTVSPost2010PropOp47
 70
     1
102
RTVSPost2010Prop48
 90
       50
102
RTVSPost2010PropOp48
 70
     1
102
RTVSPost2010Prop49
280
     0
102
RTVSPost2010PropOp49
 70
     1
102
RTVSPost2010Prop50
 90
       50
102
RTVSPost2010PropOp50
 70
     1
102
RTVSPost2010Prop51ColorIndex
 90
      256
102
RTVSPost2010Prop51ColorRGB
 90
-16777216
102
RTVSPost2010PropOp51
 70
     0
102
RTVSPost2010Prop52
140
1.0
102
RTVSPost2010PropOp52
 70
     0
102
RTVSPost2010Prop53
 90
        2
102
RTVSPost2010PropOp53
 70
     1
102
RTVSPost2010Prop54
  1
strokes_ogs.tif
102
RTVSPost2010PropOp54
 70
     1
102
RTVSPost2010Prop55
280
     0
102
RTVSPost2010PropOp55
 70
     1
102
RTVSPost2010Prop56
140
1.0
102
RTVSPost2010PropOp56
 70
     1
102
RTVSPost2010Prop57
140
1.0
102
RTVSPost2010PropOp57
 70
     1
102
RTVSPropertyOp0
 70
     1
102
RTVSPropertyOp1
 70
     1
102
RTVSPropertyOp2
 70
     1
102
RTVSPropertyOp3
 70
     1
102
RTVSPropertyOp4
 70
     1
102
RTVSPropertyOp5
 70
     1
102
RTVSPropertyOp6
 70
     1
102
RTVSPropertyOp7
 70
     1
102
RTVSPropertyOp8
 70
     1
102
RTVSPropertyOp9
 70
     1
102
RTVSPropertyOp10
 70
     1
102
RTVSPropertyOp11
 70
     1
102
RTVSPropertyOp12
 70
     1
102
RTVSPropertyOp13
 70
     1
102
RTVSPropertyOp14
 70
     1
102
RTVSPropertyOp15
 70
     1
102
RTVSPropertyOp16
 70
     1
102
RTVSPropertyOp17
 70
     1
102
RTVSPropertyOp18
 70
     1
102
RTVSPropertyOp19
 70
     1
102
RTVSPropertyOp20
 70
     1
102
RTVSPropertyOp21
 70
     1
102
RTVSPropertyOp22
 70
     1
102
RTVSPropertyOp23
 70
     1
102
RTVSPropertyOp24
 70
     1
102
RTVSPropertyOp25
 70
     1
102
RTVSPropertyOp26
 70
     1
102
RTVSPropertyOp27
 70
     1
102
RTVSPropertyOp28
 70
     1
102
RTVSPropertyOp29
 70
     1
102
RTVSPropertyOp30
 70
     1
102
RTVSPropertyOp31
 70
     1
102
RTVSPropertyOp32
 70
     1
102
RTVSPropertyOp33
 70
     1
102
RTVSPropertyOp34
 70
     1
102
RTVSPropertyOp35
 70
     1
102
RTVSPropertyOp36
 70
     1
102
RTVSPropertyOp37
 70
     1
102
RTVSPropertyOp38
 70
     1
102
RTVSPropertyOp39
 70
     1
102
RTVSPropertyOp40
 70
     1
102
RTVSPropertyOp41
 70
     1
102
RTVSPropertyOp42
 70
     1
102
RTVSPropertyOp43
 70
     1
102
RTVSPropertyOp44
 70
     1
102
RTVSPropertyOp45
 70
     1
102
RTVSPropertyOp46
 70
     1
102
RTVSPropertyOp47
 70
     1
102
RTVSPropertyOp48
 70
     1
102
RTVSPropertyOp49
 70
     1
102
RTVSPropertyOp50
 70
     1
102
RTVSPropertyOp51
 70
     0
102
RTVSPropertyOp52
 70
     0
102
RTVSPropertyOp53
 70
     1
102
RTVSPropertyOp54
 70
     1
102
RTVSPropertyOp55
 70
     1
102
RTVSPropertyOp56
 70
     1
102
RTVSPropertyOp57
 70
     1
102
RTVSPropertyOp58
 70
     1
102
RTVSPropertyOp59
 70
     1
102
RTVSPropertyOp60
 70
     1
102
RTVSPropertyOp61
 70
     1
102
RTVSPropertyOp62
 70
     1
  0
XRECORD
  5
2DEB
102
{ACAD_REACTORS
330
2DEA
102
}
330
2DEA
100
AcDbXrecord
280
     1
102
RTVSPost2010Prop28
280
     0
102
RTVSPost2010PropOp28
 70
     1
102
RTVSPost2010Prop29
280
     1
102
RTVSPost2010PropOp29
 70
     1
102
RTVSPost2010Prop30
280
     1
102
RTVSPost2010PropOp30
 70
     1
102
RTVSPost2010Prop31
280
     0
102
RTVSPost2010PropOp31
 70
     1
102
RTVSPost2010Prop32
280
     0
102
RTVSPost2010PropOp32
 70
     1
102
RTVSPost2010Prop33
280
     0
102
RTVSPost2010PropOp33
 70
     1
102
RTVSPost2010Prop34
280
     0
102
RTVSPost2010PropOp34
 70
     1
102
RTVSPost2010Prop35
280
     0
102
RTVSPost2010PropOp35
 70
     1
102
RTVSPost2010Prop36
280
     0
102
RTVSPost2010PropOp36
 70
     1
102
RTVSPost2010Prop37
 90
       50
102
RTVSPost2010PropOp37
 70
     1
102
RTVSPost2010Prop38
140
0.0
102
RTVSPost2010PropOp38
 70
     1
102
RTVSPost2010Prop39
140
1.0
102
RTVSPost2010PropOp39
 70
     1
102
RTVSPost2010Prop40
 90
        0
102
RTVSPost2010PropOp40
 70
     1
102
RTVSPost2010Prop41ColorIndex
 90
       18
102
RTVSPost2010Prop41ColorRGB
 90
        0
102
RTVSPost2010PropOp41
 70
     1
102
RTVSPost2010Prop42
 90
       50
102
RTVSPost2010PropOp42
 70
     1
102
RTVSPost2010Prop43
 90
        3
102
RTVSPost2010PropOp43
 70
     1
102
RTVSPost2010Prop44ColorIndex
 90
        5
102
RTVSPost2010Prop44ColorRGB
 90
      255
102
RTVSPost2010PropOp44
 70
     1
102
RTVSPost2010Prop45
280
     0
102
RTVSPost2010PropOp45
 70
     1
102
RTVSPost2010Prop46
 90
       50
102
RTVSPost2010PropOp46
 70
     1
102
RTVSPost2010Prop47
 90
       50
102
RTVSPost2010PropOp47
 70
     1
102
RTVSPost2010Prop48
 90
       50
102
RTVSPost2010PropOp48
 70
     1
102
RTVSPost2010Prop49
280
     0
102
RTVSPost2010PropOp49
 70
     1
102
RTVSPost2010Prop50
 90
       50
102
RTVSPost2010PropOp50
 70
     1
102
RTVSPost2010Prop51ColorIndex
 90
      256
102
RTVSPost2010Prop51ColorRGB
 90
-16777216
102
RTVSPost2010PropOp51
 70
     0
102
RTVSPost2010Prop52
140
1.0
102
RTVSPost2010PropOp52
 70
     0
102
RTVSPost2010Prop53
 90
        2
102
RTVSPost2010PropOp53
 70
     1
102
RTVSPost2010Prop54
  1
strokes_ogs.tif
102
RTVSPost2010PropOp54
 70
     1
102
RTVSPost2010Prop55
280
     0
102
RTVSPost2010PropOp55
 70
     1
102
RTVSPost2010Prop56
140
1.0
102
RTVSPost2010PropOp56
 70
     1
102
RTVSPost2010Prop57
140
1.0
102
RTVSPost2010PropOp57
 70
     1
102
RTVSPropertyOp0
 70
     1
102
RTVSPropertyOp1
 70
     1
102
RTVSPropertyOp2
 70
     1
102
RTVSPropertyOp3
 70
     1
102
RTVSPropertyOp4
 70
     1
102
RTVSPropertyOp5
 70
     1
102
RTVSPropertyOp6
 70
     1
102
RTVSPropertyOp7
 70
     1
102
RTVSPropertyOp8
 70
     1
102
RTVSPropertyOp9
 70
     1
102
RTVSPropertyOp10
 70
     1
102
RTVSPropertyOp11
 70
     1
102
RTVSPropertyOp12
 70
     1
102
RTVSPropertyOp13
 70
     1
102
RTVSPropertyOp14
 70
     1
102
RTVSPropertyOp15
 70
     1
102
RTVSPropertyOp16
 70
     1
102
RTVSPropertyOp17
 70
     1
102
RTVSPropertyOp18
 70
     1
102
RTVSPropertyOp19
 70
     1
102
RTVSPropertyOp20
 70
     1
102
RTVSPropertyOp21
 70
     1
102
RTVSPropertyOp22
 70
     1
102
RTVSPropertyOp23
 70
     1
102
RTVSPropertyOp24
 70
     1
102
RTVSPropertyOp25
 70
     1
102
RTVSPropertyOp26
 70
     1
102
RTVSPropertyOp27
 70
     1
102
RTVSPropertyOp28
 70
     1
102
RTVSPropertyOp29
 70
     1
102
RTVSPropertyOp30
 70
     1
102
RTVSPropertyOp31
 70
     1
102
RTVSPropertyOp32
 70
     1
102
RTVSPropertyOp33
 70
     1
102
RTVSPropertyOp34
 70
     1
102
RTVSPropertyOp35
 70
     1
102
RTVSPropertyOp36
 70
     1
102
RTVSPropertyOp37
 70
     1
102
RTVSPropertyOp38
 70
     1
102
RTVSPropertyOp39
 70
     1
102
RTVSPropertyOp40
 70
     1
102
RTVSPropertyOp41
 70
     1
102
RTVSPropertyOp42
 70
     1
102
RTVSPropertyOp43
 70
     1
102
RTVSPropertyOp44
 70
     1
102
RTVSPropertyOp45
 70
     1
102
RTVSPropertyOp46
 70
     1
102
RTVSPropertyOp47
 70
     1
102
RTVSPropertyOp48
 70
     1
102
RTVSPropertyOp49
 70
     1
102
RTVSPropertyOp50
 70
     1
102
RTVSPropertyOp51
 70
     0
102
RTVSPropertyOp52
 70
     0
102
RTVSPropertyOp53
 70
     1
102
RTVSPropertyOp54
 70
     1
102
RTVSPropertyOp55
 70
     1
102
RTVSPropertyOp56
 70
     1
102
RTVSPropertyOp57
 70
     1
102
RTVSPropertyOp58
 70
     1
102
RTVSPropertyOp59
 70
     1
102
RTVSPropertyOp60
 70
     1
102
RTVSPropertyOp61
 70
     1
102
RTVSPropertyOp62
 70
     1
  0
XRECORD
  5
2DE9
102
{ACAD_REACTORS
330
2DE8
102
}
330
2DE8
100
AcDbXrecord
280
     1
102
RTVSPost2010Prop28
280
     0
102
RTVSPost2010PropOp28
 70
     1
102
RTVSPost2010Prop29
280
     1
102
RTVSPost2010PropOp29
 70
     1
102
RTVSPost2010Prop30
280
     1
102
RTVSPost2010PropOp30
 70
     1
102
RTVSPost2010Prop31
280
     0
102
RTVSPost2010PropOp31
 70
     1
102
RTVSPost2010Prop32
280
     0
102
RTVSPost2010PropOp32
 70
     1
102
RTVSPost2010Prop33
280
     0
102
RTVSPost2010PropOp33
 70
     1
102
RTVSPost2010Prop34
280
     0
102
RTVSPost2010PropOp34
 70
     1
102
RTVSPost2010Prop35
280
     0
102
RTVSPost2010PropOp35
 70
     1
102
RTVSPost2010Prop36
280
     0
102
RTVSPost2010PropOp36
 70
     1
102
RTVSPost2010Prop37
 90
       50
102
RTVSPost2010PropOp37
 70
     1
102
RTVSPost2010Prop38
140
0.0
102
RTVSPost2010PropOp38
 70
     1
102
RTVSPost2010Prop39
140
1.0
102
RTVSPost2010PropOp39
 70
     1
102
RTVSPost2010Prop40
 90
        0
102
RTVSPost2010PropOp40
 70
     1
102
RTVSPost2010Prop41ColorIndex
 90
       18
102
RTVSPost2010Prop41ColorRGB
 90
        0
102
RTVSPost2010PropOp41
 70
     1
102
RTVSPost2010Prop42
 90
       50
102
RTVSPost2010PropOp42
 70
     1
102
RTVSPost2010Prop43
 90
        3
102
RTVSPost2010PropOp43
 70
     1
102
RTVSPost2010Prop44ColorIndex
 90
        5
102
RTVSPost2010Prop44ColorRGB
 90
      255
102
RTVSPost2010PropOp44
 70
     1
102
RTVSPost2010Prop45
280
     0
102
RTVSPost2010PropOp45
 70
     1
102
RTVSPost2010Prop46
 90
       50
102
RTVSPost2010PropOp46
 70
     1
102
RTVSPost2010Prop47
 90
       50
102
RTVSPost2010PropOp47
 70
     1
102
RTVSPost2010Prop48
 90
       50
102
RTVSPost2010PropOp48
 70
     1
102
RTVSPost2010Prop49
280
     0
102
RTVSPost2010PropOp49
 70
     1
102
RTVSPost2010Prop50
 90
       50
102
RTVSPost2010PropOp50
 70
     1
102
RTVSPost2010Prop51ColorIndex
 90
      256
102
RTVSPost2010Prop51ColorRGB
 90
-16777216
102
RTVSPost2010PropOp51
 70
     0
102
RTVSPost2010Prop52
140
1.0
102
RTVSPost2010PropOp52
 70
     0
102
RTVSPost2010Prop53
 90
        2
102
RTVSPost2010PropOp53
 70
     1
102
RTVSPost2010Prop54
  1
strokes_ogs.tif
102
RTVSPost2010PropOp54
 70
     1
102
RTVSPost2010Prop55
280
     0
102
RTVSPost2010PropOp55
 70
     1
102
RTVSPost2010Prop56
140
1.0
102
RTVSPost2010PropOp56
 70
     1
102
RTVSPost2010Prop57
140
1.0
102
RTVSPost2010PropOp57
 70
     1
102
RTVSPropertyOp0
 70
     1
102
RTVSPropertyOp1
 70
     1
102
RTVSPropertyOp2
 70
     1
102
RTVSPropertyOp3
 70
     1
102
RTVSPropertyOp4
 70
     1
102
RTVSPropertyOp5
 70
     1
102
RTVSPropertyOp6
 70
     1
102
RTVSPropertyOp7
 70
     1
102
RTVSPropertyOp8
 70
     1
102
RTVSPropertyOp9
 70
     1
102
RTVSPropertyOp10
 70
     1
102
RTVSPropertyOp11
 70
     1
102
RTVSPropertyOp12
 70
     1
102
RTVSPropertyOp13
 70
     1
102
RTVSPropertyOp14
 70
     1
102
RTVSPropertyOp15
 70
     1
102
RTVSPropertyOp16
 70
     1
102
RTVSPropertyOp17
 70
     1
102
RTVSPropertyOp18
 70
     1
102
RTVSPropertyOp19
 70
     1
102
RTVSPropertyOp20
 70
     1
102
RTVSPropertyOp21
 70
     1
102
RTVSPropertyOp22
 70
     1
102
RTVSPropertyOp23
 70
     1
102
RTVSPropertyOp24
 70
     1
102
RTVSPropertyOp25
 70
     1
102
RTVSPropertyOp26
 70
     1
102
RTVSPropertyOp27
 70
     1
102
RTVSPropertyOp28
 70
     1
102
RTVSPropertyOp29
 70
     1
102
RTVSPropertyOp30
 70
     1
102
RTVSPropertyOp31
 70
     1
102
RTVSPropertyOp32
 70
     1
102
RTVSPropertyOp33
 70
     1
102
RTVSPropertyOp34
 70
     1
102
RTVSPropertyOp35
 70
     1
102
RTVSPropertyOp36
 70
     1
102
RTVSPropertyOp37
 70
     1
102
RTVSPropertyOp38
 70
     1
102
RTVSPropertyOp39
 70
     1
102
RTVSPropertyOp40
 70
     1
102
RTVSPropertyOp41
 70
     1
102
RTVSPropertyOp42
 70
     1
102
RTVSPropertyOp43
 70
     1
102
RTVSPropertyOp44
 70
     1
102
RTVSPropertyOp45
 70
     1
102
RTVSPropertyOp46
 70
     1
102
RTVSPropertyOp47
 70
     1
102
RTVSPropertyOp48
 70
     1
102
RTVSPropertyOp49
 70
     1
102
RTVSPropertyOp50
 70
     1
102
RTVSPropertyOp51
 70
     0
102
RTVSPropertyOp52
 70
     0
102
RTVSPropertyOp53
 70
     1
102
RTVSPropertyOp54
 70
     1
102
RTVSPropertyOp55
 70
     1
102
RTVSPropertyOp56
 70
     1
102
RTVSPropertyOp57
 70
     1
102
RTVSPropertyOp58
 70
     1
102
RTVSPropertyOp59
 70
     1
102
RTVSPropertyOp60
 70
     1
102
RTVSPropertyOp61
 70
     1
102
RTVSPropertyOp62
 70
     1
  0
XRECORD
  5
2DE3
102
{ACAD_REACTORS
330
2DE2
102
}
330
2DE2
100
AcDbXrecord
280
     1
102
RTVSPost2010Prop28
280
     0
102
RTVSPost2010PropOp28
 70
     1
102
RTVSPost2010Prop29
280
     1
102
RTVSPost2010PropOp29
 70
     1
102
RTVSPost2010Prop30
280
     1
102
RTVSPost2010PropOp30
 70
     1
102
RTVSPost2010Prop31
280
     0
102
RTVSPost2010PropOp31
 70
     1
102
RTVSPost2010Prop32
280
     0
102
RTVSPost2010PropOp32
 70
     1
102
RTVSPost2010Prop33
280
     0
102
RTVSPost2010PropOp33
 70
     1
102
RTVSPost2010Prop34
280
     0
102
RTVSPost2010PropOp34
 70
     1
102
RTVSPost2010Prop35
280
     0
102
RTVSPost2010PropOp35
 70
     1
102
RTVSPost2010Prop36
280
     0
102
RTVSPost2010PropOp36
 70
     1
102
RTVSPost2010Prop37
 90
       50
102
RTVSPost2010PropOp37
 70
     1
102
RTVSPost2010Prop38
140
0.0
102
RTVSPost2010PropOp38
 70
     1
102
RTVSPost2010Prop39
140
1.0
102
RTVSPost2010PropOp39
 70
     1
102
RTVSPost2010Prop40
 90
        0
102
RTVSPost2010PropOp40
 70
     1
102
RTVSPost2010Prop41ColorIndex
 90
       18
102
RTVSPost2010Prop41ColorRGB
 90
        0
102
RTVSPost2010PropOp41
 70
     1
102
RTVSPost2010Prop42
 90
       50
102
RTVSPost2010PropOp42
 70
     1
102
RTVSPost2010Prop43
 90
        3
102
RTVSPost2010PropOp43
 70
     1
102
RTVSPost2010Prop44ColorIndex
 90
        5
102
RTVSPost2010Prop44ColorRGB
 90
      255
102
RTVSPost2010PropOp44
 70
     1
102
RTVSPost2010Prop45
280
     0
102
RTVSPost2010PropOp45
 70
     1
102
RTVSPost2010Prop46
 90
       50
102
RTVSPost2010PropOp46
 70
     1
102
RTVSPost2010Prop47
 90
       50
102
RTVSPost2010PropOp47
 70
     1
102
RTVSPost2010Prop48
 90
       50
102
RTVSPost2010PropOp48
 70
     1
102
RTVSPost2010Prop49
280
     0
102
RTVSPost2010PropOp49
 70
     1
102
RTVSPost2010Prop50
 90
       50
102
RTVSPost2010PropOp50
 70
     1
102
RTVSPost2010Prop51ColorIndex
 90
      256
102
RTVSPost2010Prop51ColorRGB
 90
-16777216
102
RTVSPost2010PropOp51
 70
     0
102
RTVSPost2010Prop52
140
1.0
102
RTVSPost2010PropOp52
 70
     0
102
RTVSPost2010Prop53
 90
        2
102
RTVSPost2010PropOp53
 70
     1
102
RTVSPost2010Prop54
  1
strokes_ogs.tif
102
RTVSPost2010PropOp54
 70
     1
102
RTVSPost2010Prop55
280
     0
102
RTVSPost2010PropOp55
 70
     1
102
RTVSPost2010Prop56
140
1.0
102
RTVSPost2010PropOp56
 70
     1
102
RTVSPost2010Prop57
140
1.0
102
RTVSPost2010PropOp57
 70
     1
102
RTVSPropertyOp0
 70
     1
102
RTVSPropertyOp1
 70
     1
102
RTVSPropertyOp2
 70
     1
102
RTVSPropertyOp3
 70
     1
102
RTVSPropertyOp4
 70
     1
102
RTVSPropertyOp5
 70
     1
102
RTVSPropertyOp6
 70
     1
102
RTVSPropertyOp7
 70
     1
102
RTVSPropertyOp8
 70
     1
102
RTVSPropertyOp9
 70
     1
102
RTVSPropertyOp10
 70
     1
102
RTVSPropertyOp11
 70
     1
102
RTVSPropertyOp12
 70
     1
102
RTVSPropertyOp13
 70
     1
102
RTVSPropertyOp14
 70
     1
102
RTVSPropertyOp15
 70
     1
102
RTVSPropertyOp16
 70
     1
102
RTVSPropertyOp17
 70
     1
102
RTVSPropertyOp18
 70
     1
102
RTVSPropertyOp19
 70
     1
102
RTVSPropertyOp20
 70
     1
102
RTVSPropertyOp21
 70
     1
102
RTVSPropertyOp22
 70
     1
102
RTVSPropertyOp23
 70
     1
102
RTVSPropertyOp24
 70
     1
102
RTVSPropertyOp25
 70
     1
102
RTVSPropertyOp26
 70
     1
102
RTVSPropertyOp27
 70
     1
102
RTVSPropertyOp28
 70
     1
102
RTVSPropertyOp29
 70
     1
102
RTVSPropertyOp30
 70
     1
102
RTVSPropertyOp31
 70
     1
102
RTVSPropertyOp32
 70
     1
102
RTVSPropertyOp33
 70
     1
102
RTVSPropertyOp34
 70
     1
102
RTVSPropertyOp35
 70
     1
102
RTVSPropertyOp36
 70
     1
102
RTVSPropertyOp37
 70
     1
102
RTVSPropertyOp38
 70
     1
102
RTVSPropertyOp39
 70
     1
102
RTVSPropertyOp40
 70
     1
102
RTVSPropertyOp41
 70
     1
102
RTVSPropertyOp42
 70
     1
102
RTVSPropertyOp43
 70
     1
102
RTVSPropertyOp44
 70
     1
102
RTVSPropertyOp45
 70
     1
102
RTVSPropertyOp46
 70
     1
102
RTVSPropertyOp47
 70
     1
102
RTVSPropertyOp48
 70
     1
102
RTVSPropertyOp49
 70
     1
102
RTVSPropertyOp50
 70
     1
102
RTVSPropertyOp51
 70
     0
102
RTVSPropertyOp52
 70
     0
102
RTVSPropertyOp53
 70
     1
102
RTVSPropertyOp54
 70
     1
102
RTVSPropertyOp55
 70
     1
102
RTVSPropertyOp56
 70
     1
102
RTVSPropertyOp57
 70
     1
102
RTVSPropertyOp58
 70
     1
102
RTVSPropertyOp59
 70
     1
102
RTVSPropertyOp60
 70
     1
102
RTVSPropertyOp61
 70
     1
102
RTVSPropertyOp62
 70
     1
  0
XRECORD
  5
2DE5
102
{ACAD_REACTORS
330
2DE4
102
}
330
2DE4
100
AcDbXrecord
280
     1
102
RTVSPost2010Prop28
280
     0
102
RTVSPost2010PropOp28
 70
     1
102
RTVSPost2010Prop29
280
     1
102
RTVSPost2010PropOp29
 70
     1
102
RTVSPost2010Prop30
280
     1
102
RTVSPost2010PropOp30
 70
     1
102
RTVSPost2010Prop31
280
     0
102
RTVSPost2010PropOp31
 70
     1
102
RTVSPost2010Prop32
280
     0
102
RTVSPost2010PropOp32
 70
     1
102
RTVSPost2010Prop33
280
     0
102
RTVSPost2010PropOp33
 70
     1
102
RTVSPost2010Prop34
280
     0
102
RTVSPost2010PropOp34
 70
     1
102
RTVSPost2010Prop35
280
     0
102
RTVSPost2010PropOp35
 70
     1
102
RTVSPost2010Prop36
280
     0
102
RTVSPost2010PropOp36
 70
     1
102
RTVSPost2010Prop37
 90
       50
102
RTVSPost2010PropOp37
 70
     1
102
RTVSPost2010Prop38
140
0.0
102
RTVSPost2010PropOp38
 70
     1
102
RTVSPost2010Prop39
140
1.0
102
RTVSPost2010PropOp39
 70
     1
102
RTVSPost2010Prop40
 90
        0
102
RTVSPost2010PropOp40
 70
     1
102
RTVSPost2010Prop41ColorIndex
 90
       18
102
RTVSPost2010Prop41ColorRGB
 90
        0
102
RTVSPost2010PropOp41
 70
     1
102
RTVSPost2010Prop42
 90
       50
102
RTVSPost2010PropOp42
 70
     1
102
RTVSPost2010Prop43
 90
        3
102
RTVSPost2010PropOp43
 70
     1
102
RTVSPost2010Prop44ColorIndex
 90
        5
102
RTVSPost2010Prop44ColorRGB
 90
      255
102
RTVSPost2010PropOp44
 70
     1
102
RTVSPost2010Prop45
280
     0
102
RTVSPost2010PropOp45
 70
     1
102
RTVSPost2010Prop46
 90
       50
102
RTVSPost2010PropOp46
 70
     1
102
RTVSPost2010Prop47
 90
       50
102
RTVSPost2010PropOp47
 70
     1
102
RTVSPost2010Prop48
 90
       50
102
RTVSPost2010PropOp48
 70
     1
102
RTVSPost2010Prop49
280
     0
102
RTVSPost2010PropOp49
 70
     1
102
RTVSPost2010Prop50
 90
       50
102
RTVSPost2010PropOp50
 70
     1
102
RTVSPost2010Prop51ColorIndex
 90
      256
102
RTVSPost2010Prop51ColorRGB
 90
-16777216
102
RTVSPost2010PropOp51
 70
     0
102
RTVSPost2010Prop52
140
1.0
102
RTVSPost2010PropOp52
 70
     0
102
RTVSPost2010Prop53
 90
        2
102
RTVSPost2010PropOp53
 70
     1
102
RTVSPost2010Prop54
  1
strokes_ogs.tif
102
RTVSPost2010PropOp54
 70
     1
102
RTVSPost2010Prop55
280
     0
102
RTVSPost2010PropOp55
 70
     1
102
RTVSPost2010Prop56
140
1.0
102
RTVSPost2010PropOp56
 70
     1
102
RTVSPost2010Prop57
140
1.0
102
RTVSPost2010PropOp57
 70
     1
102
RTVSPropertyOp0
 70
     1
102
RTVSPropertyOp1
 70
     1
102
RTVSPropertyOp2
 70
     1
102
RTVSPropertyOp3
 70
     1
102
RTVSPropertyOp4
 70
     1
102
RTVSPropertyOp5
 70
     1
102
RTVSPropertyOp6
 70
     1
102
RTVSPropertyOp7
 70
     1
102
RTVSPropertyOp8
 70
     1
102
RTVSPropertyOp9
 70
     1
102
RTVSPropertyOp10
 70
     1
102
RTVSPropertyOp11
 70
     1
102
RTVSPropertyOp12
 70
     1
102
RTVSPropertyOp13
 70
     1
102
RTVSPropertyOp14
 70
     1
102
RTVSPropertyOp15
 70
     1
102
RTVSPropertyOp16
 70
     1
102
RTVSPropertyOp17
 70
     1
102
RTVSPropertyOp18
 70
     1
102
RTVSPropertyOp19
 70
     1
102
RTVSPropertyOp20
 70
     1
102
RTVSPropertyOp21
 70
     1
102
RTVSPropertyOp22
 70
     1
102
RTVSPropertyOp23
 70
     1
102
RTVSPropertyOp24
 70
     1
102
RTVSPropertyOp25
 70
     1
102
RTVSPropertyOp26
 70
     1
102
RTVSPropertyOp27
 70
     1
102
RTVSPropertyOp28
 70
     1
102
RTVSPropertyOp29
 70
     1
102
RTVSPropertyOp30
 70
     1
102
RTVSPropertyOp31
 70
     1
102
RTVSPropertyOp32
 70
     1
102
RTVSPropertyOp33
 70
     1
102
RTVSPropertyOp34
 70
     1
102
RTVSPropertyOp35
 70
     1
102
RTVSPropertyOp36
 70
     1
102
RTVSPropertyOp37
 70
     1
102
RTVSPropertyOp38
 70
     1
102
RTVSPropertyOp39
 70
     1
102
RTVSPropertyOp40
 70
     1
102
RTVSPropertyOp41
 70
     1
102
RTVSPropertyOp42
 70
     1
102
RTVSPropertyOp43
 70
     1
102
RTVSPropertyOp44
 70
     1
102
RTVSPropertyOp45
 70
     1
102
RTVSPropertyOp46
 70
     1
102
RTVSPropertyOp47
 70
     1
102
RTVSPropertyOp48
 70
     1
102
RTVSPropertyOp49
 70
     1
102
RTVSPropertyOp50
 70
     1
102
RTVSPropertyOp51
 70
     0
102
RTVSPropertyOp52
 70
     0
102
RTVSPropertyOp53
 70
     1
102
RTVSPropertyOp54
 70
     1
102
RTVSPropertyOp55
 70
     1
102
RTVSPropertyOp56
 70
     1
102
RTVSPropertyOp57
 70
     1
102
RTVSPropertyOp58
 70
     1
102
RTVSPropertyOp59
 70
     1
102
RTVSPropertyOp60
 70
     1
102
RTVSPropertyOp61
 70
     1
102
RTVSPropertyOp62
 70
     1
  0
XRECORD
  5
2DD1
102
{ACAD_REACTORS
330
2DD0
102
}
330
2DD0
100
AcDbXrecord
280
     1
102
RTVSPost2010Prop28
280
     0
102
RTVSPost2010PropOp28
 70
     1
102
RTVSPost2010Prop29
280
     1
102
RTVSPost2010PropOp29
 70
     1
102
RTVSPost2010Prop30
280
     1
102
RTVSPost2010PropOp30
 70
     1
102
RTVSPost2010Prop31
280
     0
102
RTVSPost2010PropOp31
 70
     1
102
RTVSPost2010Prop32
280
     0
102
RTVSPost2010PropOp32
 70
     1
102
RTVSPost2010Prop33
280
     0
102
RTVSPost2010PropOp33
 70
     1
102
RTVSPost2010Prop34
280
     0
102
RTVSPost2010PropOp34
 70
     1
102
RTVSPost2010Prop35
280
     0
102
RTVSPost2010PropOp35
 70
     1
102
RTVSPost2010Prop36
280
     0
102
RTVSPost2010PropOp36
 70
     1
102
RTVSPost2010Prop37
 90
       50
102
RTVSPost2010PropOp37
 70
     1
102
RTVSPost2010Prop38
140
0.0
102
RTVSPost2010PropOp38
 70
     1
102
RTVSPost2010Prop39
140
1.0
102
RTVSPost2010PropOp39
 70
     1
102
RTVSPost2010Prop40
 90
        0
102
RTVSPost2010PropOp40
 70
     1
102
RTVSPost2010Prop41ColorIndex
 90
       18
102
RTVSPost2010Prop41ColorRGB
 90
        0
102
RTVSPost2010PropOp41
 70
     1
102
RTVSPost2010Prop42
 90
       50
102
RTVSPost2010PropOp42
 70
     1
102
RTVSPost2010Prop43
 90
        3
102
RTVSPost2010PropOp43
 70
     1
102
RTVSPost2010Prop44ColorIndex
 90
        5
102
RTVSPost2010Prop44ColorRGB
 90
      255
102
RTVSPost2010PropOp44
 70
     1
102
RTVSPost2010Prop45
280
     0
102
RTVSPost2010PropOp45
 70
     1
102
RTVSPost2010Prop46
 90
       50
102
RTVSPost2010PropOp46
 70
     1
102
RTVSPost2010Prop47
 90
       50
102
RTVSPost2010PropOp47
 70
     1
102
RTVSPost2010Prop48
 90
       50
102
RTVSPost2010PropOp48
 70
     1
102
RTVSPost2010Prop49
280
     0
102
RTVSPost2010PropOp49
 70
     1
102
RTVSPost2010Prop50
 90
       50
102
RTVSPost2010PropOp50
 70
     1
102
RTVSPost2010Prop51ColorIndex
 90
      256
102
RTVSPost2010Prop51ColorRGB
 90
-16777216
102
RTVSPost2010PropOp51
 70
     0
102
RTVSPost2010Prop52
140
1.0
102
RTVSPost2010PropOp52
 70
     0
102
RTVSPost2010Prop53
 90
        2
102
RTVSPost2010PropOp53
 70
     1
102
RTVSPost2010Prop54
  1
strokes_ogs.tif
102
RTVSPost2010PropOp54
 70
     1
102
RTVSPost2010Prop55
280
     0
102
RTVSPost2010PropOp55
 70
     1
102
RTVSPost2010Prop56
140
1.0
102
RTVSPost2010PropOp56
 70
     1
102
RTVSPost2010Prop57
140
1.0
102
RTVSPost2010PropOp57
 70
     1
102
RTVSPropertyOp0
 70
     1
102
RTVSPropertyOp1
 70
     1
102
RTVSPropertyOp2
 70
     1
102
RTVSPropertyOp3
 70
     1
102
RTVSPropertyOp4
 70
     1
102
RTVSPropertyOp5
 70
     1
102
RTVSPropertyOp6
 70
     1
102
RTVSPropertyOp7
 70
     1
102
RTVSPropertyOp8
 70
     1
102
RTVSPropertyOp9
 70
     1
102
RTVSPropertyOp10
 70
     1
102
RTVSPropertyOp11
 70
     1
102
RTVSPropertyOp12
 70
     1
102
RTVSPropertyOp13
 70
     1
102
RTVSPropertyOp14
 70
     1
102
RTVSPropertyOp15
 70
     1
102
RTVSPropertyOp16
 70
     1
102
RTVSPropertyOp17
 70
     1
102
RTVSPropertyOp18
 70
     1
102
RTVSPropertyOp19
 70
     1
102
RTVSPropertyOp20
 70
     1
102
RTVSPropertyOp21
 70
     1
102
RTVSPropertyOp22
 70
     1
102
RTVSPropertyOp23
 70
     1
102
RTVSPropertyOp24
 70
     1
102
RTVSPropertyOp25
 70
     1
102
RTVSPropertyOp26
 70
     1
102
RTVSPropertyOp27
 70
     1
102
RTVSPropertyOp28
 70
     1
102
RTVSPropertyOp29
 70
     1
102
RTVSPropertyOp30
 70
     1
102
RTVSPropertyOp31
 70
     1
102
RTVSPropertyOp32
 70
     1
102
RTVSPropertyOp33
 70
     1
102
RTVSPropertyOp34
 70
     1
102
RTVSPropertyOp35
 70
     1
102
RTVSPropertyOp36
 70
     1
102
RTVSPropertyOp37
 70
     1
102
RTVSPropertyOp38
 70
     1
102
RTVSPropertyOp39
 70
     1
102
RTVSPropertyOp40
 70
     1
102
RTVSPropertyOp41
 70
     1
102
RTVSPropertyOp42
 70
     1
102
RTVSPropertyOp43
 70
     1
102
RTVSPropertyOp44
 70
     1
102
RTVSPropertyOp45
 70
     1
102
RTVSPropertyOp46
 70
     1
102
RTVSPropertyOp47
 70
     1
102
RTVSPropertyOp48
 70
     1
102
RTVSPropertyOp49
 70
     1
102
RTVSPropertyOp50
 70
     1
102
RTVSPropertyOp51
 70
     0
102
RTVSPropertyOp52
 70
     0
102
RTVSPropertyOp53
 70
     1
102
RTVSPropertyOp54
 70
     1
102
RTVSPropertyOp55
 70
     1
102
RTVSPropertyOp56
 70
     1
102
RTVSPropertyOp57
 70
     1
102
RTVSPropertyOp58
 70
     1
102
RTVSPropertyOp59
 70
     1
102
RTVSPropertyOp60
 70
     1
102
RTVSPropertyOp61
 70
     1
102
RTVSPropertyOp62
 70
     1
  0
XRECORD
  5
2DDF
102
{ACAD_REACTORS
330
2DDE
102
}
330
2DDE
100
AcDbXrecord
280
     1
102
RTVSPost2010Prop28
280
     0
102
RTVSPost2010PropOp28
 70
     1
102
RTVSPost2010Prop29
280
     1
102
RTVSPost2010PropOp29
 70
     1
102
RTVSPost2010Prop30
280
     1
102
RTVSPost2010PropOp30
 70
     1
102
RTVSPost2010Prop31
280
     0
102
RTVSPost2010PropOp31
 70
     1
102
RTVSPost2010Prop32
280
     0
102
RTVSPost2010PropOp32
 70
     1
102
RTVSPost2010Prop33
280
     0
102
RTVSPost2010PropOp33
 70
     1
102
RTVSPost2010Prop34
280
     0
102
RTVSPost2010PropOp34
 70
     1
102
RTVSPost2010Prop35
280
     0
102
RTVSPost2010PropOp35
 70
     1
102
RTVSPost2010Prop36
280
     0
102
RTVSPost2010PropOp36
 70
     1
102
RTVSPost2010Prop37
 90
       50
102
RTVSPost2010PropOp37
 70
     1
102
RTVSPost2010Prop38
140
0.0
102
RTVSPost2010PropOp38
 70
     1
102
RTVSPost2010Prop39
140
1.0
102
RTVSPost2010PropOp39
 70
     1
102
RTVSPost2010Prop40
 90
        0
102
RTVSPost2010PropOp40
 70
     1
102
RTVSPost2010Prop41ColorIndex
 90
       18
102
RTVSPost2010Prop41ColorRGB
 90
        0
102
RTVSPost2010PropOp41
 70
     1
102
RTVSPost2010Prop42
 90
       50
102
RTVSPost2010PropOp42
 70
     1
102
RTVSPost2010Prop43
 90
        3
102
RTVSPost2010PropOp43
 70
     1
102
RTVSPost2010Prop44ColorIndex
 90
        5
102
RTVSPost2010Prop44ColorRGB
 90
      255
102
RTVSPost2010PropOp44
 70
     1
102
RTVSPost2010Prop45
280
     0
102
RTVSPost2010PropOp45
 70
     1
102
RTVSPost2010Prop46
 90
       50
102
RTVSPost2010PropOp46
 70
     1
102
RTVSPost2010Prop47
 90
       50
102
RTVSPost2010PropOp47
 70
     1
102
RTVSPost2010Prop48
 90
       50
102
RTVSPost2010PropOp48
 70
     1
102
RTVSPost2010Prop49
280
     0
102
RTVSPost2010PropOp49
 70
     1
102
RTVSPost2010Prop50
 90
       50
102
RTVSPost2010PropOp50
 70
     1
102
RTVSPost2010Prop51ColorIndex
 90
      256
102
RTVSPost2010Prop51ColorRGB
 90
-16777216
102
RTVSPost2010PropOp51
 70
     0
102
RTVSPost2010Prop52
140
1.0
102
RTVSPost2010PropOp52
 70
     0
102
RTVSPost2010Prop53
 90
        2
102
RTVSPost2010PropOp53
 70
     1
102
RTVSPost2010Prop54
  1
strokes_ogs.tif
102
RTVSPost2010PropOp54
 70
     1
102
RTVSPost2010Prop55
280
     0
102
RTVSPost2010PropOp55
 70
     1
102
RTVSPost2010Prop56
140
1.0
102
RTVSPost2010PropOp56
 70
     1
102
RTVSPost2010Prop57
140
1.0
102
RTVSPost2010PropOp57
 70
     1
102
RTVSPropertyOp0
 70
     1
102
RTVSPropertyOp1
 70
     1
102
RTVSPropertyOp2
 70
     1
102
RTVSPropertyOp3
 70
     1
102
RTVSPropertyOp4
 70
     1
102
RTVSPropertyOp5
 70
     1
102
RTVSPropertyOp6
 70
     1
102
RTVSPropertyOp7
 70
     1
102
RTVSPropertyOp8
 70
     1
102
RTVSPropertyOp9
 70
     1
102
RTVSPropertyOp10
 70
     1
102
RTVSPropertyOp11
 70
     1
102
RTVSPropertyOp12
 70
     1
102
RTVSPropertyOp13
 70
     1
102
RTVSPropertyOp14
 70
     1
102
RTVSPropertyOp15
 70
     1
102
RTVSPropertyOp16
 70
     1
102
RTVSPropertyOp17
 70
     1
102
RTVSPropertyOp18
 70
     1
102
RTVSPropertyOp19
 70
     1
102
RTVSPropertyOp20
 70
     1
102
RTVSPropertyOp21
 70
     1
102
RTVSPropertyOp22
 70
     1
102
RTVSPropertyOp23
 70
     1
102
RTVSPropertyOp24
 70
     1
102
RTVSPropertyOp25
 70
     1
102
RTVSPropertyOp26
 70
     1
102
RTVSPropertyOp27
 70
     1
102
RTVSPropertyOp28
 70
     1
102
RTVSPropertyOp29
 70
     1
102
RTVSPropertyOp30
 70
     1
102
RTVSPropertyOp31
 70
     1
102
RTVSPropertyOp32
 70
     1
102
RTVSPropertyOp33
 70
     1
102
RTVSPropertyOp34
 70
     1
102
RTVSPropertyOp35
 70
     1
102
RTVSPropertyOp36
 70
     1
102
RTVSPropertyOp37
 70
     1
102
RTVSPropertyOp38
 70
     1
102
RTVSPropertyOp39
 70
     1
102
RTVSPropertyOp40
 70
     1
102
RTVSPropertyOp41
 70
     1
102
RTVSPropertyOp42
 70
     1
102
RTVSPropertyOp43
 70
     1
102
RTVSPropertyOp44
 70
     1
102
RTVSPropertyOp45
 70
     1
102
RTVSPropertyOp46
 70
     1
102
RTVSPropertyOp47
 70
     1
102
RTVSPropertyOp48
 70
     1
102
RTVSPropertyOp49
 70
     1
102
RTVSPropertyOp50
 70
     1
102
RTVSPropertyOp51
 70
     0
102
RTVSPropertyOp52
 70
     0
102
RTVSPropertyOp53
 70
     1
102
RTVSPropertyOp54
 70
     1
102
RTVSPropertyOp55
 70
     1
102
RTVSPropertyOp56
 70
     1
102
RTVSPropertyOp57
 70
     1
102
RTVSPropertyOp58
 70
     1
102
RTVSPropertyOp59
 70
     1
102
RTVSPropertyOp60
 70
     1
102
RTVSPropertyOp61
 70
     1
102
RTVSPropertyOp62
 70
     1
  0
XRECORD
  5
2DE7
102
{ACAD_REACTORS
330
2DE6
102
}
330
2DE6
100
AcDbXrecord
280
     1
102
RTVSPost2010Prop28
280
     0
102
RTVSPost2010PropOp28
 70
     1
102
RTVSPost2010Prop29
280
     1
102
RTVSPost2010PropOp29
 70
     1
102
RTVSPost2010Prop30
280
     1
102
RTVSPost2010PropOp30
 70
     1
102
RTVSPost2010Prop31
280
     0
102
RTVSPost2010PropOp31
 70
     1
102
RTVSPost2010Prop32
280
     0
102
RTVSPost2010PropOp32
 70
     1
102
RTVSPost2010Prop33
280
     0
102
RTVSPost2010PropOp33
 70
     1
102
RTVSPost2010Prop34
280
     0
102
RTVSPost2010PropOp34
 70
     1
102
RTVSPost2010Prop35
280
     0
102
RTVSPost2010PropOp35
 70
     1
102
RTVSPost2010Prop36
280
     0
102
RTVSPost2010PropOp36
 70
     1
102
RTVSPost2010Prop37
 90
       50
102
RTVSPost2010PropOp37
 70
     1
102
RTVSPost2010Prop38
140
0.0
102
RTVSPost2010PropOp38
 70
     1
102
RTVSPost2010Prop39
140
1.0
102
RTVSPost2010PropOp39
 70
     1
102
RTVSPost2010Prop40
 90
        0
102
RTVSPost2010PropOp40
 70
     1
102
RTVSPost2010Prop41ColorIndex
 90
       18
102
RTVSPost2010Prop41ColorRGB
 90
        0
102
RTVSPost2010PropOp41
 70
     1
102
RTVSPost2010Prop42
 90
       50
102
RTVSPost2010PropOp42
 70
     1
102
RTVSPost2010Prop43
 90
        3
102
RTVSPost2010PropOp43
 70
     1
102
RTVSPost2010Prop44ColorIndex
 90
        5
102
RTVSPost2010Prop44ColorRGB
 90
      255
102
RTVSPost2010PropOp44
 70
     1
102
RTVSPost2010Prop45
280
     0
102
RTVSPost2010PropOp45
 70
     1
102
RTVSPost2010Prop46
 90
       50
102
RTVSPost2010PropOp46
 70
     1
102
RTVSPost2010Prop47
 90
       50
102
RTVSPost2010PropOp47
 70
     1
102
RTVSPost2010Prop48
 90
       50
102
RTVSPost2010PropOp48
 70
     1
102
RTVSPost2010Prop49
280
     0
102
RTVSPost2010PropOp49
 70
     1
102
RTVSPost2010Prop50
 90
       50
102
RTVSPost2010PropOp50
 70
     1
102
RTVSPost2010Prop51ColorIndex
 90
      256
102
RTVSPost2010Prop51ColorRGB
 90
-16777216
102
RTVSPost2010PropOp51
 70
     0
102
RTVSPost2010Prop52
140
1.0
102
RTVSPost2010PropOp52
 70
     0
102
RTVSPost2010Prop53
 90
        2
102
RTVSPost2010PropOp53
 70
     1
102
RTVSPost2010Prop54
  1
strokes_ogs.tif
102
RTVSPost2010PropOp54
 70
     1
102
RTVSPost2010Prop55
280
     0
102
RTVSPost2010PropOp55
 70
     1
102
RTVSPost2010Prop56
140
1.0
102
RTVSPost2010PropOp56
 70
     1
102
RTVSPost2010Prop57
140
1.0
102
RTVSPost2010PropOp57
 70
     1
102
RTVSPropertyOp0
 70
     1
102
RTVSPropertyOp1
 70
     1
102
RTVSPropertyOp2
 70
     1
102
RTVSPropertyOp3
 70
     1
102
RTVSPropertyOp4
 70
     1
102
RTVSPropertyOp5
 70
     1
102
RTVSPropertyOp6
 70
     1
102
RTVSPropertyOp7
 70
     1
102
RTVSPropertyOp8
 70
     1
102
RTVSPropertyOp9
 70
     1
102
RTVSPropertyOp10
 70
     1
102
RTVSPropertyOp11
 70
     1
102
RTVSPropertyOp12
 70
     1
102
RTVSPropertyOp13
 70
     1
102
RTVSPropertyOp14
 70
     1
102
RTVSPropertyOp15
 70
     1
102
RTVSPropertyOp16
 70
     1
102
RTVSPropertyOp17
 70
     1
102
RTVSPropertyOp18
 70
     1
102
RTVSPropertyOp19
 70
     1
102
RTVSPropertyOp20
 70
     1
102
RTVSPropertyOp21
 70
     1
102
RTVSPropertyOp22
 70
     1
102
RTVSPropertyOp23
 70
     1
102
RTVSPropertyOp24
 70
     1
102
RTVSPropertyOp25
 70
     1
102
RTVSPropertyOp26
 70
     1
102
RTVSPropertyOp27
 70
     1
102
RTVSPropertyOp28
 70
     1
102
RTVSPropertyOp29
 70
     1
102
RTVSPropertyOp30
 70
     1
102
RTVSPropertyOp31
 70
     1
102
RTVSPropertyOp32
 70
     1
102
RTVSPropertyOp33
 70
     1
102
RTVSPropertyOp34
 70
     1
102
RTVSPropertyOp35
 70
     1
102
RTVSPropertyOp36
 70
     1
102
RTVSPropertyOp37
 70
     1
102
RTVSPropertyOp38
 70
     1
102
RTVSPropertyOp39
 70
     1
102
RTVSPropertyOp40
 70
     1
102
RTVSPropertyOp41
 70
     1
102
RTVSPropertyOp42
 70
     1
102
RTVSPropertyOp43
 70
     1
102
RTVSPropertyOp44
 70
     1
102
RTVSPropertyOp45
 70
     1
102
RTVSPropertyOp46
 70
     1
102
RTVSPropertyOp47
 70
     1
102
RTVSPropertyOp48
 70
     1
102
RTVSPropertyOp49
 70
     1
102
RTVSPropertyOp50
 70
     1
102
RTVSPropertyOp51
 70
     0
102
RTVSPropertyOp52
 70
     0
102
RTVSPropertyOp53
 70
     1
102
RTVSPropertyOp54
 70
     1
102
RTVSPropertyOp55
 70
     1
102
RTVSPropertyOp56
 70
     1
102
RTVSPropertyOp57
 70
     1
102
RTVSPropertyOp58
 70
     1
102
RTVSPropertyOp59
 70
     1
102
RTVSPropertyOp60
 70
     1
102
RTVSPropertyOp61
 70
     1
102
RTVSPropertyOp62
 70
     1
  0
ENDSEC
  0
EOF
