  0
SECTION
  2
HEADER
  9
$ACADVER
  1
AC1018
  9
$ACADMAINTVER
 70
   104
  9
$DWGCODEPAGE
  3
ANSI_1252
  9
$LASTSAVEDBY
  1
cbarreiroblan
  9
$INSBASE
 10
0.0
 20
0.0
 30
0.0
  9
$EXTMIN
 10
-26.41772541069486
 20
85.73373492217355
 30
-0.0015258207003583
  9
$EXTMAX
 10
53.61841023329055
 20
134.156662489237
 30
0.0000000349246037
  9
$LIMMIN
 10
0.0
 20
0.0
  9
$LIMMAX
 10
420.0
 20
297.0
  9
$ORTHOMODE
 70
     1
  9
$REGENMODE
 70
     1
  9
$FILLMODE
 70
     1
  9
$QTEXTMODE
 70
     0
  9
$MIRRTEXT
 70
     0
  9
$LTSCALE
 40
1.0
  9
$ATTMODE
 70
     1
  9
$TEXTSIZE
 40
2.5
  9
$TRACEWID
 40
1.0
  9
$TEXTSTYLE
  7
Standard
  9
$CLAYER
  8
0
  9
$CELTYPE
  6
ByLayer
  9
$CECOLOR
 62
   146
  9
$CELTSCALE
 40
1.0
  9
$DISPSILH
 70
     0
  9
$DIMSCALE
 40
1.0
  9
$DIMASZ
 40
2.5
  9
$DIMEXO
 40
2.5
  9
$DIMDLI
 40
0.4
  9
$DIMRND
 40
0.0
  9
$DIMDLE
 40
0.0
  9
$DIMEXE
 40
0.5
  9
$DIMTP
 40
0.2
  9
$DIMTM
 40
0.2
  9
$DIMTXT
 40
2.5
  9
$DIMCEN
 40
0.0
  9
$DIMTSZ
 40
0.0
  9
$DIMTOL
 70
     0
  9
$DIMLIM
 70
     0
  9
$DIMTIH
 70
     0
  9
$DIMTOH
 70
     0
  9
$DIMSE1
 70
     0
  9
$DIMSE2
 70
     0
  9
$DIMTAD
 70
     1
  9
$DIMZIN
 70
     0
  9
$DIMBLK
  1

  9
$DIMASO
 70
     1
  9
$DIMSHO
 70
     1
  9
$DIMPOST
  1

  9
$DIMAPOST
  1

  9
$DIMALT
 70
     0
  9
$DIMALTD
 70
     2
  9
$DIMALTF
 40
25.4
  9
$DIMLFAC
 40
1.0
  9
$DIMTOFL
 70
     1
  9
$DIMTVP
 40
0.0
  9
$DIMTIX
 70
     0
  9
$DIMSOXD
 70
     0
  9
$DIMSAH
 70
     0
  9
$DIMBLK1
  1

  9
$DIMBLK2
  1

  9
$DIMSTYLE
  2
1-1
  9
$DIMCLRD
 70
   256
  9
$DIMCLRE
 70
   256
  9
$DIMCLRT
 70
   256
  9
$DIMTFAC
 40
0.2
  9
$DIMGAP
 40
1.0
  9
$DIMJUST
 70
     0
  9
$DIMSD1
 70
     0
  9
$DIMSD2
 70
     0
  9
$DIMTOLJ
 70
     1
  9
$DIMTZIN
 70
     0
  9
$DIMALTZ
 70
     0
  9
$DIMALTTZ
 70
     0
  9
$DIMUPT
 70
     0
  9
$DIMDEC
 70
     2
  9
$DIMTDEC
 70
     2
  9
$DIMALTU
 70
     2
  9
$DIMALTTD
 70
     2
  9
$DIMTXSTY
  7
ROMANS
  9
$DIMAUNIT
 70
     0
  9
$DIMADEC
 70
     0
  9
$DIMALTRND
 40
0.0
  9
$DIMAZIN
 70
     0
  9
$DIMDSEP
 70
    46
  9
$DIMATFIT
 70
     0
  9
$DIMFRAC
 70
     0
  9
$DIMLDRBLK
  1

  9
$DIMLUNIT
 70
     2
  9
$DIMLWD
 70
    -2
  9
$DIMLWE
 70
    -2
  9
$DIMTMOVE
 70
     0
  9
$LUNITS
 70
     2
  9
$LUPREC
 70
     4
  9
$SKETCHINC
 40
1.0
  9
$FILLETRAD
 40
0.0
  9
$AUNITS
 70
     0
  9
$AUPREC
 70
     0
  9
$MENU
  1
.
  9
$ELEVATION
 40
0.0
  9
$PELEVATION
 40
0.0
  9
$THICKNESS
 40
0.0
  9
$LIMCHECK
 70
     0
  9
$CHAMFERA
 40
0.0
  9
$CHAMFERB
 40
0.0
  9
$CHAMFERC
 40
0.0
  9
$CHAMFERD
 40
0.0
  9
$SKPOLY
 70
     0
  9
$TDCREATE
 40
2455708.765833333
  9
$TDUCREATE
 40
2455708.682502755
  9
$TDUPDATE
 40
2461083.419363426
  9
$TDUUPDATE
 40
2461083.377696759
  9
$TDINDWG
 40
0.0824906134
  9
$TDUSRTIMER
 40
0.0824904282
  9
$USRTIMER
 70
     1
  9
$ANGBASE
 50
0.0
  9
$ANGDIR
 70
     0
  9
$PDMODE
 70
     0
  9
$PDSIZE
 40
0.0
  9
$PLINEWID
 40
0.0
  9
$SPLFRAME
 70
     0
  9
$SPLINETYPE
 70
     6
  9
$SPLINESEGS
 70
     8
  9
$HANDSEED
  5
252C
  9
$SURFTAB1
 70
     6
  9
$SURFTAB2
 70
     6
  9
$SURFTYPE
 70
     6
  9
$SURFU
 70
     6
  9
$SURFV
 70
     6
  9
$UCSBASE
  2

  9
$UCSNAME
  2

  9
$UCSORG
 10
0.0
 20
0.0
 30
0.0
  9
$UCSXDIR
 10
1.0
 20
0.0
 30
0.0
  9
$UCSYDIR
 10
0.0
 20
1.0
 30
0.0
  9
$UCSORTHOREF
  2

  9
$UCSORTHOVIEW
 70
     0
  9
$UCSORGTOP
 10
0.0
 20
0.0
 30
0.0
  9
$UCSORGBOTTOM
 10
0.0
 20
0.0
 30
0.0
  9
$UCSORGLEFT
 10
0.0
 20
0.0
 30
0.0
  9
$UCSORGRIGHT
 10
0.0
 20
0.0
 30
0.0
  9
$UCSORGFRONT
 10
0.0
 20
0.0
 30
0.0
  9
$UCSORGBACK
 10
0.0
 20
0.0
 30
0.0
  9
$PUCSBASE
  2

  9
$PUCSNAME
  2

  9
$PUCSORG
 10
0.0
 20
0.0
 30
0.0
  9
$PUCSXDIR
 10
1.0
 20
0.0
 30
0.0
  9
$PUCSYDIR
 10
0.0
 20
1.0
 30
0.0
  9
$PUCSORTHOREF
  2

  9
$PUCSORTHOVIEW
 70
     0
  9
$PUCSORGTOP
 10
0.0
 20
0.0
 30
0.0
  9
$PUCSORGBOTTOM
 10
0.0
 20
0.0
 30
0.0
  9
$PUCSORGLEFT
 10
0.0
 20
0.0
 30
0.0
  9
$PUCSORGRIGHT
 10
0.0
 20
0.0
 30
0.0
  9
$PUCSORGFRONT
 10
0.0
 20
0.0
 30
0.0
  9
$PUCSORGBACK
 10
0.0
 20
0.0
 30
0.0
  9
$USERI1
 70
     0
  9
$USERI2
 70
     0
  9
$USERI3
 70
     0
  9
$USERI4
 70
     0
  9
$USERI5
 70
     0
  9
$USERR1
 40
0.0
  9
$USERR2
 40
0.0
  9
$USERR3
 40
0.0
  9
$USERR4
 40
0.0
  9
$USERR5
 40
0.0
  9
$WORLDVIEW
 70
     1
  9
$SHADEDGE
 70
     3
  9
$SHADEDIF
 70
    70
  9
$TILEMODE
 70
     1
  9
$MAXACTVP
 70
    64
  9
$PINSBASE
 10
0.0
 20
0.0
 30
0.0
  9
$PLIMCHECK
 70
     0
  9
$PEXTMIN
 10
0.0
 20
0.0
 30
0.0
  9
$PEXTMAX
 10
0.0
 20
0.0
 30
0.0
  9
$PLIMMIN
 10
0.0
 20
0.0
  9
$PLIMMAX
 10
12.0
 20
9.0
  9
$UNITMODE
 70
     0
  9
$VISRETAIN
 70
     1
  9
$PLINEGEN
 70
     0
  9
$PSLTSCALE
 70
     1
  9
$TREEDEPTH
 70
  3020
  9
$CMLSTYLE
  2
Standard
  9
$CMLJUST
 70
     0
  9
$CMLSCALE
 40
20.0
  9
$PROXYGRAPHICS
 70
     1
  9
$MEASUREMENT
 70
     1
  9
$CELWEIGHT
370
   100
  9
$ENDCAPS
280
     0
  9
$JOINSTYLE
280
     0
  9
$LWDISPLAY
290
     0
  9
$INSUNITS
 70
     4
  9
$HYPERLINKBASE
  1

  9
$STYLESHEET
  1

  9
$XEDIT
290
     1
  9
$CEPSNTYPE
380
     0
  9
$PSTYLEMODE
290
     1
  9
$FINGERPRINTGUID
  2
{3567DA1E-0DD3-4DF6-AFCE-7EB681551C87}
  9
$VERSIONGUID
  2
{2E3B247E-5C20-4842-8C07-1A20B06ED847}
  9
$EXTNAMES
290
     1
  9
$PSVPSCALE
 40
0.0
  9
$OLESTARTUP
290
     0
  9
$SORTENTS
280
   127
  9
$INDEXCTL
280
     0
  9
$HIDETEXT
280
     1
  9
$XCLIPFRAME
290
     0
  9
$HALOGAP
280
     0
  9
$OBSCOLOR
 70
   257
  9
$OBSLTYPE
280
     0
  9
$INTERSECTIONDISPLAY
280
     0
  9
$INTERSECTIONCOLOR
 70
   257
  9
$DIMASSOC
280
     2
  9
$PROJECTNAME
  1

  0
ENDSEC
  0
SECTION
  2
CLASSES
  0
CLASS
  1
ACDBDICTIONARYWDFLT
  2
AcDbDictionaryWithDefault
  3
ObjectDBX Classes
 90
        0
 91
        1
280
     0
281
     0
  0
CLASS
  1
DICTIONARYVAR
  2
AcDbDictionaryVar
  3
ObjectDBX Classes
 90
        0
 91
       19
280
     0
281
     0
  0
CLASS
  1
TABLESTYLE
  2
AcDbTableStyle
  3
ObjectDBX Classes
 90
     4095
 91
        1
280
     0
281
     0
  0
CLASS
  1
MATERIAL
  2
AcDbMaterial
  3
ObjectDBX Classes
 90
     1153
 91
        3
280
     0
281
     0
  0
CLASS
  1
VISUALSTYLE
  2
AcDbVisualStyle
  3
ObjectDBX Classes
 90
     4095
 91
       26
280
     0
281
     0
  0
CLASS
  1
SCALE
  2
AcDbScale
  3
ObjectDBX Classes
 90
     1153
 91
       17
280
     0
281
     0
  0
CLASS
  1
MLEADERSTYLE
  2
AcDbMLeaderStyle
  3
ACDB_MLEADERSTYLE_CLASS
 90
     4095
 91
        1
280
     0
281
     0
  0
CLASS
  1
CELLSTYLEMAP
  2
AcDbCellStyleMap
  3
ObjectDBX Classes
 90
     1152
 91
        2
280
     0
281
     0
  0
CLASS
  1
EXACXREFPANELOBJECT
  2
ExAcXREFPanelObject
  3
EXAC_ESW
 90
     1025
 91
        0
280
     0
281
     0
  0
CLASS
  1
NPOCOLLECTION
  2
AcDbImpNonPersistentObjectsCollection
  3
ObjectDBX Classes
 90
     1153
 91
        0
280
     0
281
     0
  0
CLASS
  1
LAYER_INDEX
  2
AcDbLayerIndex
  3
ObjectDBX Classes
 90
        0
 91
        0
280
     0
281
     0
  0
CLASS
  1
SPATIAL_INDEX
  2
AcDbSpatialIndex
  3
ObjectDBX Classes
 90
        0
 91
        0
280
     0
281
     0
  0
CLASS
  1
IDBUFFER
  2
AcDbIdBuffer
  3
ObjectDBX Classes
 90
        0
 91
        0
280
     0
281
     0
  0
CLASS
  1
SORTENTSTABLE
  2
AcDbSortentsTable
  3
ObjectDBX Classes
 90
        0
 91
        1
280
     0
281
     0
  0
CLASS
  1
AEC_REFEDIT_STATUS_TRACKER
  2
AecDbRefEditStatusTracker
  3
AecArchBase80|Product Desc: Autodesk Architectural Desktop 2007 |Company: Autodesk,Inc. |WEB Address: www.autodesk.com
 90
      129
 91
        0
280
     0
281
     0
  0
CLASS
  1
DIMASSOC
  2
AcDbDimAssoc
  3
"AcDbDimAssoc|Product Desc:     AcDim ARX App For Dimension|Company:          Autodesk, Inc.|WEB Address:      www.autodesk.com"
 90
        0
 91
        0
280
     0
281
     0
  0
CLASS
  1
ACDBSECTIONVIEWSTYLE
  2
AcDbSectionViewStyle
  3
ObjectDBX Classes
 90
     1025
 91
        1
280
     0
281
     0
  0
CLASS
  1
ACDBDETAILVIEWSTYLE
  2
AcDbDetailViewStyle
  3
ObjectDBX Classes
 90
     1025
 91
        1
280
     0
281
     0
  0
ENDSEC
  0
SECTION
  2
TABLES
  0
TABLE
  2
VPORT
  5
8
330
0
100
AcDbSymbolTable
 70
     1
  0
VPORT
  5
EA
330
8
100
AcDbSymbolTableRecord
100
AcDbViewportTableRecord
  2
*Active
 70
     0
 10
0.0
 20
0.0
 11
1.0
 21
1.0
 12
13.60034241129784
 22
109.9451987057053
 13
0.0
 23
0.0
 14
10.0
 24
10.0
 15
10.0
 25
10.0
 16
0.0
 26
0.0
 36
1.0
 17
0.0
 27
0.0
 37
0.0
 40
48.78384681353177
 41
1.981366459627329
 42
50.0
 43
0.0
 44
0.0
 50
0.0
 51
0.0
 71
     0
 72
  1000
 73
     1
 74
     3
 75
     0
 76
     0
 77
     0
 78
     0
281
     0
 65
     1
110
0.0
120
0.0
130
0.0
111
1.0
121
0.0
131
0.0
112
0.0
122
1.0
132
0.0
 79
     0
146
0.0
1001
ACAD_NAV_VCDISPLAY
1070
     3
  0
ENDTAB
  0
TABLE
  2
LTYPE
  5
5
330
0
100
AcDbSymbolTable
 70
     1
  0
LTYPE
  5
14
330
5
100
AcDbSymbolTableRecord
100
AcDbLinetypeTableRecord
  2
ByBlock
 70
     0
  3

 72
    65
 73
     0
 40
0.0
  0
LTYPE
  5
15
330
5
100
AcDbSymbolTableRecord
100
AcDbLinetypeTableRecord
  2
ByLayer
 70
     0
  3

 72
    65
 73
     0
 40
0.0
  0
LTYPE
  5
16
330
5
100
AcDbSymbolTableRecord
100
AcDbLinetypeTableRecord
  2
Continuous
 70
     0
  3
Solid line
 72
    65
 73
     0
 40
0.0
  0
ENDTAB
  0
TABLE
  2
LAYER
  5
2
102
{ACAD_XDICTIONARY
360
1F8
102
}
330
0
100
AcDbSymbolTable
 70
     1
  0
LAYER
  5
10
102
{ACAD_XDICTIONARY
360
13C
102
}
330
2
100
AcDbSymbolTableRecord
100
AcDbLayerTableRecord
  2
0
 70
     0
 62
     7
  6
Continuous
370
    -3
390
F
  0
ENDTAB
  0
TABLE
  2
STYLE
  5
3
330
0
100
AcDbSymbolTable
 70
     2
  0
STYLE
  5
11
330
3
100
AcDbSymbolTableRecord
100
AcDbTextStyleTableRecord
  2
Standard
 70
     0
 40
0.0
 41
1.0
 50
0.0
 71
     0
 42
2.5
  3
ARIAL.TTF
  4

1001
ACAD
1000
Arial
1071
       34
  0
STYLE
  5
215
330
3
100
AcDbSymbolTableRecord
100
AcDbTextStyleTableRecord
  2
ROMANS
 70
     0
 40
2.5
 41
0.85
 50
10.0
 71
     0
 42
2.5
  3
ROMANS.SHX
  4

  0
ENDTAB
  0
TABLE
  2
VIEW
  5
6
330
0
100
AcDbSymbolTable
 70
     0
  0
ENDTAB
  0
TABLE
  2
UCS
  5
7
330
0
100
AcDbSymbolTable
 70
     0
  0
ENDTAB
  0
TABLE
  2
APPID
  5
9
330
0
100
AcDbSymbolTable
 70
    15
  0
APPID
  5
12
330
9
100
AcDbSymbolTableRecord
100
AcDbRegAppTableRecord
  2
ACAD
 70
     0
  0
APPID
  5
9E
330
9
100
AcDbSymbolTableRecord
100
AcDbRegAppTableRecord
  2
ACAD_PSEXT
 70
     0
  0
APPID
  5
133
330
9
100
AcDbSymbolTableRecord
100
AcDbRegAppTableRecord
  2
AcadAnnoPO
 70
     0
  0
APPID
  5
134
330
9
100
AcDbSymbolTableRecord
100
AcDbRegAppTableRecord
  2
AcadAnnotative
 70
     0
  0
APPID
  5
135
330
9
100
AcDbSymbolTableRecord
100
AcDbRegAppTableRecord
  2
ACAD_DSTYLE_DIMJAG
 70
     0
  0
APPID
  5
136
330
9
100
AcDbSymbolTableRecord
100
AcDbRegAppTableRecord
  2
ACAD_DSTYLE_DIMTALN
 70
     0
  0
APPID
  5
165
330
9
100
AcDbSymbolTableRecord
100
AcDbRegAppTableRecord
  2
ACAD_MLEADERVER
 70
     0
  0
APPID
  5
1F7
330
9
100
AcDbSymbolTableRecord
100
AcDbRegAppTableRecord
  2
AcAecLayerStandard
 70
     0
  0
APPID
  5
ACC
330
9
100
AcDbSymbolTableRecord
100
AcDbRegAppTableRecord
  2
ACAD_DSTYLE_DIMBREAK
 70
     0
  0
APPID
  5
1514
330
9
100
AcDbSymbolTableRecord
100
AcDbRegAppTableRecord
  2
ACAD_DSTYLE_DIMJOGGED_JOGANGLE_SYMBOL
 70
     0
  0
APPID
  5
1515
330
9
100
AcDbSymbolTableRecord
100
AcDbRegAppTableRecord
  2
AcDbBlockRepETag
 70
     0
  0
APPID
  5
19A6
330
9
100
AcDbSymbolTableRecord
100
AcDbRegAppTableRecord
  2
ACAD_EXEMPT_FROM_CAD_STANDARDS
 70
     0
  0
APPID
  5
2151
330
9
100
AcDbSymbolTableRecord
100
AcDbRegAppTableRecord
  2
ACAD_NAV_VCDISPLAY
 70
     0
  0
APPID
  5
2152
330
9
100
AcDbSymbolTableRecord
100
AcDbRegAppTableRecord
  2
GradientColor1ACI
 70
     0
  0
APPID
  5
2153
330
9
100
AcDbSymbolTableRecord
100
AcDbRegAppTableRecord
  2
GradientColor2ACI
 70
     0
  0
ENDTAB
  0
TABLE
  2
DIMSTYLE
  5
A
330
0
100
AcDbSymbolTable
 70
     1
100
AcDbDimStyleTable
 71
     1
340
216
  0
DIMSTYLE
105
216
330
A
100
AcDbSymbolTableRecord
100
AcDbDimStyleTableRecord
  2
1-1
 70
     0
 41
2.5
 42
2.5
 43
0.4
 44
0.5
 47
0.2
 48
0.2
 73
     0
 74
     0
 77
     1
140
2.5
141
0.0
146
0.2
147
1.0
172
     1
176
   256
177
   256
178
   256
271
     2
272
     2
289
     0
340
215
1001
ACAD_DSTYLE_DIMJAG
1070
   388
1040
1.5
1001
ACAD_DSTYLE_DIMTALN
1070
   392
1070
     0
  0
ENDTAB
  0
TABLE
  2
BLOCK_RECORD
  5
1
330
0
100
AcDbSymbolTable
 70
     1
  0
BLOCK_RECORD
  5
1F
102
{ACAD_XDICTIONARY
360
1CE
102
}
330
1
100
AcDbSymbolTableRecord
100
AcDbBlockTableRecord
  2
*Model_Space
340
22
  0
BLOCK_RECORD
  5
D2
330
1
100
AcDbSymbolTableRecord
100
AcDbBlockTableRecord
  2
*Paper_Space
340
D3
  0
BLOCK_RECORD
  5
D6
330
1
100
AcDbSymbolTableRecord
100
AcDbBlockTableRecord
  2
*Paper_Space0
340
D7
  0
ENDTAB
  0
ENDSEC
  0
SECTION
  2
BLOCKS
  0
BLOCK
  5
20
330
1F
100
AcDbEntity
  8
0
100
AcDbBlockBegin
  2
*Model_Space
 70
     0
 10
0.0
 20
0.0
 30
0.0
  3
*Model_Space
  1

  0
ENDBLK
  5
21
330
1F
100
AcDbEntity
  8
0
100
AcDbBlockEnd
  0
BLOCK
  5
D4
330
D2
100
AcDbEntity
 67
     1
  8
0
100
AcDbBlockBegin
  2
*Paper_Space
 70
     0
 10
0.0
 20
0.0
 30
0.0
  3
*Paper_Space
  1

  0
ENDBLK
  5
D5
330
D2
100
AcDbEntity
 67
     1
  8
0
100
AcDbBlockEnd
  0
BLOCK
  5
D8
330
D6
100
AcDbEntity
 67
     1
  8
0
100
AcDbBlockBegin
  2
*Paper_Space0
 70
     0
 10
0.0
 20
0.0
 30
0.0
  3
*Paper_Space0
  1

  0
ENDBLK
  5
D9
330
D6
100
AcDbEntity
 67
     1
  8
0
100
AcDbBlockEnd
  0
ENDSEC
  0
SECTION
  2
ENTITIES
  0
HATCH
  5
2179
330
1F
100
AcDbEntity
  8
0
 62
     8
370
   100
100
AcDbHatch
 10
0.0
 20
0.0
 30
0.0
210
0.0
220
0.0
230
1.0
  2
AR-CONC
 70
     0
 71
     0
 91
        1
 92
        1
 93
        8
 72
     1
 10
1.295896722055146
 20
100.4413367399105
 11
1.295896722055146
 21
97.44133673991058
 72
     2
 10
1.795896722055144
 20
97.44133673991058
 40
0.4999999999999978
 50
180.0
 51
269.9999999999994
 73
     1
 72
     1
 10
1.795896722055139
 20
96.94133673991057
 11
35.79589672205515
 21
96.94133673991057
 72
     2
 10
35.79589672205515
 20
97.44133673991058
 40
0.5
 50
270.0
 51
360.0
 73
     1
 72
     1
 10
36.29589672205515
 20
97.44133673991058
 11
36.29589672205515
 21
100.4413367399105
 72
     2
 10
35.79589672205515
 20
100.4413367399105
 40
0.5
 50
0.0
 51
90.0
 73
     1
 72
     1
 10
35.79589672205515
 20
100.9413367399105
 11
1.79589672205514
 21
100.9413367399105
 72
     2
 10
1.795896722055139
 20
100.4413367399105
 40
0.5
 50
90.00000000000019
 51
180.0
 73
     1
 97
        0
 75
     0
 76
     1
 52
-0.0000000000000127
 41
0.01
 77
     0
 78
    13
 53
50.0
 43
186.3985248419835
 44
-1836.291883075564
 45
1.82184668996004
 46
-0.1593908553890313
 79
     2
 49
0.1905
 49
-2.095499999999999
 53
355.0
 43
186.3985248419835
 44
-1836.291883075564
 45
-0.3524282597566695
 46
1.910566428821799
 79
     2
 49
0.1524
 49
-1.676399999999999
 53
100.451
 43
186.5503448419835
 44
-1836.305165575564
 45
1.469425016659589
 46
1.751166878202918
 79
     2
 49
0.1618999999999999
 49
-1.780899999999999
 53
46.18419999999998
 43
186.3985248419835
 44
-1835.783883075564
 45
2.710790408921298
 46
-0.4204232793272721
 79
     2
 49
0.28575
 49
-3.14325
 53
96.63559999999996
 43
186.6244238419835
 44
-1835.818918075564
 45
2.374042344662369
 46
2.47425555890049
 79
     2
 49
0.2428499999999997
 49
-2.671349999999995
 53
351.184
 43
186.3985248419835
 44
-1835.783883075564
 45
2.374046058139338
 46
2.474251178605975
 79
     2
 49
0.2286
 49
-2.5146
 53
20.99999999999999
 43
186.6525248419834
 44
-1835.910883075564
 45
1.516148798353831
 46
-1.022655185167622
 79
     2
 49
0.1905
 49
-2.095499999999999
 53
326.0
 43
186.6525248419834
 44
-1835.910883075564
 45
0.6180202834764712
 46
1.841879661223192
 79
     2
 49
0.1524
 49
-1.676399999999999
 53
71.45139999999997
 43
186.7788698419835
 44
-1835.996104075564
 45
2.134164907701244
 46
0.8192285771605741
 79
     2
 49
0.1619
 49
-1.780899999999999
 53
37.5
 43
186.3985248419835
 44
-1836.291883075564
 45
0.0308860325059184
 46
0.8455503887315311
 79
     6
 49
0.0
 49
-1.65608
 49
0.0
 49
-1.701799999999999
 49
0.0
 49
-1.682749999999999
 53
7.499999999999986
 43
186.3985248419835
 44
-1836.291883075564
 45
0.6681966251030577
 46
1.001805748181194
 79
     6
 49
0.0
 49
-0.9702799999999999
 49
0.0
 49
-1.61798
 49
0.0
 49
-0.6413500000000001
 53
327.5
 43
185.8321048419834
 44
-1836.291883075564
 45
1.355905951668711
 46
-0.0572874399267347
 79
     6
 49
0.0
 49
-0.635
 49
0.0
 49
-1.9812
 49
0.0
 49
-2.628899999999998
 53
317.5
 43
185.5781048419835
 44
-1836.291883075564
 45
1.48129181386018
 46
0.25426491033333
 79
     6
 49
0.0
 49
-0.8255
 49
0.0
 49
-1.31572
 49
0.0
 49
-1.8669
 98
        1
 10
186.3985248419835
 20
-1836.291883075564
1001
ACAD
1010
0.0
1020
0.0
1030
0.0
  0
HATCH
  5
2276
330
1F
100
AcDbEntity
  8
0
 62
     8
370
   100
100
AcDbHatch
 10
0.0
 20
0.0
 30
0.0
210
0.0
220
0.0
230
1.0
  2
ANSI37
 70
     0
 71
     0
 91
        5
 92
        7
 72
     1
 73
     1
 93
      104
 10
-0.7037165586548042
 20
104.8038141096208
 42
-0.2234806700079636
 10
-0.9348371525183408
 20
104.695081647622
 42
0.0
 10
-1.097733945621419
 20
104.695081647623
 42
-0.131828755191859
 10
-1.498213976054373
 20
104.8025386921167
 42
0.0
 10
-2.999253012209825
 20
105.6705515050473
 42
0.2405710735625807
 10
-3.181107963698812
 20
105.6757023941319
 42
0.5090195146076773
 10
-3.704103277939287
 20
105.2950816476236
 42
0.0
 10
-3.704103277942884
 20
101.8950816476228
 42
0.5090195146095488
 10
-3.181107963698031
 20
101.514460901112
 42
0.2531994051171718
 10
-2.991010651534388
 20
101.5243781383727
 42
0.0
 10
-1.498213976046903
 20
102.3876246031301
 42
-0.1318287551938641
 10
-1.097733945609653
 20
102.4950816476234
 42
0.0
 10
-0.1555563273873872
 20
102.4950816476221
 42
0.0
 10
5.343406463936112
 20
101.5254661415999
 42
0.0436609429085135
 10
5.690702819269892
 20
101.4950816476243
 42
0.0
 10
31.90109062484334
 20
101.4950816476243
 42
0.0436609429085136
 10
32.24838698017709
 20
101.5254661415999
 42
0.0
 10
37.7473497715006
 20
102.4950816476221
 42
0.0
 10
38.689527389723
 20
102.4950816476234
 42
-0.1318287551938673
 10
39.09000742016001
 20
102.3876246031301
 42
0.0
 10
40.59104645632221
 20
101.5196117901952
 42
0.2405710735610094
 10
40.77290140781168
 20
101.5144609011118
 42
0.5090195146091319
 10
41.29589672205614
 20
101.8950816476228
 42
0.0
 10
41.29589672205247
 20
105.2950816476236
 42
0.5090195146074416
 10
40.77290140781243
 20
105.675702394132
 42
0.2531994051127171
 10
40.5828040956524
 20
105.6657851568717
 42
0.0
 10
39.09000742016918
 20
104.8025386921174
 42
-0.1318287551950561
 10
38.68952738972201
 20
104.6950816476226
 42
0.0
 10
38.52663059673803
 20
104.6950816476236
 42
-0.2199100024315891
 10
38.29813517222159
 20
104.8006855544934
 42
0.0
 10
36.33700518919943
 20
107.1378692573072
 42
0.2216946626431011
 10
35.57096074608007
 20
107.4950816476211
 42
0.0
 10
32.79589672205615
 20
107.4950816476211
 42
-0.4142135623730951
 10
32.29589672205612
 20
107.9950816476211
 42
0.0
 10
32.29589672205612
 20
111.745081647622
 42
0.4142135623728123
 10
31.79589672205664
 20
112.245081647622
 42
0.0
 10
30.60300350324541
 20
112.2450816476232
 42
0.1989123673797435
 10
30.24945011265066
 20
112.0986350382162
 42
0.0
 10
29.54234333146349
 20
111.3915282570299
 42
0.1989123673798263
 10
29.39589672205647
 20
111.0379748664364
 42
0.0
 10
29.39589672205647
 20
110.5450816476231
 42
0.4142135623730935
 10
29.69589672205762
 20
110.245081647622
 42
0.0
 10
30.11011028442857
 20
110.245081647622
 42
0.1989123673794919
 10
30.3222423187844
 20
110.3329496132659
 42
0.0
 10
30.58376468770042
 20
110.5944719821815
 42
-0.6681786379190717
 10
31.09589672205617
 20
110.3823399478254
 42
0.0
 10
31.09589672205617
 20
107.9950816476211
 42
-0.4142135623730951
 10
30.59589672205618
 20
107.4950816476211
 42
0.0
 10
25.1458967220562
 20
107.4950816476211
 42
-0.4142135623730951
 10
24.6458967220562
 20
107.9950816476211
 42
0.0
 10
24.6458967220562
 20
110.2323399478268
 42
-0.668178637919459
 10
25.1580287564123
 20
110.4444719821827
 42
0.0
 10
25.26955112532919
 20
110.3329496132657
 42
0.1989123673800664
 10
25.48168315968558
 20
110.2450816476215
 42
0.0
 10
25.8958967220587
 20
110.245081647622
 42
0.4142135623733025
 10
26.1958967220586
 20
110.5450816476228
 42
0.0
 10
26.19589672205763
 20
111.037974866437
 42
0.1989123673790412
 10
26.04945011265131
 20
111.3915282570288
 42
0.0
 10
25.34234333146612
 20
112.0986350382146
 42
0.1989123673798588
 10
24.98878994087142
 20
112.245081647622
 42
0.0
 10
23.10300350323855
 20
112.2450816476216
 42
0.1989123673797628
 10
22.74945011264499
 20
112.0986350382146
 42
0.0
 10
22.04234333145978
 20
111.3915282570285
 42
0.1989123673792525
 10
21.89589672205332
 20
111.0379748664359
 42
0.0
 10
21.89589672205293
 20
110.5450816476225
 42
0.4142135623726946
 10
22.19589672205243
 20
110.245081647622
 42
0.0
 10
22.610110284425
 20
110.2450816476211
 42
0.2777391367121918
 10
22.88680507332709
 20
110.3835732694174
 42
-0.7654405891966686
 10
23.44589672205559
 20
110.2323399478273
 42
0.0
 10
23.4458967220561
 20
107.9950816476212
 42
-0.4142135623731705
 10
22.9458967220561
 20
107.4950816476211
 42
0.0
 10
14.49589672205798
 20
107.4950816476211
 42
-0.4142135623730252
 10
13.99589672205798
 20
107.995081647621
 42
0.0
 10
13.99589672205741
 20
110.3823399478276
 42
-0.6681786379195671
 10
14.5080287564135
 20
110.5944719821835
 42
0.0
 10
14.769551125331
 20
110.3329496132656
 42
0.1989123673800919
 10
14.98168315968741
 20
110.2450816476215
 42
0.0
 10
15.3958967220605
 20
110.245081647622
 42
0.4142135623732938
 10
15.69589672206032
 20
110.5450816476228
 42
0.0
 10
15.69589672205939
 20
111.037974866437
 42
0.1989123673790408
 10
15.549450112653
 20
111.3915282570288
 42
0.0
 10
14.84234333146803
 20
112.0986350382146
 42
0.1989123673798566
 10
14.48878994087318
 20
112.245081647622
 42
0.0
 10
13.295896722057
 20
112.2450816476217
 42
0.4142135623730966
 10
12.79589672205711
 20
111.7450816476216
 42
0.0
 10
12.79589672205798
 20
107.9950816476212
 42
-0.4142135623731661
 10
12.295896722058
 20
107.4950816476211
 42
0.0
 10
3.995896722056635
 20
107.4950816476211
 42
-0.4142135623730951
 10
3.495896722056626
 20
107.9950816476211
 42
0.0
 10
3.495896722056626
 20
110.3823399478255
 42
-0.6681786379190575
 10
4.008028756412421
 20
110.5944719821815
 42
0.0
 10
4.269551125328169
 20
110.332949613266
 42
0.1989123673793334
 10
4.481683159683917
 20
110.2450816476222
 42
0.0
 10
4.895896722055004
 20
110.245081647622
 42
0.4142135623732658
 10
5.195896722056211
 20
110.5450816476231
 42
0.0
 10
5.195896722056211
 20
111.0379748664364
 42
0.1989123673798263
 10
5.049450112649322
 20
111.3915282570299
 42
0.0
 10
4.342343331461812
 20
112.0986350382164
 42
0.1989123673797868
 10
3.988789940867185
 20
112.2450816476234
 42
0.0
 10
2.79589672205612
 20
112.245081647622
 42
0.4142135623727602
 10
2.295896722056645
 20
111.745081647622
 42
0.0
 10
2.295896722056645
 20
107.9781203547058
 42
-0.3707822580957599
 10
1.870875380715524
 20
107.4837741190109
 42
0.1825221754009603
 10
1.254788254913826
 20
107.1378692573071
 42
0.0
 97
        0
 92
       22
 72
     1
 73
     1
 93
        9
 10
2.132045763420173
 20
106.3164754524673
 42
-0.2216946626431024
 10
2.515067984979943
 20
106.4950816476243
 42
0.0
 10
9.161216720180213
 20
106.4950816476243
 42
-0.4142135623730506
 10
9.661216720180199
 20
105.9950816476244
 42
0.0
 10
9.661216720180712
 20
102.9950816476244
 42
-0.4142135623731398
 10
9.161216720180703
 20
102.4950816476243
 42
0.0
 10
5.603214155744998
 20
102.4950816476243
 42
0.0
 10
0.6390486897061864
 20
103.370397955988
 42
-0.5773502691894309
 10
0.3428505569799043
 20
104.1841956373371
 42
0.0
 97
        0
 92
       22
 72
     1
 73
     1
 93
        8
 10
10.6612167201802
 20
105.995081647622
 42
-0.4142135623729921
 10
11.16121672018008
 20
106.495081647622
 42
0.0
 10
17.79589672205599
 20
106.4950816476243
 42
-0.4142135623732
 10
18.2958967220562
 20
105.9950816476243
 42
0.0
 10
18.2958967220562
 20
102.9950816476243
 42
-0.4142135623730951
 10
17.79589672205612
 20
102.4950816476243
 42
0.0
 10
11.1612167201802
 20
102.4950816476243
 42
-0.4142135623730951
 10
10.6612167201802
 20
102.9950816476243
 42
0.0
 97
        0
 92
       22
 72
     1
 73
     1
 93
        8
 10
19.29589672205251
 20
105.9950816476243
 42
-0.414213562373199
 10
19.79589672205267
 20
106.4950816476243
 42
0.0
 10
26.4305767239286
 20
106.495081647622
 42
-0.4142135623729902
 10
26.93057672392853
 20
105.995081647622
 42
0.0
 10
26.93057672392853
 20
102.9950816476243
 42
-0.4142135623730953
 10
26.43057672392853
 20
102.4950816476243
 42
0.0
 10
19.79589672205251
 20
102.4950816476243
 42
-0.4142135623730951
 10
19.29589672205251
 20
102.9950816476243
 42
0.0
 97
        0
 92
       22
 72
     1
 73
     1
 93
        9
 10
27.93057672392853
 20
105.9950816476243
 42
-0.4142135623730951
 10
28.43057672392853
 20
106.4950816476243
 42
0.0
 10
35.07672545913333
 20
106.4950816476243
 42
-0.2216946626431001
 10
35.45974768069311
 20
106.3164754524673
 42
0.0
 10
37.24894288713268
 20
104.1841956373379
 42
-0.5773502691894326
 10
36.95274475440653
 20
103.3703979559887
 42
0.0
 10
31.98857928836362
 20
102.4950816476243
 42
0.0
 10
28.43057672392853
 20
102.4950816476243
 42
-0.4142135623730951
 10
27.93057672392853
 20
102.9950816476243
 42
0.0
 97
        0
 75
     0
 76
     1
 52
0.0
 41
0.5
 77
     0
 78
     2
 53
45.0
 43
-228.8595210061776
 44
43.03431891847782
 45
-1.122532015133643
 46
1.122532015133643
 79
     0
 53
135.0
 43
-228.8595210061776
 44
43.03431891847782
 45
-1.122532015133643
 46
-1.122532015133643
 79
     0
 47
0.0365547130217316
 98
        5
 10
1.29354734723985
 20
106.2921175378317
 10
1.29354734723985
 20
106.2921175378317
 10
1.29354734723985
 20
106.2921175378317
 10
1.29354734723985
 20
106.2921175378317
 10
1.29354734723985
 20
106.2921175378317
1001
GradientColor1ACI
1070
     5
1001
GradientColor2ACI
1070
     2
1001
ACAD
1010
0.0
1020
0.0
1030
0.0
  0
HATCH
  5
227C
330
1F
100
AcDbEntity
  8
0
 62
     8
370
   100
100
AcDbHatch
 10
0.0
 20
0.0
 30
0.0
210
0.0
220
0.0
230
1.0
  2
ANSI37
 70
     0
 71
     0
 91
        5
 92
       16
 93
       10
 72
     1
 10
28.43057672393161
 20
92.24133673991087
 11
35.07672545913329
 21
92.24133673991087
 72
     2
 10
35.07672545913329
 20
92.74133673991086
 40
0.5
 50
270.0
 51
320.000000000023
 73
     1
 72
     1
 10
35.45974768069291
 20
92.41994293506776
 11
37.24894288713212
 21
94.55222275019574
 72
     2
 10
36.86592066557253
 20
94.87361655503887
 40
0.4999999999999961
 50
320.000000000019
 51
439.9999999999968
 73
     1
 72
     1
 10
36.95274475440604
 20
95.36602043154495
 11
33.73304359131371
 21
95.93374061641652
 72
     2
 10
33.64621950248025
 20
95.44133673991058
 40
0.4999999999998438
 50
79.99999999999748
 51
90.00000000000246
 73
     1
 72
     1
 10
33.64621950248023
 20
95.94133673991043
 11
28.43057672393167
 21
95.94133673991043
 72
     2
 10
28.43057672393167
 20
95.44133673991042
 40
0.5
 50
89.9999999999992
 51
179.9999999999984
 73
     1
 72
     1
 10
27.93057672393167
 20
95.44133673991046
 11
27.93057672393163
 21
92.74133673991086
 72
     2
 10
28.43057672393161
 20
92.74133673991086
 40
0.5
 50
179.9999999999984
 51
270.0
 73
     1
 97
        0
 92
       16
 93
        8
 72
     1
 10
26.43057672393065
 20
95.94133673991043
 11
19.79589672205481
 21
95.94133673991043
 72
     2
 10
19.79589672205481
 20
95.44133673991042
 40
0.5
 50
90.0
 51
180.0000000000098
 73
     1
 72
     1
 10
19.29589672205481
 20
95.44133673991034
 11
19.29589672205526
 21
92.74133673991078
 72
     2
 10
19.79589672205526
 20
92.74133673991086
 40
0.4999999999999967
 50
180.0000000000114
 51
270.0000000000004
 73
     1
 72
     1
 10
19.79589672205527
 20
92.24133673991087
 11
26.43057672393048
 21
92.24133673991087
 72
     2
 10
26.43057672393048
 20
92.74133673991086
 40
0.5
 50
270.0000000000004
 51
359.9999999999968
 73
     1
 72
     1
 10
26.93057672393048
 20
92.74133673991086
 11
26.93057672393065
 21
95.44133673991041
 72
     2
 10
26.43057672393064
 20
95.44133673991042
 40
0.5000000000000071
 50
359.9999999999951
 51
449.9999999999992
 73
     1
 97
        0
 92
       16
 93
        8
 72
     1
 10
17.79589672205572
 20
95.94133673991041
 11
11.1612167201797
 21
95.94133673991041
 72
     2
 10
11.16121672017971
 20
95.44133673991041
 40
0.5
 50
90.00000000000103
 51
180.0000000000081
 73
     1
 72
     1
 10
10.6612167201797
 20
95.44133673991034
 11
10.66121672018001
 21
92.74133673991086
 72
     2
 10
11.16121672018
 20
92.74133673991086
 40
0.4999999999999948
 50
180.0000000000065
 51
269.9999999999998
 73
     1
 72
     1
 10
11.16121672018
 20
92.24133673991087
 11
17.79589672205521
 21
92.24133673991087
 72
     2
 10
17.79589672205521
 20
92.74133673991093
 40
0.5000000000000142
 50
270.0
 51
359.999999999987
 73
     1
 72
     1
 10
18.29589672205521
 20
92.74133673991078
 11
18.29589672205572
 21
95.44133673991032
 72
     2
 10
17.79589672205572
 20
95.44133673991041
 40
0.5
 50
359.9999999999902
 51
450.0
 73
     1
 97
        0
 92
        1
 93
       42
 72
     1
 10
18.79589672205498
 20
96.94133673991041
 11
3.989318273393067
 21
96.94133673991041
 72
     2
 10
3.989318273393021
 20
94.94133673991031
 40
2.000000000000083
 50
89.99999999999873
 51
99.99999999999829
 73
     1
 72
     1
 10
3.642021918059207
 20
96.91095224593485
 11
-0.0866287160785575
 21
96.25349053750065
 72
     2
 10
-0.2255472582120857
 20
97.04133673991044
 40
0.8000000000000538
 50
80.00000000000184
 51
89.99999999999969
 73
     0
 72
     1
 10
-0.2255472582120817
 20
96.24133673991041
 11
-1.097733945613079
 21
96.24133673991041
 72
     2
 10
-1.097733945613055
 20
97.04133673991021
 40
0.7999999999998125
 50
90.00000000000174
 51
120.0397061439993
 73
     0
 72
     1
 10
-1.498213976048865
 20
96.34879378440359
 11
-2.999253012211061
 21
97.21680659733848
 72
     2
 10
-3.095223471909313
 20
97.04133673991028
 40
0.2000000000014388
 50
61.3242441588273
 51
90.000000000521
 73
     1
 72
     1
 10
-3.095223471911133
 20
97.2413367399117
 11
-3.304103277944923
 21
97.24133673991168
 72
     2
 10
-3.304103277944916
 20
96.84133673991155
 40
0.400000000000077
 50
90.00000000000103
 51
180.0000000000101
 73
     1
 72
     1
 10
-3.704103277945001
 20
96.84133673991151
 11
-3.704103277945256
 21
93.44133673991143
 72
     2
 10
-3.304103277945663
 20
93.44133673991205
 40
0.3999999999995936
 50
180.0000000000875
 51
270.0000000001058
 73
     1
 72
     1
 10
-3.304103277944923
 20
93.04133673991243
 11
-3.095223471911133
 21
93.04133673991243
 72
     2
 10
-3.09522347191159
 20
93.24133673991259
 40
0.2000000000001307
 50
270.0000000001309
 51
298.6757558417518
 73
     1
 72
     1
 10
-2.999253012212193
 20
93.06586688248648
 11
-1.498213976053655
 21
93.93387969541874
 72
     2
 10
-1.097733945618091
 20
93.2413367399118
 40
0.7999999999999829
 50
239.9602938560282
 51
269.9999999998064
 73
     0
 72
     1
 10
-1.097733945620795
 20
94.0413367399118
 11
-0.934837152519762
 21
94.04133673991232
 72
     2
 10
-0.934837152510896
 20
93.74133673992997
 40
0.2999999999823615
 50
269.9999999983067
 51
320.3900000003931
 73
     0
 72
     1
 10
-0.7037165586529996
 20
93.93260427790805
 11
1.254788254913826
 21
91.59854913022469
 72
     2
 10
2.020832698033209
 20
92.2413367399111
 40
1.000000000000218
 50
219.9999999999786
 51
270.000000000002
 73
     1
 72
     1
 10
2.020832698033245
 20
91.24133673991087
 11
18.79589672205544
 21
91.24133673991087
 72
     1
 10
18.79589672205544
 20
91.24133673991087
 11
35.57096074607717
 21
91.24133673991087
 72
     2
 10
35.57096074607719
 20
92.24133673991108
 40
1.000000000000198
 50
269.9999999999988
 51
320.0000000000216
 73
     1
 72
     1
 10
36.33700518919658
 20
91.59854913022469
 11
38.29551000276343
 21
93.93260427790805
 72
     2
 10
38.52663059662133
 20
93.74133673992997
 40
0.2999999999823748
 50
219.6099999996083
 51
270.0000000016949
 73
     0
 72
     1
 10
38.52663059663021
 20
94.04133673991232
 11
38.68952738973119
 21
94.0413367399118
 72
     2
 10
38.68952738972851
 20
93.24133673991175
 40
0.8000000000000396
 50
270.0000000001923
 51
300.0397061439703
 73
     0
 72
     1
 10
39.09000742016408
 20
93.93387969541874
 11
40.59104645632261
 21
93.06586688248648
 72
     2
 10
40.687016916022
 20
93.24133673991257
 40
0.2000000000001173
 50
241.3242441582468
 51
269.9999999998677
 73
     1
 72
     1
 10
40.68701691602154
 20
93.04133673991243
 11
40.89589672205533
 21
93.04133673991243
 72
     2
 10
40.89589672205611
 20
93.44133673991198
 40
0.3999999999995225
 50
269.999999999888
 51
359.9999999999206
 73
     1
 72
     1
 10
41.29589672205565
 20
93.44133673991143
 11
41.29589672205542
 21
96.84133673991151
 72
     2
 10
40.89589672205534
 20
96.84133673991155
 40
0.4000000000000983
 50
359.9999999999919
 51
450.0000000000008
 73
     1
 72
     1
 10
40.89589672205533
 20
97.24133673991168
 11
40.68701691602154
 21
97.2413367399117
 72
     2
 10
40.68701691601972
 20
97.04133673991028
 40
0.2000000000014381
 50
89.99999999947892
 51
118.6757558411726
 73
     1
 72
     1
 10
40.59104645632147
 20
97.21680659733848
 11
39.09000742015929
 21
96.34879378440359
 72
     2
 10
38.68952738972348
 20
97.04133673991021
 40
0.7999999999998108
 50
59.96029385600078
 51
89.99999999999849
 73
     0
 72
     1
 10
38.6895273897235
 20
96.24133673991041
 11
37.81734070232252
 21
96.24133673991041
 72
     2
 10
37.81734070232252
 20
97.04133673991051
 40
0.800000000000125
 50
90.0
 51
99.99999999999801
 73
     0
 72
     1
 10
37.67842216018897
 20
96.25349053750065
 11
33.94977152605123
 21
96.91095224593482
 72
     2
 10
33.60247517071734
 20
94.94133673991035
 40
2.000000000000042
 50
79.99999999999919
 51
89.99999999999877
 73
     1
 72
     1
 10
33.60247517071738
 20
96.94133673991041
 11
18.79589672205498
 21
96.94133673991041
 97
        0
 92
       16
 93
       10
 72
     1
 10
9.161216720178748
 20
95.94133673991041
 11
3.945573941630023
 21
95.94133673991041
 72
     2
 10
3.945573941630042
 20
95.44133673991051
 40
0.499999999999915
 50
90.00000000000218
 51
100.0000000000016
 73
     1
 72
     1
 10
3.858749852796576
 20
95.93374061641652
 11
0.6390486897045165
 21
95.366020431545
 72
     2
 10
0.7258727785379782
 20
94.87361655503887
 40
0.4999999999999841
 50
99.99999999999992
 51
219.9999999999768
 73
     1
 72
     1
 10
0.3428505569783624
 20
94.55222275019577
 11
2.132045763417472
 21
92.41994293506785
 72
     2
 10
2.515067984977108
 20
92.74133673991086
 40
0.4999999999999742
 50
219.9999999999703
 51
269.999999999995
 73
     1
 72
     1
 10
2.515067984977063
 20
92.24133673991092
 11
9.161216720178806
 21
92.24133673991087
 72
     2
 10
9.161216720178806
 20
92.74133673991086
 40
0.5
 50
270.0
 51
360.0000000000016
 73
     1
 72
     1
 10
9.661216720178806
 20
92.74133673991093
 11
9.661216720178748
 21
95.44133673991042
 72
     2
 10
9.161216720178755
 20
95.44133673991041
 40
0.4999999999999929
 50
0.0000000000016284
 51
90.00000000000083
 73
     1
 97
        0
 75
     0
 76
     1
 52
0.0
 41
0.5
 77
     0
 78
     2
 53
45.0
 43
-228.8595210061776
 44
43.03431891847782
 45
-1.122532015133643
 46
1.122532015133643
 79
     0
 53
135.0
 43
-228.8595210061776
 44
43.03431891847782
 45
-1.122532015133643
 46
-1.122532015133643
 79
     0
 98
        1
 10
-367.3353356791116
 20
92.7119408432981
1001
GradientColor1ACI
1070
     5
1001
GradientColor2ACI
1070
     2
1001
ACAD
1010
0.0
1020
0.0
1030
0.0
  0
LINE
  5
2293
330
1F
100
AcDbEntity
  8
0
 62
     8
370
   100
100
AcDbLine
 10
1.295896722055146
 20
100.4413367399105
 30
0.0
 11
1.295896722055146
 21
97.44133673991058
 31
0.0
  0
ARC
  5
2294
330
1F
100
AcDbEntity
  8
0
 62
     8
370
   100
100
AcDbCircle
 10
1.795896722055144
 20
97.44133673991058
 30
0.0
 40
0.4999999999999978
100
AcDbArc
 50
180.0
 51
269.9999999999994
  0
LINE
  5
2295
330
1F
100
AcDbEntity
  8
0
 62
     8
370
   100
100
AcDbLine
 10
1.795896722055139
 20
96.94133673991057
 30
0.0
 11
35.79589672205515
 21
96.94133673991057
 31
0.0
  0
ARC
  5
2296
330
1F
100
AcDbEntity
  8
0
 62
     8
370
   100
100
AcDbCircle
 10
35.79589672205515
 20
97.44133673991058
 30
0.0
 40
0.5
100
AcDbArc
 50
270.0
 51
0.0
  0
LINE
  5
2297
330
1F
100
AcDbEntity
  8
0
 62
     8
370
   100
100
AcDbLine
 10
36.29589672205515
 20
97.44133673991058
 30
0.0
 11
36.29589672205515
 21
100.4413367399105
 31
0.0
  0
ARC
  5
2298
330
1F
100
AcDbEntity
  8
0
 62
     8
370
   100
100
AcDbCircle
 10
35.79589672205515
 20
100.4413367399105
 30
0.0
 40
0.5
100
AcDbArc
 50
0.0
 51
90.0
  0
LINE
  5
2299
330
1F
100
AcDbEntity
  8
0
 62
     8
370
   100
100
AcDbLine
 10
35.79589672205515
 20
100.9413367399105
 30
0.0
 11
1.795896722055139
 21
100.9413367399105
 31
0.0
  0
ARC
  5
229A
330
1F
100
AcDbEntity
  8
0
 62
     8
370
   100
100
AcDbCircle
 10
1.795896722055139
 20
100.4413367399105
 30
0.0
 40
0.5
100
AcDbArc
 50
90.00000000000019
 51
180.0
  0
LINE
  5
229B
330
1F
100
AcDbEntity
  8
0
 48
10.0
370
   100
100
AcDbLine
 10
-5.304103277942373
 20
104.4384910623036
 30
0.0
 11
-5.204103277942462
 21
104.4384910623036
 31
0.0
  0
LINE
  5
229C
330
1F
100
AcDbEntity
  8
0
 48
10.0
370
   100
100
AcDbLine
 10
-5.204103277942462
 20
104.4384910623036
 30
0.0
 11
-5.204103277942462
 21
94.2384910623036
 31
0.0
  0
LINE
  5
229D
330
1F
100
AcDbEntity
  8
0
 48
10.0
370
   100
100
AcDbLine
 10
-5.204103277942462
 20
94.2384910623036
 30
0.0
 11
-5.304103277942373
 21
94.2384910623036
 31
0.0
  0
LINE
  5
229E
330
1F
100
AcDbEntity
  8
0
 48
10.0
370
   100
100
AcDbLine
 10
-5.304103277942373
 20
94.2384910623036
 30
0.0
 11
-5.304103277942373
 21
92.23849106230336
 31
0.0
  0
LINE
  5
229F
330
1F
100
AcDbEntity
  8
0
 48
10.0
370
   100
100
AcDbLine
 10
-5.304103277942373
 20
92.23849106230336
 30
0.0
 11
-24.90410327794638
 21
92.23849106230359
 31
0.0
  0
LINE
  5
22A0
330
1F
100
AcDbEntity
  8
0
 48
10.0
370
   100
100
AcDbLine
 10
-24.90410327794638
 20
92.23849106230359
 30
0.0
 11
-24.90410327794638
 21
106.4384910623036
 31
0.0
  0
LINE
  5
22A1
330
1F
100
AcDbEntity
  8
0
 48
10.0
370
   100
100
AcDbLine
 10
-24.90410327794638
 20
106.4384910623036
 30
0.0
 11
-5.304103277942373
 21
106.4384910623036
 31
0.0
  0
LINE
  5
22A2
330
1F
100
AcDbEntity
  8
0
 48
10.0
370
   100
100
AcDbLine
 10
-5.304103277942373
 20
106.4384910623036
 30
0.0
 11
-5.304103277942373
 21
104.4384910623036
 31
0.0
  0
LINE
  5
22A3
330
1F
100
AcDbEntity
  8
0
 48
10.0
370
   100
100
AcDbLine
 10
-4.657656668538436
 20
85.88493767171026
 30
0.0
 11
-3.950549887353928
 21
86.59204445289505
 31
0.0
  0
ARC
  5
22A4
330
1F
100
AcDbEntity
  8
0
 48
10.0
370
   100
100
AcDbCircle
 10
-4.304103277947153
 20
86.94559784348934
 30
0.0
 40
0.5000000000006817
100
AcDbArc
 50
314.9999999999142
 51
359.9999999999675
  0
LINE
  5
22A5
330
1F
100
AcDbEntity
  8
0
 48
10.0
370
   100
100
AcDbLine
 10
-3.804103277946466
 20
86.94559784348905
 30
0.0
 11
-3.804103277946808
 21
87.73849106230331
 31
0.0
  0
LINE
  5
22A6
330
1F
100
AcDbEntity
  8
0
 48
10.0
370
   100
100
AcDbLine
 10
-3.804103277946808
 20
87.73849106230331
 30
0.0
 11
-5.504103277946229
 21
87.73849106230331
 31
0.0
  0
ARC
  5
22A7
330
1F
100
AcDbEntity
  8
0
 48
10.0
370
   100
100
AcDbCircle
 10
-5.504103277946254
 20
88.03849106230329
 30
0.0
 40
0.2999999999999829
100
AcDbArc
 50
180.0000000000081
 51
270.0000000000047
  0
LINE
  5
22A8
330
1F
100
AcDbEntity
  8
0
 48
10.0
370
   100
100
AcDbLine
 10
-5.804103277946237
 20
88.03849106230325
 30
0.0
 11
-5.804103277946467
 21
90.4384910623032
 31
0.0
  0
ARC
  5
22A9
330
1F
100
AcDbEntity
  8
0
 48
10.0
370
   100
100
AcDbCircle
 10
-5.504103277946613
 20
90.43849106230355
 30
0.0
 40
0.299999999999855
100
AcDbArc
 50
90.00000000002442
 51
180.0000000000678
  0
LINE
  5
22AA
330
1F
100
AcDbEntity
  8
0
 48
10.0
370
   100
100
AcDbLine
 10
-5.50410327794674
 20
90.73849106230341
 30
0.0
 11
-3.922624668612511
 21
90.73849106230341
 31
0.0
  0
ARC
  5
22AB
330
1F
100
AcDbEntity
  8
0
 48
10.0
370
   100
100
AcDbCircle
 10
-3.922624668611478
 20
91.23849106230414
 30
0.0
 40
0.5000000000006965
100
AcDbArc
 50
269.9999999998815
 51
315.965392278318
  0
ARC
  5
22AC
330
1F
100
AcDbEntity
  8
0
 48
10.0
370
   100
100
AcDbCircle
 10
-3.203704586106482
 20
90.54339832390768
 30
0.0
 40
0.4999999999995214
100
AcDbArc
 50
116.1270319026073
 51
135.965392278487
  0
LINE
  5
22AD
330
1F
100
AcDbEntity
  8
0
 48
10.0
370
   100
100
AcDbLine
 10
-3.423885989320693
 20
90.99230828111307
 30
0.0
 11
-2.808369728939339
 21
91.2942067615006
 31
0.0
  0
ARC
  5
22AE
330
1F
100
AcDbEntity
  8
0
 48
10.0
370
   100
100
AcDbCircle
 10
-1.690069154511474
 20
89.63607412952134
 30
0.0
 40
2.000000000000035
100
AcDbArc
 50
51.80577302573158
 51
123.9970547905097
  0
ARC
  5
22AF
330
1F
100
AcDbEntity
  8
0
 48
10.0
370
   100
100
AcDbCircle
 10
-0.1442461279891624
 20
91.60087212694508
 30
0.0
 40
0.5000000000013655
100
AcDbArc
 50
231.8057730257454
 51
271.6237487512862
  0
LINE
  5
22B0
330
1F
100
AcDbEntity
  8
0
 48
10.0
370
   100
100
AcDbLine
 10
-0.13007814368342
 20
91.10107289903245
 30
0.0
 11
0.5265433008249261
 21
91.11968637780703
 31
0.0
  0
LINE
  5
22B1
330
1F
100
AcDbEntity
  8
0
 48
10.0
370
   100
100
AcDbLine
 10
0.5265433008249261
 20
91.11968637780703
 30
0.0
 11
0.5367953850396248
 21
91.12002104615859
 31
0.0
  0
ARC
  5
22B2
330
1F
100
AcDbEntity
  8
0
 48
10.0
370
   100
100
AcDbCircle
 10
0.5231581782767685
 20
91.41971093019213
 30
0.0
 40
0.3000000000005497
100
AcDbArc
 50
272.6054124569682
 51
18.25141522808515
  0
LINE
  5
22B3
330
1F
100
AcDbEntity
  8
0
 48
10.0
370
   100
100
AcDbLine
 10
0.8080655954705092
 20
91.51366710949034
 30
0.0
 11
-1.256221894810946
 21
94.18010816364192
 31
0.0
  0
ARC
  5
22B4
330
1F
100
AcDbEntity
  8
0
 48
10.0
370
   100
100
AcDbCircle
 10
-1.371368782700681
 20
94.09096451658987
 30
0.0
 40
0.145620725174793
100
AcDbArc
 50
37.74608027574866
 51
182.000000001123
  0
LINE
  5
22B5
330
1F
100
AcDbEntity
  8
0
 48
10.0
370
   100
100
AcDbLine
 10
-1.516900799664139
 20
94.08588242656898
 30
0.0
 11
-1.51147107208493
 21
93.93039537244543
 31
0.0
  0
ARC
  5
22B6
330
1F
100
AcDbEntity
  8
0
 48
10.0
370
   100
100
AcDbCircle
 10
-1.711349237481664
 20
93.92341547310067
 30
0.0
 40
0.199999999993068
100
AcDbArc
 50
308.8239762313814
 51
2.000000001289373
  0
LINE
  5
22B7
330
1F
100
AcDbEntity
  8
0
 48
10.0
370
   100
100
AcDbLine
 10
-1.585963261183167
 20
93.76760033601541
 30
0.0
 11
-3.229132886702643
 21
92.44532554569216
 31
0.0
  0
ARC
  5
22B8
330
1F
100
AcDbEntity
  8
0
 48
10.0
370
   100
100
AcDbCircle
 10
-3.417211851155212
 20
92.67904825132871
 30
0.0
 40
0.29999999999938
100
AcDbArc
 50
286.9999999984137
 51
308.8239762310596
  0
LINE
  5
22B9
330
1F
100
AcDbEntity
  8
0
 48
10.0
370
   100
100
AcDbLine
 10
-3.329500339746516
 20
92.39215682453798
 30
0.0
 11
-3.704103277943828
 21
92.29133673991166
 31
0.0
  0
ARC
  5
22BA
330
1F
100
AcDbEntity
  8
0
 48
10.0
370
   100
100
AcDbCircle
 10
-3.704103277943828
 20
92.5913367399116
 30
0.0
 40
0.2999999999999545
100
AcDbArc
 50
90.0
 51
270.0
  0
LINE
  5
22BB
330
1F
100
AcDbEntity
  8
0
 48
10.0
370
   100
100
AcDbLine
 10
-3.704103277943828
 20
92.89133673991155
 30
0.0
 11
-3.704103277946558
 21
97.39133673991249
 31
0.0
  0
ARC
  5
22BC
330
1F
100
AcDbEntity
  8
0
 48
10.0
370
   100
100
AcDbCircle
 10
-3.504103277945723
 20
97.39133673991286
 30
0.0
 40
0.2000000000008342
100
AcDbArc
 50
89.99999999950929
 51
180.0000000000936
  0
LINE
  5
22BD
330
1F
100
AcDbEntity
  8
0
 48
10.0
370
   100
100
AcDbLine
 10
-3.504103277944011
 20
97.59133673991366
 30
0.0
 11
-3.436214534770837
 21
97.59133673991321
 31
0.0
  0
ARC
  5
22BE
330
1F
100
AcDbEntity
  8
0
 48
10.0
370
   100
100
AcDbCircle
 10
-3.436214534772696
 20
97.29133673991196
 30
0.0
 40
0.3000000000012477
100
AcDbArc
 50
58.61986806487867
 51
89.99999999964529
  0
LINE
  5
22BF
330
1F
100
AcDbEntity
  8
0
 48
10.0
370
   100
100
AcDbLine
 10
-3.280000448603856
 20
97.54745616378134
 30
0.0
 11
-1.604007460424725
 21
96.52522321823628
 31
0.0
  0
ARC
  5
22C0
330
1F
100
AcDbEntity
  8
0
 48
10.0
370
   100
100
AcDbCircle
 10
-1.404103277940813
 20
96.51903307905023
 30
0.0
 40
0.1999999999942576
100
AcDbArc
 50
178.2263725001504
 51
0.0000000001628444
  0
LINE
  5
22C1
330
1F
100
AcDbEntity
  8
0
 48
10.0
370
   100
100
AcDbLine
 10
-1.204103277946557
 20
96.51903307905079
 30
0.0
 11
-1.204103277950196
 21
97.90281333925733
 31
0.0
  0
ARC
  5
22C2
330
1F
100
AcDbEntity
  8
0
 48
10.0
370
   100
100
AcDbCircle
 10
-1.404103277945468
 20
97.90281333925662
 30
0.0
 40
0.1999999999952746
100
AcDbArc
 50
0.0000000001994844
 51
61.69453482461003
  0
LINE
  5
22C3
330
1F
100
AcDbEntity
  8
0
 48
10.0
370
   100
100
AcDbLine
 10
-1.309268839649519
 20
98.07889976494356
 30
0.0
 11
-1.309486991730807
 21
98.07910837794516
 31
0.0
  0
LINE
  5
22C4
330
1F
100
AcDbEntity
  8
0
 48
10.0
370
   100
100
AcDbLine
 10
-1.309486991730807
 20
98.07910837794516
 30
0.0
 11
-2.559471485600113
 21
98.79634008887407
 31
0.0
  0
ARC
  5
22C5
330
1F
100
AcDbEntity
  8
0
 48
10.0
370
   100
100
AcDbCircle
 10
-2.211092818824641
 20
99.40349106230309
 30
0.0
 40
0.7000000000000395
100
AcDbArc
 50
119.8468800268716
 51
240.1531199731284
  0
LINE
  5
22C6
330
1F
100
AcDbEntity
  8
0
 48
10.0
370
   100
100
AcDbLine
 10
-2.559471485600113
 20
100.0106420357321
 30
0.0
 11
-1.309486991732625
 21
100.7278737466588
 31
0.0
  0
LINE
  5
22C7
330
1F
100
AcDbEntity
  8
0
 48
10.0
370
   100
100
AcDbLine
 10
-1.309486991732625
 20
100.7278737466588
 30
0.0
 11
-1.309268839649519
 21
100.7280823596613
 31
0.0
  0
ARC
  5
22C8
330
1F
100
AcDbEntity
  8
0
 48
10.0
370
   100
100
AcDbCircle
 10
-1.404103277941853
 20
100.9041687853543
 30
0.0
 40
0.1999999999989357
100
AcDbArc
 50
298.3054651736476
 51
0.0000000001343466
  0
LINE
  5
22C9
330
1F
100
AcDbEntity
  8
0
 48
10.0
370
   100
100
AcDbLine
 10
-1.204103277942919
 20
100.9041687853548
 30
0.0
 11
-1.204103277946557
 21
102.2879490455259
 31
0.0
  0
ARC
  5
22CA
330
1F
100
AcDbEntity
  8
0
 48
10.0
370
   100
100
AcDbCircle
 10
-1.404103277939912
 20
102.2879490455252
 30
0.0
 40
0.1999999999933544
100
AcDbArc
 50
0.0000000002035555
 51
181.7736274915608
  0
LINE
  5
22CB
330
1F
100
AcDbEntity
  8
0
 48
10.0
370
   100
100
AcDbLine
 10
-1.604007460423814
 20
102.2817589063681
 30
0.0
 11
-3.280000448604309
 21
101.2595259608224
 31
0.0
  0
ARC
  5
22CC
330
1F
100
AcDbEntity
  8
0
 48
10.0
370
   100
100
AcDbCircle
 10
-3.436214534772915
 20
101.515645384692
 30
0.0
 40
0.3000000000013064
100
AcDbArc
 50
270.0000000000491
 51
301.3801319350617
  0
LINE
  5
22CD
330
1F
100
AcDbEntity
  8
0
 48
10.0
370
   100
100
AcDbLine
 10
-3.436214534772659
 20
101.2156453846907
 30
0.0
 11
-3.50410327794583
 21
101.2156453846905
 31
0.0
  0
ARC
  5
22CE
330
1F
100
AcDbEntity
  8
0
 48
10.0
370
   100
100
AcDbCircle
 10
-3.504103277945801
 20
101.4156453846912
 30
0.0
 40
0.200000000000756
100
AcDbArc
 50
179.9999999999267
 51
269.999999999992
  0
LINE
  5
22CF
330
1F
100
AcDbEntity
  8
0
 48
10.0
370
   100
100
AcDbLine
 10
-3.704103277946558
 20
101.4156453846915
 30
0.0
 11
-3.704103277944738
 21
105.915645384691
 31
0.0
  0
ARC
  5
22D0
330
1F
100
AcDbEntity
  8
0
 48
10.0
370
   100
100
AcDbCircle
 10
-3.704103277944738
 20
106.2156453846907
 30
0.0
 40
0.2999999999997556
100
AcDbArc
 50
90.0
 51
270.0
  0
LINE
  5
22D1
330
1F
100
AcDbEntity
  8
0
 48
10.0
370
   100
100
AcDbLine
 10
-3.704103277944738
 20
106.5156453846905
 30
0.0
 11
-3.349078158033933
 21
106.4200944453264
 31
0.0
  0
ARC
  5
22D2
330
1F
100
AcDbEntity
  8
0
 48
10.0
370
   100
100
AcDbCircle
 10
-3.417211851155091
 20
106.1279338732759
 30
0.0
 40
0.2999999999986228
100
AcDbArc
 50
51.17602376863089
 51
76.87287922791987
  0
LINE
  5
22D3
330
1F
100
AcDbEntity
  8
0
 48
10.0
370
   100
100
AcDbLine
 10
-3.229132886701734
 20
106.3616565789109
 30
0.0
 11
-1.585963261183167
 21
105.0393817885872
 31
0.0
  0
ARC
  5
22D4
330
1F
100
AcDbEntity
  8
0
 48
10.0
370
   100
100
AcDbCircle
 10
-1.711349237481288
 20
104.883566651502
 30
0.0
 40
0.1999999999927368
100
AcDbArc
 50
357.9999999983896
 51
51.17602376868191
  0
LINE
  5
22D5
330
1F
100
AcDbEntity
  8
0
 48
10.0
370
   100
100
AcDbLine
 10
-1.51147107208493
 20
104.8765867521562
 30
0.0
 11
-1.516900799665051
 21
104.7210996980372
 31
0.0
  0
ARC
  5
22D6
330
1F
100
AcDbEntity
  8
0
 48
10.0
370
   100
100
AcDbCircle
 10
-1.37136878270163
 20
104.7160176080153
 30
0.0
 40
0.1456207251747908
100
AcDbArc
 50
177.9999999984795
 51
322.2539197242739
  0
LINE
  5
22D7
330
1F
100
AcDbEntity
  8
0
 48
10.0
370
   100
100
AcDbLine
 10
-1.256221894811855
 20
104.6268739609633
 30
0.0
 11
0.8080655954700546
 21
107.293315015115
 31
0.0
  0
ARC
  5
22D8
330
1F
100
AcDbEntity
  8
0
 48
10.0
370
   100
100
AcDbCircle
 10
0.5231581782761261
 20
107.3872711944129
 30
0.0
 40
0.3000000000006255
100
AcDbArc
 50
341.7485847719802
 51
88.86602116806891
  0
LINE
  5
22D9
330
1F
100
AcDbEntity
  8
0
 48
10.0
370
   100
100
AcDbLine
 10
0.5290952899336503
 20
107.6872124398353
 30
0.0
 11
0.5265433007739944
 21
107.6872957467996
 31
0.0
  0
LINE
  5
22DA
330
1F
100
AcDbEntity
  8
0
 48
10.0
370
   100
100
AcDbLine
 10
0.5265433007739944
 20
107.6872957467996
 30
0.0
 11
-0.13007814368342
 21
107.7059092255728
 31
0.0
  0
ARC
  5
22DB
330
1F
100
AcDbEntity
  8
0
 48
10.0
370
   100
100
AcDbCircle
 10
-0.1442461279893809
 20
107.2061099976616
 30
0.0
 40
0.4999999999998657
100
AcDbArc
 50
88.37625124868381
 51
128.1942269742254
  0
ARC
  5
22DC
330
1F
100
AcDbEntity
  8
0
 48
10.0
370
   100
100
AcDbCircle
 10
-1.690069154511689
 20
109.1709079950841
 30
0.0
 40
2.000000000000488
100
AcDbArc
 50
217.5711749787874
 51
308.1942269742993
  0
ARC
  5
22DD
330
1F
100
AcDbEntity
  8
0
 48
10.0
370
   100
100
AcDbCircle
 10
-3.513041108896688
 20
107.7684910624
 30
0.0
 40
0.2999999999023879
100
AcDbArc
 50
37.57117497867232
 51
89.99999999990169
  0
LINE
  5
22DE
330
1F
100
AcDbEntity
  8
0
 48
10.0
370
   100
100
AcDbLine
 10
-3.513041108896175
 20
108.0684910623024
 30
0.0
 11
-4.604103277945283
 21
108.0684910623028
 31
0.0
  0
ARC
  5
22DF
330
1F
100
AcDbEntity
  8
0
 48
10.0
370
   100
100
AcDbCircle
 10
-4.604103277945283
 20
108.5684910623028
 30
0.0
 40
0.5
100
AcDbArc
 50
180.0
 51
270.0
  0
LINE
  5
22E0
330
1F
100
AcDbEntity
  8
0
 48
10.0
370
   100
100
AcDbLine
 10
-5.104103277945283
 20
108.5684910623028
 30
0.0
 11
-5.104103277945283
 21
112.4384910623027
 31
0.0
  0
ARC
  5
22E1
330
1F
100
AcDbEntity
  8
0
 48
10.0
370
   100
100
AcDbCircle
 10
-5.604103277945283
 20
112.4384910623027
 30
0.0
 40
0.5
100
AcDbArc
 50
0.0
 51
90.0
  0
LINE
  5
22E2
330
1F
100
AcDbEntity
  8
0
 48
10.0
370
   100
100
AcDbLine
 10
-5.604103277945283
 20
112.9384910623027
 30
0.0
 11
-7.696996496760617
 21
112.9384910623027
 31
0.0
  0
ARC
  5
22E3
330
1F
100
AcDbEntity
  8
0
 48
10.0
370
   100
100
AcDbCircle
 10
-7.696996496760378
 20
112.4384910623051
 30
0.0
 40
0.4999999999976126
100
AcDbArc
 50
90.00000000002758
 51
135.0000000000276
  0
LINE
  5
22E4
330
1F
100
AcDbEntity
  8
0
 48
10.0
370
   100
100
AcDbLine
 10
-8.050549887352133
 20
112.7920444528965
 30
0.0
 11
-8.757656668539709
 21
112.0849376717101
 31
0.0
  0
ARC
  5
22E5
330
1F
100
AcDbEntity
  8
0
 48
10.0
370
   100
100
AcDbCircle
 10
-8.404103277946623
 20
111.7313842811169
 30
0.0
 40
0.4999999999997579
100
AcDbArc
 50
134.9999999999971
 51
179.9999999999966
  0
LINE
  5
22E6
330
1F
100
AcDbEntity
  8
0
 48
10.0
370
   100
100
AcDbLine
 10
-8.904103277946376
 20
111.731384281117
 30
0.0
 11
-8.904103277946376
 21
110.9384910623027
 31
0.0
  0
LINE
  5
22E7
330
1F
100
AcDbEntity
  8
0
 48
10.0
370
   100
100
AcDbLine
 10
-8.904103277946376
 20
110.9384910623027
 30
0.0
 11
-7.204103277945645
 21
110.938491062303
 31
0.0
  0
ARC
  5
22E8
330
1F
100
AcDbEntity
  8
0
 48
10.0
370
   100
100
AcDbCircle
 10
-7.204103277945817
 20
110.6384910623026
 30
0.0
 40
0.3000000000003524
100
AcDbArc
 50
359.9999999999675
 51
89.99999999996743
  0
LINE
  5
22E9
330
1F
100
AcDbEntity
  8
0
 48
10.0
370
   100
100
AcDbLine
 10
-6.904103277945464
 20
110.6384910623025
 30
0.0
 11
-6.904103277944557
 21
108.2384910623034
 31
0.0
  0
ARC
  5
22EA
330
1F
100
AcDbEntity
  8
0
 48
10.0
370
   100
100
AcDbCircle
 10
-7.204103277945227
 20
108.2384910623034
 30
0.0
 40
0.3000000000006713
100
AcDbArc
 50
269.9999999999201
 51
0.0000000000054281
  0
LINE
  5
22EB
330
1F
100
AcDbEntity
  8
0
 48
10.0
370
   100
100
AcDbLine
 10
-7.204103277945645
 20
107.9384910623027
 30
0.0
 11
-24.60410327794529
 21
107.9384910623029
 31
0.0
  0
ARC
  5
22EC
330
1F
100
AcDbEntity
  8
0
 48
10.0
370
   100
100
AcDbCircle
 10
-24.60410327794527
 20
108.238491062303
 30
0.0
 40
0.3000000000002103
100
AcDbArc
 50
180.0000000000407
 51
269.9999999999959
  0
LINE
  5
22ED
330
1F
100
AcDbEntity
  8
0
 48
10.0
370
   100
100
AcDbLine
 10
-24.90410327794547
 20
108.2384910623029
 30
0.0
 11
-24.90410327794638
 21
110.6384910623012
 31
0.0
  0
ARC
  5
22EE
330
1F
100
AcDbEntity
  8
0
 48
10.0
370
   100
100
AcDbCircle
 10
-24.60410327794618
 20
110.6384910623012
 30
0.0
 40
0.3000000000001961
100
AcDbArc
 50
90.00000000000204
 51
180.0000000000027
  0
LINE
  5
22EF
330
1F
100
AcDbEntity
  8
0
 48
10.0
370
   100
100
AcDbLine
 10
-24.60410327794619
 20
110.9384910623014
 30
0.0
 11
-22.90410327794547
 21
110.9384910623018
 31
0.0
  0
LINE
  5
22F0
330
1F
100
AcDbEntity
  8
0
 48
10.0
370
   100
100
AcDbLine
 10
-22.90410327794547
 20
110.9384910623018
 30
0.0
 11
-22.90410327794547
 21
111.731384281117
 31
0.0
  0
ARC
  5
22F1
330
1F
100
AcDbEntity
  8
0
 48
10.0
370
   100
100
AcDbCircle
 10
-23.40410327794399
 20
111.7313842811168
 30
0.0
 40
0.4999999999985186
100
AcDbArc
 50
0.0000000000227982
 51
45.00000000005959
  0
LINE
  5
22F2
330
1F
100
AcDbEntity
  8
0
 48
10.0
370
   100
100
AcDbLine
 10
-23.05054988735213
 20
112.0849376717094
 30
0.0
 11
-23.75765666853971
 21
112.7920444528958
 31
0.0
  0
ARC
  5
22F3
330
1F
100
AcDbEntity
  8
0
 48
10.0
370
   100
100
AcDbCircle
 10
-24.11121005913146
 20
112.4384910623037
 30
0.0
 40
0.4999999999980923
100
AcDbArc
 50
45.00000000002792
 51
89.99999999997191
  0
LINE
  5
22F4
330
1F
100
AcDbEntity
  8
0
 48
10.0
370
   100
100
AcDbLine
 10
-24.11121005913122
 20
112.9384910623018
 30
0.0
 11
-26.1041032779462
 21
112.9384910623027
 31
0.0
  0
ARC
  5
22F5
330
1F
100
AcDbEntity
  8
0
 48
10.0
370
   100
100
AcDbCircle
 10
-26.10410327794645
 20
112.6384910623027
 30
0.0
 40
0.2999999999999403
100
AcDbArc
 50
89.99999999995457
 51
179.9999999999539
  0
LINE
  5
22F6
330
1F
100
AcDbEntity
  8
0
 48
10.0
370
   100
100
AcDbLine
 10
-26.40410327794638
 20
112.638491062303
 30
0.0
 11
-26.40410327794729
 21
86.23849106230291
 31
0.0
  0
ARC
  5
22F7
330
1F
100
AcDbEntity
  8
0
 48
10.0
370
   100
100
AcDbCircle
 10
-25.90410327794831
 20
86.23849106230279
 30
0.0
 40
0.4999999999989841
100
AcDbArc
 50
179.9999999999853
 51
270.0000000000122
  0
LINE
  5
22F8
330
1F
100
AcDbEntity
  8
0
 48
10.0
370
   100
100
AcDbLine
 10
-25.9041032779482
 20
85.73849106230381
 30
0.0
 11
-23.81121005913377
 21
85.73849106230337
 31
0.0
  0
ARC
  5
22F9
330
1F
100
AcDbEntity
  8
0
 48
10.0
370
   100
100
AcDbCircle
 10
-23.81121005913367
 20
86.23849106230339
 30
0.0
 40
0.5000000000000285
100
AcDbArc
 50
269.9999999999886
 51
314.999999999989
  0
LINE
  5
22FA
330
1F
100
AcDbEntity
  8
0
 48
10.0
370
   100
100
AcDbLine
 10
-23.45765666854044
 20
85.88493767171003
 30
0.0
 11
-22.75054988735468
 21
86.59204445289601
 31
0.0
  0
ARC
  5
22FB
330
1F
100
AcDbEntity
  8
0
 48
10.0
370
   100
100
AcDbCircle
 10
-23.10410327794806
 20
86.94559784348925
 30
0.0
 40
0.5000000000000444
100
AcDbArc
 50
315.0000000000115
 51
359.9999999998811
  0
LINE
  5
22FC
330
1F
100
AcDbEntity
  8
0
 48
10.0
370
   100
100
AcDbLine
 10
-22.60410327794801
 20
86.94559784348822
 30
0.0
 11
-22.6041032779462
 21
87.73849106230292
 31
0.0
  0
LINE
  5
22FD
330
1F
100
AcDbEntity
  8
0
 48
10.0
370
   100
100
AcDbLine
 10
-22.6041032779462
 20
87.73849106230292
 30
0.0
 11
-24.30410327794692
 21
87.73849106230334
 31
0.0
  0
ARC
  5
22FE
330
1F
100
AcDbEntity
  8
0
 48
10.0
370
   100
100
AcDbCircle
 10
-24.30410327794692
 20
88.03849106230352
 30
0.0
 40
0.3000000000001819
100
AcDbArc
 50
179.9999999999973
 51
269.9999999999986
  0
LINE
  5
22FF
330
1F
100
AcDbEntity
  8
0
 48
10.0
370
   100
100
AcDbLine
 10
-24.6041032779471
 20
88.03849106230355
 30
0.0
 11
-24.6041032779471
 21
90.43849106230229
 31
0.0
  0
ARC
  5
2300
330
1F
100
AcDbEntity
  8
0
 48
10.0
370
   100
100
AcDbCircle
 10
-24.30410327794693
 20
90.43849106230229
 30
0.0
 40
0.3000000000001712
100
AcDbArc
 50
89.99999999999864
 51
180.0
  0
LINE
  5
2301
330
1F
100
AcDbEntity
  8
0
 48
10.0
370
   100
100
AcDbLine
 10
-24.30410327794692
 20
90.73849106230246
 30
0.0
 11
-7.904103277946374
 21
90.73849106230063
 31
0.0
  0
ARC
  5
2302
330
1F
100
AcDbEntity
  8
0
 48
10.0
370
   100
100
AcDbCircle
 10
-7.904103277946374
 20
90.43849106230046
 30
0.0
 40
0.3000000000001819
100
AcDbArc
 50
0.0
 51
90.0
  0
LINE
  5
2303
330
1F
100
AcDbEntity
  8
0
 48
10.0
370
   100
100
AcDbLine
 10
-7.60410327794619
 20
90.43849106230046
 30
0.0
 11
-7.60410327794619
 21
88.03849106230355
 31
0.0
  0
ARC
  5
2304
330
1F
100
AcDbEntity
  8
0
 48
10.0
370
   100
100
AcDbCircle
 10
-7.904103277946266
 20
88.03849106230343
 30
0.0
 40
0.3000000000000753
100
AcDbArc
 50
269.9999999999796
 51
0.0000000000244267
  0
LINE
  5
2305
330
1F
100
AcDbEntity
  8
0
 48
10.0
370
   100
100
AcDbLine
 10
-7.904103277946374
 20
87.73849106230334
 30
0.0
 11
-8.304103277945102
 21
88.138491062303
 31
0.0
  0
LINE
  5
2306
330
1F
100
AcDbEntity
  8
0
 48
10.0
370
   100
100
AcDbLine
 10
-8.304103277945102
 20
88.138491062303
 30
0.0
 11
-8.704103277944739
 21
87.73849106230334
 31
0.0
  0
LINE
  5
2307
330
1F
100
AcDbEntity
  8
0
 48
10.0
370
   100
100
AcDbLine
 10
-8.704103277944739
 20
87.73849106230334
 30
0.0
 11
-9.604103277946192
 21
87.73849106230334
 31
0.0
  0
LINE
  5
2308
330
1F
100
AcDbEntity
  8
0
 48
10.0
370
   100
100
AcDbLine
 10
-9.604103277946192
 20
87.73849106230334
 30
0.0
 11
-9.604103277946192
 21
86.94559784348912
 31
0.0
  0
ARC
  5
2309
330
1F
100
AcDbEntity
  8
0
 48
10.0
370
   100
100
AcDbCircle
 10
-9.104103277945727
 20
86.94559784348966
 30
0.0
 40
0.5000000000004638
100
AcDbArc
 50
180.0000000000603
 51
225.0000000001156
  0
LINE
  5
230A
330
1F
100
AcDbEntity
  8
0
 48
10.0
370
   100
100
AcDbLine
 10
-9.457656668538616
 20
86.59204445289534
 30
0.0
 11
-8.750549887353315
 21
85.88493767170957
 31
0.0
  0
ARC
  5
230B
330
1F
100
AcDbEntity
  8
0
 48
10.0
370
   100
100
AcDbCircle
 10
-8.396996496758172
 20
86.2384910623045
 30
0.0
 40
0.5000000000024886
100
AcDbArc
 50
224.9999999999825
 51
269.9999999999491
  0
LINE
  5
230C
330
1F
100
AcDbEntity
  8
0
 48
10.0
370
   100
100
AcDbLine
 10
-8.396996496758617
 20
85.738491062302
 30
0.0
 11
-5.011210059131541
 21
85.73849106230348
 31
0.0
  0
ARC
  5
230D
330
1F
100
AcDbEntity
  8
0
 48
10.0
370
   100
100
AcDbCircle
 10
-5.011210059131749
 20
86.23849106230345
 30
0.0
 40
0.4999999999999716
100
AcDbArc
 50
270.0000000000239
 51
315.0000000000099
  0
LINE
  5
230E
330
1F
100
AcDbEntity
  8
0
 48
10.0
370
   100
100
AcDbLine
 10
51.99589672205803
 20
121.4371577289743
 30
0.0
 11
50.79589672205525
 21
121.4371577289743
 31
0.0
  0
LINE
  5
230F
330
1F
100
AcDbEntity
  8
0
 48
10.0
370
   100
100
AcDbLine
 10
50.79589672205525
 20
121.4371577289743
 30
0.0
 11
50.79589672205525
 21
120.437157728975
 31
0.0
  0
LINE
  5
2310
330
1F
100
AcDbEntity
  8
0
 48
10.0
370
   100
100
AcDbLine
 10
50.79589672205525
 20
120.437157728975
 30
0.0
 11
50.19589672205491
 21
120.437157728975
 31
0.0
  0
ARC
  5
2311
330
1F
100
AcDbEntity
  8
0
 48
10.0
370
   100
100
AcDbCircle
 10
50.19589672205477
 20
120.9371577289749
 30
0.0
 40
0.4999999999998864
100
AcDbArc
 50
179.999999999987
 51
270.000000000013
  0
LINE
  5
2312
330
1F
100
AcDbEntity
  8
0
 48
10.0
370
   100
100
AcDbLine
 10
49.6958967220549
 20
120.9371577289751
 30
0.0
 11
49.69589672212844
 21
122.222331012313
 31
0.0
  0
ARC
  5
2313
330
1F
100
AcDbEntity
  8
0
 48
10.0
370
   100
100
AcDbCircle
 10
49.19589672212846
 20
122.222331012484
 30
0.0
 40
0.4999999999999858
100
AcDbArc
 50
359.9999999804017
 51
66.42249919317665
  0
ARC
  5
2314
330
1F
100
AcDbEntity
  8
0
 48
10.0
370
   100
100
AcDbCircle
 10
49.59587865562983
 20
123.1388343241799
 30
0.0
 40
0.4999819335753232
100
AcDbArc
 50
179.9999999766228
 51
246.4224991838094
  0
LINE
  5
2315
330
1F
100
AcDbEntity
  8
0
 48
10.0
370
   100
100
AcDbLine
 10
49.09589672205452
 20
123.1388343243839
 30
0.0
 11
49.09589672205452
 21
125.1387981915345
 31
0.0
  0
LINE
  5
2316
330
1F
100
AcDbEntity
  8
0
 48
10.0
370
   100
100
AcDbLine
 10
49.09589672205452
 20
125.1387981915345
 30
0.0
 11
49.59587865562986
 21
126.8887349590464
 31
0.0
  0
LINE
  5
2317
330
1F
100
AcDbEntity
  8
0
 48
10.0
370
   100
100
AcDbLine
 10
49.59587865562986
 20
126.8887349590464
 30
0.0
 11
50.09586058920337
 21
126.8887349590464
 31
0.0
  0
LINE
  5
2318
330
1F
100
AcDbEntity
  8
0
 48
10.0
370
   100
100
AcDbLine
 10
50.09586058920337
 20
126.8887349590464
 30
0.0
 11
50.09586058920337
 21
124.1387981915346
 31
0.0
  0
ARC
  5
2319
330
1F
100
AcDbEntity
  8
0
 48
10.0
370
   100
100
AcDbCircle
 10
50.59586058920338
 20
124.1387981915346
 30
0.0
 40
0.5000000000000071
100
AcDbArc
 50
180.0
 51
269.9999999999992
  0
LINE
  5
231A
330
1F
100
AcDbEntity
  8
0
 48
10.0
370
   100
100
AcDbLine
 10
50.59586058920337
 20
123.6387981915346
 30
0.0
 11
51.59589672205839
 21
123.6387981915345
 31
0.0
  0
ARC
  5
231B
330
1F
100
AcDbEntity
  8
0
 48
10.0
370
   100
100
AcDbCircle
 10
51.59589672205836
 20
124.1387981915345
 30
0.0
 40
0.5000000000000428
100
AcDbArc
 50
270.0000000000033
 51
359.9999999999951
  0
LINE
  5
231C
330
1F
100
AcDbEntity
  8
0
 48
10.0
370
   100
100
AcDbLine
 10
52.0958967220584
 20
124.1387981915345
 30
0.0
 11
52.09589672205999
 21
132.6385271951626
 31
0.0
  0
LINE
  5
231D
330
1F
100
AcDbEntity
  8
0
 48
10.0
370
   100
100
AcDbLine
 10
52.09589672205999
 20
132.6385271951626
 30
0.0
 11
50.09586058920337
 21
132.6385271951572
 31
0.0
  0
LINE
  5
231E
330
1F
100
AcDbEntity
  8
0
 48
10.0
370
   100
100
AcDbLine
 10
50.09586058920337
 20
132.6385271951572
 30
0.0
 11
50.09586058920337
 21
130.8885904276435
 31
0.0
  0
LINE
  5
231F
330
1F
100
AcDbEntity
  8
0
 48
10.0
370
   100
100
AcDbLine
 10
50.09586058920337
 20
130.8885904276435
 30
0.0
 11
49.59587865562986
 21
130.8885904276435
 31
0.0
  0
LINE
  5
2320
330
1F
100
AcDbEntity
  8
0
 48
10.0
370
   100
100
AcDbLine
 10
49.59587865562986
 20
130.8885904276435
 30
0.0
 11
49.09589672205452
 21
132.6385271951554
 31
0.0
  0
LINE
  5
2321
330
1F
100
AcDbEntity
  8
0
 48
10.0
370
   100
100
AcDbLine
 10
49.09589672205452
 20
132.6385271951554
 30
0.0
 11
49.09589672205434
 21
133.6384910623051
 31
0.0
  0
ARC
  5
2322
330
1F
100
AcDbEntity
  8
0
 48
10.0
370
   100
100
AcDbCircle
 10
49.59587865562887
 20
133.6384910623116
 30
0.0
 40
0.4999819335745104
100
AcDbArc
 50
90.00000000009443
 51
180.0000000007458
  0
LINE
  5
2323
330
1F
100
AcDbEntity
  8
0
 48
10.0
370
   100
100
AcDbLine
 10
49.59587865562804
 20
134.1384729958861
 30
0.0
 11
53.0958967220527
 21
134.1384729958859
 31
0.0
  0
ARC
  5
2324
330
1F
100
AcDbEntity
  8
0
 48
10.0
370
   100
100
AcDbCircle
 10
53.0958967220527
 20
133.6384729958858
 30
0.0
 40
0.5000000000000285
100
AcDbArc
 50
359.9999999991662
 51
89.99999999999836
  0
LINE
  5
2325
330
1F
100
AcDbEntity
  8
0
 48
10.0
370
   100
100
AcDbLine
 10
53.5958967220527
 20
133.6384729958786
 30
0.0
 11
53.5958967220527
 21
86.23849106230139
 31
0.0
  0
ARC
  5
2326
330
1F
100
AcDbEntity
  8
0
 48
10.0
370
   100
100
AcDbCircle
 10
53.09589672205362
 20
86.23849106230208
 30
0.0
 40
0.4999999999990905
100
AcDbArc
 50
269.9999999998958
 51
359.9999999999218
  0
LINE
  5
2327
330
1F
100
AcDbEntity
  8
0
 48
10.0
370
   100
100
AcDbLine
 10
53.0958967220527
 20
85.73849106230298
 30
0.0
 11
51.00300350324011
 21
85.73849106230264
 31
0.0
  0
ARC
  5
2328
330
1F
100
AcDbEntity
  8
0
 48
10.0
370
   100
100
AcDbCircle
 10
51.00300350323838
 20
86.23849106230229
 30
0.0
 40
0.4999999999996306
100
AcDbArc
 50
225.0000000001554
 51
270.0000000001987
  0
LINE
  5
2329
330
1F
100
AcDbEntity
  8
0
 48
10.0
370
   100
100
AcDbLine
 10
50.64945011264632
 20
85.88493767170829
 30
0.0
 11
49.9423433314601
 21
86.59204445289544
 31
0.0
  0
ARC
  5
232A
330
1F
100
AcDbEntity
  8
0
 48
10.0
370
   100
100
AcDbCircle
 10
50.29589672205254
 20
86.94559784348957
 30
0.0
 40
0.500000000000004
100
AcDbArc
 50
180.0000000001189
 51
225.0000000001359
  0
LINE
  5
232B
330
1F
100
AcDbEntity
  8
0
 48
10.0
370
   100
100
AcDbLine
 10
49.79589672205253
 20
86.94559784348852
 30
0.0
 11
49.79589672205253
 21
87.73849106230276
 31
0.0
  0
LINE
  5
232C
330
1F
100
AcDbEntity
  8
0
 48
10.0
370
   100
100
AcDbLine
 10
49.79589672205253
 20
87.73849106230276
 30
0.0
 11
51.49589672205236
 21
87.73849106230276
 31
0.0
  0
ARC
  5
232D
330
1F
100
AcDbEntity
  8
0
 48
10.0
370
   100
100
AcDbCircle
 10
51.49589672205237
 20
88.03849106230293
 30
0.0
 40
0.3000000000001819
100
AcDbArc
 50
269.9999999999986
 51
359.9999999999103
  0
LINE
  5
232E
330
1F
100
AcDbEntity
  8
0
 48
10.0
370
   100
100
AcDbLine
 10
51.79589672205254
 20
88.03849106230247
 30
0.0
 11
51.79589672205254
 21
90.43849106230169
 31
0.0
  0
ARC
  5
232F
330
1F
100
AcDbEntity
  8
0
 48
10.0
370
   100
100
AcDbCircle
 10
51.49589672205237
 20
90.43849106230124
 30
0.0
 40
0.3000000000001748
100
AcDbArc
 50
0.0000000000868503
 51
90.00000000000133
  0
LINE
  5
2330
330
1F
100
AcDbEntity
  8
0
 48
10.0
370
   100
100
AcDbLine
 10
51.49589672205236
 20
90.7384910623014
 30
0.0
 11
41.64918478944724
 21
90.73849106230275
 31
0.0
  0
ARC
  5
2331
330
1F
100
AcDbEntity
  8
0
 48
10.0
370
   100
100
AcDbCircle
 10
41.64918478944668
 20
91.23849106230357
 30
0.0
 40
0.5000000000008101
100
AcDbArc
 50
243.8729680976609
 51
270.0000000000644
  0
LINE
  5
2332
330
1F
100
AcDbEntity
  8
0
 48
10.0
370
   100
100
AcDbLine
 10
41.429003386234
 20
90.78958110509599
 30
0.0
 11
40.40016317304668
 21
91.29420676150138
 31
0.0
  0
ARC
  5
2333
330
1F
100
AcDbEntity
  8
0
 48
10.0
370
   100
100
AcDbCircle
 10
39.28186259861878
 20
89.63607412952162
 30
0.0
 40
2.000000000000456
100
AcDbArc
 50
56.00294520949717
 51
128.1942269742742
  0
ARC
  5
2334
330
1F
100
AcDbEntity
  8
0
 48
10.0
370
   100
100
AcDbCircle
 10
37.73603957209776
 20
91.600872126945
 30
0.0
 40
0.4999999999998527
100
AcDbArc
 50
268.3762512487226
 51
308.1942269741422
  0
LINE
  5
2335
330
1F
100
AcDbEntity
  8
0
 48
10.0
370
   100
100
AcDbLine
 10
37.72187158779214
 20
91.10107289903387
 30
0.0
 11
37.06525014329651
 21
91.11968637780911
 31
0.0
  0
LINE
  5
2336
330
1F
100
AcDbEntity
  8
0
 48
10.0
370
   100
100
AcDbLine
 10
37.06525014329651
 20
91.11968637780911
 30
0.0
 11
37.06269815416323
 21
91.11976968477151
 31
0.0
  0
ARC
  5
2337
330
1F
100
AcDbEntity
  8
0
 48
10.0
370
   100
100
AcDbCircle
 10
37.0686352658309
 20
91.41971093019355
 30
0.0
 40
0.3000000000004865
100
AcDbArc
 50
161.7485847718682
 51
268.8660211661303
  0
LINE
  5
2338
330
1F
100
AcDbEntity
  8
0
 48
10.0
370
   100
100
AcDbLine
 10
36.78372784863729
 20
91.51366710949199
 30
0.0
 11
38.91162493072381
 21
94.26227270119699
 31
0.0
  0
ARC
  5
2339
330
1F
100
AcDbEntity
  8
0
 48
10.0
370
   100
100
AcDbCircle
 10
39.03023464896639
 20
94.1704482233178
 30
0.0
 40
0.1499999999978843
100
AcDbArc
 50
344.3072287561475
 51
142.2539197244433
  0
ARC
  5
233A
330
1F
100
AcDbEntity
  8
0
 48
10.0
370
   100
100
AcDbCircle
 10
39.46346129461796
 20
94.04873267995727
 30
0.0
 40
0.299999999999969
100
AcDbArc
 50
164.3072287559702
 51
228.4614929842048
  0
LINE
  5
233B
330
1F
100
AcDbEntity
  8
0
 48
10.0
370
   100
100
AcDbLine
 10
39.26452431891135
 20
93.82417961340799
 30
0.0
 11
40.81050982900706
 21
92.45455377577931
 31
0.0
  0
ARC
  5
233C
330
1F
100
AcDbEntity
  8
0
 48
10.0
370
   100
100
AcDbCircle
 10
41.00944680471369
 20
92.67910684232868
 30
0.0
 40
0.3000000000000479
100
AcDbArc
 50
228.4614929842126
 51
254.9364396132095
  0
LINE
  5
233D
330
1F
100
AcDbEntity
  8
0
 48
10.0
370
   100
100
AcDbLine
 10
40.93147967755141
 20
92.38941540807131
 30
0.0
 11
41.29589672205344
 21
92.29133673991308
 31
0.0
  0
ARC
  5
233E
330
1F
100
AcDbEntity
  8
0
 48
10.0
370
   100
100
AcDbCircle
 10
41.29589672205344
 20
92.59133673991305
 30
0.0
 40
0.2999999999999545
100
AcDbArc
 50
270.0
 51
90.0
  0
LINE
  5
233F
330
1F
100
AcDbEntity
  8
0
 48
10.0
370
   100
100
AcDbLine
 10
41.29589672205344
 20
92.89133673991299
 30
0.0
 11
41.29589672205514
 21
97.39133673991322
 31
0.0
  0
ARC
  5
2340
330
1F
100
AcDbEntity
  8
0
 48
10.0
370
   100
100
AcDbCircle
 10
41.09589672205458
 20
97.39133673991316
 30
0.0
 40
0.2000000000005571
100
AcDbArc
 50
0.0000000000162844
 51
90.00000000001628
  0
LINE
  5
2341
330
1F
100
AcDbEntity
  8
0
 48
10.0
370
   100
100
AcDbLine
 10
41.09589672205452
 20
97.59133673991371
 30
0.0
 11
41.02800797888136
 21
97.59133673991474
 31
0.0
  0
ARC
  5
2342
330
1F
100
AcDbEntity
  8
0
 48
10.0
370
   100
100
AcDbCircle
 10
41.02800797888146
 20
97.2913367399145
 30
0.0
 40
0.3000000000002672
100
AcDbArc
 50
90.00000000001628
 51
121.3801319350429
  0
LINE
  5
2343
330
1F
100
AcDbEntity
  8
0
 48
10.0
370
   100
100
AcDbLine
 10
40.87179389271347
 20
97.54745616378322
 30
0.0
 11
39.19580090453218
 21
96.52522321823703
 31
0.0
  0
ARC
  5
2344
330
1F
100
AcDbEntity
  8
0
 48
10.0
370
   100
100
AcDbCircle
 10
38.99589672204868
 20
96.51903307905062
 30
0.0
 40
0.1999999999938667
100
AcDbArc
 50
180.0
 51
1.773627499954899
  0
LINE
  5
2345
330
1F
100
AcDbEntity
  8
0
 48
10.0
370
   100
100
AcDbLine
 10
38.79589672205482
 20
96.51903307905062
 30
0.0
 11
38.79589672206055
 21
97.90281333925808
 31
0.0
  0
ARC
  5
2346
330
1F
100
AcDbEntity
  8
0
 48
10.0
370
   100
100
AcDbCircle
 10
38.995896722056
 20
97.90281333925806
 30
0.0
 40
0.1999999999954482
100
AcDbArc
 50
118.3054651753618
 51
179.9999999999959
  0
LINE
  5
2347
330
1F
100
AcDbEntity
  8
0
 48
10.0
370
   100
100
AcDbLine
 10
38.90106228376004
 20
98.07889976494521
 30
0.0
 11
38.90128043584133
 21
98.07910837794457
 31
0.0
  0
LINE
  5
2348
330
1F
100
AcDbEntity
  8
0
 48
10.0
370
   100
100
AcDbLine
 10
38.90128043584133
 20
98.07910837794457
 30
0.0
 11
40.1512649297116
 21
98.79634008887492
 31
0.0
  0
ARC
  5
2349
330
1F
100
AcDbEntity
  8
0
 48
10.0
370
   100
100
AcDbCircle
 10
39.80288626293539
 20
99.4034910623035
 30
0.0
 40
0.6999999999999981
100
AcDbArc
 50
299.8468800269428
 51
60.15311997314944
  0
LINE
  5
234A
330
1F
100
AcDbEntity
  8
0
 48
10.0
370
   100
100
AcDbLine
 10
40.1512649297106
 20
100.0106420357326
 30
0.0
 11
38.90128043584133
 21
100.7278737466606
 31
0.0
  0
LINE
  5
234B
330
1F
100
AcDbEntity
  8
0
 48
10.0
370
   100
100
AcDbLine
 10
38.90128043584133
 20
100.7278737466606
 30
0.0
 11
38.90106228376004
 21
100.7280823596632
 31
0.0
  0
ARC
  5
234C
330
1F
100
AcDbEntity
  8
0
 48
10.0
370
   100
100
AcDbCircle
 10
38.99589672205232
 20
100.9041687853562
 30
0.0
 40
0.1999999999988694
100
AcDbArc
 50
180.000000000004
 51
241.6945348263619
  0
LINE
  5
234D
330
1F
100
AcDbEntity
  8
0
 48
10.0
370
   100
100
AcDbLine
 10
38.79589672205344
 20
100.9041687853562
 30
0.0
 11
38.79589672205532
 21
102.2879490455573
 31
0.0
  0
ARC
  5
234E
330
1F
100
AcDbEntity
  8
0
 48
10.0
370
   100
100
AcDbCircle
 10
38.99589672204866
 20
102.2879490455573
 30
0.0
 40
0.1999999999933379
100
AcDbArc
 50
358.2263724997838
 51
180.000000000004
  0
LINE
  5
234F
330
1F
100
AcDbEntity
  8
0
 48
10.0
370
   100
100
AcDbLine
 10
39.19580090453161
 20
102.28175890637
 30
0.0
 11
40.87179389271347
 21
101.2595259608227
 31
0.0
  0
ARC
  5
2350
330
1F
100
AcDbEntity
  8
0
 48
10.0
370
   100
100
AcDbCircle
 10
41.02800797888164
 20
101.5156453846923
 30
0.0
 40
0.3000000000010912
100
AcDbArc
 50
238.6198680650057
 51
269.999999999943
  0
LINE
  5
2351
330
1F
100
AcDbEntity
  8
0
 48
10.0
370
   100
100
AcDbLine
 10
41.02800797888136
 20
101.2156453846912
 30
0.0
 11
41.09589672205452
 21
101.2156453846922
 31
0.0
  0
ARC
  5
2352
330
1F
100
AcDbEntity
  8
0
 48
10.0
370
   100
100
AcDbCircle
 10
41.09589672205546
 20
101.4156453846924
 30
0.0
 40
0.2000000000002586
100
AcDbArc
 50
269.9999999997354
 51
359.9999999998658
  0
LINE
  5
2353
330
1F
100
AcDbEntity
  8
0
 48
10.0
370
   100
100
AcDbLine
 10
41.29589672205571
 20
101.415645384692
 30
0.0
 11
41.29589672205344
 21
105.9156453846931
 31
0.0
  0
ARC
  5
2354
330
1F
100
AcDbEntity
  8
0
 48
10.0
370
   100
100
AcDbCircle
 10
41.29589672205344
 20
106.2156453846929
 30
0.0
 40
0.299999999999855
100
AcDbArc
 50
270.0
 51
90.0
  0
LINE
  5
2355
330
1F
100
AcDbEntity
  8
0
 48
10.0
370
   100
100
AcDbLine
 10
41.29589672205344
 20
106.5156453846928
 30
0.0
 11
40.93147967755624
 21
106.417566716538
 31
0.0
  0
ARC
  5
2356
330
1F
100
AcDbEntity
  8
0
 48
10.0
370
   100
100
AcDbCircle
 10
41.00944680471696
 20
106.1278752822802
 30
0.0
 40
0.3000000000000264
100
AcDbArc
 50
105.0635603864837
 51
131.5385070157871
  0
LINE
  5
2357
330
1F
100
AcDbEntity
  8
0
 48
10.0
370
   100
100
AcDbLine
 10
40.81050982901035
 20
106.3524283488296
 30
0.0
 11
39.26452431891135
 21
104.982802511198
 31
0.0
  0
ARC
  5
2358
330
1F
100
AcDbEntity
  8
0
 48
10.0
370
   100
100
AcDbCircle
 10
39.46346129461801
 20
104.7582494446487
 30
0.0
 40
0.3000000000000242
100
AcDbArc
 50
131.5385070157987
 51
195.6927712440324
  0
ARC
  5
2359
330
1F
100
AcDbEntity
  8
0
 48
10.0
370
   100
100
AcDbCircle
 10
39.03023464896545
 20
104.6365339012874
 30
0.0
 40
0.1499999999989604
100
AcDbArc
 50
217.7460802757117
 51
15.69277124400718
  0
LINE
  5
235A
330
1F
100
AcDbEntity
  8
0
 48
10.0
370
   100
100
AcDbLine
 10
38.91162493072228
 20
104.5447094234073
 30
0.0
 11
36.78372784863729
 21
107.2933150151141
 31
0.0
  0
ARC
  5
235B
330
1F
100
AcDbEntity
  8
0
 48
10.0
370
   100
100
AcDbCircle
 10
37.06863526583085
 20
107.3872711944133
 30
0.0
 40
0.3000000000006788
100
AcDbArc
 50
91.13397883385678
 51
198.251415228285
  0
LINE
  5
235C
330
1F
100
AcDbEntity
  8
0
 48
10.0
370
   100
100
AcDbLine
 10
37.06269815416323
 20
107.6872124398356
 30
0.0
 11
37.06525014329651
 21
107.6872957467988
 31
0.0
  0
LINE
  5
235D
330
1F
100
AcDbEntity
  8
0
 48
10.0
370
   100
100
AcDbLine
 10
37.06525014329651
 20
107.6872957467988
 30
0.0
 11
37.72187158779214
 21
107.7059092255745
 31
0.0
  0
ARC
  5
235E
330
1F
100
AcDbEntity
  8
0
 48
10.0
370
   100
100
AcDbCircle
 10
37.73603957209779
 20
107.2061099976624
 30
0.0
 40
0.5000000000007662
100
AcDbArc
 50
51.805773025796
 51
91.6237487512785
  0
ARC
  5
235F
330
1F
100
AcDbEntity
  8
0
 48
10.0
370
   100
100
AcDbCircle
 10
39.28186259861982
 20
109.1709079950849
 30
0.0
 40
1.999999999999466
100
AcDbArc
 50
231.8057730257036
 51
303.9970547904865
  0
LINE
  5
2360
330
1F
100
AcDbEntity
  8
0
 48
10.0
370
   100
100
AcDbLine
 10
40.40016317304668
 20
107.5127753631057
 30
0.0
 11
41.01607812527389
 21
107.8148693939104
 31
0.0
  0
ARC
  5
2361
330
1F
100
AcDbEntity
  8
0
 48
10.0
370
   100
100
AcDbCircle
 10
40.79589672206067
 20
108.2637793511168
 30
0.0
 40
0.5000000000000476
100
AcDbArc
 50
296.1270319024528
 51
0.0000000001074773
  0
LINE
  5
2362
330
1F
100
AcDbEntity
  8
0
 48
10.0
370
   100
100
AcDbLine
 10
41.29589672206072
 20
108.2637793511178
 30
0.0
 11
41.29589672205344
 21
111.4384910623041
 31
0.0
  0
LINE
  5
2363
330
1F
100
AcDbEntity
  8
0
 48
10.0
370
   100
100
AcDbLine
 10
41.29589672205344
 20
111.4384910623041
 30
0.0
 11
40.09589672205271
 21
111.4384910623041
 31
0.0
  0
ARC
  5
2364
330
1F
100
AcDbEntity
  8
0
 48
10.0
370
   100
100
AcDbCircle
 10
40.09589672205271
 20
111.7384910623034
 30
0.0
 40
0.2999999999992866
100
AcDbArc
 50
179.9999999999945
 51
269.9999999999959
  0
LINE
  5
2365
330
1F
100
AcDbEntity
  8
0
 48
10.0
370
   100
100
AcDbLine
 10
39.79589672205344
 20
111.7384910623034
 30
0.0
 11
39.79589672205333
 21
112.6384910623049
 31
0.0
  0
ARC
  5
2366
330
1F
100
AcDbEntity
  8
0
 48
10.0
370
   100
100
AcDbCircle
 10
40.09589672205261
 20
112.6384910623048
 30
0.0
 40
0.2999999999992937
100
AcDbArc
 50
89.99999999998236
 51
179.9999999999837
  0
LINE
  5
2367
330
1F
100
AcDbEntity
  8
0
 48
10.0
370
   100
100
AcDbLine
 10
40.09589672205271
 20
112.9384910623041
 30
0.0
 11
42.74589672206142
 21
112.9384910623041
 31
0.0
  0
LINE
  5
2368
330
1F
100
AcDbEntity
  8
0
 48
10.0
370
   100
100
AcDbLine
 10
42.74589672206142
 20
112.9384910623041
 30
0.0
 11
42.74589672206142
 21
107.9371577289705
 31
0.0
  0
LINE
  5
2369
330
1F
100
AcDbEntity
  8
0
 48
10.0
370
   100
100
AcDbLine
 10
42.74589672206142
 20
107.9371577289705
 30
0.0
 11
48.49589672205599
 21
107.9371577289705
 31
0.0
  0
LINE
  5
236A
330
1F
100
AcDbEntity
  8
0
 48
10.0
370
   100
100
AcDbLine
 10
48.49589672205599
 20
107.9371577289705
 30
0.0
 11
48.49589672205599
 21
108.5371577289691
 31
0.0
  0
ARC
  5
236B
330
1F
100
AcDbEntity
  8
0
 48
10.0
370
   100
100
AcDbCircle
 10
48.99589672205599
 20
108.5371577289691
 30
0.0
 40
0.5
100
AcDbArc
 50
90.0
 51
180.0
  0
LINE
  5
236C
330
1F
100
AcDbEntity
  8
0
 48
10.0
370
   100
100
AcDbLine
 10
48.99589672205599
 20
109.0371577289691
 30
0.0
 11
49.79589672205525
 21
109.0371577289709
 31
0.0
  0
LINE
  5
236D
330
1F
100
AcDbEntity
  8
0
 48
10.0
370
   100
100
AcDbLine
 10
49.79589672205525
 20
109.0371577289709
 30
0.0
 11
49.79589672205525
 21
107.9371577289705
 31
0.0
  0
LINE
  5
236E
330
1F
100
AcDbEntity
  8
0
 48
10.0
370
   100
100
AcDbLine
 10
49.79589672205525
 20
107.9371577289705
 30
0.0
 11
51.99589672205235
 21
107.9371577289705
 31
0.0
  0
LINE
  5
236F
330
1F
100
AcDbEntity
  8
0
 48
10.0
370
   100
100
AcDbLine
 10
51.99589672205235
 20
107.9371577289705
 30
0.0
 11
51.99589672205803
 21
121.4371577289743
 31
0.0
  0
LINE
  5
2370
330
1F
100
AcDbEntity
  8
0
 48
10.0
370
   100
100
AcDbLine
 10
49.99589672205235
 20
106.4384910623055
 30
0.0
 11
42.79589672205342
 21
106.438491062306
 31
0.0
  0
LINE
  5
2371
330
1F
100
AcDbEntity
  8
0
 48
10.0
370
   100
100
AcDbLine
 10
42.79589672205342
 20
106.438491062306
 30
0.0
 11
42.79589672205342
 21
92.23849106230414
 31
0.0
  0
LINE
  5
2372
330
1F
100
AcDbEntity
  8
0
 48
10.0
370
   100
100
AcDbLine
 10
42.79589672205342
 20
92.23849106230414
 30
0.0
 11
49.99589672205235
 21
92.23849106230414
 31
0.0
  0
LINE
  5
2373
330
1F
100
AcDbEntity
  8
0
 48
10.0
370
   100
100
AcDbLine
 10
49.99589672205235
 20
92.23849106230414
 30
0.0
 11
49.99589672205235
 21
93.83849106230405
 31
0.0
  0
LINE
  5
2374
330
1F
100
AcDbEntity
  8
0
 48
10.0
370
   100
100
AcDbLine
 10
49.99589672205235
 20
93.83849106230405
 30
0.0
 11
50.59589672205226
 21
93.83849106230405
 31
0.0
  0
ARC
  5
2375
330
1F
100
AcDbEntity
  8
0
 48
10.0
370
   100
100
AcDbCircle
 10
50.59589672205223
 20
93.33849106230401
 30
0.0
 40
0.5000000000000142
100
AcDbArc
 50
359.9999999999984
 51
89.99999999999836
  0
LINE
  5
2376
330
1F
100
AcDbEntity
  8
0
 48
10.0
370
   100
100
AcDbLine
 10
51.09589672205226
 20
93.33849106230401
 30
0.0
 11
51.09589672205226
 21
93.23849106230413
 31
0.0
  0
ARC
  5
2377
330
1F
100
AcDbEntity
  8
0
 48
10.0
370
   100
100
AcDbCircle
 10
51.59589672205226
 20
93.23849106230413
 30
0.0
 40
0.5
100
AcDbArc
 50
180.0
 51
270.0
  0
LINE
  5
2378
330
1F
100
AcDbEntity
  8
0
 48
10.0
370
   100
100
AcDbLine
 10
51.59589672205226
 20
92.73849106230413
 30
0.0
 11
51.59589672205271
 21
92.73849106230413
 31
0.0
  0
ARC
  5
2379
330
1F
100
AcDbEntity
  8
0
 48
10.0
370
   100
100
AcDbCircle
 10
51.59589672205271
 20
93.23849106230413
 30
0.0
 40
0.5
100
AcDbArc
 50
269.9999999999992
 51
0.0
  0
LINE
  5
237A
330
1F
100
AcDbEntity
  8
0
 48
10.0
370
   100
100
AcDbLine
 10
52.09589672205272
 20
93.23849106230413
 30
0.0
 11
52.09589672205272
 21
105.4384910623062
 31
0.0
  0
ARC
  5
237B
330
1F
100
AcDbEntity
  8
0
 48
10.0
370
   100
100
AcDbCircle
 10
51.59589672205271
 20
105.4384910623062
 30
0.0
 40
0.5
100
AcDbArc
 50
0.0
 51
90.00000000000083
  0
LINE
  5
237C
330
1F
100
AcDbEntity
  8
0
 48
10.0
370
   100
100
AcDbLine
 10
51.59589672205271
 20
105.9384910623062
 30
0.0
 11
51.59589672205226
 21
105.9384910623062
 31
0.0
  0
ARC
  5
237D
330
1F
100
AcDbEntity
  8
0
 48
10.0
370
   100
100
AcDbCircle
 10
51.59589672205226
 20
105.4384910623062
 30
0.0
 40
0.5
100
AcDbArc
 50
90.0
 51
180.0
  0
LINE
  5
237E
330
1F
100
AcDbEntity
  8
0
 48
10.0
370
   100
100
AcDbLine
 10
51.09589672205226
 20
105.4384910623062
 30
0.0
 11
51.09589672205226
 21
105.3384910623063
 31
0.0
  0
ARC
  5
237F
330
1F
100
AcDbEntity
  8
0
 48
10.0
370
   100
100
AcDbCircle
 10
50.59589672205226
 20
105.3384910623063
 30
0.0
 40
0.5
100
AcDbArc
 50
270.0
 51
0.0
  0
LINE
  5
2380
330
1F
100
AcDbEntity
  8
0
 48
10.0
370
   100
100
AcDbLine
 10
50.59589672205226
 20
104.8384910623063
 30
0.0
 11
49.99589672205235
 21
104.8384910623063
 31
0.0
  0
LINE
  5
2381
330
1F
100
AcDbEntity
  8
0
 48
10.0
370
   100
100
AcDbLine
 10
49.99589672205235
 20
104.8384910623063
 30
0.0
 11
49.99589672205235
 21
106.4384910623055
 31
0.0
  0
LINE
  5
2382
330
1F
100
AcDbEntity
  8
0
 62
     8
370
   100
100
AcDbLine
 10
17.79589672205612
 20
102.4950816476243
 30
0.0
 11
11.1612167201802
 21
102.4950816476243
 31
0.0
1001
AcDbBlockRepETag
1070
     1
1071
       10
1005
0
  0
ARC
  5
2383
330
1F
100
AcDbEntity
  8
0
 62
     8
370
   100
100
AcDbCircle
 10
11.1612167201802
 20
102.9950816476243
 30
0.0
 40
0.5
100
AcDbArc
 50
180.0
 51
270.0000000000004
1001
AcDbBlockRepETag
1070
     1
1071
       10
1005
0
  0
LINE
  5
2384
330
1F
100
AcDbEntity
  8
0
 62
     8
370
   100
100
AcDbLine
 10
10.6612167201802
 20
102.9950816476243
 30
0.0
 11
10.6612167201802
 21
105.995081647622
 31
0.0
1001
AcDbBlockRepETag
1070
     1
1071
       10
1005
0
  0
ARC
  5
2385
330
1F
100
AcDbEntity
  8
0
 62
     8
370
   100
100
AcDbCircle
 10
11.16121672018023
 20
105.995081647622
 30
0.0
 40
0.5000000000000302
100
AcDbArc
 50
90.00000000001648
 51
179.9999999999966
1001
AcDbBlockRepETag
1070
     1
1071
       10
1005
0
  0
LINE
  5
2386
330
1F
100
AcDbEntity
  8
0
 62
     8
370
   100
100
AcDbLine
 10
11.16121672018008
 20
106.495081647622
 30
0.0
 11
17.79589672205599
 21
106.4950816476243
 31
0.0
1001
AcDbBlockRepETag
1070
     1
1071
       10
1005
0
  0
ARC
  5
2387
330
1F
100
AcDbEntity
  8
0
 62
     8
370
   100
100
AcDbCircle
 10
17.79589672205618
 20
105.9950816476243
 30
0.0
 40
0.5000000000000285
100
AcDbArc
 50
0.0000000000016284
 51
90.00000000002115
1001
AcDbBlockRepETag
1070
     1
1071
       10
1005
0
  0
LINE
  5
2388
330
1F
100
AcDbEntity
  8
0
 62
     8
370
   100
100
AcDbLine
 10
18.2958967220562
 20
105.9950816476243
 30
0.0
 11
18.2958967220562
 21
102.9950816476243
 31
0.0
1001
AcDbBlockRepETag
1070
     1
1071
       10
1005
0
  0
ARC
  5
2389
330
1F
100
AcDbEntity
  8
0
 62
     8
370
   100
100
AcDbCircle
 10
17.79589672205616
 20
102.9950816476243
 30
0.0
 40
0.5000000000000428
100
AcDbArc
 50
269.999999999995
 51
359.9999999999951
1001
AcDbBlockRepETag
1070
     1
1071
       10
1005
0
  0
LINE
  5
238A
330
1F
100
AcDbEntity
  8
0
 62
     8
370
   100
100
AcDbLine
 10
0.6390486897061864
 20
103.370397955988
 30
0.0
 11
5.560134398674497
 21
102.5026777711182
 31
0.0
  0
ARC
  5
238B
330
1F
100
AcDbEntity
  8
0
 62
     8
370
   100
100
AcDbCircle
 10
5.646958487508088
 20
102.9950816476247
 30
0.0
 40
0.5000000000004265
100
AcDbArc
 50
259.9999999999941
 51
269.9999999999923
  0
LINE
  5
238C
330
1F
100
AcDbEntity
  8
0
 62
     8
370
   100
100
AcDbLine
 10
5.646958487508022
 20
102.4950816476243
 30
0.0
 11
9.161216720180703
 21
102.4950816476243
 31
0.0
  0
ARC
  5
238D
330
1F
100
AcDbEntity
  8
0
 62
     8
370
   100
100
AcDbCircle
 10
9.161216720180703
 20
102.9950816476243
 30
0.0
 40
0.5
100
AcDbArc
 50
270.0
 51
0.0000000000097707
  0
LINE
  5
238E
330
1F
100
AcDbEntity
  8
0
 62
     8
370
   100
100
AcDbLine
 10
9.661216720180712
 20
102.9950816476244
 30
0.0
 11
9.661216720180199
 21
105.9950816476244
 31
0.0
  0
ARC
  5
238F
330
1F
100
AcDbEntity
  8
0
 62
     8
370
   100
100
AcDbCircle
 10
9.161216720180213
 20
105.9950816476243
 30
0.0
 40
0.4999999999999858
100
AcDbArc
 50
0.0000000000081422
 51
90.0
  0
LINE
  5
2390
330
1F
100
AcDbEntity
  8
0
 62
     8
370
   100
100
AcDbLine
 10
9.161216720180213
 20
106.4950816476243
 30
0.0
 11
2.515067984979943
 21
106.4950816476243
 31
0.0
  0
ARC
  5
2391
330
1F
100
AcDbEntity
  8
0
 62
     8
370
   100
100
AcDbCircle
 10
2.515067984979892
 20
105.9950816476242
 30
0.0
 40
0.5000000000000853
100
AcDbArc
 50
89.99999999999433
 51
140.0000000000297
  0
LINE
  5
2392
330
1F
100
AcDbEntity
  8
0
 62
     8
370
   100
100
AcDbLine
 10
2.132045763420173
 20
106.3164754524673
 30
0.0
 11
0.3428505569800109
 21
104.1841956373371
 31
0.0
  0
ARC
  5
2393
330
1F
100
AcDbEntity
  8
0
 62
     8
370
   100
100
AcDbCircle
 10
0.7258727785396302
 20
103.8628018324941
 30
0.0
 40
0.4999999999999709
100
AcDbArc
 50
140.0000000000272
 51
260.0000000000018
  0
ARC
  5
2394
330
1F
100
AcDbEntity
  8
0
 62
     8
370
   100
100
AcDbCircle
 10
26.43057672392853
 20
102.9950816476243
 30
0.0
 40
0.5
100
AcDbArc
 50
270.0
 51
0.0
1001
AcDbBlockRepETag
1070
     1
1071
       10
1005
0
  0
LINE
  5
2395
330
1F
100
AcDbEntity
  8
0
 62
     8
370
   100
100
AcDbLine
 10
26.93057672392853
 20
102.9950816476243
 30
0.0
 11
26.93057672392853
 21
105.995081647622
 31
0.0
1001
AcDbBlockRepETag
1070
     1
1071
       10
1005
0
  0
ARC
  5
2396
330
1F
100
AcDbEntity
  8
0
 62
     8
370
   100
100
AcDbCircle
 10
26.43057672392848
 20
105.995081647622
 30
0.0
 40
0.5000000000000499
100
AcDbArc
 50
0.0000000000065138
 51
89.99999999998616
1001
AcDbBlockRepETag
1070
     1
1071
       10
1005
0
  0
LINE
  5
2397
330
1F
100
AcDbEntity
  8
0
 62
     8
370
   100
100
AcDbLine
 10
26.4305767239286
 20
106.495081647622
 30
0.0
 11
19.79589672205267
 21
106.4950816476243
 31
0.0
1001
AcDbBlockRepETag
1070
     1
1071
       10
1005
0
  0
ARC
  5
2398
330
1F
100
AcDbEntity
  8
0
 62
     8
370
   100
100
AcDbCircle
 10
19.79589672205251
 20
105.9950816476243
 30
0.0
 40
0.5
100
AcDbArc
 50
89.99999999998207
 51
180.0000000000016
1001
AcDbBlockRepETag
1070
     1
1071
       10
1005
0
  0
LINE
  5
2399
330
1F
100
AcDbEntity
  8
0
 62
     8
370
   100
100
AcDbLine
 10
19.29589672205251
 20
105.9950816476243
 30
0.0
 11
19.29589672205251
 21
102.9950816476243
 31
0.0
1001
AcDbBlockRepETag
1070
     1
1071
       10
1005
0
  0
ARC
  5
239A
330
1F
100
AcDbEntity
  8
0
 62
     8
370
   100
100
AcDbCircle
 10
19.79589672205251
 20
102.9950816476243
 30
0.0
 40
0.5
100
AcDbArc
 50
180.0
 51
270.0
1001
AcDbBlockRepETag
1070
     1
1071
       10
1005
0
  0
LINE
  5
239B
330
1F
100
AcDbEntity
  8
0
 62
     8
370
   100
100
AcDbLine
 10
19.79589672205251
 20
102.4950816476243
 30
0.0
 11
26.43057672392853
 21
102.4950816476243
 31
0.0
1001
AcDbBlockRepETag
1070
     1
1071
       10
1005
0
  0
LINE
  5
239C
330
1F
100
AcDbEntity
  8
0
 62
     8
370
   100
100
AcDbLine
 10
27.93057672392853
 20
102.9950816476243
 30
0.0
 11
27.93057672392853
 21
105.9950816476243
 31
0.0
  0
ARC
  5
239D
330
1F
100
AcDbEntity
  8
0
 62
     8
370
   100
100
AcDbCircle
 10
28.43057672392852
 20
105.9950816476243
 30
0.0
 40
0.4999999999999858
100
AcDbArc
 50
89.99999999999836
 51
179.9999999999984
  0
LINE
  5
239E
330
1F
100
AcDbEntity
  8
0
 62
     8
370
   100
100
AcDbLine
 10
28.43057672392853
 20
106.4950816476243
 30
0.0
 11
35.07672545913333
 21
106.4950816476243
 31
0.0
  0
ARC
  5
239F
330
1F
100
AcDbEntity
  8
0
 62
     8
370
   100
100
AcDbCircle
 10
35.07672545913339
 20
105.9950816476241
 30
0.0
 40
0.5000000000001137
100
AcDbArc
 50
39.9999999999718
 51
90.0000000000057
  0
LINE
  5
23A0
330
1F
100
AcDbEntity
  8
0
 62
     8
370
   100
100
AcDbLine
 10
35.45974768069311
 20
106.3164754524673
 30
0.0
 11
37.24894288713268
 21
104.1841956373379
 31
0.0
  0
ARC
  5
23A1
330
1F
100
AcDbEntity
  8
0
 62
     8
370
   100
100
AcDbCircle
 10
36.86592066557298
 20
103.8628018324948
 30
0.0
 40
0.5000000000000321
100
AcDbArc
 50
279.9999999999964
 51
39.99999999996692
  0
LINE
  5
23A2
330
1F
100
AcDbEntity
  8
0
 62
     8
370
   100
100
AcDbLine
 10
36.95274475440643
 20
103.3703979559887
 30
0.0
 11
32.03165904543409
 21
102.5026777711182
 31
0.0
  0
ARC
  5
23A3
330
1F
100
AcDbEntity
  8
0
 62
     8
370
   100
100
AcDbCircle
 10
31.94483495660064
 20
102.995081647624
 30
0.0
 40
0.4999999999996876
100
AcDbArc
 50
270.0000000000057
 51
280.000000000004
  0
LINE
  5
23A4
330
1F
100
AcDbEntity
  8
0
 62
     8
370
   100
100
AcDbLine
 10
31.94483495660069
 20
102.4950816476243
 30
0.0
 11
28.43057672392853
 21
102.4950816476243
 31
0.0
  0
ARC
  5
23A5
330
1F
100
AcDbEntity
  8
0
 62
     8
370
   100
100
AcDbCircle
 10
28.43057672392853
 20
102.9950816476243
 30
0.0
 40
0.5
100
AcDbArc
 50
180.0
 51
270.0
  0
ARC
  5
23A6
330
1F
100
AcDbEntity
  8
0
 62
     8
370
   100
100
AcDbCircle
 10
25.48168315968526
 20
110.5450816476215
 30
0.0
 40
0.2999999999999592
100
AcDbArc
 50
224.9999999999645
 51
270.000000000061
  0
LINE
  5
23A7
330
1F
100
AcDbEntity
  8
0
 62
     8
370
   100
100
AcDbLine
 10
25.48168315968558
 20
110.2450816476215
 30
0.0
 11
25.89589672205842
 21
110.245081647622
 31
0.0
  0
ARC
  5
23A8
330
1F
100
AcDbEntity
  8
0
 62
     8
370
   100
100
AcDbCircle
 10
25.89589672205841
 20
110.5450816476222
 30
0.0
 40
0.3000000000001819
100
AcDbArc
 50
270.0000000000013
 51
0.0000000000027141
  0
LINE
  5
23A9
330
1F
100
AcDbEntity
  8
0
 62
     8
370
   100
100
AcDbLine
 10
26.1958967220586
 20
110.5450816476222
 30
0.0
 11
26.19589672205763
 21
111.0379748664363
 31
0.0
  0
ARC
  5
23AA
330
1F
100
AcDbEntity
  8
0
 62
     8
370
   100
100
AcDbCircle
 10
25.69589672205805
 20
111.037974866436
 30
0.0
 40
0.4999999999995808
100
AcDbArc
 50
0.0000000000325689
 51
45.00000000002128
  0
LINE
  5
23AB
330
1F
100
AcDbEntity
  8
0
 62
     8
370
   100
100
AcDbLine
 10
26.0494501126509
 20
111.3915282570291
 30
0.0
 11
25.34234333146566
 21
112.0986350382151
 31
0.0
  0
ARC
  5
23AC
330
1F
100
AcDbEntity
  8
0
 62
     8
370
   100
100
AcDbCircle
 10
24.98878994087157
 20
111.7450816476204
 30
0.0
 40
0.5000000000016068
100
AcDbArc
 50
45.00000000005125
 51
90.00000000014088
  0
LINE
  5
23AD
330
1F
100
AcDbEntity
  8
0
 62
     8
370
   100
100
AcDbLine
 10
24.98878994087034
 20
112.245081647622
 30
0.0
 11
23.10300350323821
 21
112.2450816476216
 31
0.0
  0
ARC
  5
23AE
330
1F
100
AcDbEntity
  8
0
 62
     8
370
   100
100
AcDbCircle
 10
23.10300350323862
 20
111.7450816476215
 30
0.0
 40
0.5000000000000853
100
AcDbArc
 50
90.00000000004765
 51
135.0000000000601
  0
LINE
  5
23AF
330
1F
100
AcDbEntity
  8
0
 62
     8
370
   100
100
AcDbLine
 10
22.74945011264492
 20
112.0986350382144
 30
0.0
 11
22.04234333146052
 21
111.3915282570291
 31
0.0
  0
ARC
  5
23B0
330
1F
100
AcDbEntity
  8
0
 62
     8
370
   100
100
AcDbCircle
 10
22.39589672205331
 20
111.0379748664354
 30
0.0
 40
0.500000000000004
100
AcDbArc
 50
134.999999999924
 51
179.9999999998974
  0
LINE
  5
23B1
330
1F
100
AcDbEntity
  8
0
 62
     8
370
   100
100
AcDbLine
 10
21.89589672205332
 20
111.0379748664363
 30
0.0
 11
21.89589672205293
 21
110.5450816476222
 31
0.0
  0
ARC
  5
23B2
330
1F
100
AcDbEntity
  8
0
 62
     8
370
   100
100
AcDbCircle
 10
22.19589672205312
 20
110.5450816476222
 30
0.0
 40
0.300000000000189
100
AcDbArc
 50
179.9999999999973
 51
269.9999999999986
  0
LINE
  5
23B3
330
1F
100
AcDbEntity
  8
0
 62
     8
370
   100
100
AcDbLine
 10
22.19589672205311
 20
110.245081647622
 30
0.0
 11
22.610110284425
 21
110.2450816476211
 31
0.0
  0
ARC
  5
23B4
330
1F
100
AcDbEntity
  8
0
 62
     8
370
   100
100
AcDbCircle
 10
22.61011028442572
 20
110.5450816476212
 30
0.0
 40
0.3000000000000682
100
AcDbArc
 50
269.9999999998623
 51
315.0000000000293
  0
LINE
  5
23B5
330
1F
100
AcDbEntity
  8
0
 62
     8
370
   100
100
AcDbLine
 10
22.82224231878184
 20
110.3329496132652
 30
0.0
 11
22.93376468769953
 21
110.4444719821831
 31
0.0
  0
ARC
  5
23B6
330
1F
100
AcDbEntity
  8
0
 62
     8
370
   100
100
AcDbCircle
 10
23.14589672205561
 20
110.2323399478273
 30
0.0
 40
0.2999999999999768
100
AcDbArc
 50
0.0000000000108563
 51
135.000000000035
  0
LINE
  5
23B7
330
1F
100
AcDbEntity
  8
0
 62
     8
370
   100
100
AcDbLine
 10
23.44589672205559
 20
110.2323399478273
 30
0.0
 11
23.4458967220561
 21
107.9950816476212
 31
0.0
  0
ARC
  5
23B8
330
1F
100
AcDbEntity
  8
0
 62
     8
370
   100
100
AcDbCircle
 10
22.9458967220561
 20
107.9950816476211
 30
0.0
 40
0.5
100
AcDbArc
 50
270.0
 51
0.0000000000130276
  0
LINE
  5
23B9
330
1F
100
AcDbEntity
  8
0
 62
     8
370
   100
100
AcDbLine
 10
22.9458967220561
 20
107.4950816476211
 30
0.0
 11
14.49589672205798
 21
107.4950816476211
 31
0.0
  0
ARC
  5
23BA
330
1F
100
AcDbEntity
  8
0
 62
     8
370
   100
100
AcDbCircle
 10
14.49589672205797
 20
107.9950816476211
 30
0.0
 40
0.4999999999999858
100
AcDbArc
 50
180.0000000000146
 51
270.0000000000012
  0
LINE
  5
23BB
330
1F
100
AcDbEntity
  8
0
 62
     8
370
   100
100
AcDbLine
 10
13.99589672205798
 20
107.995081647621
 30
0.0
 11
13.99589672205741
 21
110.3823399478276
 31
0.0
  0
ARC
  5
23BC
330
1F
100
AcDbEntity
  8
0
 62
     8
370
   100
100
AcDbCircle
 10
14.29589672205742
 20
110.3823399478276
 30
0.0
 40
0.3000000000000043
100
AcDbArc
 50
44.99999999996833
 51
180.0000000000135
  0
LINE
  5
23BD
330
1F
100
AcDbEntity
  8
0
 62
     8
370
   100
100
AcDbLine
 10
14.5080287564135
 20
110.5944719821835
 30
0.0
 11
14.769551125331
 21
110.3329496132656
 31
0.0
  0
ARC
  5
23BE
330
1F
100
AcDbEntity
  8
0
 62
     8
370
   100
100
AcDbCircle
 10
14.98168315968702
 20
110.5450816476215
 30
0.0
 40
0.2999999999999818
100
AcDbArc
 50
224.9999999999793
 51
270.000000000074
  0
LINE
  5
23BF
330
1F
100
AcDbEntity
  8
0
 62
     8
370
   100
100
AcDbLine
 10
14.98168315968741
 20
110.2450816476215
 30
0.0
 11
15.39589672206021
 21
110.245081647622
 31
0.0
  0
ARC
  5
23C0
330
1F
100
AcDbEntity
  8
0
 62
     8
370
   100
100
AcDbCircle
 10
15.39589672206016
 20
110.5450816476221
 30
0.0
 40
0.3000000000001393
100
AcDbArc
 50
270.0000000000081
 51
0.0000000000108563
  0
LINE
  5
23C1
330
1F
100
AcDbEntity
  8
0
 62
     8
370
   100
100
AcDbLine
 10
15.69589672206032
 20
110.5450816476222
 30
0.0
 11
15.69589672205939
 21
111.0379748664363
 31
0.0
  0
ARC
  5
23C2
330
1F
100
AcDbEntity
  8
0
 62
     8
370
   100
100
AcDbCircle
 10
15.19589672205989
 20
111.0379748664362
 30
0.0
 40
0.4999999999995011
100
AcDbArc
 50
0.0000000000113991
 51
44.99999999999956
  0
LINE
  5
23C3
330
1F
100
AcDbEntity
  8
0
 62
     8
370
   100
100
AcDbLine
 10
15.54945011265282
 20
111.3915282570291
 30
0.0
 11
14.8423433314675
 21
112.0986350382151
 31
0.0
  0
ARC
  5
23C4
330
1F
100
AcDbEntity
  8
0
 62
     8
370
   100
100
AcDbCircle
 10
14.48878994087338
 20
111.7450816476203
 30
0.0
 40
0.5000000000016771
100
AcDbArc
 50
45.0000000000547
 51
90.00000000014409
  0
LINE
  5
23C5
330
1F
100
AcDbEntity
  8
0
 62
     8
370
   100
100
AcDbLine
 10
14.48878994087212
 20
112.245081647622
 30
0.0
 11
13.29589672205711
 21
112.2450816476217
 31
0.0
  0
ARC
  5
23C6
330
1F
100
AcDbEntity
  8
0
 62
     8
370
   100
100
AcDbCircle
 10
13.29589672205717
 20
111.7450816476217
 30
0.0
 40
0.500000000000057
100
AcDbArc
 50
90.00000000000651
 51
180.0000000000065
  0
LINE
  5
23C7
330
1F
100
AcDbEntity
  8
0
 62
     8
370
   100
100
AcDbLine
 10
12.79589672205711
 20
111.7450816476216
 30
0.0
 11
12.79589672205798
 21
107.9950816476211
 31
0.0
  0
ARC
  5
23C8
330
1F
100
AcDbEntity
  8
0
 62
     8
370
   100
100
AcDbCircle
 10
12.29589672205799
 20
107.9950816476211
 30
0.0
 40
0.4999999999999896
100
AcDbArc
 50
270.0000000000012
 51
0.0000000000016284
  0
LINE
  5
23C9
330
1F
100
AcDbEntity
  8
0
 62
     8
370
   100
100
AcDbLine
 10
12.295896722058
 20
107.4950816476211
 30
0.0
 11
3.995896722056635
 21
107.4950816476211
 31
0.0
  0
ARC
  5
23CA
330
1F
100
AcDbEntity
  8
0
 62
     8
370
   100
100
AcDbCircle
 10
3.995896722056631
 20
107.9950816476211
 30
0.0
 40
0.5
100
AcDbArc
 50
180.0
 51
270.0000000000004
  0
LINE
  5
23CB
330
1F
100
AcDbEntity
  8
0
 62
     8
370
   100
100
AcDbLine
 10
3.495896722056626
 20
107.9950816476211
 30
0.0
 11
3.495896722056626
 21
110.3823399478255
 31
0.0
  0
ARC
  5
23CC
330
1F
100
AcDbEntity
  8
0
 62
     8
370
   100
100
AcDbCircle
 10
3.795896722056602
 20
110.3823399478255
 30
0.0
 40
0.2999999999999745
100
AcDbArc
 50
45.00000000003242
 51
180.0
  0
LINE
  5
23CD
330
1F
100
AcDbEntity
  8
0
 62
     8
370
   100
100
AcDbLine
 10
4.008028756412421
 20
110.5944719821815
 30
0.0
 11
4.269551125328169
 21
110.332949613266
 31
0.0
  0
ARC
  5
23CE
330
1F
100
AcDbEntity
  8
0
 62
     8
370
   100
100
AcDbCircle
 10
4.481683159684076
 20
110.5450816476224
 30
0.0
 40
0.3000000000001269
100
AcDbArc
 50
225.0000000000399
 51
269.9999999999696
  0
LINE
  5
23CF
330
1F
100
AcDbEntity
  8
0
 62
     8
370
   100
100
AcDbLine
 10
4.481683159683917
 20
110.2450816476222
 30
0.0
 11
4.895896722055205
 21
110.245081647622
 31
0.0
  0
ARC
  5
23D0
330
1F
100
AcDbEntity
  8
0
 62
     8
370
   100
100
AcDbCircle
 10
4.895896722055148
 20
110.5450816476231
 30
0.0
 40
0.300000000001063
100
AcDbArc
 50
270.0000000000108
 51
0.0000000000108563
  0
LINE
  5
23D1
330
1F
100
AcDbEntity
  8
0
 62
     8
370
   100
100
AcDbLine
 10
5.195896722056211
 20
110.5450816476231
 30
0.0
 11
5.195896722056211
 21
111.0379748664363
 31
0.0
  0
ARC
  5
23D2
330
1F
100
AcDbEntity
  8
0
 62
     8
370
   100
100
AcDbCircle
 10
4.695896722056244
 20
111.0379748664365
 30
0.0
 40
0.4999999999999674
100
AcDbArc
 50
359.9999999999772
 51
45.00000000012874
  0
LINE
  5
23D3
330
1F
100
AcDbEntity
  8
0
 62
     8
370
   100
100
AcDbLine
 10
5.049450112648699
 20
111.3915282570305
 30
0.0
 11
4.342343331462892
 21
112.0986350382153
 31
0.0
  0
ARC
  5
23D4
330
1F
100
AcDbEntity
  8
0
 62
     8
370
   100
100
AcDbCircle
 10
3.988789940867713
 20
111.7450816476219
 30
0.0
 40
0.5000000000014482
100
AcDbArc
 50
44.99999999985754
 51
89.99999999975781
  0
LINE
  5
23D5
330
1F
100
AcDbEntity
  8
0
 62
     8
370
   100
100
AcDbLine
 10
3.988789940869826
 20
112.2450816476234
 30
0.0
 11
2.795896722056639
 21
112.245081647622
 31
0.0
  0
ARC
  5
23D6
330
1F
100
AcDbEntity
  8
0
 62
     8
370
   100
100
AcDbCircle
 10
2.795896722056641
 20
111.745081647622
 30
0.0
 40
0.5
100
AcDbArc
 50
90.0000000000004
 51
180.0
  0
LINE
  5
23D7
330
1F
100
AcDbEntity
  8
0
 62
     8
370
   100
100
AcDbLine
 10
2.295896722056645
 20
111.745081647622
 30
0.0
 11
2.295896722056645
 21
107.9781203547059
 31
0.0
  0
ARC
  5
23D8
330
1F
100
AcDbEntity
  8
0
 62
     8
370
   100
100
AcDbCircle
 10
1.795896722056611
 20
107.9781203547058
 30
0.0
 40
0.5000000000000333
100
AcDbArc
 50
278.6244530437834
 51
0.0000000000065138
  0
ARC
  5
23D9
330
1F
100
AcDbEntity
  8
0
 62
     8
370
   100
100
AcDbCircle
 10
2.020832698033214
 20
106.4950816476211
 30
0.0
 40
1.000000000000031
100
AcDbArc
 50
98.62445304377589
 51
140.0000000000273
  0
LINE
  5
23DA
330
1F
100
AcDbEntity
  8
0
 62
     8
370
   100
100
AcDbLine
 10
1.254788254913903
 20
107.1378692573073
 30
0.0
 11
-0.7037165586548042
 21
104.8038141096208
 31
0.0
  0
ARC
  5
23DB
330
1F
100
AcDbEntity
  8
0
 62
     8
370
   100
100
AcDbCircle
 10
-0.9348371525164155
 20
104.9950816476219
 30
0.0
 40
0.299999999999928
100
AcDbArc
 50
269.9999999998901
 51
320.3899999974519
  0
LINE
  5
23DC
330
1F
100
AcDbEntity
  8
0
 62
     8
370
   100
100
AcDbLine
 10
-0.9348371525169907
 20
104.695081647622
 30
0.0
 11
-1.097733945615793
 21
104.695081647623
 31
0.0
  0
ARC
  5
23DD
330
1F
100
AcDbEntity
  8
0
 62
     8
370
   100
100
AcDbCircle
 10
-1.097733945616315
 20
105.4950816476275
 30
0.0
 40
0.8000000000044733
100
AcDbArc
 50
239.960293856263
 51
270.0000000000374
  0
LINE
  5
23DE
330
1F
100
AcDbEntity
  8
0
 62
     8
370
   100
100
AcDbLine
 10
-1.498213976051289
 20
104.802538692115
 30
0.0
 11
-2.999253012209825
 21
105.6705515050473
 31
0.0
  0
ARC
  5
23DF
330
1F
100
AcDbEntity
  8
0
 62
     8
370
   100
100
AcDbCircle
 10
-3.09522347190918
 20
105.4950816476211
 30
0.0
 40
0.2000000000001858
100
AcDbArc
 50
61.32424415827035
 51
89.99999999989313
  0
LINE
  5
23E0
330
1F
100
AcDbEntity
  8
0
 62
     8
370
   100
100
AcDbLine
 10
-3.095223471908808
 20
105.6950816476213
 30
0.0
 11
-3.304103277942836
 21
105.6950816476213
 31
0.0
  0
ARC
  5
23E1
330
1F
100
AcDbEntity
  8
0
 62
     8
370
   100
100
AcDbCircle
 10
-3.304103277941242
 20
105.2950816476232
 30
0.0
 40
0.3999999999980446
100
AcDbArc
 50
90.00000000022799
 51
180.0000000002279
  0
LINE
  5
23E2
330
1F
100
AcDbEntity
  8
0
 62
     8
370
   100
100
AcDbLine
 10
-3.704103277939287
 20
105.2950816476216
 30
0.0
 11
-3.704103277942884
 21
101.8950816476217
 31
0.0
  0
ARC
  5
23E3
330
1F
100
AcDbEntity
  8
0
 62
     8
370
   100
100
AcDbCircle
 10
-3.304103277942566
 20
101.8950816476223
 30
0.0
 40
0.4000000000003185
100
AcDbArc
 50
180.0000000000975
 51
270.0000000000977
  0
LINE
  5
23E4
330
1F
100
AcDbEntity
  8
0
 62
     8
370
   100
100
AcDbLine
 10
-3.304103277941883
 20
101.495081647622
 30
0.0
 11
-3.095223471908808
 21
101.495081647622
 31
0.0
  0
ARC
  5
23E5
330
1F
100
AcDbEntity
  8
0
 62
     8
370
   100
100
AcDbCircle
 10
-3.095223471907103
 20
101.6950816476229
 30
0.0
 40
0.2000000000008697
100
AcDbArc
 50
269.9999999995119
 51
298.6757558412227
  0
LINE
  5
23E6
330
1F
100
AcDbEntity
  8
0
 62
     8
370
   100
100
AcDbLine
 10
-2.999253012208973
 20
101.5196117901952
 30
0.0
 11
-1.498213976046791
 21
102.3876246031301
 31
0.0
  0
ARC
  5
23E7
330
1F
100
AcDbEntity
  8
0
 62
     8
370
   100
100
AcDbCircle
 10
-1.09773394561073
 20
101.6950816476229
 30
0.0
 40
0.8000000000004533
100
AcDbArc
 50
89.9999999999987
 51
120.0397061439934
  0
LINE
  5
23E8
330
1F
100
AcDbEntity
  8
0
 62
     8
370
   100
100
AcDbLine
 10
-1.097733945610713
 20
102.4950816476234
 30
0.0
 11
-0.2255472582074915
 21
102.4950816476222
 31
0.0
  0
ARC
  5
23E9
330
1F
100
AcDbEntity
  8
0
 62
     8
370
   100
100
AcDbCircle
 10
-0.2255472582084193
 20
101.6950816476221
 30
0.0
 40
0.8000000000000824
100
AcDbArc
 50
80.0000000000079
 51
89.99999999993354
  0
LINE
  5
23EA
330
1F
100
AcDbEntity
  8
0
 62
     8
370
   100
100
AcDbLine
 10
-0.0866287160749693
 20
102.482927850032
 30
0.0
 11
5.343406463936112
 21
101.5254661415999
 31
0.0
  0
ARC
  5
23EB
330
1F
100
AcDbEntity
  8
0
 62
     8
370
   100
100
AcDbCircle
 10
5.690702819269957
 20
103.4950816476238
 30
0.0
 40
1.999999999999488
100
AcDbArc
 50
259.9999999999978
 51
269.9999999999982
  0
LINE
  5
23EC
330
1F
100
AcDbEntity
  8
0
 62
     8
370
   100
100
AcDbLine
 10
5.690702819269892
 20
101.4950816476243
 30
0.0
 11
31.90109062484334
 21
101.4950816476243
 31
0.0
  0
ARC
  5
23ED
330
1F
100
AcDbEntity
  8
0
 62
     8
370
   100
100
AcDbCircle
 10
31.90109062484327
 20
103.4950816476236
 30
0.0
 40
1.999999999999344
100
AcDbArc
 50
270.0000000000021
 51
280.0000000000025
  0
LINE
  5
23EE
330
1F
100
AcDbEntity
  8
0
 62
     8
370
   100
100
AcDbLine
 10
32.24838698017709
 20
101.5254661415999
 30
0.0
 11
37.67842216018836
 21
102.482927850032
 31
0.0
  0
ARC
  5
23EF
330
1F
100
AcDbEntity
  8
0
 62
     8
370
   100
100
AcDbCircle
 10
37.81734070232193
 20
101.6950816476226
 30
0.0
 40
0.7999999999996421
100
AcDbArc
 50
90.00000000008091
 51
100.0000000000067
  0
LINE
  5
23F0
330
1F
100
AcDbEntity
  8
0
 62
     8
370
   100
100
AcDbLine
 10
37.8173407023208
 20
102.4950816476222
 30
0.0
 11
38.68952738972403
 21
102.4950816476234
 31
0.0
  0
ARC
  5
23F1
330
1F
100
AcDbEntity
  8
0
 62
     8
370
   100
100
AcDbCircle
 10
38.68952738972404
 20
101.6950816476233
 30
0.0
 40
0.8000000000001108
100
AcDbArc
 50
59.96029385600026
 51
90.00000000000255
  0
LINE
  5
23F2
330
1F
100
AcDbEntity
  8
0
 62
     8
370
   100
100
AcDbLine
 10
39.09000742016001
 20
102.3876246031301
 30
0.0
 11
40.59104645632221
 21
101.5196117901952
 31
0.0
  0
ARC
  5
23F3
330
1F
100
AcDbEntity
  8
0
 62
     8
370
   100
100
AcDbCircle
 10
40.6870169160206
 20
101.6950816476239
 30
0.0
 40
0.2000000000018524
100
AcDbArc
 50
241.3242441588481
 51
270.0000000005354
  0
LINE
  5
23F4
330
1F
100
AcDbEntity
  8
0
 62
     8
370
   100
100
AcDbLine
 10
40.68701691602248
 20
101.495081647622
 30
0.0
 11
40.89589672205522
 21
101.495081647622
 31
0.0
  0
ARC
  5
23F5
330
1F
100
AcDbEntity
  8
0
 62
     8
370
   100
100
AcDbCircle
 10
40.89589672205586
 20
101.8950816476223
 30
0.0
 40
0.4000000000002757
100
AcDbArc
 50
269.9999999999084
 51
359.9999999999084
  0
LINE
  5
23F6
330
1F
100
AcDbEntity
  8
0
 62
     8
370
   100
100
AcDbLine
 10
41.29589672205614
 20
101.8950816476217
 30
0.0
 11
41.29589672205247
 21
105.2950816476216
 31
0.0
  0
ARC
  5
23F7
330
1F
100
AcDbEntity
  8
0
 62
     8
370
   100
100
AcDbCircle
 10
40.8958967220545
 20
105.2950816476233
 30
0.0
 40
0.3999999999979664
100
AcDbArc
 50
359.9999999997598
 51
89.99999999976081
  0
LINE
  5
23F8
330
1F
100
AcDbEntity
  8
0
 62
     8
370
   100
100
AcDbLine
 10
40.89589672205617
 20
105.6950816476213
 30
0.0
 11
40.68701691602248
 21
105.6950816476213
 31
0.0
  0
ARC
  5
23F9
330
1F
100
AcDbEntity
  8
0
 62
     8
370
   100
100
AcDbCircle
 10
40.68701691602296
 20
105.4950816476213
 30
0.0
 40
0.2000000000000455
100
AcDbArc
 50
90.00000000013839
 51
118.6757558417667
  0
LINE
  5
23FA
330
1F
100
AcDbEntity
  8
0
 62
     8
370
   100
100
AcDbLine
 10
40.59104645632356
 20
105.6705515050473
 30
0.0
 11
39.09000742016503
 21
104.802538692115
 31
0.0
  0
ARC
  5
23FB
330
1F
100
AcDbEntity
  8
0
 62
     8
370
   100
100
AcDbCircle
 10
38.68952738972707
 20
105.4950816476356
 30
0.0
 40
0.8000000000130304
100
AcDbArc
 50
269.9999999998453
 51
300.0397061436299
  0
LINE
  5
23FC
330
1F
100
AcDbEntity
  8
0
 62
     8
370
   100
100
AcDbLine
 10
38.68952738972491
 20
104.6950816476226
 30
0.0
 11
38.5266305966311
 21
104.6950816476236
 31
0.0
  0
ARC
  5
23FD
330
1F
100
AcDbEntity
  8
0
 62
     8
370
   100
100
AcDbCircle
 10
38.52663059673983
 20
104.9950816478605
 30
0.0
 40
0.3000000002369347
100
AcDbArc
 50
219.6100000228927
 51
269.9999999792346
  0
LINE
  5
23FE
330
1F
100
AcDbEntity
  8
0
 62
     8
370
   100
100
AcDbLine
 10
38.29551000276353
 20
104.8038141096262
 30
0.0
 11
36.33700518919943
 21
107.1378692573073
 31
0.0
  0
ARC
  5
23FF
330
1F
100
AcDbEntity
  8
0
 62
     8
370
   100
100
AcDbCircle
 10
35.57096074608007
 20
106.495081647621
 30
0.0
 40
1.000000000000137
100
AcDbArc
 50
39.9999999999751
 51
90.00000000000937
  0
LINE
  5
2400
330
1F
100
AcDbEntity
  8
0
 62
     8
370
   100
100
AcDbLine
 10
35.5709607460799
 20
107.4950816476211
 30
0.0
 11
32.79589672205615
 21
107.4950816476211
 31
0.0
  0
ARC
  5
2401
330
1F
100
AcDbEntity
  8
0
 62
     8
370
   100
100
AcDbCircle
 10
32.79589672205613
 20
107.9950816476211
 30
0.0
 40
0.5000000000000142
100
AcDbArc
 50
180.0000000000016
 51
270.0000000000017
  0
LINE
  5
2402
330
1F
100
AcDbEntity
  8
0
 62
     8
370
   100
100
AcDbLine
 10
32.29589672205612
 20
107.9950816476211
 30
0.0
 11
32.29589672205612
 21
111.745081647622
 31
0.0
  0
ARC
  5
2403
330
1F
100
AcDbEntity
  8
0
 62
     8
370
   100
100
AcDbCircle
 10
31.79589672205615
 20
111.745081647622
 30
0.0
 40
0.4999999999999716
100
AcDbArc
 50
359.9999999999968
 51
89.99999999999673
  0
LINE
  5
2404
330
1F
100
AcDbEntity
  8
0
 62
     8
370
   100
100
AcDbLine
 10
31.79589672205618
 20
112.245081647622
 30
0.0
 11
30.60300350324321
 21
112.2450816476232
 31
0.0
  0
ARC
  5
2405
330
1F
100
AcDbEntity
  8
0
 62
     8
370
   100
100
AcDbCircle
 10
30.60300350324492
 20
111.7450816476216
 30
0.0
 40
0.5000000000015774
100
AcDbArc
 50
90.00000000019623
 51
135.0000000000996
  0
LINE
  5
2406
330
1F
100
AcDbEntity
  8
0
 62
     8
370
   100
100
AcDbLine
 10
30.24945011264992
 20
112.0986350382153
 30
0.0
 11
29.54234333146412
 21
111.3915282570305
 31
0.0
  0
ARC
  5
2407
330
1F
100
AcDbEntity
  8
0
 62
     8
370
   100
100
AcDbCircle
 10
29.89589672205651
 20
111.0379748664363
 30
0.0
 40
0.5000000000000392
100
AcDbArc
 50
134.999999999852
 51
180.0000000000032
  0
LINE
  5
2408
330
1F
100
AcDbEntity
  8
0
 62
     8
370
   100
100
AcDbLine
 10
29.39589672205647
 20
111.0379748664363
 30
0.0
 11
29.39589672205647
 21
110.5450816476231
 31
0.0
  0
ARC
  5
2409
330
1F
100
AcDbEntity
  8
0
 62
     8
370
   100
100
AcDbCircle
 10
29.6958967220576
 20
110.5450816476231
 30
0.0
 40
0.300000000001134
100
AcDbArc
 50
180.0000000000027
 51
270.0000000000027
  0
LINE
  5
240A
330
1F
100
AcDbEntity
  8
0
 62
     8
370
   100
100
AcDbLine
 10
29.69589672205762
 20
110.245081647622
 30
0.0
 11
30.11011028442857
 21
110.245081647622
 31
0.0
  0
ARC
  5
240B
330
1F
100
AcDbEntity
  8
0
 62
     8
370
   100
100
AcDbCircle
 10
30.11011028442854
 20
110.545081647622
 30
0.0
 40
0.3000000000000114
100
AcDbArc
 50
270.0000000000047
 51
314.9999999999688
  0
LINE
  5
240C
330
1F
100
AcDbEntity
  8
0
 62
     8
370
   100
100
AcDbLine
 10
30.3222423187844
 20
110.3329496132659
 30
0.0
 11
30.58376468770042
 21
110.5944719821815
 31
0.0
  0
ARC
  5
240D
330
1F
100
AcDbEntity
  8
0
 62
     8
370
   100
100
AcDbCircle
 10
30.79589672205621
 20
110.3823399478255
 30
0.0
 40
0.2999999999999642
100
AcDbArc
 50
359.9999999999945
 51
134.9999999999597
  0
LINE
  5
240E
330
1F
100
AcDbEntity
  8
0
 62
     8
370
   100
100
AcDbLine
 10
31.09589672205617
 20
110.3823399478254
 30
0.0
 11
31.09589672205617
 21
107.9950816476211
 31
0.0
  0
ARC
  5
240F
330
1F
100
AcDbEntity
  8
0
 62
     8
370
   100
100
AcDbCircle
 10
30.59589672205618
 20
107.9950816476211
 30
0.0
 40
0.5
100
AcDbArc
 50
270.0
 51
0.0
  0
LINE
  5
2410
330
1F
100
AcDbEntity
  8
0
 62
     8
370
   100
100
AcDbLine
 10
30.59589672205618
 20
107.4950816476211
 30
0.0
 11
25.1458967220562
 21
107.4950816476211
 31
0.0
  0
ARC
  5
2411
330
1F
100
AcDbEntity
  8
0
 62
     8
370
   100
100
AcDbCircle
 10
25.1458967220562
 20
107.9950816476211
 30
0.0
 40
0.5
100
AcDbArc
 50
180.0
 51
270.0
  0
LINE
  5
2412
330
1F
100
AcDbEntity
  8
0
 62
     8
370
   100
100
AcDbLine
 10
24.6458967220562
 20
107.9950816476211
 30
0.0
 11
24.6458967220562
 21
110.2323399478268
 31
0.0
  0
ARC
  5
2413
330
1F
100
AcDbEntity
  8
0
 62
     8
370
   100
100
AcDbCircle
 10
24.94589672205622
 20
110.2323399478268
 30
0.0
 40
0.3000000000000185
100
AcDbArc
 50
44.9999999999741
 51
180.0
  0
LINE
  5
2414
330
1F
100
AcDbEntity
  8
0
 62
     8
370
   100
100
AcDbLine
 10
25.1580287564123
 20
110.4444719821827
 30
0.0
 11
25.26955112532919
 21
110.3329496132657
 31
0.0
  0
LINE
  5
2415
330
1F
100
AcDbEntity
  8
0
 62
     8
370
   100
100
AcDbLine
 10
9.161216720178748
 20
95.94133673991041
 30
0.0
 11
3.945573941630023
 21
95.94133673991041
 31
0.0
1001
AcDbBlockRepETag
1070
     1
1071
        7
1005
0
  0
ARC
  5
2416
330
1F
100
AcDbEntity
  8
0
 62
     8
370
   100
100
AcDbCircle
 10
3.945573941630042
 20
95.44133673991051
 30
0.0
 40
0.499999999999915
100
AcDbArc
 50
90.00000000000218
 51
100.0000000000016
1001
AcDbBlockRepETag
1070
     1
1071
        7
1005
0
  0
LINE
  5
2417
330
1F
100
AcDbEntity
  8
0
 62
     8
370
   100
100
AcDbLine
 10
3.858749852796576
 20
95.93374061641652
 30
0.0
 11
0.6390486897045165
 21
95.366020431545
 31
0.0
1001
AcDbBlockRepETag
1070
     1
1071
        7
1005
0
  0
ARC
  5
2418
330
1F
100
AcDbEntity
  8
0
 62
     8
370
   100
100
AcDbCircle
 10
0.7258727785379782
 20
94.87361655503887
 30
0.0
 40
0.4999999999999841
100
AcDbArc
 50
99.99999999999992
 51
219.9999999999768
1001
AcDbBlockRepETag
1070
     1
1071
        7
1005
0
  0
LINE
  5
2419
330
1F
100
AcDbEntity
  8
0
 62
     8
370
   100
100
AcDbLine
 10
0.3428505569783624
 20
94.55222275019577
 30
0.0
 11
2.132045763417472
 21
92.41994293506785
 31
0.0
1001
AcDbBlockRepETag
1070
     1
1071
        7
1005
0
  0
ARC
  5
241A
330
1F
100
AcDbEntity
  8
0
 62
     8
370
   100
100
AcDbCircle
 10
2.515067984977108
 20
92.74133673991086
 30
0.0
 40
0.4999999999999742
100
AcDbArc
 50
219.9999999999703
 51
269.999999999995
1001
AcDbBlockRepETag
1070
     1
1071
        7
1005
0
  0
LINE
  5
241B
330
1F
100
AcDbEntity
  8
0
 62
     8
370
   100
100
AcDbLine
 10
2.515067984977063
 20
92.24133673991092
 30
0.0
 11
9.161216720178806
 21
92.24133673991087
 31
0.0
1001
AcDbBlockRepETag
1070
     1
1071
        7
1005
0
  0
ARC
  5
241C
330
1F
100
AcDbEntity
  8
0
 62
     8
370
   100
100
AcDbCircle
 10
9.161216720178806
 20
92.74133673991086
 30
0.0
 40
0.5
100
AcDbArc
 50
270.0
 51
0.0000000000016284
1001
AcDbBlockRepETag
1070
     1
1071
        7
1005
0
  0
LINE
  5
241D
330
1F
100
AcDbEntity
  8
0
 62
     8
370
   100
100
AcDbLine
 10
9.661216720178806
 20
92.74133673991093
 30
0.0
 11
9.661216720178748
 21
95.44133673991042
 31
0.0
1001
AcDbBlockRepETag
1070
     1
1071
        7
1005
0
  0
ARC
  5
241E
330
1F
100
AcDbEntity
  8
0
 62
     8
370
   100
100
AcDbCircle
 10
9.161216720178755
 20
95.44133673991041
 30
0.0
 40
0.4999999999999929
100
AcDbArc
 50
0.0000000000016284
 51
90.00000000000083
1001
AcDbBlockRepETag
1070
     1
1071
        7
1005
0
  0
LINE
  5
241F
330
1F
100
AcDbEntity
  8
0
 62
     8
370
   100
100
AcDbLine
 10
18.79589672205498
 20
96.94133673991041
 30
0.0
 11
3.989318273393067
 21
96.94133673991041
 31
0.0
1001
AcDbBlockRepETag
1070
     1
1071
        7
1005
0
  0
ARC
  5
2420
330
1F
100
AcDbEntity
  8
0
 62
     8
370
   100
100
AcDbCircle
 10
3.989318273393021
 20
94.94133673991031
 30
0.0
 40
2.000000000000083
100
AcDbArc
 50
89.99999999999873
 51
99.99999999999829
1001
AcDbBlockRepETag
1070
     1
1071
        7
1005
0
  0
LINE
  5
2421
330
1F
100
AcDbEntity
  8
0
 62
     8
370
   100
100
AcDbLine
 10
3.642021918059207
 20
96.91095224593485
 30
0.0
 11
-0.0866287160785575
 21
96.25349053750065
 31
0.0
1001
AcDbBlockRepETag
1070
     1
1071
        7
1005
0
  0
ARC
  5
2422
330
1F
100
AcDbEntity
  8
0
 62
     8
370
   100
100
AcDbCircle
 10
-0.2255472582120857
 20
97.04133673991044
 30
0.0
 40
0.8000000000000538
100
AcDbArc
 50
270.0000000000003
 51
279.9999999999982
1001
AcDbBlockRepETag
1070
     1
1071
        7
1005
0
  0
LINE
  5
2423
330
1F
100
AcDbEntity
  8
0
 62
     8
370
   100
100
AcDbLine
 10
-0.2255472582120817
 20
96.24133673991041
 30
0.0
 11
-1.097733945613079
 21
96.24133673991041
 31
0.0
1001
AcDbBlockRepETag
1070
     1
1071
        7
1005
0
  0
ARC
  5
2424
330
1F
100
AcDbEntity
  8
0
 62
     8
370
   100
100
AcDbCircle
 10
-1.097733945613055
 20
97.04133673991021
 30
0.0
 40
0.7999999999998125
100
AcDbArc
 50
239.9602938560006
 51
269.9999999999983
1001
AcDbBlockRepETag
1070
     1
1071
        7
1005
0
  0
LINE
  5
2425
330
1F
100
AcDbEntity
  8
0
 62
     8
370
   100
100
AcDbLine
 10
-1.498213976048865
 20
96.34879378440359
 30
0.0
 11
-2.999253012211061
 21
97.21680659733848
 31
0.0
1001
AcDbBlockRepETag
1070
     1
1071
        7
1005
0
  0
ARC
  5
2426
330
1F
100
AcDbEntity
  8
0
 62
     8
370
   100
100
AcDbCircle
 10
-3.095223471909313
 20
97.04133673991028
 30
0.0
 40
0.2000000000014388
100
AcDbArc
 50
61.3242441588273
 51
90.000000000521
1001
AcDbBlockRepETag
1070
     1
1071
        7
1005
0
  0
LINE
  5
2427
330
1F
100
AcDbEntity
  8
0
 62
     8
370
   100
100
AcDbLine
 10
-3.095223471911133
 20
97.2413367399117
 30
0.0
 11
-3.304103277944923
 21
97.24133673991168
 31
0.0
1001
AcDbBlockRepETag
1070
     1
1071
        7
1005
0
  0
ARC
  5
2428
330
1F
100
AcDbEntity
  8
0
 62
     8
370
   100
100
AcDbCircle
 10
-3.304103277944916
 20
96.84133673991155
 30
0.0
 40
0.400000000000077
100
AcDbArc
 50
90.00000000000103
 51
180.0000000000101
1001
AcDbBlockRepETag
1070
     1
1071
        7
1005
0
  0
LINE
  5
2429
330
1F
100
AcDbEntity
  8
0
 62
     8
370
   100
100
AcDbLine
 10
-3.704103277945001
 20
96.84133673991151
 30
0.0
 11
-3.704103277945256
 21
93.44133673991143
 31
0.0
1001
AcDbBlockRepETag
1070
     1
1071
        7
1005
0
  0
ARC
  5
242A
330
1F
100
AcDbEntity
  8
0
 62
     8
370
   100
100
AcDbCircle
 10
-3.304103277945663
 20
93.44133673991205
 30
0.0
 40
0.3999999999995936
100
AcDbArc
 50
180.0000000000875
 51
270.0000000001058
1001
AcDbBlockRepETag
1070
     1
1071
        7
1005
0
  0
LINE
  5
242B
330
1F
100
AcDbEntity
  8
0
 62
     8
370
   100
100
AcDbLine
 10
-3.304103277944923
 20
93.04133673991243
 30
0.0
 11
-3.095223471911133
 21
93.04133673991243
 31
0.0
1001
AcDbBlockRepETag
1070
     1
1071
        7
1005
0
  0
ARC
  5
242C
330
1F
100
AcDbEntity
  8
0
 62
     8
370
   100
100
AcDbCircle
 10
-3.09522347191159
 20
93.24133673991259
 30
0.0
 40
0.2000000000001307
100
AcDbArc
 50
270.0000000001309
 51
298.6757558417518
1001
AcDbBlockRepETag
1070
     1
1071
        7
1005
0
  0
LINE
  5
242D
330
1F
100
AcDbEntity
  8
0
 62
     8
370
   100
100
AcDbLine
 10
-2.999253012212193
 20
93.06586688248648
 30
0.0
 11
-1.498213976053655
 21
93.93387969541874
 31
0.0
1001
AcDbBlockRepETag
1070
     1
1071
        7
1005
0
  0
ARC
  5
242E
330
1F
100
AcDbEntity
  8
0
 62
     8
370
   100
100
AcDbCircle
 10
-1.097733945618091
 20
93.2413367399118
 30
0.0
 40
0.7999999999999829
100
AcDbArc
 50
90.0000000001936
 51
120.0397061439717
1001
AcDbBlockRepETag
1070
     1
1071
        7
1005
0
  0
LINE
  5
242F
330
1F
100
AcDbEntity
  8
0
 62
     8
370
   100
100
AcDbLine
 10
-1.097733945620795
 20
94.0413367399118
 30
0.0
 11
-0.934837152519762
 21
94.04133673991232
 31
0.0
1001
AcDbBlockRepETag
1070
     1
1071
        7
1005
0
  0
ARC
  5
2430
330
1F
100
AcDbEntity
  8
0
 62
     8
370
   100
100
AcDbCircle
 10
-0.934837152510896
 20
93.74133673992997
 30
0.0
 40
0.2999999999823615
100
AcDbArc
 50
39.60999999960687
 51
90.00000000169331
1001
AcDbBlockRepETag
1070
     1
1071
        7
1005
0
  0
LINE
  5
2431
330
1F
100
AcDbEntity
  8
0
 62
     8
370
   100
100
AcDbLine
 10
-0.7037165586529996
 20
93.93260427790805
 30
0.0
 11
1.254788254913826
 21
91.59854913022469
 31
0.0
1001
AcDbBlockRepETag
1070
     1
1071
        7
1005
0
  0
ARC
  5
2432
330
1F
100
AcDbEntity
  8
0
 62
     8
370
   100
100
AcDbCircle
 10
2.020832698033209
 20
92.2413367399111
 30
0.0
 40
1.000000000000218
100
AcDbArc
 50
219.9999999999786
 51
270.000000000002
1001
AcDbBlockRepETag
1070
     1
1071
        7
1005
0
  0
LINE
  5
2433
330
1F
100
AcDbEntity
  8
0
 62
     8
370
   100
100
AcDbLine
 10
2.020832698033245
 20
91.24133673991087
 30
0.0
 11
18.79589672205544
 21
91.24133673991087
 31
0.0
1001
AcDbBlockRepETag
1070
     1
1071
        7
1005
0
  0
LINE
  5
2434
330
1F
100
AcDbEntity
  8
0
 62
     8
370
   100
100
AcDbLine
 10
18.79589672205544
 20
91.24133673991087
 30
0.0
 11
35.57096074607717
 21
91.24133673991087
 31
0.0
1001
AcDbBlockRepETag
1070
     1
1071
        7
1005
0
  0
ARC
  5
2435
330
1F
100
AcDbEntity
  8
0
 62
     8
370
   100
100
AcDbCircle
 10
35.57096074607719
 20
92.24133673991108
 30
0.0
 40
1.000000000000198
100
AcDbArc
 50
269.9999999999988
 51
320.0000000000216
1001
AcDbBlockRepETag
1070
     1
1071
        7
1005
0
  0
LINE
  5
2436
330
1F
100
AcDbEntity
  8
0
 62
     8
370
   100
100
AcDbLine
 10
36.33700518919658
 20
91.59854913022469
 30
0.0
 11
38.29551000276343
 21
93.93260427790805
 31
0.0
1001
AcDbBlockRepETag
1070
     1
1071
        7
1005
0
  0
ARC
  5
2437
330
1F
100
AcDbEntity
  8
0
 62
     8
370
   100
100
AcDbCircle
 10
38.52663059662133
 20
93.74133673992997
 30
0.0
 40
0.2999999999823748
100
AcDbArc
 50
89.99999999830505
 51
140.3900000003917
1001
AcDbBlockRepETag
1070
     1
1071
        7
1005
0
  0
LINE
  5
2438
330
1F
100
AcDbEntity
  8
0
 62
     8
370
   100
100
AcDbLine
 10
38.52663059663021
 20
94.04133673991232
 30
0.0
 11
38.68952738973119
 21
94.0413367399118
 31
0.0
1001
AcDbBlockRepETag
1070
     1
1071
        7
1005
0
  0
ARC
  5
2439
330
1F
100
AcDbEntity
  8
0
 62
     8
370
   100
100
AcDbCircle
 10
38.68952738972851
 20
93.24133673991175
 30
0.0
 40
0.8000000000000396
100
AcDbArc
 50
59.96029385602962
 51
89.99999999980763
1001
AcDbBlockRepETag
1070
     1
1071
        7
1005
0
  0
LINE
  5
243A
330
1F
100
AcDbEntity
  8
0
 62
     8
370
   100
100
AcDbLine
 10
39.09000742016408
 20
93.93387969541874
 30
0.0
 11
40.59104645632261
 21
93.06586688248648
 31
0.0
1001
AcDbBlockRepETag
1070
     1
1071
        7
1005
0
  0
ARC
  5
243B
330
1F
100
AcDbEntity
  8
0
 62
     8
370
   100
100
AcDbCircle
 10
40.687016916022
 20
93.24133673991257
 30
0.0
 40
0.2000000000001173
100
AcDbArc
 50
241.3242441582468
 51
269.9999999998677
1001
AcDbBlockRepETag
1070
     1
1071
        7
1005
0
  0
LINE
  5
243C
330
1F
100
AcDbEntity
  8
0
 62
     8
370
   100
100
AcDbLine
 10
40.68701691602154
 20
93.04133673991243
 30
0.0
 11
40.89589672205533
 21
93.04133673991243
 31
0.0
1001
AcDbBlockRepETag
1070
     1
1071
        7
1005
0
  0
ARC
  5
243D
330
1F
100
AcDbEntity
  8
0
 62
     8
370
   100
100
AcDbCircle
 10
40.89589672205611
 20
93.44133673991198
 30
0.0
 40
0.3999999999995225
100
AcDbArc
 50
269.999999999888
 51
359.9999999999206
1001
AcDbBlockRepETag
1070
     1
1071
        7
1005
0
  0
LINE
  5
243E
330
1F
100
AcDbEntity
  8
0
 62
     8
370
   100
100
AcDbLine
 10
41.29589672205565
 20
93.44133673991143
 30
0.0
 11
41.29589672205542
 21
96.84133673991151
 31
0.0
1001
AcDbBlockRepETag
1070
     1
1071
        7
1005
0
  0
ARC
  5
243F
330
1F
100
AcDbEntity
  8
0
 62
     8
370
   100
100
AcDbCircle
 10
40.89589672205534
 20
96.84133673991155
 30
0.0
 40
0.4000000000000983
100
AcDbArc
 50
359.9999999999919
 51
90.00000000000103
1001
AcDbBlockRepETag
1070
     1
1071
        7
1005
0
  0
LINE
  5
2440
330
1F
100
AcDbEntity
  8
0
 62
     8
370
   100
100
AcDbLine
 10
40.89589672205533
 20
97.24133673991168
 30
0.0
 11
40.68701691602154
 21
97.2413367399117
 31
0.0
1001
AcDbBlockRepETag
1070
     1
1071
        7
1005
0
  0
ARC
  5
2441
330
1F
100
AcDbEntity
  8
0
 62
     8
370
   100
100
AcDbCircle
 10
40.68701691601972
 20
97.04133673991028
 30
0.0
 40
0.2000000000014381
100
AcDbArc
 50
89.99999999947892
 51
118.6757558411726
1001
AcDbBlockRepETag
1070
     1
1071
        7
1005
0
  0
LINE
  5
2442
330
1F
100
AcDbEntity
  8
0
 62
     8
370
   100
100
AcDbLine
 10
40.59104645632147
 20
97.21680659733848
 30
0.0
 11
39.09000742015929
 21
96.34879378440359
 31
0.0
1001
AcDbBlockRepETag
1070
     1
1071
        7
1005
0
  0
ARC
  5
2443
330
1F
100
AcDbEntity
  8
0
 62
     8
370
   100
100
AcDbCircle
 10
38.68952738972348
 20
97.04133673991021
 30
0.0
 40
0.7999999999998108
100
AcDbArc
 50
270.0000000000015
 51
300.0397061439992
1001
AcDbBlockRepETag
1070
     1
1071
        7
1005
0
  0
LINE
  5
2444
330
1F
100
AcDbEntity
  8
0
 62
     8
370
   100
100
AcDbLine
 10
38.6895273897235
 20
96.24133673991041
 30
0.0
 11
37.81734070232252
 21
96.24133673991041
 31
0.0
1001
AcDbBlockRepETag
1070
     1
1071
        7
1005
0
  0
ARC
  5
2445
330
1F
100
AcDbEntity
  8
0
 62
     8
370
   100
100
AcDbCircle
 10
37.81734070232252
 20
97.04133673991051
 30
0.0
 40
0.800000000000125
100
AcDbArc
 50
260.000000000002
 51
270.0
1001
AcDbBlockRepETag
1070
     1
1071
        7
1005
0
  0
LINE
  5
2446
330
1F
100
AcDbEntity
  8
0
 62
     8
370
   100
100
AcDbLine
 10
37.67842216018897
 20
96.25349053750065
 30
0.0
 11
33.94977152605123
 21
96.91095224593482
 31
0.0
1001
AcDbBlockRepETag
1070
     1
1071
        7
1005
0
  0
ARC
  5
2447
330
1F
100
AcDbEntity
  8
0
 62
     8
370
   100
100
AcDbCircle
 10
33.60247517071734
 20
94.94133673991035
 30
0.0
 40
2.000000000000042
100
AcDbArc
 50
79.99999999999919
 51
89.99999999999877
1001
AcDbBlockRepETag
1070
     1
1071
        7
1005
0
  0
LINE
  5
2448
330
1F
100
AcDbEntity
  8
0
 62
     8
370
   100
100
AcDbLine
 10
33.60247517071738
 20
96.94133673991041
 30
0.0
 11
18.79589672205498
 21
96.94133673991041
 31
0.0
1001
AcDbBlockRepETag
1070
     1
1071
        7
1005
0
  0
LINE
  5
2449
330
1F
100
AcDbEntity
  8
0
 62
     8
370
   100
100
AcDbLine
 10
17.79589672205572
 20
95.94133673991041
 30
0.0
 11
11.1612167201797
 21
95.94133673991041
 31
0.0
1001
AcDbBlockRepETag
1070
     1
1071
        7
1005
0
  0
ARC
  5
244A
330
1F
100
AcDbEntity
  8
0
 62
     8
370
   100
100
AcDbCircle
 10
11.16121672017971
 20
95.44133673991041
 30
0.0
 40
0.5
100
AcDbArc
 50
90.00000000000103
 51
180.0000000000081
1001
AcDbBlockRepETag
1070
     1
1071
        7
1005
0
  0
LINE
  5
244B
330
1F
100
AcDbEntity
  8
0
 62
     8
370
   100
100
AcDbLine
 10
10.6612167201797
 20
95.44133673991034
 30
0.0
 11
10.66121672018001
 21
92.74133673991086
 31
0.0
1001
AcDbBlockRepETag
1070
     1
1071
        7
1005
0
  0
ARC
  5
244C
330
1F
100
AcDbEntity
  8
0
 62
     8
370
   100
100
AcDbCircle
 10
11.16121672018
 20
92.74133673991086
 30
0.0
 40
0.4999999999999948
100
AcDbArc
 50
180.0000000000065
 51
269.9999999999998
1001
AcDbBlockRepETag
1070
     1
1071
        7
1005
0
  0
LINE
  5
244D
330
1F
100
AcDbEntity
  8
0
 62
     8
370
   100
100
AcDbLine
 10
11.16121672018
 20
92.24133673991087
 30
0.0
 11
17.79589672205521
 21
92.24133673991087
 31
0.0
1001
AcDbBlockRepETag
1070
     1
1071
        7
1005
0
  0
ARC
  5
244E
330
1F
100
AcDbEntity
  8
0
 62
     8
370
   100
100
AcDbCircle
 10
17.79589672205521
 20
92.74133673991093
 30
0.0
 40
0.5000000000000142
100
AcDbArc
 50
270.0
 51
359.999999999987
1001
AcDbBlockRepETag
1070
     1
1071
        7
1005
0
  0
LINE
  5
244F
330
1F
100
AcDbEntity
  8
0
 62
     8
370
   100
100
AcDbLine
 10
18.29589672205521
 20
92.74133673991078
 30
0.0
 11
18.29589672205572
 21
95.44133673991032
 31
0.0
1001
AcDbBlockRepETag
1070
     1
1071
        7
1005
0
  0
ARC
  5
2450
330
1F
100
AcDbEntity
  8
0
 62
     8
370
   100
100
AcDbCircle
 10
17.79589672205572
 20
95.44133673991041
 30
0.0
 40
0.5
100
AcDbArc
 50
359.9999999999902
 51
90.0
1001
AcDbBlockRepETag
1070
     1
1071
        7
1005
0
  0
LINE
  5
2451
330
1F
100
AcDbEntity
  8
0
 62
     8
370
   100
100
AcDbLine
 10
26.43057672393065
 20
95.94133673991043
 30
0.0
 11
19.79589672205481
 21
95.94133673991043
 31
0.0
1001
AcDbBlockRepETag
1070
     1
1071
        7
1005
0
  0
ARC
  5
2452
330
1F
100
AcDbEntity
  8
0
 62
     8
370
   100
100
AcDbCircle
 10
19.79589672205481
 20
95.44133673991042
 30
0.0
 40
0.5
100
AcDbArc
 50
90.0
 51
180.0000000000095
1001
AcDbBlockRepETag
1070
     1
1071
        7
1005
0
  0
LINE
  5
2453
330
1F
100
AcDbEntity
  8
0
 62
     8
370
   100
100
AcDbLine
 10
19.29589672205481
 20
95.44133673991034
 30
0.0
 11
19.29589672205526
 21
92.74133673991078
 31
0.0
1001
AcDbBlockRepETag
1070
     1
1071
        7
1005
0
  0
ARC
  5
2454
330
1F
100
AcDbEntity
  8
0
 62
     8
370
   100
100
AcDbCircle
 10
19.79589672205526
 20
92.74133673991086
 30
0.0
 40
0.4999999999999967
100
AcDbArc
 50
180.0000000000114
 51
270.0000000000004
1001
AcDbBlockRepETag
1070
     1
1071
        7
1005
0
  0
LINE
  5
2455
330
1F
100
AcDbEntity
  8
0
 62
     8
370
   100
100
AcDbLine
 10
19.79589672205527
 20
92.24133673991087
 30
0.0
 11
26.43057672393048
 21
92.24133673991087
 31
0.0
1001
AcDbBlockRepETag
1070
     1
1071
        7
1005
0
  0
ARC
  5
2456
330
1F
100
AcDbEntity
  8
0
 62
     8
370
   100
100
AcDbCircle
 10
26.43057672393048
 20
92.74133673991086
 30
0.0
 40
0.5
100
AcDbArc
 50
270.0000000000004
 51
359.9999999999968
1001
AcDbBlockRepETag
1070
     1
1071
        7
1005
0
  0
LINE
  5
2457
330
1F
100
AcDbEntity
  8
0
 62
     8
370
   100
100
AcDbLine
 10
26.93057672393048
 20
92.74133673991086
 30
0.0
 11
26.93057672393065
 21
95.44133673991041
 31
0.0
1001
AcDbBlockRepETag
1070
     1
1071
        7
1005
0
  0
ARC
  5
2458
330
1F
100
AcDbEntity
  8
0
 62
     8
370
   100
100
AcDbCircle
 10
26.43057672393064
 20
95.44133673991042
 30
0.0
 40
0.5000000000000071
100
AcDbArc
 50
359.9999999999951
 51
89.9999999999992
1001
AcDbBlockRepETag
1070
     1
1071
        7
1005
0
  0
LINE
  5
2459
330
1F
100
AcDbEntity
  8
0
 62
     8
370
   100
100
AcDbLine
 10
28.43057672393161
 20
92.24133673991087
 30
0.0
 11
35.07672545913329
 21
92.24133673991087
 31
0.0
1001
AcDbBlockRepETag
1070
     1
1071
        7
1005
0
  0
ARC
  5
245A
330
1F
100
AcDbEntity
  8
0
 62
     8
370
   100
100
AcDbCircle
 10
35.07672545913329
 20
92.74133673991086
 30
0.0
 40
0.5
100
AcDbArc
 50
270.0
 51
320.000000000023
1001
AcDbBlockRepETag
1070
     1
1071
        7
1005
0
  0
LINE
  5
245B
330
1F
100
AcDbEntity
  8
0
 62
     8
370
   100
100
AcDbLine
 10
35.45974768069291
 20
92.41994293506776
 30
0.0
 11
37.24894288713212
 21
94.55222275019574
 31
0.0
1001
AcDbBlockRepETag
1070
     1
1071
        7
1005
0
  0
ARC
  5
245C
330
1F
100
AcDbEntity
  8
0
 62
     8
370
   100
100
AcDbCircle
 10
36.86592066557253
 20
94.87361655503887
 30
0.0
 40
0.4999999999999961
100
AcDbArc
 50
320.000000000019
 51
79.99999999999682
1001
AcDbBlockRepETag
1070
     1
1071
        7
1005
0
  0
LINE
  5
245D
330
1F
100
AcDbEntity
  8
0
 62
     8
370
   100
100
AcDbLine
 10
36.95274475440604
 20
95.36602043154495
 30
0.0
 11
33.73304359131371
 21
95.93374061641652
 31
0.0
1001
AcDbBlockRepETag
1070
     1
1071
        7
1005
0
  0
ARC
  5
245E
330
1F
100
AcDbEntity
  8
0
 62
     8
370
   100
100
AcDbCircle
 10
33.64621950248025
 20
95.44133673991058
 30
0.0
 40
0.4999999999998438
100
AcDbArc
 50
79.99999999999748
 51
90.00000000000246
1001
AcDbBlockRepETag
1070
     1
1071
        7
1005
0
  0
LINE
  5
245F
330
1F
100
AcDbEntity
  8
0
 62
     8
370
   100
100
AcDbLine
 10
33.64621950248023
 20
95.94133673991043
 30
0.0
 11
28.43057672393167
 21
95.94133673991043
 31
0.0
1001
AcDbBlockRepETag
1070
     1
1071
        7
1005
0
  0
ARC
  5
2460
330
1F
100
AcDbEntity
  8
0
 62
     8
370
   100
100
AcDbCircle
 10
28.43057672393167
 20
95.44133673991042
 30
0.0
 40
0.5
100
AcDbArc
 50
89.9999999999992
 51
179.9999999999984
1001
AcDbBlockRepETag
1070
     1
1071
        7
1005
0
  0
LINE
  5
2461
330
1F
100
AcDbEntity
  8
0
 62
     8
370
   100
100
AcDbLine
 10
27.93057672393167
 20
95.44133673991046
 30
0.0
 11
27.93057672393163
 21
92.74133673991086
 31
0.0
1001
AcDbBlockRepETag
1070
     1
1071
        7
1005
0
  0
ARC
  5
2462
330
1F
100
AcDbEntity
  8
0
 62
     8
370
   100
100
AcDbCircle
 10
28.43057672393161
 20
92.74133673991086
 30
0.0
 40
0.5
100
AcDbArc
 50
179.9999999999984
 51
270.0
1001
AcDbBlockRepETag
1070
     1
1071
        7
1005
0
  0
ENDSEC
  0
SECTION
  2
OBJECTS
  0
DICTIONARY
  5
C
330
0
100
AcDbDictionary
281
     1
  3
ACAD_CIP_PREVIOUS_PRODUCT_INFO
350
214D
  3
ACAD_COLOR
350
6B
  3
ACAD_DETAILVIEWSTYLE
350
2148
  3
ACAD_GROUP
350
D
  3
ACAD_LAST_SAVED_VERSION_INFO
350
24ED
  3
ACAD_LAYOUT
350
1A
  3
ACAD_MATERIAL
350
6A
  3
ACAD_MLEADERSTYLE
350
12D
  3
ACAD_MLINESTYLE
350
17
  3
ACAD_PLOTSETTINGS
350
19
  3
ACAD_PLOTSTYLENAME
350
E
  3
ACAD_RENDER_RAPIDRT_SETTINGS
350
214E
  3
ACAD_SCALELIST
350
10C
  3
ACAD_SECTIONVIEWSTYLE
350
2146
  3
ACAD_TABLESTYLE
350
7E
  3
ACAD_VISUALSTYLE
350
EF
  3
ACDB_RECOMPOSE_DATA
350
24F2
  3
AcDbVariableDictionary
350
5E
  3
AEC_PROPERTY_SET_DEFS
350
200
  0
DICTIONARY
  5
1F8
330
2
100
AcDbDictionary
280
     1
281
     1
  3
ACAD_LAYERSTATES
360
1F9
  0
DICTIONARY
  5
13C
330
10
100
AcDbDictionary
280
     1
281
     1
  0
DICTIONARY
  5
1CE
330
1F
100
AcDbDictionary
280
     1
281
     1
  3
ACAD_SORTENTS
360
207
  0
XRECORD
  5
214D
102
{ACAD_REACTORS
330
C
102
}
330
C
100
AcDbXrecord
280
     1
300
ACD
300
2024
300

  0
DICTIONARY
  5
6B
102
{ACAD_REACTORS
330
C
102
}
330
C
100
AcDbDictionary
281
     1
  0
DICTIONARY
  5
2148
102
{ACAD_REACTORS
330
C
102
}
330
C
100
AcDbDictionary
281
     1
  3
Metric50
350
2149
  0
DICTIONARY
  5
D
102
{ACAD_REACTORS
330
C
102
}
330
C
100
AcDbDictionary
281
     1
  0
XRECORD
  5
24ED
102
{ACAD_REACTORS
330
C
102
}
330
C
100
AcDbXrecord
280
     1
300
{2E3B247E-5C20-4842-8C07-1A20B06ED847}
301
{5483A2D0-230F-3A47-87E9-C6B1CF57DED2}
302
{2E3B247E-5C20-4842-8C07-1A20B06ED847}
303
\\ficpa01\grupocortizo\z_prog\catalogos\Perfiles\COR-7731\COR-7731_SinCotas.dxf
  0
DICTIONARY
  5
1A
102
{ACAD_REACTORS
330
C
102
}
330
C
100
AcDbDictionary
281
     1
  3
Model
350
22
  3
Presentación1
350
D3
  3
Presentación2
350
D7
  0
DICTIONARY
  5
6A
102
{ACAD_REACTORS
330
C
102
}
330
C
100
AcDbDictionary
281
     1
  3
ByBlock
350
ED
  3
ByLayer
350
EC
  3
Global
350
EE
  0
DICTIONARY
  5
12D
102
{ACAD_REACTORS
330
C
102
}
330
C
100
AcDbDictionary
281
     1
  3
Standard
350
12E
  0
DICTIONARY
  5
17
102
{ACAD_REACTORS
330
C
102
}
330
C
100
AcDbDictionary
281
     1
  3
Standard
350
18
  0
DICTIONARY
  5
19
102
{ACAD_REACTORS
330
C
102
}
330
C
100
AcDbDictionary
281
     1
  0
ACDBDICTIONARYWDFLT
  5
E
102
{ACAD_REACTORS
330
C
102
}
330
C
100
AcDbDictionary
281
     1
  3
Normal
350
F
100
AcDbDictionaryWithDefault
340
F
  0
DICTIONARY
  5
214E
102
{ACAD_REACTORS
330
C
102
}
330
C
100
AcDbDictionary
281
     1
  0
DICTIONARY
  5
10C
102
{ACAD_REACTORS
330
C
102
}
330
C
100
AcDbDictionary
281
     1
  3
A0
350
10D
  3
A1
350
1BE
  3
A2
350
1BF
  3
A3
350
1C0
  3
A4
350
1C1
  3
A5
350
1C2
  3
A6
350
1C3
  3
A7
350
1C4
  3
A8
350
1C5
  3
A9
350
1C6
  3
B0
350
1C7
  3
B1
350
1C8
  3
B2
350
1C9
  3
B3
350
1CA
  3
B4
350
1CB
  3
B5
350
1CC
  3
B6
350
1CD
  0
DICTIONARY
  5
2146
102
{ACAD_REACTORS
330
C
102
}
330
C
100
AcDbDictionary
281
     1
  3
Metric50
350
2147
  0
DICTIONARY
  5
7E
102
{ACAD_REACTORS
330
C
102
}
330
C
100
AcDbDictionary
281
     1
  3
Standard
350
7F
  0
DICTIONARY
  5
EF
102
{ACAD_REACTORS
330
C
102
}
330
C
100
AcDbDictionary
281
     1
  3
2dWireframe
350
F5
  3
3D Hidden
350
F7
  3
3dWireframe
350
F6
  3
Basic
350
F4
  3
Brighten
350
FB
  3
ColorChange
350
FF
  3
Conceptual
350
F8
  3
Dim
350
FA
  3
EdgeColorOff
350
1E6
  3
Facepattern
350
FE
  3
Flat
350
F0
  3
FlatWithEdges
350
F1
  3
Gouraud
350
F2
  3
GouraudWithEdges
350
F3
  3
Hidden
350
2140
  3
JitterOff
350
1E4
  3
Linepattern
350
FD
  3
OverhangOff
350
1E5
  3
Realistic
350
F9
  3
Shaded
350
2145
  3
Shaded with edges
350
2144
  3
Shades of Gray
350
2141
  3
Sketchy
350
2142
  3
Thicken
350
FC
  3
Wireframe
350
213F
  3
X-Ray
350
2143
  0
XRECORD
  5
24F2
102
{ACAD_REACTORS
330
C
102
}
330
C
100
AcDbXrecord
280
     1
 90
        1
330
7F
  0
DICTIONARY
  5
5E
102
{ACAD_REACTORS
330
C
102
}
330
C
100
AcDbDictionary
281
     1
  3
CANNOSCALE
350
146
  3
CMLEADERSTYLE
350
145
  3
CTABLESTYLE
350
84
  3
CVIEWDETAILSTYLE
350
2180
  3
CVIEWSECTIONSTYLE
350
2181
  3
DIMASSOC
350
5F
  3
HIDETEXT
350
63
  3
INDEXCTL
350
30B
  3
LAYEREVAL
350
1AE
  3
LAYERNOTIFY
350
1AF
  3
LIGHTINGUNITS
350
309
  3
MSLTSCALE
350
308
  3
PSOLHEIGHT
350
24EF
  3
PSOLWIDTH
350
24EE
  3
SORTENTS
350
30A
  3
XCLIPFRAME
350
24F0
  0
DICTIONARY
  5
200
102
{ACAD_REACTORS
330
C
102
}
330
C
100
AcDbDictionary
281
     1
  0
DICTIONARY
  5
1F9
102
{ACAD_REACTORS
330
1F8
102
}
330
1F8
100
AcDbDictionary
281
     1
  0
SORTENTSTABLE
  5
207
102
{ACAD_REACTORS
330
1CE
102
}
330
1CE
100
AcDbSortentsTable
330
1F
331
2276
  5
2380
331
227C
  5
2414
331
2293
  5
2276
331
2294
  5
227C
331
2295
  5
2293
331
2296
  5
2294
331
2297
  5
2295
331
2298
  5
2296
331
2299
  5
2297
331
229A
  5
2298
331
229B
  5
2299
331
229C
  5
229A
331
229D
  5
229B
331
229E
  5
229C
331
229F
  5
229D
331
22A0
  5
229E
331
22A1
  5
229F
331
22A2
  5
22A0
331
22A3
  5
22A1
331
22A4
  5
22A2
331
22A5
  5
22A3
331
22A6
  5
22A4
331
22A7
  5
22A5
331
22A8
  5
22A6
331
22A9
  5
22A7
331
22AA
  5
22A8
331
22AB
  5
22A9
331
22AC
  5
22AA
331
22AD
  5
22AB
331
22AE
  5
22AC
331
22AF
  5
22AD
331
22B0
  5
22AE
331
22B1
  5
22AF
331
22B2
  5
22B0
331
22B3
  5
22B1
331
22B4
  5
22B2
331
22B5
  5
22B3
331
22B6
  5
22B4
331
22B7
  5
22B5
331
22B8
  5
22B6
331
22B9
  5
22B7
331
22BA
  5
22B8
331
22BB
  5
22B9
331
22BC
  5
22BA
331
22BD
  5
22BB
331
22BE
  5
22BC
331
22BF
  5
22BD
331
22C0
  5
22BE
331
22C1
  5
22BF
331
22C2
  5
22C0
331
22C3
  5
22C1
331
22C4
  5
22C2
331
22C5
  5
22C3
331
22C6
  5
22C4
331
22C7
  5
22C5
331
22C8
  5
22C6
331
22C9
  5
22C7
331
22CA
  5
22C8
331
22CB
  5
22C9
331
22CC
  5
22CA
331
22CD
  5
22CB
331
22CE
  5
22CC
331
22CF
  5
22CD
331
22D0
  5
22CE
331
22D1
  5
22CF
331
22D2
  5
22D0
331
22D3
  5
22D1
331
22D4
  5
22D2
331
22D5
  5
22D3
331
22D6
  5
22D4
331
22D7
  5
22D5
331
22D8
  5
22D6
331
22D9
  5
22D7
331
22DA
  5
22D8
331
22DB
  5
22D9
331
22DC
  5
22DA
331
22DD
  5
22DB
331
22DE
  5
22DC
331
22DF
  5
22DD
331
22E0
  5
22DE
331
22E1
  5
22DF
331
22E2
  5
22E0
331
22E3
  5
22E1
331
22E4
  5
22E2
331
22E5
  5
22E3
331
22E6
  5
22E4
331
22E7
  5
22E5
331
22E8
  5
22E6
331
22E9
  5
22E7
331
22EA
  5
22E8
331
22EB
  5
22E9
331
22EC
  5
22EA
331
22ED
  5
22EB
331
22EE
  5
22EC
331
22EF
  5
22ED
331
22F0
  5
22EE
331
22F1
  5
22EF
331
22F2
  5
22F0
331
22F3
  5
22F1
331
22F4
  5
22F2
331
22F5
  5
22F3
331
22F6
  5
22F4
331
22F7
  5
22F5
331
22F8
  5
22F6
331
22F9
  5
22F7
331
22FA
  5
22F8
331
22FB
  5
22F9
331
22FC
  5
22FA
331
22FD
  5
22FB
331
22FE
  5
22FC
331
22FF
  5
22FD
331
2300
  5
22FE
331
2301
  5
22FF
331
2302
  5
2300
331
2303
  5
2301
331
2304
  5
2302
331
2305
  5
2303
331
2306
  5
2304
331
2307
  5
2305
331
2308
  5
2306
331
2309
  5
2307
331
230A
  5
2308
331
230B
  5
2309
331
230C
  5
230A
331
230D
  5
230B
331
230E
  5
230C
331
230F
  5
230D
331
2310
  5
230E
331
2311
  5
230F
331
2312
  5
2310
331
2313
  5
2311
331
2314
  5
2312
331
2315
  5
2313
331
2316
  5
2314
331
2317
  5
2315
331
2318
  5
2316
331
2319
  5
2317
331
231A
  5
2318
331
231B
  5
2319
331
231C
  5
231A
331
231D
  5
231B
331
231E
  5
231C
331
231F
  5
231D
331
2320
  5
231E
331
2321
  5
231F
331
2322
  5
2320
331
2323
  5
2321
331
2324
  5
2322
331
2325
  5
2323
331
2326
  5
2324
331
2327
  5
2325
331
2328
  5
2326
331
2329
  5
2327
331
232A
  5
2328
331
232B
  5
2329
331
232C
  5
232A
331
232D
  5
232B
331
232E
  5
232C
331
232F
  5
232D
331
2330
  5
232E
331
2331
  5
232F
331
2332
  5
2330
331
2333
  5
2331
331
2334
  5
2332
331
2335
  5
2333
331
2336
  5
2334
331
2337
  5
2335
331
2338
  5
2336
331
2339
  5
2337
331
233A
  5
2338
331
233B
  5
2339
331
233C
  5
233A
331
233D
  5
233B
331
233E
  5
233C
331
233F
  5
233D
331
2340
  5
233E
331
2341
  5
233F
331
2342
  5
2340
331
2343
  5
2341
331
2344
  5
2342
331
2345
  5
2343
331
2346
  5
2344
331
2347
  5
2345
331
2348
  5
2346
331
2349
  5
2347
331
234A
  5
2348
331
234B
  5
2349
331
234C
  5
234A
331
234D
  5
234B
331
234E
  5
234C
331
234F
  5
234D
331
2350
  5
234E
331
2351
  5
234F
331
2352
  5
2350
331
2353
  5
2351
331
2354
  5
2352
331
2355
  5
2353
331
2356
  5
2354
331
2357
  5
2355
331
2358
  5
2356
331
2359
  5
2357
331
235A
  5
2358
331
235B
  5
2359
331
235C
  5
235A
331
235D
  5
235B
331
235E
  5
235C
331
235F
  5
235D
331
2360
  5
235E
331
2361
  5
235F
331
2362
  5
2360
331
2363
  5
2361
331
2364
  5
2362
331
2365
  5
2363
331
2366
  5
2364
331
2367
  5
2365
331
2368
  5
2366
331
2369
  5
2367
331
236A
  5
2368
331
236B
  5
2369
331
236C
  5
236A
331
236D
  5
236B
331
236E
  5
236C
331
236F
  5
236D
331
2370
  5
236E
331
2371
  5
236F
331
2372
  5
2370
331
2373
  5
2371
331
2374
  5
2372
331
2375
  5
2373
331
2376
  5
2374
331
2377
  5
2375
331
2378
  5
2376
331
2379
  5
2377
331
237A
  5
2378
331
237B
  5
2379
331
237C
  5
237A
331
237D
  5
237B
331
237E
  5
237C
331
237F
  5
237D
331
2380
  5
237E
331
2381
  5
237F
331
2382
  5
2381
331
2383
  5
2382
331
2384
  5
2383
331
2385
  5
2384
331
2386
  5
2385
331
2387
  5
2386
331
2388
  5
2387
331
2389
  5
2388
331
238A
  5
2389
331
238B
  5
238A
331
238C
  5
238B
331
238D
  5
238C
331
238E
  5
238D
331
238F
  5
238E
331
2390
  5
238F
331
2391
  5
2390
331
2392
  5
2391
331
2393
  5
2392
331
2394
  5
2393
331
2395
  5
2394
331
2396
  5
2395
331
2397
  5
2396
331
2398
  5
2397
331
2399
  5
2398
331
239A
  5
2399
331
239B
  5
239A
331
239C
  5
239B
331
239D
  5
239C
331
239E
  5
239D
331
239F
  5
239E
331
23A0
  5
239F
331
23A1
  5
23A0
331
23A2
  5
23A1
331
23A3
  5
23A2
331
23A4
  5
23A3
331
23A5
  5
23A4
331
23A6
  5
23A5
331
23A7
  5
23A6
331
23A8
  5
23A7
331
23A9
  5
23A8
331
23AA
  5
23A9
331
23AB
  5
23AA
331
23AC
  5
23AB
331
23AD
  5
23AC
331
23AE
  5
23AD
331
23AF
  5
23AE
331
23B0
  5
23AF
331
23B1
  5
23B0
331
23B2
  5
23B1
331
23B3
  5
23B2
331
23B4
  5
23B3
331
23B5
  5
23B4
331
23B6
  5
23B5
331
23B7
  5
23B6
331
23B8
  5
23B7
331
23B9
  5
23B8
331
23BA
  5
23B9
331
23BB
  5
23BA
331
23BC
  5
23BB
331
23BD
  5
23BC
331
23BE
  5
23BD
331
23BF
  5
23BE
331
23C0
  5
23BF
331
23C1
  5
23C0
331
23C2
  5
23C1
331
23C3
  5
23C2
331
23C4
  5
23C3
331
23C5
  5
23C4
331
23C6
  5
23C5
331
23C7
  5
23C6
331
23C8
  5
23C7
331
23C9
  5
23C8
331
23CA
  5
23C9
331
23CB
  5
23CA
331
23CC
  5
23CB
331
23CD
  5
23CC
331
23CE
  5
23CD
331
23CF
  5
23CE
331
23D0
  5
23CF
331
23D1
  5
23D0
331
23D2
  5
23D1
331
23D3
  5
23D2
331
23D4
  5
23D3
331
23D5
  5
23D4
331
23D6
  5
23D5
331
23D7
  5
23D6
331
23D8
  5
23D7
331
23D9
  5
23D8
331
23DA
  5
23D9
331
23DB
  5
23DA
331
23DC
  5
23DB
331
23DD
  5
23DC
331
23DE
  5
23DD
331
23DF
  5
23DE
331
23E0
  5
23DF
331
23E1
  5
23E0
331
23E2
  5
23E1
331
23E3
  5
23E2
331
23E4
  5
23E3
331
23E5
  5
23E4
331
23E6
  5
23E5
331
23E7
  5
23E6
331
23E8
  5
23E7
331
23E9
  5
23E8
331
23EA
  5
23E9
331
23EB
  5
23EA
331
23EC
  5
23EB
331
23ED
  5
23EC
331
23EE
  5
23ED
331
23EF
  5
23EE
331
23F0
  5
23EF
331
23F1
  5
23F0
331
23F2
  5
23F1
331
23F3
  5
23F2
331
23F4
  5
23F3
331
23F5
  5
23F4
331
23F6
  5
23F5
331
23F7
  5
23F6
331
23F8
  5
23F7
331
23F9
  5
23F8
331
23FA
  5
23F9
331
23FB
  5
23FA
331
23FC
  5
23FB
331
23FD
  5
23FC
331
23FE
  5
23FD
331
23FF
  5
23FE
331
2400
  5
23FF
331
2401
  5
2400
331
2402
  5
2401
331
2403
  5
2402
331
2404
  5
2403
331
2405
  5
2404
331
2406
  5
2405
331
2407
  5
2406
331
2408
  5
2407
331
2409
  5
2408
331
240A
  5
2409
331
240B
  5
240A
331
240C
  5
240B
331
240D
  5
240C
331
240E
  5
240D
331
240F
  5
240E
331
2410
  5
240F
331
2411
  5
2410
331
2412
  5
2411
331
2413
  5
2412
331
2414
  5
2413
  0
ACDBDETAILVIEWSTYLE
  5
2149
102
{ACAD_XDICTIONARY
360
252A
102
}
102
{ACAD_REACTORS
330
2148
102
}
330
2148
100
AcDbModelDocViewStyle
 70
     0
  3
Metric50
290
     0
100
AcDbDetailViewStyle
 70
     0
 71
     0
 90
        3
 71
     1
340
11
 62
   256
 40
5.0
340
0
 62
   256
 40
5.0
300

 40
0.0
280
     1
 71
     2
340
16
 90
       25
 62
   256
 71
     3
340
11
 62
   256
 40
5.0
 90
        0
 40
15.0
 90
        1
300
%<\AcVar ViewDetailId>% (%<\AcVar ViewScale \f "%sn">%)
 71
     4
340
16
 90
       25
 62
   256
340
16
 90
       25
 62
   256
280
     0
  0
LAYOUT
  5
22
102
{ACAD_XDICTIONARY
360
16D0
102
}
102
{ACAD_REACTORS
330
1A
102
}
330
1A
100
AcDbPlotSettings
  1

  2
none_device
  4
ISO_A4_(210.00_x_297.00_MM)
  6

 40
7.5
 41
20.0
 42
7.5
 43
20.0
 44
210.0
 45
297.0
 46
11.54999923706054
 47
-13.65000009536743
 48
0.0
 49
0.0
140
0.0
141
0.0
142
1.0
143
8.704084754739808
 70
 11952
 72
     1
 73
     0
 74
     0
  7

 75
     0
147
0.1148885871608098
 76
     0
 77
     2
 78
   300
148
0.0
149
0.0
100
AcDbLayout
  1
Model
 70
     1
 71
     0
 10
0.0
 20
0.0
 11
12.0
 21
9.0
 12
0.0
 22
0.0
 32
0.0
 14
0.0
 24
0.0
 34
0.0
 15
0.0
 25
0.0
 35
0.0
146
0.0
 13
0.0
 23
0.0
 33
0.0
 16
1.0
 26
0.0
 36
0.0
 17
0.0
 27
1.0
 37
0.0
 76
     0
330
1F
331
EA
1001
ACAD_PSEXT
1000
None
1000
None
1000
Not applicable
1000
The layout will not be plotted unless a new plotter configuration name is selected.
1070
     0
  0
LAYOUT
  5
D3
102
{ACAD_REACTORS
330
1A
102
}
330
1A
100
AcDbPlotSettings
  1

  2
C:\Documents and Settings\basas\Application Data\Autodesk\AutoCAD 2005\R16.1\enu\plotters\Default Windows System Printer.pc3
  4

  6

 40
0.0
 41
0.0
 42
0.0
 43
0.0
 44
0.0
 45
0.0
 46
0.0
 47
0.0
 48
0.0
 49
0.0
140
0.0
141
0.0
142
1.0
143
1.0
 70
   688
 72
     0
 73
     0
 74
     5
  7

 75
    16
147
1.0
 76
     0
 77
     2
 78
   300
148
0.0
149
0.0
100
AcDbLayout
  1
Presentación1
 70
     1
 71
     1
 10
0.0
 20
0.0
 11
12.0
 21
9.0
 12
0.0
 22
0.0
 32
0.0
 14
0.0
 24
0.0
 34
0.0
 15
0.0
 25
0.0
 35
0.0
146
0.0
 13
0.0
 23
0.0
 33
0.0
 16
1.0
 26
0.0
 36
0.0
 17
0.0
 27
1.0
 37
0.0
 76
     0
330
D2
  0
LAYOUT
  5
D7
102
{ACAD_REACTORS
330
1A
102
}
330
1A
100
AcDbPlotSettings
  1

  2
C:\Documents and Settings\basas\Application Data\Autodesk\AutoCAD 2005\R16.1\enu\plotters\Default Windows System Printer.pc3
  4

  6

 40
0.0
 41
0.0
 42
0.0
 43
0.0
 44
0.0
 45
0.0
 46
0.0
 47
0.0
 48
0.0
 49
0.0
140
0.0
141
0.0
142
1.0
143
1.0
 70
   688
 72
     0
 73
     0
 74
     5
  7

 75
    16
147
1.0
 76
     0
 77
     2
 78
   300
148
0.0
149
0.0
100
AcDbLayout
  1
Presentación2
 70
     1
 71
     2
 10
0.0
 20
0.0
 11
12.0
 21
9.0
 12
0.0
 22
0.0
 32
0.0
 14
0.0
 24
0.0
 34
0.0
 15
0.0
 25
0.0
 35
0.0
146
0.0
 13
0.0
 23
0.0
 33
0.0
 16
1.0
 26
0.0
 36
0.0
 17
0.0
 27
1.0
 37
0.0
 76
     0
330
D6
  0
MATERIAL
  5
ED
102
{ACAD_XDICTIONARY
360
350
102
}
102
{ACAD_REACTORS
330
6A
102
}
330
6A
100
AcDbMaterial
  1
ByBlock
  0
MATERIAL
  5
EC
102
{ACAD_XDICTIONARY
360
34E
102
}
102
{ACAD_REACTORS
330
6A
102
}
330
6A
100
AcDbMaterial
  1
ByLayer
  0
MATERIAL
  5
EE
102
{ACAD_XDICTIONARY
360
173
102
}
102
{ACAD_REACTORS
330
6A
102
}
330
6A
100
AcDbMaterial
  1
Global
 43
0.0007999999797903
 43
0.0
 43
0.0
 43
0.0
 43
0.0
 43
0.0007999999797903
 43
0.0
 43
0.0
 43
0.0
 43
0.0
 43
1.0
 43
0.0
 43
0.0
 43
0.0
 43
0.0
 43
1.0
 49
0.0007999999797903
 49
0.0
 49
0.0
 49
0.0
 49
0.0
 49
0.0007999999797903
 49
0.0
 49
0.0
 49
0.0
 49
0.0
 49
1.0
 49
0.0
 49
0.0
 49
0.0
 49
0.0
 49
1.0
142
0.0007999999797903
142
0.0
142
0.0
142
0.0
142
0.0
142
0.0007999999797903
142
0.0
142
0.0
142
0.0
142
0.0
142
1.0
142
0.0
142
0.0
142
0.0
142
0.0
142
1.0
144
0.0007999999797903
144
0.0
144
0.0
144
0.0
144
0.0
144
0.0007999999797903
144
0.0
144
0.0
144
0.0
144
0.0
144
1.0
144
0.0
144
0.0
144
0.0
144
0.0
144
1.0
1001
ACAD
1070
    -1
1070
     3
1070
     0
1000

1071
        0
1070
     0
  0
MLEADERSTYLE
  5
12E
102
{ACAD_REACTORS
330
12D
102
}
330
12D
100
AcDbMLeaderStyle
170
     2
171
     1
172
     0
 90
        2
 40
0.0
 41
0.0
173
     1
 91
-1056964608
340
14
 92
       -2
290
     1
 42
2.0
291
     1
 43
8.0
  3
Standard
 44
4.0
300

342
11
174
     1
178
     1
175
     1
176
     0
 93
-1056964608
 45
4.0
292
     0
297
     0
 46
4.0
 94
-1056964608
 47
1.0
 49
1.0
140
1.0
293
     1
141
0.0
294
     1
177
     0
142
1.0
295
     0
296
     0
143
3.75
1001
ACAD_MLEADERVER
1070
     2
  0
MLINESTYLE
  5
18
102
{ACAD_REACTORS
330
17
102
}
330
17
100
AcDbMlineStyle
  2
STANDARD
 70
     0
  3

 62
   256
 51
90.0
 52
90.0
 71
     2
 49
0.5
 62
   256
  6
BYLAYER
 49
-0.5
 62
   256
  6
BYLAYER
  0
ACDBPLACEHOLDER
  5
F
102
{ACAD_REACTORS
330
E
102
}
330
E
  0
SCALE
  5
10D
102
{ACAD_REACTORS
330
10C
102
}
330
10C
100
AcDbScale
 70
     0
300
1:1
140
1.0
141
1.0
290
     1
  0
SCALE
  5
1BE
102
{ACAD_REACTORS
330
10C
102
}
330
10C
100
AcDbScale
 70
     0
300
1:2
140
1.0
141
2.0
290
     0
  0
SCALE
  5
1BF
102
{ACAD_REACTORS
330
10C
102
}
330
10C
100
AcDbScale
 70
     0
300
1:4
140
1.0
141
4.0
290
     0
  0
SCALE
  5
1C0
102
{ACAD_REACTORS
330
10C
102
}
330
10C
100
AcDbScale
 70
     0
300
1:5
140
1.0
141
5.0
290
     0
  0
SCALE
  5
1C1
102
{ACAD_REACTORS
330
10C
102
}
330
10C
100
AcDbScale
 70
     0
300
1:8
140
1.0
141
8.0
290
     0
  0
SCALE
  5
1C2
102
{ACAD_REACTORS
330
10C
102
}
330
10C
100
AcDbScale
 70
     0
300
1:10
140
1.0
141
10.0
290
     0
  0
SCALE
  5
1C3
102
{ACAD_REACTORS
330
10C
102
}
330
10C
100
AcDbScale
 70
     0
300
1:16
140
1.0
141
16.0
290
     0
  0
SCALE
  5
1C4
102
{ACAD_REACTORS
330
10C
102
}
330
10C
100
AcDbScale
 70
     0
300
1:20
140
1.0
141
20.0
290
     0
  0
SCALE
  5
1C5
102
{ACAD_REACTORS
330
10C
102
}
330
10C
100
AcDbScale
 70
     0
300
1:30
140
1.0
141
30.0
290
     0
  0
SCALE
  5
1C6
102
{ACAD_REACTORS
330
10C
102
}
330
10C
100
AcDbScale
 70
     0
300
1:40
140
1.0
141
40.0
290
     0
  0
SCALE
  5
1C7
102
{ACAD_REACTORS
330
10C
102
}
330
10C
100
AcDbScale
 70
     0
300
1:50
140
1.0
141
50.0
290
     0
  0
SCALE
  5
1C8
102
{ACAD_REACTORS
330
10C
102
}
330
10C
100
AcDbScale
 70
     0
300
1:100
140
1.0
141
100.0
290
     0
  0
SCALE
  5
1C9
102
{ACAD_REACTORS
330
10C
102
}
330
10C
100
AcDbScale
 70
     0
300
2:1
140
2.0
141
1.0
290
     0
  0
SCALE
  5
1CA
102
{ACAD_REACTORS
330
10C
102
}
330
10C
100
AcDbScale
 70
     0
300
4:1
140
4.0
141
1.0
290
     0
  0
SCALE
  5
1CB
102
{ACAD_REACTORS
330
10C
102
}
330
10C
100
AcDbScale
 70
     0
300
8:1
140
8.0
141
1.0
290
     0
  0
SCALE
  5
1CC
102
{ACAD_REACTORS
330
10C
102
}
330
10C
100
AcDbScale
 70
     0
300
10:1
140
10.0
141
1.0
290
     0
  0
SCALE
  5
1CD
102
{ACAD_REACTORS
330
10C
102
}
330
10C
100
AcDbScale
 70
     0
300
100:1
140
100.0
141
1.0
290
     0
  0
ACDBSECTIONVIEWSTYLE
  5
2147
102
{ACAD_XDICTIONARY
360
2528
102
}
102
{ACAD_REACTORS
330
2146
102
}
330
2146
100
AcDbModelDocViewStyle
 70
     0
  3
Metric50
290
     0
100
AcDbSectionViewStyle
 70
     0
 71
     0
 90
      102
 71
     1
340
11
 62
   256
 40
5.0
340
0
340
0
 62
   256
 40
5.0
300
I, O, Q, S, X, Z
 40
10.0
 90
        0
 40
2.5
 90
        0
 71
     2
340
16
 90
       25
 62
   256
340
16
 90
       50
 62
   256
 40
5.0
 40
2.5
 40
5.0
 71
     3
340
11
 62
   256
 40
5.0
 90
        0
 40
15.0
 90
        1
300
%<\AcVar ViewSectionStartId>%-%<\AcVar ViewSectionEndId>% (%<\AcVar ViewScale \f "%sn">%)
 71
     4
 62
   256
 62
   257
300
ANSI31
 40
1.0
 90
        0
290
     0
290
     0
 90
        6
 40
0.0
 40
1.570796326794896
 40
0.2617993877991494
 40
1.308996938995747
 40
-0.2617993877991494
 40
1.832595714594044
  0
TABLESTYLE
  5
7F
102
{ACAD_XDICTIONARY
360
162
102
}
102
{ACAD_REACTORS
330
7E
102
}
330
7E
100
AcDbTableStyle
  3
Standard
 70
     0
 71
     0
 40
1.5
 41
1.5
280
     0
281
     0
  7
Standard
140
4.5
170
     2
 62
     0
 63
     7
283
     0
274
    -2
284
     1
 64
     0
275
    -2
285
     1
 65
     0
276
    -2
286
     1
 66
     0
277
    -2
287
     1
 67
     0
278
    -2
288
     1
 68
     0
279
    -2
289
     1
 69
     0
  7
Standard
140
6.0
170
     5
 62
     0
 63
     7
283
     0
274
    -2
284
     1
 64
     0
275
    -2
285
     1
 65
     0
276
    -2
286
     1
 66
     0
277
    -2
287
     1
 67
     0
278
    -2
288
     1
 68
     0
279
    -2
289
     1
 69
     0
  7
Standard
140
4.5
170
     5
 62
     0
 63
     7
283
     0
274
    -2
284
     1
 64
     0
275
    -2
285
     1
 65
     0
276
    -2
286
     1
 66
     0
277
    -2
287
     1
 67
     0
278
    -2
288
     1
 68
     0
279
    -2
289
     1
 69
     0
  0
VISUALSTYLE
  5
F5
102
{ACAD_XDICTIONARY
360
24FE
102
}
102
{ACAD_REACTORS
330
EF
102
}
330
EF
100
AcDbVisualStyle
  2

 70
     4
 71
     0
 72
     2
 73
     1
 90
        0
 40
-0.6
 41
-30.0
 62
     5
 63
     7
 74
     1
 91
        4
 64
     7
 65
   257
 75
     1
175
     1
 42
1.0
 92
        0
 66
   257
 43
1.0
 76
     1
 77
     6
 78
     2
 67
     7
 79
     5
170
     0
171
     0
290
     0
174
     0
 93
        1
 44
0.0
173
     0
291
     0
 45
0.0
1001
ACAD
1000
AcDbSavedByObjectVersion
1070
     0
  0
VISUALSTYLE
  5
F7
102
{ACAD_XDICTIONARY
360
2502
102
}
102
{ACAD_REACTORS
330
EF
102
}
330
EF
100
AcDbVisualStyle
  2

 70
     6
 71
     1
 72
     2
 73
     2
 90
        0
 40
-0.6
 41
-30.0
 62
     5
 63
     7
 74
     2
 91
        2
 64
     7
 65
   257
 75
     2
175
     1
 42
40.0
 92
        0
 66
   257
 43
1.0
 76
     1
 77
     6
 78
     2
 67
     7
 79
     3
170
     0
171
     0
290
     0
174
     0
 93
        1
 44
0.0
173
     0
291
     0
 45
0.0
1001
ACAD
1000
AcDbSavedByObjectVersion
1070
     0
  0
VISUALSTYLE
  5
F6
102
{ACAD_XDICTIONARY
360
2500
102
}
102
{ACAD_REACTORS
330
EF
102
}
330
EF
100
AcDbVisualStyle
  2

 70
     5
 71
     0
 72
     2
 73
     1
 90
        0
 40
-0.6
 41
-30.0
 62
     5
 63
     7
 74
     1
 91
        4
 64
     7
 65
   257
 75
     1
175
     1
 42
1.0
 92
        0
 66
   257
 43
1.0
 76
     1
 77
     6
 78
     2
 67
     7
 79
     5
170
     0
171
     0
290
     0
174
     0
 93
        1
 44
0.0
173
     0
291
     0
 45
0.0
1001
ACAD
1000
AcDbSavedByObjectVersion
1070
     0
  0
VISUALSTYLE
  5
F4
102
{ACAD_XDICTIONARY
360
24FC
102
}
102
{ACAD_REACTORS
330
EF
102
}
330
EF
100
AcDbVisualStyle
  2

 70
     7
 71
     1
 72
     0
 73
     1
 90
        0
 40
-0.6
 41
-30.0
 62
     5
 63
     7
 74
     0
 91
        4
 64
     7
 65
   257
 75
     1
175
     1
 42
1.0
 92
        8
 66
     7
 43
1.0
 76
     1
 77
     6
 78
     2
 67
     7
 79
     5
170
     0
171
     0
290
     0
174
     0
 93
        1
 44
0.0
173
     0
291
     1
 45
0.0
1001
ACAD
1000
AcDbSavedByObjectVersion
1070
     0
  0
VISUALSTYLE
  5
FB
102
{ACAD_XDICTIONARY
360
250A
102
}
102
{ACAD_REACTORS
330
EF
102
}
330
EF
100
AcDbVisualStyle
  2

 70
    12
 71
     2
 72
     2
 73
     1
 90
        0
 40
-0.6
 41
-30.0
 62
     5
 63
     7
 74
     1
 91
        4
 64
     7
 65
   257
 75
     1
175
     1
 42
1.0
 92
        8
 66
     7
 43
1.0
 76
     1
 77
     6
 78
     2
 67
     7
 79
     5
170
     0
171
     0
290
     0
174
     0
 93
        1
 44
50.0
173
     0
291
     1
 45
0.0
1001
ACAD
1000
AcDbSavedByObjectVersion
1070
     0
  0
VISUALSTYLE
  5
FF
102
{ACAD_XDICTIONARY
360
2512
102
}
102
{ACAD_REACTORS
330
EF
102
}
330
EF
100
AcDbVisualStyle
  2

 70
    16
 71
     2
 72
     2
 73
     3
 90
        0
 40
-0.6
 41
-30.0
 62
     5
 63
     8
 74
     1
 91
        4
 64
     7
 65
   257
 75
     1
175
     1
 42
1.0
 92
        8
 66
     8
 43
1.0
 76
     1
 77
     6
 78
     2
 67
     7
 79
     5
170
     0
171
     0
290
     0
174
     0
 93
        1
 44
0.0
173
     0
291
     1
 45
0.0
1001
ACAD
1000
AcDbSavedByObjectVersion
1070
     0
  0
VISUALSTYLE
  5
F8
102
{ACAD_XDICTIONARY
360
2504
102
}
102
{ACAD_REACTORS
330
EF
102
}
330
EF
100
AcDbVisualStyle
  2

 70
     9
 71
     3
 72
     2
 73
     1
 90
        0
 40
-0.6
 41
-30.0
 62
     5
 63
     7
 74
     2
 91
        2
 64
     7
 65
   257
 75
     1
175
     1
 42
40.0
 92
        8
 66
     7
 43
1.0
 76
     1
 77
     6
 78
     2
 67
     7
 79
     3
170
     0
171
     0
290
     0
174
     0
 93
        1
 44
0.0
173
     0
291
     0
 45
0.0
1001
ACAD
1000
AcDbSavedByObjectVersion
1070
     0
  0
VISUALSTYLE
  5
FA
102
{ACAD_XDICTIONARY
360
2508
102
}
102
{ACAD_REACTORS
330
EF
102
}
330
EF
100
AcDbVisualStyle
  2

 70
    11
 71
     2
 72
     2
 73
     1
 90
        0
 40
-0.6
 41
-30.0
 62
     5
 63
     7
 74
     1
 91
        4
 64
     7
 65
   257
 75
     1
175
     1
 42
1.0
 92
        8
 66
     7
 43
1.0
 76
     1
 77
     6
 78
     2
 67
     7
 79
     5
170
     0
171
     0
290
     0
174
     0
 93
        1
 44
-50.0
173
     0
291
     1
 45
0.0
1001
ACAD
1000
AcDbSavedByObjectVersion
1070
     0
  0
VISUALSTYLE
  5
1E6
102
{ACAD_XDICTIONARY
360
2518
102
}
102
{ACAD_REACTORS
330
EF
102
}
330
EF
100
AcDbVisualStyle
  2

 70
    22
 71
     2
 72
     2
 73
     0
 90
        0
 40
-0.6
 41
-30.0
 62
     5
 63
     7
 74
     1
 91
        4
 64
     7
 65
   257
 75
     1
175
     1
 42
1.0
 92
        8
 66
     7
 43
1.0
 76
     1
 77
     6
 78
     2
 67
     7
 79
     5
170
     0
171
     0
290
     0
174
     0
 93
        1
 44
0.0
173
     0
291
     1
 45
0.0
1001
ACAD
1000
AcDbSavedByObjectVersion
1070
     0
  0
VISUALSTYLE
  5
FE
102
{ACAD_XDICTIONARY
360
2510
102
}
102
{ACAD_REACTORS
330
EF
102
}
330
EF
100
AcDbVisualStyle
  2

 70
    15
 71
     2
 72
     2
 73
     1
 90
        0
 40
-0.6
 41
-30.0
 62
     5
 63
     7
 74
     1
 91
        4
 64
     7
 65
   257
 75
     1
175
     1
 42
1.0
 92
        8
 66
     7
 43
1.0
 76
     1
 77
     6
 78
     2
 67
     7
 79
     5
170
     0
171
     0
290
     0
174
     0
 93
        1
 44
0.0
173
     0
291
     1
 45
0.0
1001
ACAD
1000
AcDbSavedByObjectVersion
1070
     0
  0
VISUALSTYLE
  5
F0
102
{ACAD_XDICTIONARY
360
24F4
102
}
102
{ACAD_REACTORS
330
EF
102
}
330
EF
100
AcDbVisualStyle
  2

 70
     0
 71
     2
 72
     1
 73
     1
 90
        2
 40
-0.6
 41
30.0
 62
     5
 63
     7
 74
     0
 91
        4
 64
     7
 65
   257
 75
     1
175
     1
 42
1.0
 92
        8
 66
     7
 43
1.0
 76
     1
 77
     6
 78
     2
 67
     7
 79
     5
170
     0
171
     0
290
     0
174
     0
 93
        1
 44
0.0
173
     0
291
     1
 45
0.0
1001
ACAD
1000
AcDbSavedByObjectVersion
1070
     0
  0
VISUALSTYLE
  5
F1
102
{ACAD_XDICTIONARY
360
24F6
102
}
102
{ACAD_REACTORS
330
EF
102
}
330
EF
100
AcDbVisualStyle
  2

 70
     1
 71
     2
 72
     1
 73
     1
 90
        2
 40
-0.6
 41
30.0
 62
     5
 63
     7
 74
     1
 91
        4
 64
     7
 65
   257
 75
     1
175
     1
 42
1.0
 92
        0
 66
   257
 43
1.0
 76
     1
 77
     6
 78
     2
 67
     7
 79
     5
170
     0
171
     0
290
     0
174
     0
 93
        1
 44
0.0
173
     0
291
     1
 45
0.0
1001
ACAD
1000
AcDbSavedByObjectVersion
1070
     0
  0
VISUALSTYLE
  5
F2
102
{ACAD_XDICTIONARY
360
24F8
102
}
102
{ACAD_REACTORS
330
EF
102
}
330
EF
100
AcDbVisualStyle
  2

 70
     2
 71
     2
 72
     2
 73
     1
 90
        2
 40
-0.6
 41
30.0
 62
     5
 63
     7
 74
     0
 91
        4
 64
     7
 65
   257
 75
     1
175
     1
 42
1.0
 92
        0
 66
     7
 43
1.0
 76
     1
 77
     6
 78
     2
 67
     7
 79
     5
170
     0
171
     0
290
     0
174
     0
 93
        1
 44
0.0
173
     0
291
     1
 45
0.0
1001
ACAD
1000
AcDbSavedByObjectVersion
1070
     0
  0
VISUALSTYLE
  5
F3
102
{ACAD_XDICTIONARY
360
24FA
102
}
102
{ACAD_REACTORS
330
EF
102
}
330
EF
100
AcDbVisualStyle
  2

 70
     3
 71
     2
 72
     2
 73
     1
 90
        2
 40
-0.6
 41
30.0
 62
     5
 63
     7
 74
     1
 91
        4
 64
     7
 65
   257
 75
     1
175
     1
 42
1.0
 92
        0
 66
   257
 43
1.0
 76
     1
 77
     6
 78
     2
 67
     7
 79
     5
170
     0
171
     0
290
     0
174
     0
 93
        1
 44
0.0
173
     0
291
     1
 45
0.0
1001
ACAD
1000
AcDbSavedByObjectVersion
1070
     0
  0
VISUALSTYLE
  5
2140
102
{ACAD_XDICTIONARY
360
251C
102
}
102
{ACAD_REACTORS
330
EF
102
}
330
EF
100
AcDbVisualStyle
  2

 70
     6
 71
     1
 72
     2
 73
     2
 90
        0
 40
-0.6
 41
-30.0
 62
     5
 63
     7
421
 16777215
 74
     2
 91
        2
 64
     7
 65
   257
 75
     2
175
     1
 42
40.0
 92
        0
 66
   257
 43
1.0
 76
     1
 77
     6
 78
     2
 67
     7
 79
     3
170
     0
171
     0
290
     0
174
     0
 93
        1
 44
0.0
173
     0
291
     0
 45
0.0
1001
ACAD
1000
AcDbSavedByObjectVersion
1070
     0
  0
VISUALSTYLE
  5
1E4
102
{ACAD_XDICTIONARY
360
2514
102
}
102
{ACAD_REACTORS
330
EF
102
}
330
EF
100
AcDbVisualStyle
  2

 70
    20
 71
     2
 72
     2
 73
     0
 90
        0
 40
-0.6
 41
-30.0
 62
     5
 63
     7
 74
     1
 91
        4
 64
     7
 65
   257
 75
     1
175
     1
 42
1.0
 92
       10
 66
     7
 43
1.0
 76
     1
 77
     6
 78
     2
 67
     7
 79
     5
170
     0
171
     0
290
     0
174
     0
 93
        1
 44
0.0
173
     0
291
     1
 45
0.0
1001
ACAD
1000
AcDbSavedByObjectVersion
1070
     0
  0
VISUALSTYLE
  5
FD
102
{ACAD_XDICTIONARY
360
250E
102
}
102
{ACAD_REACTORS
330
EF
102
}
330
EF
100
AcDbVisualStyle
  2

 70
    14
 71
     2
 72
     2
 73
     1
 90
        0
 40
-0.6
 41
-30.0
 62
     5
 63
     7
 74
     1
 91
        4
 64
     7
 65
   257
 75
     7
175
     7
 42
1.0
 92
        8
 66
     7
 43
1.0
 76
     1
 77
     6
 78
     2
 67
     7
 79
     5
170
     0
171
     0
290
     0
174
     0
 93
        1
 44
0.0
173
     0
291
     1
 45
0.0
1001
ACAD
1000
AcDbSavedByObjectVersion
1070
     0
  0
VISUALSTYLE
  5
1E5
102
{ACAD_XDICTIONARY
360
2516
102
}
102
{ACAD_REACTORS
330
EF
102
}
330
EF
100
AcDbVisualStyle
  2

 70
    21
 71
     2
 72
     2
 73
     0
 90
        0
 40
-0.6
 41
-30.0
 62
     5
 63
     7
 74
     1
 91
        4
 64
     7
 65
   257
 75
     1
175
     1
 42
1.0
 92
        9
 66
     7
 43
1.0
 76
     1
 77
     6
 78
     2
 67
     7
 79
     5
170
     0
171
     0
290
     0
174
     0
 93
        1
 44
0.0
173
     0
291
     1
 45
0.0
1001
ACAD
1000
AcDbSavedByObjectVersion
1070
     0
  0
VISUALSTYLE
  5
F9
102
{ACAD_XDICTIONARY
360
2506
102
}
102
{ACAD_REACTORS
330
EF
102
}
330
EF
100
AcDbVisualStyle
  2

 70
     8
 71
     2
 72
     2
 73
     1
 90
        0
 40
-0.6
 41
-30.0
 62
     5
 63
     7
 74
     1
 91
        0
 64
     7
 65
   257
 75
     1
175
     1
 42
1.0
 92
        8
 66
     8
 43
1.0
 76
     1
 77
     6
 78
     2
 67
     7
 79
     5
170
     0
171
     0
290
     0
174
     0
 93
       13
 44
0.0
173
     0
291
     0
 45
0.0
1001
ACAD
1000
AcDbSavedByObjectVersion
1070
     0
  0
VISUALSTYLE
  5
2145
102
{ACAD_XDICTIONARY
360
2526
102
}
102
{ACAD_REACTORS
330
EF
102
}
330
EF
100
AcDbVisualStyle
  2

 70
    27
 71
     2
 72
     2
 73
     1
 90
        2
 40
-0.6
 41
30.0
 62
     5
 63
     7
421
 16777215
 74
     0
 91
        4
 64
     7
 65
   257
 75
     1
175
     1
 42
1.0
 92
        8
 66
   257
 43
1.0
 76
     1
 77
     6
 78
     2
 67
     8
425
  7895160
 79
     3
170
     0
171
     0
290
     0
174
     0
 93
        5
 44
0.0
173
     0
291
     0
 45
0.0
1001
ACAD
1000
AcDbSavedByObjectVersion
1070
     0
  0
VISUALSTYLE
  5
2144
102
{ACAD_XDICTIONARY
360
2524
102
}
102
{ACAD_REACTORS
330
EF
102
}
330
EF
100
AcDbVisualStyle
  2

 70
    26
 71
     2
 72
     2
 73
     1
 90
        2
 40
-0.6
 41
30.0
 62
     5
 63
     7
421
 16777215
 74
     1
 91
        2
 64
     7
 65
   257
 75
     2
175
     1
 42
1.0
 92
        8
 66
   257
 43
1.0
 76
     1
 77
     6
 78
     2
 67
     7
 79
     3
170
     0
171
     0
290
     0
174
     0
 93
        5
 44
0.0
173
     0
291
     0
 45
0.0
1001
ACAD
1000
AcDbSavedByObjectVersion
1070
     0
  0
VISUALSTYLE
  5
2141
102
{ACAD_XDICTIONARY
360
251E
102
}
102
{ACAD_REACTORS
330
EF
102
}
330
EF
100
AcDbVisualStyle
  2

 70
    23
 71
     2
 72
     2
 73
     3
 90
        0
 40
-0.6
 41
-30.0
 62
     5
 63
     7
421
 16777215
 74
     2
 91
        2
 64
     7
 65
     7
 75
     1
175
     1
 42
40.0
 92
        8
 66
     7
 43
1.0
 76
     1
 77
     6
 78
     2
 67
     7
 79
     3
170
     0
171
     0
290
     0
174
     0
 93
        1
 44
0.0
173
     0
291
     0
 45
0.0
1001
ACAD
1000
AcDbSavedByObjectVersion
1070
     0
  0
VISUALSTYLE
  5
2142
102
{ACAD_XDICTIONARY
360
2520
102
}
102
{ACAD_REACTORS
330
EF
102
}
330
EF
100
AcDbVisualStyle
  2

 70
    24
 71
     1
 72
     2
 73
     2
 90
        0
 40
-0.6
 41
-30.0
 62
     5
 63
     7
421
 16777215
 74
     2
 91
        2
 64
     7
 65
     7
 75
     1
175
     1
 42
40.0
 92
       11
 66
     7
 43
1.0
 76
     1
 77
     6
 78
     2
 67
     7
 79
     6
170
     0
171
     0
290
     0
174
     0
 93
        1
 44
0.0
173
     0
291
     0
 45
0.0
1001
ACAD
1000
AcDbSavedByObjectVersion
1070
     0
  0
VISUALSTYLE
  5
FC
102
{ACAD_XDICTIONARY
360
250C
102
}
102
{ACAD_REACTORS
330
EF
102
}
330
EF
100
AcDbVisualStyle
  2

 70
    13
 71
     2
 72
     2
 73
     1
 90
        0
 40
-0.6
 41
-30.0
 62
     5
 63
     7
 74
     1
 91
        4
 64
     7
 65
   257
 75
     1
175
     1
 42
1.0
 92
       12
 66
     7
 43
1.0
 76
     1
 77
     6
 78
     2
 67
     7
 79
     5
170
     0
171
     0
290
     0
174
     0
 93
        1
 44
0.0
173
     0
291
     1
 45
0.0
1001
ACAD
1000
AcDbSavedByObjectVersion
1070
     0
  0
VISUALSTYLE
  5
213F
102
{ACAD_XDICTIONARY
360
251A
102
}
102
{ACAD_REACTORS
330
EF
102
}
330
EF
100
AcDbVisualStyle
  2

 70
     5
 71
     0
 72
     2
 73
     0
 90
        0
 40
-0.6
 41
-30.0
 62
     5
 63
     7
421
 16777215
 74
     1
 91
        4
 64
     7
 65
   257
 75
     1
175
     1
 42
1.0
 92
        0
 66
   257
 43
1.0
 76
     1
 77
     6
 78
     2
 67
     7
 79
     3
170
     0
171
     0
290
     0
174
     0
 93
        1
 44
0.0
173
     0
291
     0
 45
0.0
1001
ACAD
1000
AcDbSavedByObjectVersion
1070
     0
  0
VISUALSTYLE
  5
2143
102
{ACAD_XDICTIONARY
360
2522
102
}
102
{ACAD_REACTORS
330
EF
102
}
330
EF
100
AcDbVisualStyle
  2

 70
    25
 71
     2
 72
     2
 73
     1
 90
        1
 40
0.5
 41
-30.0
 62
     5
 63
     7
421
 16777215
 74
     1
 91
        0
 64
     7
 65
   257
 75
     1
175
     1
 42
1.0
 92
        8
 66
     7
 43
1.0
 76
     1
 77
     6
 78
     2
 67
     7
 79
     3
170
     0
171
     0
290
     0
174
     0
 93
       13
 44
0.0
173
     0
291
     0
 45
0.0
1001
ACAD
1000
AcDbSavedByObjectVersion
1070
     0
  0
DICTIONARYVAR
  5
146
102
{ACAD_REACTORS
330
5E
102
}
330
5E
100
DictionaryVariables
280
     0
  1
1:1
  0
DICTIONARYVAR
  5
145
102
{ACAD_REACTORS
330
5E
102
}
330
5E
100
DictionaryVariables
280
     0
  1
STANDARD
  0
DICTIONARYVAR
  5
84
102
{ACAD_REACTORS
330
5E
102
}
330
5E
100
DictionaryVariables
280
     0
  1
STANDARD
  0
DICTIONARYVAR
  5
2180
102
{ACAD_REACTORS
330
5E
102
}
330
5E
100
DictionaryVariables
280
     0
  1
Metric50
  0
DICTIONARYVAR
  5
2181
102
{ACAD_REACTORS
330
5E
102
}
330
5E
100
DictionaryVariables
280
     0
  1
Metric50
  0
DICTIONARYVAR
  5
5F
102
{ACAD_REACTORS
330
5E
102
}
330
5E
100
DictionaryVariables
280
     0
  1
2
  0
DICTIONARYVAR
  5
63
102
{ACAD_REACTORS
330
5E
102
}
330
5E
100
DictionaryVariables
280
     0
  1
1
  0
DICTIONARYVAR
  5
30B
102
{ACAD_REACTORS
330
5E
102
}
330
5E
100
DictionaryVariables
280
     0
  1
0
  0
DICTIONARYVAR
  5
1AE
102
{ACAD_REACTORS
330
5E
102
}
330
5E
100
DictionaryVariables
280
     0
  1
0
  0
DICTIONARYVAR
  5
1AF
102
{ACAD_REACTORS
330
5E
102
}
330
5E
100
DictionaryVariables
280
     0
  1
0
  0
DICTIONARYVAR
  5
309
102
{ACAD_REACTORS
330
5E
102
}
330
5E
100
DictionaryVariables
280
     0
  1
2
  0
DICTIONARYVAR
  5
308
102
{ACAD_REACTORS
330
5E
102
}
330
5E
100
DictionaryVariables
280
     0
  1
1
  0
DICTIONARYVAR
  5
24EF
102
{ACAD_REACTORS
330
5E
102
}
330
5E
100
DictionaryVariables
280
     0
  1
80.000000
  0
DICTIONARYVAR
  5
24EE
102
{ACAD_REACTORS
330
5E
102
}
330
5E
100
DictionaryVariables
280
     0
  1
5.000000
  0
DICTIONARYVAR
  5
30A
102
{ACAD_REACTORS
330
5E
102
}
330
5E
100
DictionaryVariables
280
     0
  1
127
  0
DICTIONARYVAR
  5
24F0
102
{ACAD_REACTORS
330
5E
102
}
330
5E
100
DictionaryVariables
280
     0
  1
2
  0
DICTIONARY
  5
252A
330
2149
100
AcDbDictionary
280
     1
281
     1
  3
ACAD_XREC_ROUNDTRIP
360
252B
  0
DICTIONARY
  5
16D0
330
22
100
AcDbDictionary
280
     1
281
     1
  3
ADSK_XREC_LAYOUTTHUMBNAIL
360
16D1
  0
DICTIONARY
  5
350
330
ED
100
AcDbDictionary
280
     1
281
     1
  3
ACAD_XREC_ROUNDTRIP
360
351
  0
DICTIONARY
  5
34E
330
EC
100
AcDbDictionary
280
     1
281
     1
  3
ACAD_XREC_ROUNDTRIP
360
34F
  0
DICTIONARY
  5
173
330
EE
100
AcDbDictionary
280
     1
281
     1
  3
ACAD_XREC_ROUNDTRIP
360
352
  3
BUMPTILE
360
175
  3
DIFFUSETILE
360
174
  3
OPACITYTILE
360
176
  3
REFLECTIONTILE
360
177
  0
DICTIONARY
  5
2528
330
2147
100
AcDbDictionary
280
     1
281
     1
  3
ACAD_XREC_ROUNDTRIP
360
2529
  0
DICTIONARY
  5
162
330
7F
100
AcDbDictionary
280
     1
281
     1
  3
ACAD_ROUNDTRIP_2008_TABLESTYLE_CELLSTYLEMAP
360
24F1
  3
ACAD_XREC_ROUNDTRIP
360
24F3
  0
DICTIONARY
  5
24FE
330
F5
100
AcDbDictionary
280
     1
281
     1
  3
ACAD_XREC_ROUNDTRIP
360
24FF
  0
DICTIONARY
  5
2502
330
F7
100
AcDbDictionary
280
     1
281
     1
  3
ACAD_XREC_ROUNDTRIP
360
2503
  0
DICTIONARY
  5
2500
330
F6
100
AcDbDictionary
280
     1
281
     1
  3
ACAD_XREC_ROUNDTRIP
360
2501
  0
DICTIONARY
  5
24FC
330
F4
100
AcDbDictionary
280
     1
281
     1
  3
ACAD_XREC_ROUNDTRIP
360
24FD
  0
DICTIONARY
  5
250A
330
FB
100
AcDbDictionary
280
     1
281
     1
  3
ACAD_XREC_ROUNDTRIP
360
250B
  0
DICTIONARY
  5
2512
330
FF
100
AcDbDictionary
280
     1
281
     1
  3
ACAD_XREC_ROUNDTRIP
360
2513
  0
DICTIONARY
  5
2504
330
F8
100
AcDbDictionary
280
     1
281
     1
  3
ACAD_XREC_ROUNDTRIP
360
2505
  0
DICTIONARY
  5
2508
330
FA
100
AcDbDictionary
280
     1
281
     1
  3
ACAD_XREC_ROUNDTRIP
360
2509
  0
DICTIONARY
  5
2518
330
1E6
100
AcDbDictionary
280
     1
281
     1
  3
ACAD_XREC_ROUNDTRIP
360
2519
  0
DICTIONARY
  5
2510
330
FE
100
AcDbDictionary
280
     1
281
     1
  3
ACAD_XREC_ROUNDTRIP
360
2511
  0
DICTIONARY
  5
24F4
330
F0
100
AcDbDictionary
280
     1
281
     1
  3
ACAD_XREC_ROUNDTRIP
360
24F5
  0
DICTIONARY
  5
24F6
330
F1
100
AcDbDictionary
280
     1
281
     1
  3
ACAD_XREC_ROUNDTRIP
360
24F7
  0
DICTIONARY
  5
24F8
330
F2
100
AcDbDictionary
280
     1
281
     1
  3
ACAD_XREC_ROUNDTRIP
360
24F9
  0
DICTIONARY
  5
24FA
330
F3
100
AcDbDictionary
280
     1
281
     1
  3
ACAD_XREC_ROUNDTRIP
360
24FB
  0
DICTIONARY
  5
251C
330
2140
100
AcDbDictionary
280
     1
281
     1
  3
ACAD_XREC_ROUNDTRIP
360
251D
  0
DICTIONARY
  5
2514
330
1E4
100
AcDbDictionary
280
     1
281
     1
  3
ACAD_XREC_ROUNDTRIP
360
2515
  0
DICTIONARY
  5
250E
330
FD
100
AcDbDictionary
280
     1
281
     1
  3
ACAD_XREC_ROUNDTRIP
360
250F
  0
DICTIONARY
  5
2516
330
1E5
100
AcDbDictionary
280
     1
281
     1
  3
ACAD_XREC_ROUNDTRIP
360
2517
  0
DICTIONARY
  5
2506
330
F9
100
AcDbDictionary
280
     1
281
     1
  3
ACAD_XREC_ROUNDTRIP
360
2507
  0
DICTIONARY
  5
2526
330
2145
100
AcDbDictionary
280
     1
281
     1
  3
ACAD_XREC_ROUNDTRIP
360
2527
  0
DICTIONARY
  5
2524
330
2144
100
AcDbDictionary
280
     1
281
     1
  3
ACAD_XREC_ROUNDTRIP
360
2525
  0
DICTIONARY
  5
251E
330
2141
100
AcDbDictionary
280
     1
281
     1
  3
ACAD_XREC_ROUNDTRIP
360
251F
  0
DICTIONARY
  5
2520
330
2142
100
AcDbDictionary
280
     1
281
     1
  3
ACAD_XREC_ROUNDTRIP
360
2521
  0
DICTIONARY
  5
250C
330
FC
100
AcDbDictionary
280
     1
281
     1
  3
ACAD_XREC_ROUNDTRIP
360
250D
  0
DICTIONARY
  5
251A
330
213F
100
AcDbDictionary
280
     1
281
     1
  3
ACAD_XREC_ROUNDTRIP
360
251B
  0
DICTIONARY
  5
2522
330
2143
100
AcDbDictionary
280
     1
281
     1
  3
ACAD_XREC_ROUNDTRIP
360
2523
  0
XRECORD
  5
252B
102
{ACAD_REACTORS
330
252A
102
}
330
252A
100
AcDbXrecord
280
     1
102
DISPLAYNAME
  1
Metric50
102
FLAGS
 90
        0
  0
XRECORD
  5
16D1
102
{ACAD_REACTORS
330
16D0
102
}
330
16D0
100
AcDbXrecord
280
     1
310
280000000001000088000000010008000000000000880000000000000000000000010000000000000000000000000000FFFFFF000000000000000000000000000000000000000000000000000000000000000000330000006600000099000000CC000000FF00000000330000333300006633000099330000CC330000FF3300
310
0000660000336600006666000099660000CC660000FF66000000990000339900006699000099990000CC990000FF99000000CC000033CC000066CC000099CC0000CCCC0000FFCC000000FF000033FF000066FF000099FF0000CCFF0000FFFF000000003300330033006600330099003300CC003300FF003300003333003333
310
33006633330099333300CC333300FF33330000663300336633006666330099663300CC663300FF66330000993300339933006699330099993300CC993300FF99330000CC330033CC330066CC330099CC3300CCCC3300FFCC330000FF330033FF330066FF330099FF3300CCFF3300FFFF330000006600330066006600660099
310
006600CC006600FF00660000336600333366006633660099336600CC336600FF33660000666600336666006666660099666600CC666600FF66660000996600339966006699660099996600CC996600FF99660000CC660033CC660066CC660099CC6600CCCC6600FFCC660000FF660033FF660066FF660099FF6600CCFF6600
310
FFFF660000009900330099006600990099009900CC009900FF00990000339900333399006633990099339900CC339900FF33990000669900336699006666990099669900CC669900FF66990000999900339999006699990099999900CC999900FF99990000CC990033CC990066CC990099CC9900CCCC9900FFCC990000FF99
310
0033FF990066FF990099FF9900CCFF9900FFFF99000000CC003300CC006600CC009900CC00CC00CC00FF00CC000033CC003333CC006633CC009933CC00CC33CC00FF33CC000066CC003366CC006666CC009966CC00CC66CC00FF66CC000099CC003399CC006699CC009999CC00CC99CC00FF99CC0000CCCC0033CCCC0066CC
310
CC0099CCCC00CCCCCC00FFCCCC0000FFCC0033FFCC0066FFCC0099FFCC00CCFFCC00FFFFCC000000FF003300FF006600FF009900FF00CC00FF00FF00FF000033FF003333FF006633FF009933FF00CC33FF00FF33FF000066FF003366FF006666FF009966FF00CC66FF00FF66FF000099FF003399FF006699FF009999FF00CC
310
99FF00FF99FF0000CCFF0033CCFF0066CCFF0099CCFF00CCCCFF00FFCCFF0000FFFF0033FFFF0066FFFF0099FFFF00CCFFFF00FFFFFF00000000000D0D0D001A1A1A00282828003535350043434300505050005D5D5D006B6B6B00787878008686860093939300A1A1A100AEAEAE00BBBBBB00C9C9C900D6D6D600E4E4E400
310
F1F1F100FFFFFF0000000000000000000000000000000000000000000000000000000000000000000000000000000000E2E2E2E2E2E2E2E2E2E2E2E2E2E2E2E2E2E2E2E2E2E2E2E2E2E2E2E2E2E2E2E2E2E2E2E2E2E2E2E2E2E2E2E2E2E2E2E2E2E2E2E2E2E2E2E2E2E2E2E2E2E2E2E2E2E2E2E2E2E2E2E2E2E2E2E2E2E2E2
310
E2E2E2E2E2E2E2E2E2E2E2E2E2E2E2E2E2E2E2E2E2E2E2E2E2E2E2E2E2E2E2E2E2E2E2E2E2E2E2E2E2E2E2E2E2E2E2E2E2E2E2E2E2E2E2E2E2E2E2E2E2E2E2E2E2E2E2E2E2E2E2E2E2E2E2E2E2E2E2E2E2E2E2E2E2E2E2E2E2E2E2E2E2E2E2E2E2E2E2E2E2E2E2E2E2E2E2E2E2E2E2E2E2E2E2E2E2E2E2E2E2E2E2E2E2E2E2
310
E2E2E2E2E2E2E2E2E2E2E2E2E2E2E2E2E2E2E2E2E2E2E2E2E2E2E2E2E2E2E2E2E2E2E2E2E2E2E2E2E2E2E2E2E2E2E2E2E2E2E2E2E2E2E2E2E2E2E2E2E2E2E2E2E2E2E2E2E2E2E2E2E2E2E2E2E2E2E2E2E2E2E2E2E2E2E2E2E2E2E2E2E2E2E2E2E2E2E2E2E2E2E2E2E2E2E2E2E2E2E2E2E2E2E2E2E2E2E2E2E2E2E2E2E2E2E2
310
E2E2E2E2E2E2E2E2E2E2E2E2E2E2E2E2E2E2E2E2E2E2E2E2E2E2E2E2E2E2E2E2E2E2E2E2E2E2E2E2E2E2E2E2E2E2E2E2E2E2E2E2E2E2E2E2E2E2E2E2E2E2E2E2E2E2E2E2E2E2E2E2E2E2E2E2E2E2E2E2E2E2E2E2E2E2E2E2E2E2E2E2E2E2E2E2E2E2E2E2E2E2E2E2E2E2E2E2E2E2E2E2E2E2E2E2E2E2E2E2E2E2E2E2E2E2E2
310
E2E2E2E2E2E2E2E2E2E2E2E2E2E2E2E2E2E2E2E2E2E2E2E2E2E2E2E2E2E2E2E2E2E2E2E2E2E2E2E2E2E2E2E2E2E2E2E2E2E2E2E2E2E2E2E2E2E2E2E2E2E2E2E2E2E2E2E2E2E2E2E2E2E2E2E2E2E2E2E2E2E2E2E2E2E2E2E2E2E2E2E2E2E2E2E2E2E2E2E2E2E2E2E2E2E2E2E2E2E2E2E2E2E2E2E2E2E2E2E2E2E2E2E2E2E2E2
310
E2E2E2E2E2E2E2E2E2E2E2E2E2E2E2E2E2E2E2E2E2E2E2E2E2E2E2E2E2E2E2E2E2E2E2E2E2E2E2E2E2E2E2E2E2E2E2E2E2E2E2E2E2E2E2E2E2E2E2E2E2E2E2E2E2E2E2E2E2E2E2E2E2E2E2E2E2E2E2E2E2E2E2E2E2E2E2E2E2E2E2E2E2E2E2E2E2E2E2E2E2E2E2E2E2E2E2E2E2E2E2E2E2E2E2E2E2E2E2E2E2E2E2E2E2E2E2
310
E2E2E2E2E2E2E2E2E2E2E2E2E2E2E2E2E2E2E2E2E2E2E2E2E2E2E2E2E2E2E2E2E2E2E2E2E2E2E2E2E2E2E2E2E2E2E2E2E2E2E2E2E2E2E2E2E2E2E2E2E2E2E2E2E2E2E2E2E2E2E2E2E2E2E2E2E2E2E2E2E2E2E2E2E2E2E2E2E2E2E2E2E2E2E2E2E2E2E2E2E2E2E2E2E2E2E2E2E2E2E2E2E2E2E2E2E2E2E2E2E2E2E2E2E2E2E2
310
E2E2E2E2E2E2E2E2E2E2E2E2E2E2E2E2E2E2E2E2E2E2E2E2E2E2E2E2E2E2E2E2E2E2E2E2E2E2E2E2E2E2E2E2E2E2E2E2E2E2E2E2E2E2E2E2E2E2E2E2E2E2E2E2E2E2E2E2E2E2E2E2E2E2E2E2E2E2E2E2E2E2E2E2E2E2E2E2E2E2E2E2E2E2E2E2E2E2E2E2E2E2E2E2E2E2E2E2E2E2E2E2E2E2E2E2E2E2E2E2E2E2E2E2E2E2E2
310
E2E2E2E2E2E2E2E2E2E2E2E2E2E2E2E2E2E2E2E2E2E2E2E2E2E2E2E2E2E2E2E2E2E2E2E2E2E2E2E2E2E2E2E2E2E2E2E2E2E2E2E2E2E2E2E2E2E2E2E2E2E2E2E2E2E2E2E2E2E2E2E2E2E2E2E2E2E2E2E2E2E2E2E2E2E2E2E2E2E2E2E2E2E2E2E2E2E2E2E2E2E2E2E2E2E2E2E2E2E2E2E2E2E2E2E2E2E2E2E2E2E2E2E2E2E2E2
310
E2E2E2E2E2E2E2E2E2E2E2E2E2E2E2E2E2E2E2E2E2E2E2E2E2E2E2E2E2E2E2E2E2E2E2E2E2E2E2E2E2E2E2E2E2E2E2E2E2E2E2E2E2E2E2E2E2E2E2E2E2E2E2E2E2E2E2E2E2E2E2E2E2E2E2E2E2E2E2E2E2E2E2E2E2E2E2E2E2E2E2E2E2E2E2E2E2E2E2E2E2E2E2E2E2E2E2E2E2E2E2E2E2E2E2E2E2E2E2E2E2E2E2E2E2E2E2
310
E2E2E2E2E2E2E2E2E2E2E2E2E2E2E2E2E2E2E2E2E2E2E2E2E2E2E2E2E2E2E2E2E2E2E2E2E2E2E2E2E2E2E2E2E2E2E2E2E2E2E2E2E2E2E2E2E2E2E2E2E2E2E2E2E2E2E2E2E2E2E2E2E2E2E2E2E2E2E2E2E2E2E2E2E2E2E2E2E2E2E2E2E2E2E2E2E2E2E2E2E2E2E2E2E2E2E2E2E2E2E2E2E2E2E2E2E2E2E2E2E2E2E2E2E2E2E2
310
E2E2E2E2E2E2E2E2E2E2E2E2E2E2E2E2E2E2E2E2E2E2E2E2E2E2E2E2E2E2E2E2E2E2E2E2E2E2E2E2E2E2E2E2E2E2E2E2E2E2E2E2E2E2E2E2E2E2E2E2E2E2E2E2E2E2E2E2E2E2E2E2E2E2E2E2E2E2E2E2E2E2E2E2E2E2E2E2E2E2E2E2E2E2E2E2E2E2E2E2E2E2E2E2E2E2E2E2E2E2E2E2E2E2E2E2E2E2E2E2E2E2E2E2E2E2E2
310
E2E2E2E2E2E2E2E2E2E2E2E2E2E2E2E2E2E2E2E2E2E2E2E2E2E2E2E2E2E2E2E2E2E2E2E2E2E2E2E2E2E2E2E2E2E2E2E2E2E2E2E2E2E2E2E2E2E2E2E2E2E2E2E2E2E2E2E2E2E2E2E2E2E2E2E2E2E2E2E2E2E2E2E2E2E2E2E2E2E2E2E2E2E2E2E2E2E2E2E2E2E2E2E2E2E2E2E2E2E2E2E2E2E2E2E2E2E2E2E2E2E2E2E2E2E2E2
310
E2E2E2E2E2E2E2E2E2E2E2E2E2E2E2E2E2E2E2E2E2E2E2E2E2E2E2E2E2E2E2E2E2E2E2E2E2E2E2E2E2E2E2E2E2E2E2E2E2E2E2E2E2E2E2E2E2E2E2E2E2E2E2E2E2E2E2E2E2E2E2E2E2E2E2E2E2E2E2E2E2E2E2E2E2E2E2E2E2E2E2E2E2E2E2E2E2E2E2E2E2E2E2E2E2E2E2E2E2E2E2E2E2E2E2E2E2E2E2E2E2E2E2E2E2E2E2
310
E2E2E2E2E2E2E2E2E2E2E2E2E2E2E2E2E2E2E2E2E2E2E2E2E2E2E2E2E2E2E2E2E2E2E2E2E2E2E2E2E2E2E2E2E2E2E2E2E2E2E2E2E2E2E2E2E2E2E2E2E2E2E2E2E2E2E2E2E2E2E2E2E2E2E2E2E2E2E2E2E2E2E2E2E2E2E2E2E2E2E2E2E2E2E2E2E2E2E2E2E2E2E2E2E2E2E2E2E2E2E2E2E2E2E2E2E2E2E2E2E2E2E2E2E2E2E2
310
E2E2E2E2E2E2E2E2E2E2E2E2E2E2E2E2E2E2E2E2E2E2E2E2E2E2E2E2E2E2E2E2E2E2E2E2E2E2E2E2E2E2E2E2E2E2E2E2E2E2E2E2E2E2E2E2E2E2E2E2E2E2E2E2E2E2E2E2E2E2E2E2E2E2E2E2E2E2E2E2E2E2E2E2E2E2E2E2E2E2E2E2E2E2E2E2E2E2E2E2E2E2E2E2E2E2E2E2E2E2E2E2E2E2E2E2E2E2E2E2E2E2E2E2E2E2E2
310
E2E2E2E2E2E2E2E2E2E2E2E2E2E2E2E2E2E2E2E2E2E2E2E2E2E2E2E2E2E2E2E2E2E2E2E2E2E2E2E2E2E2E2E2E2E2E2E2E2E2E2E2E2E2E2E2E2E2E2E2E2E2E2E2E2E2E2E2E2E2E2E2E2E2E2E2E2E2E2E2E2E2E2E2E2E2E2E2E2E2E2E2E2E2E2E2E2E2E2E2E2E2E2E2E2E2E2E2E2E2E2E2E2E2E2E2E2E2E2E2E2E2E2E2E2E2E2
310
E2E2E2E2E2E2E2E2E2E2E2E2E2E2E2E2E2E2E2E2E2E2E2E2E2E2E2E2E2E2E2E6E2E6E6E2E2E2E2E2E2E2E2E2E2E2E2E2E2E2E2E2E2E2E2E2E2E2E2E2E2E2E2E2E2E2E2E2E2E2E2E2E2E2E2E2E2E2E2E2E2E2E2E2E2E2E2E2E2E2E2E2E2E2E2E2E2E2E2E2E2E2E2E2E2E2E2E2E2E2E2E2E2E2E2E2E2E2E6E6E2E6E2E2E2E2E2
310
E2E2E2E2E2E2E2E2E2E2E2E2E2E2E2E2E2E2E2E2E2E2E2E2E2E2E2E2E2E2E2E2E2E2E2E2E2E2E2E2E2E2E2E2E2E2E2E2E2E2E2E2E2E2E2E2E2E2E2E2E2E2E2E2E2E2E2E2E2E2E2E2E2E2E2E2E2E2E2E2E2E2E2E2E2E2E2E2E2E2E2E2E2E2E2E2E2E2E2E2E2E2E2E2E2E2E2E2E2E2E2E2E2E2E2E2E2E2E2E2E2E2E2E2E2E2E2
310
E2E2E2E2E2E2E2E2E2E2E2E2E2E2E2E2E2E2E2E2E2E2E2E2E2E2E2E2E2E2E2E2E2E6E6E6E6E6E6E6E6E6E6E6E6E6E6E6E6E6E6E6E6E6E6E6E6E6E6E6E6E6E6E6E6E6E6E6E6E6E6E6E6E6E6E6E6E6E6E6E6E6E6E6E6E6E6E6E6E6E6E6E6E6E6E6E6E6E6E6E6E6E6E6E6E6E6E6E6E6E6E6E6E6E6E6E6E6E6E6E6E6E6E6E2E2E2
310
E2E2E2E2E2E2E2E2E2E2E2E2E2E2E2E2E2E2E2E2E2E2E2E2E2E2E2E2E2E2E2E2E2E2E2E2E2E2E2E2E2E2E2E2E2E2E2E2E2E2E2E2E2E2E2E2E2E2E2E2E2E2E2E2E2E2E2E2E2E2E2E2E2E2E2E2E2E2E2E2E2E2E2E2E2E2E2E2E2E2E2E2E2E2E2E2E2E2E2E2E2E2E2E2E2E2E2E2E2E2E2E2E2E2E2E2E2E2E2E2E2E2E2E2E2E2E2
310
E2E2E2E2E2E2E2E2E2E2E2E2E2E2E2E2E2E2E2E2E2E2E2E2E2E2E2E2E2E2E2E2E2E2E2E6E2E2E2E2E2E2E2E2E2E2E2E2E2E2E2E2E2E2E2E2E2E2E2E2E2E2E2E2E2E2E2E2E2E2E2E2E2E2E2E2E2E6E6E6E6E6E6E2E2E2E2E2E2E2E2E2E2E2E2E2E2E2E2E2E2E2E2E2E2E2E2E2E2E2E2E2E2E2E2E2E2E2E2E2E2E2E2E2E2E6E2
310
E2E2E2E2E2E2E2E2E2E2E2E2E2E2E2E2E2E2E2E2E2E2E2E2E2E2E2E2E2E2E2E2E2E2E2E2E2E2E2E2E2E2E2E2E2E2E2E2E2E2E2E2E2E2E2E2E2E2E2E2E2E2E2E2E2E2E2E2E2E2E2E2E2E2E2E2E2E2E2E2E2E2E2E2E2E2E2E2E2E2E2E2E2E2E2E2E2E2E2E2E2E2E2E2E2E2E2E2E2E2E2E2E2E2E2E2E2E2E2E2E2E2E2E2E2E2E2
310
E2E2E2E2E2E2E2E2E2E2E2E2E2E2E2E2E2E2E2E2E2E2E2E2E2E2E2E2E2E2E2E2E2E2E2E2E2E6E2E2E2E2E2E2E2E2E2E2E2E2E2E2E2E2E2E2E2E2E2E2E2E2E2E2E2E2E2E2E2E2E2E2E2E2E2E2E2E2E2E6E6E6E6E6E6E2E2E2E2E2E2E2E2E2E2E2E2E2E2E2E2E2E2E2E2E2E2E2E2E2E2E2E2E2E2E2E2E2E2E2E2E2E2E2E2E2E2
310
E6E2E2E2E2E2E2E2E2E2E2E2E2E2E2E2E2E2E2E2E2E2E2E2E2E2E2E2E2E2E2E2E2E2E2E2E2E2E2E2E2E2E2E2E2E2E2E2E2E2E2E2E2E2E2E2E2E2E2E2E2E2E2E2E2E2E2E2E2E2E2E2E2E2E2E2E2E2E2E2E2E2E2E2E2E2E2E2E2E2E2E2E2E2E2E2E2E2E2E2E2E2E2E2E2E2E2E2E2E2E2E2E2E2E2E2E2E2E2E2E2E2E2E2E2E2E2
310
E2E2E2E2E2E2E2E2E2E2E2E2E2E2E2E2E2E2E2E2E2E2E2E2E2E2E2E2E2E2E2E2E2E2E2E2E2E2E2E6E2E2E2E2E2E2E2E2E2E2E2E2E2E2E2E2E2E2E2E2E2E2E2E2E2E2E2E2E2E2E2E2E2E2E2E2E2E2E2E2E2E6E6E6E6E6E6E2E2E2E2E2E2E2E2E2E2E2E2E2E2E2E2E2E2E2E2E2E2E2E2E2E2E2E2E2E2E2E2E2E2E2E2E2E2E2E2
310
E2E2E6E2E2E2E2E2E2E2E2E2E2E2E2E2E2E2E2E2E2E2E2E2E2E2E2E2E2E2E2E2E2E2E2E2E2E2E2E2E2E2E2E2E2E2E2E2E2E2E2E2E2E2E2E2E2E2E2E2E2E2E2E2E2E2E2E2E2E2E2E2E2E2E2E2E2E2E2E2E2E2E2E2E2E2E2E2E2E2E2E2E2E2E2E2E2E2E2E2E2E2E2E2E2E2E2E2E2E2E2E2E2E2E2E2E2E2E2E2E2E2E2E2E2E2E2
310
E2E2E2E2E2E2E2E2E2E2E2E2E2E2E2E2E2E2E2E2E2E2E2E2E2E2E2E2E2E2E2E2E2E2E2E2E2E2E2E2E2E6E2E2E2E2E2E2E2E2E2E2E2E2E2E2E2E2E2E2E2E2E2E2E2E2E2E2E2E2E2E2E2E2E2E2E2E2E2E2E2E2E2E2E2E2E2E2E2E2E2E2E2E2E2E2E2E2E2E2E2E2E2E2E2E2E2E2E2E2E2E2E2E2E2E2E2E2E2E2E2E2E2E2E2E2E2
310
E2E2E2E2E6E2E2E2E2E2E2E2E2E2E2E2E2E2E2E2E2E2E2E2E2E2E2E2E2E2E2E2E2E2E2E2E2E2E2E2E2E2E2E2E2E2E2E2E2E2E2E2E2E2E2E2E2E2E2E2E2E2E2E2E2E2E2E2E2E2E2E2E2E2E2E2E2E2E2E2E2E2E2E2E2E2E2E2E2E2E2E2E2E2E2E2E2E2E2E2E2E2E2E2E2E2E2E2E2E2E2E2E2E2E2E2E2E2E2E2E2E2E2E2E2E2E2
310
E2E2E2E2E2E2E2E2E2E2E2E2E2E2E2E2E2E2E2E2E2E2E2E2E2E2E2E2E2E2E2E2E2E2E2E2E2E2E2E2E2E2E2E6E2E2E2E2E2E2E2E2E2E2E2E2E2E2E2E2E2E2E2E2E2E2E2E2E2E2E2E2E2E2E2E2E2E2E2E2E2E2E2E2E2E2E2E2E2E2E2E2E2E2E2E2E2E2E2E2E2E2E2E2E2E2E2E2E2E2E2E2E2E2E2E2E2E2E2E2E2E2E2E2E2E2E2
310
E2E2E2E2E2E2E6E2E2E2E2E2E2E2E2E2E2E2E2E2E2E2E2E2E2E2E2E2E2E2E2E2E2E2E2E2E2E2E2E2E2E2E2E2E2E2E2E2E2E2E2E2E2E2E2E2E2E2E2E2E2E2E2E2E2E2E2E2E2E2E2E2E2E2E2E2E2E2E2E2E2E2E2E2E2E2E2E2E2E2E2E2E2E2E2E2E2E2E2E2E2E2E2E2E2E2E2E2E2E2E2E2E2E2E2E2E2E2E2E2E2E2E2E2E2E2E2
310
E2E2E2E2E2E2E2E2E2E2E2E2E2E2E2E2E2E2E2E2E2E2E2E2E2E2E2E2E2E2E2E2E2E2E2E2E2E2E2E2E2E2E2E2E2E6E2E2E2E2E2E2E2E2E2E2E2E2E2E2E2E2E2E2E2E2E2E2E2E2E2E2E2E2E2E2E2E2E2E2E2E2E2E2E2E2E2E2E2E2E2E2E2E2E2E2E2E2E2E2E2E2E2E2E2E2E2E2E2E2E2E2E2E2E2E2E2E2E2E2E2E2E2E2E2E2E2
310
E2E2E2E2E2E2E2E2E6E2E2E2E2E2E2E2E2E2E2E2E2E2E2E2E2E2E2E2E2E2E2E2E2E2E2E2E2E2E2E2E2E2E2E2E2E2E2E2E2E2E2E2E2E2E2E2E2E2E2E2E2E2E2E2E2E2E2E2E2E2E2E2E2E2E2E2E2E2E2E2E2E2E2E2E2E2E2E2E2E2E2E2E2E2E2E2E2E2E2E2E2E2E2E2E2E2E2E2E2E2E2E2E2E2E2E2E2E2E2E2E2E2E2E2E2E2E2
310
E2E2E2E2E2E2E2E2E2E2E2E2E2E2E2E2E2E2E2E2E2E2E2E2E2E2E2E2E2E2E2E2E2E2E2E2E2E2E2E2E2E2E2E2E2E2E2E6E2E2E2E2E2E2E2E2E2E2E2E2E2E2E2E2E2E2E2E2E2E2E2E2E2E2E2E2E2E2E2E2E2E2E2E2E2E2E2E2E2E2E2E2E2E2E2E2E2E2E2E2E2E2E2E2E2E2E2E2E2E2E2E2E2E2E2E2E2E2E2E2E2E2E2E2E2E2E2
310
E2E2E2E2E2E2E2E2E2E2E6E2E2E2E2E2E2E2E2E2E2E2E2E2E2E2E2E2E2E2E2E2E2E2E2E2E2E2E2E2E2E2E2E2E2E2E2E2E2E2E2E2E2E2E2E2E2E2E2E2E2E2E2E2E2E2E2E2E2E2E2E2E2E2E2E2E2E2E2E2E2E2E2E2E2E2E2E2E2E2E2E2E2E2E2E2E2E2E2E2E2E2E2E2E2E2E2E2E2E2E2E2E2E2E2E2E2E2E2E2E2E2E2E2E2E2E2
310
E2E2E2E2E2E2E2E2E2E2E2E2E2E2E2E2E2E2E2E2E2E2E2E2E2E2E2E2E2E2E2E2E2E2E2E2E2E2E2E2E2E2E2E2E2E2E2E2E2E6E2E2E2E2E2E2E2E2E2E2E2E2E2E2E2E2E2E2E2E2E2E2E2E2E2E2E2E2E2E2E2E2E2E2E2E2E2E2E2E2E2E2E2E2E2E2E2E2E2E2E2E2E2E2E2E2E2E2E2E2E2E2E2E2E2E2E2E2E2E2E2E2E2E2E2E2E2
310
E2E2E2E2E2E2E2E2E2E2E2E2E6E2E2E2E2E2E2E2E2E2E2E2E2E2E2E2E2E2E2E2E2E2E2E2E2E2E2E2E2E2E2E2E2E2E2E2E2E2E2E2E2E2E2E2E2E2E2E2E2E2E2E2E2E2E2E2E2E2E2E2E2E2E2E2E2E2E2E2E2E2E2E2E2E2E2E2E2E2E2E2E2E2E2E2E2E2E2E2E2E2E2E2E2E2E2E2E2E2E2E2E2E2E2E2E2E2E2E2E2E2E2E2E2E2E2
310
E2E2E2E2E2E2E2E2E2E2E2E2E2E2E2E2E2E2E2E2E2E2E2E2E2E2E2E2E2E2E2E2E2E2E2E2E2E2E2E2E2E6E6E6E6E6E6E6E6E6E6E6E6E6E6E6E6E6E6E6E6E6E6E6E6E6E6E6E6E6E6E6E6E6E6E6E6E6E6E6E6E6E6E6E6E6E6E6E6E6E6E6E6E6E6E6E6E6E6E6E6E6E6E6E6E6E6E6E6E6E6E6E6E6E6E6E6E6E6E6E6E6E6E6E6E6E6
310
E6E6E6E6E6E2F5E6E6E2E2E6E6E6E6E6E6E6E6E6E6E6E6E6E6E2E2E2E2E2E2E2E2E2E2E2E2E2E2E2E2E2E2E2E2E2E2E2E2E2E2E2E2E2E2E2E2E2E2E2E2E2E2E2E2E2E2E2E2E2E2E2E2E2E2E2E2E2E2E2E2E2E2E2E2E2E2E2E2E2E2E2E2E2E2E2E2E2E2E2E2E2E2E2E2E2E2E2E2E2E2E2E2E2E2E2E2E2E2E2E2E2E2E2E2E2E2
310
E2E2E2E2E2E2E2E2E2E2E2E2E2E2E2E2E2E2E2E2E2E2E2E2E2E2E2E2E2E2E2E2E2E2E2E2E2E2E2E2E2E2E2E2E6E2E2E2E2E2E2E2E2E6E2E2E2E2E2E2E2E2E2E2E2E2E2E2E2E2E2E2E2E2E2E2E2E2E2E2E2E2E2E2E2E2E2E2E2E2E2E2E2E2E2E2E2E2E2E2E2E2E2E2E2E2E2E2E2E2E2E2E2E2E2E2E2E2E2E2E2E2E2E2E2E2E2
310
E2E2E2E2E2E2E2F5F5F5F5F5F5E2E2E2E6E2E2E2E2E2E2E2E2E2E6E2E2E2E2E2E2E2E2E2E2E2E2E2E2E2E2E2E2E2E2E2E2E2E2E2E2E2E2E2E2E2E2E2E2E2E2E2E2E2E2E2E2E2E2E2E2E2E2E2E2E2E2E2E2E2E2E2E2E2E2E2E2E2E2E2E2E2E2E2E2E2E2E2E2E2E2E2E2E2E2E2E2E2E2E2E2E2E2E2E2E2E2E2E2E2E2E2E2E2E2
310
E2E2E2E2E2E2E2E2E2E2E2E2E2E2E2E2E2E2E2E2E2E2E2E2E2E2E2E2E2E2E2E2E2E2E2E2E2E2E2E2E2E2E2E2E2E6E6E2E2E2E2E2E2E2E2E6E2E2E2E2E2E2E2E2E2E2E2E2E2E2E2E2E2E2E2E2E2E2E2E2E2E2E2E2E2E2E2E2E2E2E2E2E2E2E2E2E2E2E2E2E2E2E2E2E2E2E2E2E2E2E2E2E2E2E2E2E2E2E2E2E2E2E2E2E2E2E2
310
E2E2E2E2E2E2E2E2E2F5F5F5F5F5F5F5E2E2E2E2E2E2E2E2E2E2E2E6E6E2E2E2E2E2E2E2E2E2E2E2E2E2E2E2E2E2E2E2E2E2E2E2E2E2E2E2E2E2E2E2E2E2E2E2E2E2E2E2E2E2E2E2E2E2E2E2E2E2E2E2E2E2E2E2E2E2E2E2E2E2E2E2E2E2E2E2E2E2E2E2E2E2E2E2E2E2E2E2E2E2E2E2E2E2E2E2E2E2E2E2E2E2E2E2E2E2E2
310
E2E2E2E2E2E2E2E2E2E2E2E2E2E2E2E2E2E2E2E2E2E2E2E2E2E2E2E2E2E2E2E2E2E2E2E2E2E2E2E2E2E2E2E2E2E2E2E6E6E2E2E2E2E2E2E2E2E6E2E2E2E2E2E2E2E2E2E2E2E2E2E2E2E2E2E2E2E2E2E2E2E2E2E2E2E2E2E2E2E2E2E2E2E2E2E2E2E2E2E2E2E2E2E2E2E2E2E2E2E2E2E2E2E2E2E2E2E2E2E2E2E2E2E2E2E2E2
310
E2E2E2E2E2E2E2E2E2E2E2F5F5F5F5F5F5F5F5F5E2E2E2E2E2E2E2E2E2E6E6E2E2E2E2E2E2E2E2E2E2E2E2E2E2E2E2E2E2E2E2E2E2E2E2E2E2E2E2E2E2E2E2E2E2E2E2E2E2E2E2E2E2E2E2E2E2E2E2E2E2E2E2E2E2E2E2E2E2E2E2E2E2E2E2E2E2E2E2E2E2E2E2E2E2E2E2E2E2E2E2E2E2E2E2E2E2E2E2E2E2E2E2E2E2E2E2
310
E2E2E2E2E2E2E2E2E2E2E2E2E2E2E2E2E2E2E2E2E2E2E2E2E2E2E2E2E2E2E2E2E2E2E2E2E2E2E2E2E2E2E2E2E2E2E2E2E2E2E6E2E2E2E2E2E2E2E2E6E2E2E2E2E2E2E2E2E2E2E2E2E2E2E2E2E2E2E2E2E2E2E2E2E2E2E2E2E2E2E2E2E2E2E2E2E2E2E2E2E2E2E2E2E2E2E2E2E2E2E2E2E2E2E2E2E2E2E2E2E2E2E2E2E2E2E2
310
E2E2E2E2E2E2E2E2E2E2E2E2E2F5F5F5E2E2F5F5F5F5E6E2E2E2E2E2E2E2E2E2E6E2E2E2E2E2E2E2E2E2E2E2E2E2E2E2E2E2E2E2E2E2E2E2E2E2E2E2E2E2E2E2E2E2E2E2E2E2E2E2E2E2E2E2E2E2E2E2E2E2E2E2E2E2E2E2E2E2E2E2E2E2E2E2E2E2E2E2E2E2E2E2E2E2E2E2E2E2E2E2E2E2E2E2E2E2E2E2E2E2E2E2E2E2E2
310
E2E2E2E2E2E2E2E2E2E2E2E2E2E2E2E2E2E2E2E2E2E2E2E2E2E2E2E2E2E2E2E2E2E2E2E2E2E2E2E2E2E2E2E2E2E2E2E2E2E2E2E2E6E2E2E2E2E2E2E2E2E6E2E2E2E2E2E2E2E2E2E2E2E2E2E2E2E2E2E2E2E2E2E2E2E2E2E2E2E2E2E2E2E2E2E2E2E2E2E2E2E2E2E2E2E2E2E2E2E2E2E2E2E2E2E2E2E2E2E2E2E2E2E2E2E2E2
310
E2E2E2E2E2E2E2E2E2E2E2E2E2E2E2E2E2E2E2E2E2E2F5F5F5E2E2E2E2E2E2E2E2E2E6E2E2E2E2E2E2E2E2E2E2E2E2E2E2E2E2E2E2E2E2E2E2E2E2E2E2E2E2E2E2E2E2E2E2E2E2E2E2E2E2E2E2E2E2E2E2E2E2E2E2E2E2E2E2E2E2E2E2E2E2E2E2E2E2E2E2E2E2E2E2E2E2E2E2E2E2E2E2E2E2E2E2E2E2E2E2E2E2E2E2E2E2
310
E2E2E2E2E2E2E2E2E2E2E2E2E2E2E2E2E2E2E2E2E2E2E2E2E2E2E2E2E2E2E2E2E2E2E2E2E2E2E2E2E2E2E2E2E2E2E2E2E2E2E2E2E2E2E6E2E2E2E2E2E2E2E2E6E2E2E2E2E2E2E2E2E2E2E2E2E2E2E2E2E2E2E2E2E2E2E2E2E2E2E2E2E2E2E2E2E2E2E2E2E2E2E2E2E2E2E2E2E2E2E2E2E2E2E2E2E2E2E2E2E2E2E2E2E2E2E2
310
E2E2E2E2E2E2E2E2E2E2E2E2E2E2E2E2E2E2E2E2E2E2E2E2F5F5F5E2E2E2E2E2E2E2E2E2E6E2E2E2E2E2E2E2E2E2E2E2E2E2E2E2E2E2E2E2E2E2E2E2E2E2E2E2E2E2E2E2E2E2E2E2E2E2E2E2E2E2E2E2E2E2E2E2E2E2E2E2E2E2E2E2E2E2E2E2E2E2E2E2E2E2E2E2E2E2E2E2E2E2E2E2E2E2E2E2E2E2E2E2E2E2E2E2E2E2E2
310
E2E2E2E2E2E2E2E2E2E2E2E2E2E2E2E2E2E2E2E2E2E2E2E2E2E2E2E2E2E2E2E2E2E2E2E2E2E2E2E2E2E2E2E2E2E2E2E2E2E2E2E2E2E2E2E2E6E2E2E2E2E2E2E2E2E6E2E2E2E2E2E2E2E2E2E2E2E2E2E2E2E2E2E2E2E2E2E2E2E2E2E2E2E2E2E2E2E2E2E2E2E2E2E2E2E2E2E2E2E2E2E2E2E2E2E2E2E2E2E2E2E2E2E2E2E2E2
310
E2E2E2E2E2E2E2E2E2E2E2E2E2E2E2E2E2E2E2E2E2E2E2E2E2E2F5F5F5E2E2E2E2E2E2E2E2E2E6E2E2E2E2E2E2E2E2E2E2E2E2E2E2E2E2E2E2E2E2E2E2E2E2E2E2E2E2E2E2E2E2E2E2E2E2E2E2E2E2E2E2E2E2E2E2E2E2E2E2E2E2E2E2E2E2E2E2E2E2E2E2E2E2E2E2E2E2E2E2E2E2E2E2E2E2E2E2E2E2E2E2E2E2E2E2E2E2
310
E2E2E2E2E2E2E2E2E2E2E2E2E2E2E2E2E2E2E2E2E2E2E2E2E2E2E2E2E2E2E2E2E2E2E2E2E2E2E2E2E2E2E2E2E2E2E2E2E2E2E2E2E2E2E2E2E2E2E6E2E2E2E2E2E2E2E2E6E2E2E2E2E2E2E2E2E2E2E2E2E2E2E2E2E2E2E2E2E2E2E2E2E2E2E2E2E2E2E2E2E2E2E2E2E2E2E2E2E2E2E2E2E2E2E2E2E2E2E2E2E2E2E2E2E2E2E2
310
E2E2E2E2E2E2E2E2E2E2E2E2E2E2E2E2E2E2E2E2E2F5F5F5E2E2F5F5F5F5F5E2E2E2E2E2E2E2E2E2E6E2E2E2E2E2E2E2E2E2E2E2E2E2E2E2E2E2E2E2E2E2E2E2E2E2E2E2E2E2E2E2E2E2E2E2E2E2E2E2E2E2E2E2E2E2E2E2E2E2E2E2E2E2E2E2E2E2E2E2E2E2E2E2E2E2E2E2E2E2E2E2E2E2E2E2E2E2E2E2E2E2E2E2E2E2E2
310
E2E2E2E2E2E2E2E2E2E2E2E2E2E2E2E2E2E2E2E2E2E2E2E2E2E2E2E2E2E2E2E2E2E2E2E2E2E2E2E2E2E2E2E2E2E2E2E2E2E2E2E2E2E2E2E2E2E2E2E2E6E2E2E2E2E2E2E2E2E6E2E2E2E2E2E2E2E2E2E2E2E2E2E2E2E2E2E2E2E2E2E2E2E2E2E2E2E2E2E2E2E2E2E2E2E2E2E2E2E2E2E2E2E2E2E2E2E2E2E2E2E2E2E2E2E2E2
310
E2E2E2E2E2E2E2E2E2E2E2E2E2E2E2E2E2E2E2E2E2E2E2F5F5F5F5F5F5F5F5F5F5E2E2E2E2E2E2E2E2E2E6E2E2E2E2E2E2E2E2E2E2E2E2E2E2E2E2E2E2E2E2E2E2E2E2E2E2E2E2E2E2E2E2E2E2E2E2E2E2E2E2E2E2E2E2E2E2E2E2E2E2E2E2E2E2E2E2E2E2E2E2E2E2E2E2E2E2E2E2E2E2E2E2E2E2E2E2E2E2E2E2E2E2E2E2
310
E2E2E2E2E2E2E2E2E2E2E2E2E2E2E2E2E2E2E2E2E2E2E2E2E2E2E2E2E2E2E2E2E2E2E2E2E2E2E2E2E2E2E2E2E2E2E2E2E2E2E2E2E2E2E2E2E2E2E2E2E2E2E6E2E2E2E2E2E2E2E2E6E2E2E2E2E2E2E2E2E2E2E2E2E2E2E2E2E2E2E2E2E2E2E2E2E2E2E2E2E2E2E2E2E2E2E2E2E2E2E2E2E2E2E2E2E2E2E2E2E2E2E2E2E2E2E2
310
E2E2E2E2E2E2E2E2E2E2E2E2E2E2E2E2E2E2E2E2E2E2E2E2E2F5F5F5F5F5F5F5F5F5F5E2E2E2E2E2E2E2E2E2E6E2E2E2E2E2E2E2E2E2E2E2E2E2E2E2E2E2E2E2E2E2E2E2E2E2E2E2E2E2E2E2E2E2E2E2E2E2E2E2E2E2E2E2E2E2E2E2E2E2E2E2E2E2E2E2E2E2E2E2E2E2E2E2E2E2E2E2E2E2E2E2E2E2E2E2E2E2E2E2E2E2E2
310
E2E2E2E2E2E2E2E2E2E2E2E2E2E2E2E2E2E2E2E2E2E2E2E2E2E2E2E2E2E2E2E2E2E2E2E2E2E2E2E2E2E2E2E2E2E2E2E2E2E2E2E2E2E2E2E2E2E2E2E2E2E2E2E2E6E2E2E2E2E2E2E2E2E6E2E2E2E2E2E2E2E2E2E2E2E2E2E2E2E2E2E2E2E2E2E2E2E2E2E2E2E2E2E2E2E2E2E2E2E2E2E2E2E2E2E2E2E2E2E2E2E2E2E2E2E2E2
310
E2E2E2E2E2E2E2E2E2E2E2E2E2E2E2E2E2E2E2E2E2E2E2E2E2E2E2F5F5F5F5F5F5E2F5F5F5E2E2E2E2E2E2E2E2E2E6E2E2E2E2E2E2E2E2E2E2E2E2E2E2E2E2E2E2E2E2E2E2E2E2E2E2E2E2E2E2E2E2E2E2E2E2E2E2E2E2E2E2E2E2E2E2E2E2E2E2E2E2E2E2E2E2E2E2E2E2E2E2E2E2E2E2E2E2E2E2E2E2E2E2E2E2E2E2E2E2
310
E2E2E2E2E2E2E2E2E2E2E2E2E2E2E2E2E2E2E2E2E2E2E2E2E2E2E2E2E2E2E2E2E2E2E2E2E2E2E2E2E2E2E2E2E2E2E2E2E2E2E2E2E2E2E2E2E2E2E2E2E2E6E6E6E6E2E6E2E2E2E2E2E2E2E2E6E2E2E2E2E2E2E2E2E2E2E2E2E2E2E2E2E2E2E2E2E2E2E2E2E2E2E2E2E2E2E2E2E2E2E2E2E2E2E2E2E2E2E2E2E2E2E2E2E2E2E2
310
E2E2E2E2E2E2E2E2E2E2E2E2E2E2E2E2E2E2E2E2E2E2E2E2E2E2E2E2E2E2E2E2E2E2E2E2F5F5F5E2E2E2E2E2E2E2E2E2E6E2E2E2E2E2E2E2E2E2E2E2E2E2E2E2E2E2E2E2E2E2E2E2E2E2E2E2E2E2E2E2E2E2E2E2E2E2E2E2E2E2E2E2E2E2E2E2E2E2E2E2E2E2E2E2E2E2E2E2E2E2E2E2E2E2E2E2E2E2E2E2E2E2E2E2E2E2E2
310
E2E2E2E2E2E2E2E2E2E2E2E2E2E2E2E2E2E2E2E2E2E2E2E2E2E2E2E2E2E2E2E2E2E2E2E2E2E2E2E2E2E2E2E2E2E2E2E2E2E2E2E2E2E2E2E2E2E2E2E2E2E2E2E6E6E6E6E2E6E2E2E2E2E2E2E2E2E6E2E2E2E2E2E2E2E2E2E2E2E2E2E2E2E2E2E2E2E2E2E2E2E2E2E2E2E2E2E2E2E2E2E2E2E2E2E2E2E2E2E2E2E2E2E2E2E2E2
310
E2E2E2E2E2E2E2E2E2E2E2E2E2E2E2E2E2E2E2E2E2E2E2E2E2E2E2E2E2E2E2E2E2E2E2E2E2E2F5F5F5E2E2E2E2E2E2E2E2E2E6E2E2E2E2E2E2E2E2E2E2E2E2E2E2E2E2E2E2E2E2E2E2E2E2E2E2E2E2E2E2E2E2E2E2E2E2E2E2E2E2E2E2E2E2E2E2E2E2E2E2E2E2E2E2E2E2E2E2E2E2E2E2E2E2E2E2E2E2E2E2E2E2E2E2E2E2
310
E2E2E2E2E2E2E2E2E2E2E2E2E2E2E2E2E2E2E2E2E2E2E2E2E2E2E2E2E2E2E2E2E2E2E2E2E2E2E2E2E2E2E2E2E2E2E2E2E2E2E2E2E2E2E2E2E2E2E2E2E2E2E2E2E2E6E6E6E6E2E6E2E2E2E2E2E2E2E2E6E2E2E2E2E2E2E2E2E2E2E2E2E2E2E2E2E2E2E2E2E2E2E2E2E2E2E2E2E2E2E2E2E2E2E2E2E2E2E2E2E2E2E2E2E2E2E2
310
E2E2E2E2E2E2E2E2E2E2E2E2E2E2E2E2E2E2E2E2E2E2E2E2E2E2E2E2E2E2E2E2E2E2E2E2E2E2E2E2F5F5F5E2E2E2E2E2E2E2E2E2E6E2E2E2E2E2E2E2E2E2E2E2E2E2E2E2E2E2E2E2E2E2E2E2E2E2E2E2E2E2E2E2E2E2E2E2E2E2E2E2E2E2E2E2E2E2E2E2E2E2E2E2E2E2E2E2E2E2E2E2E2E2E2E2E2E2E2E2E2E2E2E2E2E2E2
310
E2E2E2E2E2E2E2E2E2E2E2E2E2E2E2E2E2E2E2E2E2E2E2E2E2E2E2E2E2E2E2E2E2E2E2E2E2E2E2E2E2E2E2E2E2E2E2E2E2E2E2E2E2E2E2E2E2E2E2E2E2E2E2E2E2E2E2E6E6E6E6E2E6E2E2E2E2E2E2E2E2E6E2E2E2E2E2E2E2E2E2E2E2E2E2E2E2E2E2E2E2E2E2E2E2E2E2E2E2E2E2E2E2E2E2E2E2E2E2E2E2E2E2E2E2E2E2
310
E2E2E2E2E2E2E2E2E2E2E2E2E2E2E2E2E2E2E2E2E2E2E2E2E2E2E2E2E2E2E2E2E2E2E2E2E2E2E2E2E2E2F5F5F5E2E2E2E2E2E2E2E2E2E6E2E2E2E2E2E2E2E2E2E2E2E2E2E2E2E2E2E2E2E2E2E2E2E2E2E2E2E2E2E2E2E2E2E2E2E2E2E2E2E2E2E2E2E2E2E2E2E2E2E2E2E2E2E2E2E2E2E2E2E2E2E2E2E2E2E2E2E2E2E2E2E2
310
E2E2E2E2E2E2E2E2E2E2E2E2E2E2E2E2E2E2E2E2E2E2E2E2E2E2E2E2E2E2E2E2E2E2E2E2E2E2E2E2E2E2E2E2E2E2E2E2E2E2E2E2E2E2E2E2E2E2E2E2E2E2E2E2E2E2E2E2E2E6E6E6E6E2E6E2E2E2E2E2E2E2E2E6E2E2E2E2E2E2E2E2E2E2E2E2E2E2E2E2E2E2E2E2E2E2E2E2E2E2E2E2E2E2E2E2E2E2E2E2E2E2E2E2E2E2E2
310
E2E2E2E2E2E2E2E2E2E2E2E2E2E2E2E2E2E2E2E2E2E2E2E2E2E2E2E2E2E2E2E2E2E2E2E2E2E2E2E2E2E2E2E2F5F5F5E2E2E2E2E2E2E2E2E2E6E2E2E2E2E2E2E2E2E2E2E2E2E2E2E2E2E2E2E2E2E2E2E2E2E2E2E2E2E2E2E2E2E2E2E2E2E2E2E2E2E2E2E2E2E2E2E2E2E2E2E2E2E2E2E2E2E2E2E2E2E2E2E2E2E2E2E2E2E2E2
310
E2E2E2E2E2E2E2E2E2E2E2E2E2E2E2E2E2E2E2E2E2E2E2E2E2E2E2E2E2E2E2E2E2E2E2E2E2E2E2E2E2E2E2E2E2E2E2E2E2E2E2E2E2E2E2E2E2E2E2E2E2E2E2E2E2E2E2E2E2E2E2E6E6E6E6E2E6E2E2E2E2E2E2E2E2E6E2E2E2E2E2E2E2E2E2E2E2E2E2E2E2E2E2E2E2E2E2E2E2E2E2E2E2E2E2E2E2E2E2E2E2E2E2E2E2E2E2
310
E2E2E2E2E2E2E2E2E2E2E2E2E2E2E2E2E2E2E2E2E2E2E2E2E2E2E2E2E2E2E2E2E2E2E2E2E2E2E2E2E2E2E2E2E2E2F5F5F5E2E2E2E2E2E2E2E2E2E6E2E2E2E2E2E2E2E2E2E2E2E2E2E2E2E2E2E2E2E2E2E2E2E2E2E2E2E2E2E2E2E2E2E2E2E2E2E2E2E2E2E2E2E2E2E2E2E2E2E2E2E2E2E2E2E2E2E2E2E2E2E2E2E2E2E2E2E2
310
E2E2E2E2E2E2E2E2E2E2E2E2E2E2E2E2E2E2E2E2E2E2E2E2E2E2E2E2E2E2E2E2E2E2E2E2E2E2E2E2E2E2E2E2E2E2E2E2E2E2E2E2E2E2E2E2E2E2E2E2E2E2E2E2E2E2E2E2E2E2E2E2E2E6E6E6E6E2E6E2E2E2E2E2E2E2E2E6E2E2E2E2E2E2E2E2E2E2E2E2E2E2E2E2E2E2E2E2E2E2E2E2E2E2E2E2E2E2E2E2E2E2E2E2E2E2E2
310
E2E2E2E2E2E2E2E2E2E2E2E2E2E2E2E2E2E2E2E2E2E2E2E2E2E2E2E2E2E2E2E2E2E2E2E2E2E2E2E2E2E2E2E2E2E2E2E2F5F5F5E2E2E2E2E2E2E2E2E2E6E2E2E2E2E2E2E2E2E2E2E2E2E2E2E2E2E2E2E2E2E2E2E2E2E2E2E2E2E2E2E2E2E2E2E2E2E2E2E2E2E2E2E2E2E2E2E2E2E2E2E2E2E2E2E2E2E2E2E2E2E2E2E2E2E2E2
310
E2E2E2E2E2E2E2E2E2E2E2E2E2E2E2E2E2E2E2E2E2E2E2E2E2E2E2E2E2E2E2E2E2E2E2E2E2E2E2E2E2E2E2E2E2E2E2E2E2E2E2E2E2E2E2E2E2E2E2E2E2E2E2E2E2E2E2E2E2E2E2E2E2E2E2E2E2E2E2E2E6E2E2E2E2E2E2E2E2E6E2E2E2E2E2E2E2E2E2E2E2E2E2E2E2E2E2E2E2E2E2E2E2E2E2E2E2E2E2E2E2E2E2E2E2E2E2
310
E2E2E2E2E2E2E2E2E2E2E2E2E2E2E2E2E2E2E2E2E2E2E2E2E2E2E2E2E2E2E2E2E2E2E2E2E2E2E2E2E2E2E2E2E2E2E2E2E2E2F5F5F5E2E2E2E2E2E2E2E2E2E6E2E2E2E2E2E2E2E2E2E2E2E2E2E2E2E2E2E2E2E2E2E2E2E2E2E2E2E2E2E2E2E2E2E2E2E2E2E2E2E2E2E2E2E2E2E2E2E2E2E2E2E2E2E2E2E2E2E2E2E2E2E2E2E2
310
E2E2E2E2E2E2E2E2E2E2E2E2E2E2E2E2E2E2E2E2E2E2E2E2E2E2E2E2E2E2E2E2E2E2E2E2E2E2E2E2E2E2E2E2E2E2E2E2E2E2E2E2E2E2E2E2E2E2E2E2E2E2E2E2E2E2E2E2E2E2E2E2E2E2E2E2E2E2E2E2E2E2E6E2E2E2E2E2E2E2E2E6E2E2E2E2E2E2E2E2E2E2E2E2E2E2E2E2E2E2E2E2E2E2E2E2E2E2E2E2E2E2E2E2E2E2E2
310
E2E2E2E2E2E2E2E2E2E2E2E2E2E2E2E2E2E2E2E2E2E2E2E2E2E2E2E2E2E2E2E2E2E2E2E2E2E2E2E2E2E2E2E2E2E2E2E2E2E2E2E2F5F5F5E2E2E2E2E2E2E2E2E2E6E2E2E2E2E2E2E2E2E2E2E2E2E2E2E2E2E2E2E2E2E2E2E2E2E2E2E2E2E2E2E2E2E2E2E2E2E2E2E2E2E2E2E2E2E2E2E2E2E2E2E2E2E2E2E2E2E2E2E2E2E2E2
310
E2E2E2E2E2E2E2E2E2E2E2E2E2E2E2E2E2E2E2E2E2E2E2E2E2E2E2E2E2E2E2E2E2E2E2E2E2E2E2E2E2E2E2E2E2E2E2E2E2E2E2E2E2E2E2E2E2E2E2E2E2E2E2E2E2E2E2E2E2E2E2E2E2E2E2E2E2E2E2E2E2E2E2E2E6E2E2E2E2E2E2E2E2E6E2E2E2E2E2E2E2E2E2E2E2E2E2E2E2E2E2E2E2E2E2E2E2E2E2E2E2E2E2E2E2E2E2
310
E2E2E2E2E2E2E2E2E2E2E2E2E2E2E2E2E2E2E2E2E2E2E2E2E2E2E2E2E2E2E2E2E2E2E2E2E2E2E2E2E2E2E2E2E2E2E2E2E2E2E2E2E2E2F5F5F5E2E2E2E2E2E2E2E2E2E6E2E2E2E2E2E2E2E2E2E2E2E2E2E2E2E2E2E2E2E2E2E2E2E2E2E2E2E2E2E2E2E2E2E2E2E2E2E2E2E2E2E2E2E2E2E2E2E2E2E2E2E2E2E2E2E2E2E2E2E2
310
E2E2E2E2E2E2E2E2E2E2E2E2E2E2E2E2E2E2E2E2E2E2E2E2E2E2E2E2E2E2E2E2E2E2E2E2E2E2E2E2E2E2E2E2E2E2E2E2E2E2E2E2E2E2E2E2E2E2E2E2E2E2E2E2E2E2E2E2E2E2E2E2E2E2E2E2E2E2E2E2E2E2E2E2E2E2E6E2E2E2E2E2E2E2E2E6E2E2E2E2E2E2E2E2E2E2E2E2E2E2E2E2E2E2E2E2E2E2E2E2E2E2E2E2E2E2E2
310
E2E2E2E2E2E2E2E2E2E2E2E2E2E2E2E2E2E2E2E2E2E2E2E2E2E2E2E2E2E2E2E2E2E2E2E2E2E2E2E2E2E2E2E2E2E2E2E2E2E2E2E2E2E2E2E2F5F5F5E2E2E2E2E2E2E2E2E2E6E2E2E2E2E2E2E2E2E2E2E2E2E2E2E2E2E2E2E2E2E2E2E2E2E2E2E2E2E2E2E2E2E2E2E2E2E2E2E2E2E2E2E2E2E2E2E2E2E2E2E2E2E2E2E2E2E2E2
310
E2E2E2E2E2E2E2E2E2E2E2E2E2E2E2E2E2E2E2E2E2E2E2E2E2E2E2E2E2E2E2E2E2E2E2E2E2E2E2E2E2E2E2E2E2E2E2E2E2E2E2E2E2E2E2E2E2E2E2E2E2E2E2E2E2E2E2E2E2E2E2E2E2E2E2E2E2E2E2E2E2E2E2E2E2E2E2E2E6E2E2E2E2E2E2E2E2E6E2E2E2E2E2E2E2E2E2E2E2E2E2E2E2E2E2E2E2E2E2E2E2E2E2E2E2E2E2
310
E2E2E2E2E2E2E2E2E2E2E2E2E2E2E2E2E2E2E2E2E2E2E2E2E2E2E2E2E2E2E2E2E2E2E2E2E2E2E2E2E2E2E2E2E2E2E2E2E2E2E2E2E2E2E2E2E2E2F5F5F5E2E2E2E2E2E2E2E2E2E6E2E2E2E2E2E2E2E2E2E2E2E2E2E2E2E2E2E2E2E2E2E2E2E2E2E2E2E2E2E2E2E2E2E2E2E2E2E2E2E2E2E2E2E2E2E2E2E2E2E2E2E2E2E2E2E2
310
E2E2E2E2E2E2E2E2E2E2E2E2E2E2E2E2E2E2E2E2E2E2E2E2E2E2E2E2E2E2E2E2E2E2E2E2E2E2E2E2E2E2E2E2E2E2E2E2E2E2E2E2E2E2E2E2E2E2E2E2E2E2E2E2E2E2E2E2E2E2E2E2E2E2E2E2E2E2E2E2E2E2E2E2E2E2E2E2E2E2E6E2E2E2E2E2E2E2E2E6E2E2E2E2E2E2E2E2E2E2E2E2E2E2E2E2E2E2E2E2E2E2E2E2E2E2E2
310
E2E2E2E2E2E2E2E2E2E2E2E2E2E2E2E2E2E2E2E2E2E2E2E2E2E2E2E2E2E2E2E2E2E2E2E2E2E2E2E2E2E2E2E2E2E2E2E2E2E2E2E2E2E2E2E2E2E2E2E2F5F5F5E2E2E2E2E2E2E2E2E2E6E2E2E2E2E2E2E2E2E2E2E2E2E2E2E2E2E2E2E2E2E2E2E2E2E2E2E2E2E2E2E2E2E2E2E2E2E2E2E2E2E2E2E2E2E2E2E2E2E2E2E2E2E2E2
310
E2E2E2E2E2E2E2E2E2E2E2E2E2E2E2E2E2E2E2E2E2E2E2E2E2E2E2E2E2E2E2E2E2E2E2E2E2E2E2E2E2E2E2E2E2E2E2E2E2E2E2E2E2E2E2E2E2E2E2E2E2E2E2E2E2E2E2E2E2E2E2E2E2E2E2E2E2E2E2E2E2E2E2E2E2E2E2E2E2E2E2E2E6E2E2E2E2E2E2E2E2E6E2E2E2E2E2E2E2E2E2E2E2E2E2E2E2E2E2E2E2E2E2E2E2E2E2
310
E2E2E2E2E2E2E2E2E2E2E2E2E2E2E2E2E2E2E2E2E2E2E2E2E2E2E2E2E2E2E2E2E2E2E2E2E2E2E2E2E2E2E2E2E2E2E2E2E2E2E2E2E2E2E2E2E2E2E2E2E2E2F5F5F5E2E2E2E2E2E2E2E2E2E6E2E2E2E2E2E2E2E2E2E2E2E2E2E2E2E2E2E2E2E2E2E2E2E2E2E2E2E2E2E2E2E2E2E2E2E2E2E2E2E2E2E2E2E2E2E2E2E2E2E2E2E2
310
E2E2E2E2E2E2E2E2E2E2E2E2E2E2E2E2E2E2E2E2E2E2E2E2E2E2E2E2E2E2E2E2E2E2E2E2E2E2E2E2E2E2E2E2E2E2E2E2E2E2E2E2E2E2E2E2E2E2E2E2E2E2E2E2E2E2E2E2E2E2E2E2E2E2E2E2E2E2E2E2E2E2E2E2E2E2E2E2E2E2E2E2E2E2E6E2E2E2E2E2E2E2E2E6E2E2E2E2E2E2E2E2E2E2E2E2E2E2E2E2E2E2E2E2E2E2E2
310
E2E2E2E2E2E2E2E2E2E2E2E2E2E2E2E2E2E2E2E2E2E2E2E2E2E2E2E2E2E2E2E2E2E2E2E2E2E2E2E2E2E2E2E2E2E2E2E2E2E2E2E2E2E2E2E2E2E2E2E2E2E2E2E2F5F5F5E2E2E2E2E2E2E2E2E2E6E2E2E2E2E2E2E2E2E2E2E2E2E2E2E2E2E2E2E2E2E2E2E2E2E2E2E2E2E2E2E2E2E2E2E2E2E2E2E2E2E2E2E2E2E2E2E2E2E2E2
310
E2E2E2E2E2E2E2E2E2E2E2E2E2E2E2E2E2E2E2E2E2E2E2E2E2E2E2E2E2E2E2E2E2E2E2E2E2E2E2E2E2E2E2E2E2E2E2E2E2E2E2E2E2E2E2E2E2E2E2E2E2E2E2E2E2E2E2E2E2E2E2E2E2E2E2E2E2E2E2E2E2E2E2E2E2E2E2E2E2E2E2E2E2E2E2E6E6E2E2E2E2E2E2E2E2E6E2E2E2E2E2E2E2E2E2E2E2E2E2E2E2E2E2E2E2E2E2
310
E2E2E2E2E2E2E2E2E2E2E2E2E2E2E2E2E2E2E2E2E2E2E2E2E2E2E2E2E2E2E2E2E2E2E2E2E2E2E2E2E2E2E2E2E2E2E2E2E2E2E2E2E2E2E2E2E2E2E2E2E2E2E2E2E2E2F5F5F5E2E2E2E2E2E2E2E2E2E6E2E2E2E2E2E2E2E2E2E2E2E2E2E2E2E2E2E2E2E2E2E2E2E2E2E2E2E2E2E2E2E2E2E2E2E2E2E2E2E2E2E2E2E2E2E2E2E2
310
E2E2E2E2E2E2E2E2E2E2E2E2E2E2E2E2E2E2E2E2E2E2E2E2E2E2E2E2E2E2E2E2E2E2E2E2E2E2E2E2E2E2E2E2E2E2E2E2E2E2E2E2E2E2E2E2E2E2E2E2E2E2E2E2E2E2E2E2E2E2E2E2E2E2E2E2E2E2E2E2E2E2E2E2E2E2E2E2E2E2E2E2E2E2E2E2E2E6E6E2E2E2E2E2E2E2E2E6E2E2E2E2E2E2E2E2E2E2E2E2E2E2E2E2E2E2E2
310
E2E2E2E2E2E2E2E2E2E2E2E2E2E2E2E2E2E2E2E2E2E2E2E2E2E2E2E2E2E2E2E2E2E2E2E2E2E2E2E2E2E2E2E2E2E2E2E2E2E2E2E2E2E2E2E2E2E2E2E2E2E2E2E2E2E2E2E2F5F5F5E2E2E2E2E2E2E2E2E2E6E2E2E2E2E2E2E2E2E2E2E2E2E2E2E2E2E2E2E2E2E2E2E2E2E2E2E2E2E2E2E2E2E2E2E2E2E2E2E2E2E2E2E2E2E2E2
310
E2E2E2E2E2E2E2E2E2E2E2E2E2E2E2E2E2E2E2E2E2E2E2E2E2E2E2E2E2E2E2E2E2E2E2E2E2E2E2E2E2E2E2E2E2E2E2E2E2E2E2E2E2E2E2E2E2E2E2E2E2E2E2E2E2E2E2E2E2E2E2E2E2E2E2E2E2E2E2E2E2E2E2E2E2E2E2E2E2E2E2E2E2E2E2E2E2E2E2E2E6E2E2E2E2E2E2E2E2E6E2E2E2E2E2E2E2E2E2E2E2E2E2E2E2E2E2
310
E2E2E2E2E2E2E2E2E2E2E2E2E2E2E2E2E2E2E2E2E2E2E2E2E2E2E2E2E2E2E2E2E2E2E2E2E2E2E2E2E2E2E2E2E2E2E2E2E2E2E2E2E2E2E2E2E2E2E2E2E2E2E2E2E2E2E2E2E2E2F5F5F5E2E2E2E2E2E2E2E2E2E6E2E2E2E2E2E2E2E2E2E2E2E2E2E2E2E2E2E2E2E2E2E2E2E2E2E2E2E2E2E2E2E2E2E2E2E2E2E2E2E2E2E2E2E2
310
E2E2E2E2E2E2E2E2E2E2E2E2E2E2E2E2E2E2E2E2E2E2E2E2E2E2E2E2E2E2E2E2E2E2E2E2E2E2E2E2E2E2E2E2E2E2E2E2E2E2E2E2E2E2E2E2E2E2E2E2E2E2E2E2E2E2E2E2E2E2E2E2E2E2E2E2E2E2E2E2E2E2E2E2E2E2E2E2E2E2E2E2E2E2E2E2E2E2E2E2E2E6E6E6E6E6E6E6E6E6E6E6E2E6E6F5E2E2E2E2E2E2E2E2E2E2E2
310
E2E2E2E2E2F5F5F5F5E2E2E2E2E2E2E2E2E2E2E2E2E2E2E2E2E2E2E2E2E2E2E2E2E2E2E2E2E2E2E2E2E2E2E2E2E2E2E2E2E2E2E2E2E2E2E2E2E2E2E2E2E2E2E2E2E2E2E2E2E2E2E2F5F5F5E2E2E2E2E2E2E2E2E2E6E2E2E2E2E2E2E2E2E2E2E2E2E2E2E2E2E2E2E2E2E2E2E2E2E2E2E2E2E2E2E2E2E2E2E2E2E2E2E2E2E2E2
310
E2E2E2E2E2E2E2E2E2E2E2E2E2E2E2E2E2E2E2E2E2E2E2E2E2E2E2E2E2E2E2E2E2E2E2E2E2E2E2E2E2E2E2E2E2E2E2E2E2E2E2E2E2E2E2E2E2E2E2E2E2E2E2E2E2E2E2E2E2E2E2E2E2E2E2E2E2E2E2E2E2E2E2E2E2E2E2E2E2E2E2E2E2E2E2E2E2E2E2E2E2E2E2E2E6E2E2E2E2E2E2E2E2E2F5F5F5F5F5E2E2E2E2E2E2E2E2
310
E2E2E2E2E2E2F5F5F5F5F5E2E2E2E2E2E2E2E2E2E2E2E2E2E2E2E2E2E2E2E2E2E2E2E2E2E2E2E2E2E2E2E2E2E2E2E2E2E2E2E2E2E2E2E2E2E2E2E2E2E2E2E2E2E2E2E2E2E2E2E2E2E2E2F5F5F5E2E2E2E2E2E2E2E2E2E6E2E2E2E2E2E2E2E2E2E2E2E2E2E2E2E2E2E2E2E2E2E2E2E2E2E2E2E2E2E2E2E2E2E2E2E2E2E2E2E2
310
E2E2E2E2E2E2E2E2E2E2E2E2E2E2E2E2E2E2E2E2E2E2E2E2E2E2E2E2E2E2E2E2E2E2E2E2E2E2E2E2E2E2E2E2E2E2E2E2E2E2E2E2E2E2E2E2E2E2E2E2E2E2E2E2E2E2E2E2E2E2E2E2E2E2E2E2E2E2E2E2E2E2E2E2E2E2E2E2E2E2E2E2E2E2E2E2E2E2E2E2E2E2E2E2E2E6E6E2E2E2E2E2E2E2E2E6F5F5F5F5F5E2E2E2E2E2E2
310
E2E2E2E2E2E2E2E2F5F5F5F5F5E2E2E2E2E2E2E2E2E2E2E2E2E2E2E2E2E2E2E2E2E2E2E2E2E2E2E2E2E2E2E2E2E2E2E2E2E2E2E2E2E2E2E2E2E2E2E2E2E2E2E2E2E2E2E2E2E2E2E2E2E2E2E2F5F5F5E2E2E2E2E2E2E2E2E2E6E2E2E2E2E2E2E2E2E2E2E2E2E2E2E2E2E2E2E2E2E2E2E2E2E2E2E2E2E2E2E2E2E2E2E2E2E2E2
310
E2E2E2E2E2E2E2E2E2E2E2E2E2E2E2E2E2E2E2E2E2E2E2E2E2E2E2E2E2E2E2E2E2E2E2E2E2E2E2E2E2E2E2E2E2E2E2E2E2E2E2E2E2E2E2E2E2E2E2E2E2E2E2E2E2E2E2E2E2E2E2E2E2E2E2E2E2E2E2E2E2E2E2E2E2E2E2E2E2E2E2E2E2E2E2E2E2E2E2E2E2E2E2E2E2E2E2E6E6E2E2E2E2E2E2E2E2F5F5F5F5F5F5E2E2E2E2
310
E2E2E2E2E2E2E2E2E2E2F5F5F5F5F5E2E2E2E2E2E2E2E2E2E2E2E2E2E2E2E2E2E2E2E2E2E2E2E2E2E2E2E2E2E2E2E2E2E2E2E2E2E2E2E2E2E2E2E2E2E2E2E2E2E2E2E2E2E2E2E2E2E2E2E2E2E2E2F5F5F5E2E2E2E2E2E2E2E2E2E6E2E2E2E2E2E2E2E2E2E2E2E2E2E2E2E2E2E2E2E2E2E2E2E2E2E2E2E2E2E2E2E2E2E2E2E2
310
E2E2E2E2E2E2E2E2E2E2E2E2E2E2E2E2E2E2E2E2E2E2E2E2E2E2E2E2E2E2E2E2E2E2E2E2E2E2E2E2E2E2E2E2E2E2E2E2E2E2E2E2E2E2E2E2E2E2E2E2E2E2E2E2E2E2E2E2E2E2E2E2E2E2E2E2E2E2E2E2E2E2E2E2E2E2E2E2E2E2E2E2E2E2E2E2E2E2E2E2E2E2E2E2E2E2E2E2E2E2E6E2E2E2E2E2E2E2E2F5F5F5E2E2E2E2E2
310
E2E2E2E2E2E2E2E2E2E2E2E2E2E2F5F5F5E2E2E2E2E2E2E2E2E2E2E2E2E2E2E2E2E2E2E2E2E2E2E2E2E2E2E2E2E2E2E2E2E2E2E2E2E2E2E2E2E2E2E2E2E2E2E2E2E2E2E2E2E2E2E2E2E2E2E2E2E2E2E2F5F5F5E2E2E2E2E2E2E2E2E2E6E2E2E2E2E2E2E2E2E2E2E2E2E2E2E2E2E2E2E2E2E2E2E2E2E2E2E2E2E2E2E2E2E2E2
310
E2E2E2E2E2E2E2E2E2E2E2E2E2E2E2E2E2E2E2E2E2E2E2E2E2E2E2E2E2E2E2E2E2E2E2E2E2E2E2E2E2E2E2E2E2E2E2E2E2E2E2E2E2E2E2E2E2E2E2E2E2E2E2E2E2E2E2E2E2E2E2E2E2E2E2E2E2E2E2E2E2E2E2E2E2E2E2E2E2E2E2E2E2E2E2E2E2E2E2E2E2E2E2E2E2E2E2E2E2E2E2E2E6E2E2E2E2E2E2E2E2F5F5F5E2E2E2
310
E2E2E2E2E2E2E2E2E2E2E2E2E2E2E2E2F5F5F5E2E2E2E2E2E2E2E2E2E2E2E2E2E2E2E2E2E2E2E2E2E2E2E2E2E2E2E2E2E2E2E2E2E2E2E2E2E2E2E2E2E2E2E2E2E2E2E2E2E2E2E2E2E2E2E2E2E2E2E2E2E2E2F5F5F5E2E2E2E2E2E2E2E2E2E6E2E2E2E2E2E2E2E2E2E2E2E2E2E2E2E2E2E2E2E2E2E2E2E2E2E2E2E2E2E2E2E2
310
E2E2E2E2E2E2E2E2E2E2E2E2E2E2E2E2E2E2E2E2E2E2E2E2E2E2E2E2E2E2E2E2E2E2E2E2E2E2E2E2E2E2E2E2E2E2E2E2E2E2E2E2E2E2E2E2E2E2E2E2E2E2E2E2E2E2E2E2E2E2E2E2E2E2E2E2E2E2E2E2E2E2E2E2E2E2E2E2E2E2E2E2E2E2E2E2E2E2E2E2E2E2E2E2E2E2E2E2E2E2E2E2E2E2E6E2E2E2E2E2E2E2E2F5F5F5F5
310
F5F5F5F5F5F5F5F5F5F5F5F5F5F5F5F5F5F5F5F5F5F5F5F5F5F5F5F5F5F5F5F5F5F5F5F5E2E2E2E2E2E2E2E2E2E2E2E2E2E2E2E2E2E2E2E2E2E2E2E2E2E2E2E2E2E2E2E2E2E2E2E2E2E2E2E2E2F5F5F5E2E2E2E2F5F5F5E2E2E2E2E2E2E2E2E2E6E2E2E2E2E2E2E2E2E2E2E2E2E2E2E2E2E2E2E2E2E2E2E2E2E2E2E2E2E2E2
310
E2E2E2E2E2E2E2E2E2E2E2E2E2E2E2E2E2E2E2E2E2E2E2E2E2E2E2E2E2E2E2E2E2E2E2E2E2E2E2E2E2E2E2E2E2E2E2E2E2E2E2E2E2E2E2E2E2E2E2E2E2E2E2E2E2E2E2E2E2E2E2E2E2E2E2E2E2E2E2E2E2E2E2E2E2E2E2E2E2E2E2E2E2E2E2E2E2E2E2E2E2E2E2E2E2E2E2E2E2E2E2E2E2E2E2E2E6E2E2E2E2E2E2E2E2F5F5
310
F5F5F5F5F5F5F5F5F5F5F5F5F5F5F5F5F5F5F5F5F5F5F5F5F5F5F5F5F5F5F5F5F5F5F5F5F5F5E2E2E2E2E2E2E2E2E2E2E2E2E2E2E2E2E2E2E2E2E2E2E2E2E2E2E2E2E2E2E2E2E2E2E2E2E2E2E2E2E2F5F5F5F5F5F5F5F5F5F5E2E2E2E2E2E2E2E2E2E6E2E2E2E2E2E2E2E2E2E2E2E2E2E2E2E2E2E2E2E2E2E2E2E2E2E2E2E2
310
E2E2E2E2E2E2E2E2E2E2E2E2E2E2E2E2E2E2E2E2E2E2E2E2E2E2E2E2E2E2E2E2E2E2E2E2E2E2E2E2E2E2E2E2E2E2E2E2E2E2E2E2E2E2E2E2E2E2E2E2E2E2E2E2E2E2E2E2E2E2E2E2E2E2E2E2E2E2E2E2E2E2E2E2E2E2E2E2E2E2E2E2E2E2E2E2E2E2E2E2E2E2E2E2E2E2E2E2E2E2E2E2E2E2E2E2E2E2E6E2E2E2E2E2E2E2E2
310
F5F5F5F5F5F5F5F5F5F5F5F5F5F5F5F5F5F5F5F5F5F5F5F5F5F5F5F5F5F5F5F5F5F5F5F5F5F5F5F5F5E2F5F5F5F5ECECECECECECECECECECECECECECECECECECECECECECECECECECECECECECF5F5F5E2E2F5F5F5F5F5F5F5F5F5F5E2E2E2E2E2E2E2E2E2E6E2E2E2E2E2E2E2E2E2E2E2E2E2E2E2E2E2E2E2E2E2E2E2E2E2E2
310
E2E2E2E2E2E2E2E2E2E2E2E2E2E2E2E2E2E2E2E2E2E2E2E2E2E2E2E2E2E2E2E2E2E2E2E2E2E2E2E2E2E2E2E2E2E2E2E2E2E2E2E2E2E2E2E2E2E2E2E2E2E2E2E2E2E2E2E2E2E2E2E2E2E2E2E2E2E2E2E2E2E2E2E2E2E2E2E2E2E2E2E2E2E2E2E2E2E2E2E2E2E2E2E2E2E2E2E2E2E2E2E2E2E2E2E2E2E2E2E2E6E2E2E2E2E2E2
310
E2E2F5F5F5E2E2E2E2E2E2E2E2E2E2E2E2E2E2E2E2E2E2E2E2E2E2E2E2E2E2E2E2E2E2E2E2E2E2F5F5F5F5F5F5F5F5E2ECE2ECE2E2ECE2E2ECE2ECECE2ECE2E2ECE2ECECE2ECE2E2ECE2E2ECE2ECF5F5F5F5F5F5F5F5F5F5F5F5F5F5F5E2E2E2E2E2E2E2E2E2E6E2E2E2E2E2E2E2E2E2E2E2E2E2E2E2E2E2E2E2E2E2E2E2E2
310
E2E2E2E2E2E2E2E2E2E2E2E2E2E2E2E2E2E2E2E2E2E2E2E2E2E2E2E2E2E2E2E2E2E2E2E2E2E2E2E2E2E2E2E2E2E2E2E2E2E2E2E2E2E2E2E2E2E2E2E2E2E2E2E2E2E2E2E2E2E2E2E2E2E2E2E2E2E2E2E2E2E2E2E2E2E2E2E2E2E2E2E2E2E2E2E2E2E2E2E2E2E2E2E2E2E2E2E2E2E2E2E2E2E2E2E2E2E2E2E2E2E2E6E2E2E2E2
310
E2E2E2E2F5F5F5E2E2E2E2E2E2E2E2E2E2E2E2E2E2E2E2E2E2E2E2E2E2E2E2E2E2E2E2E2E2E2E2E2E2F5F5F5F5F5F5F5ECECECECECECECECECECECECECECECECECECECECECECECECECECECECECECECE2ECF5F5F5F5F5F5F5E2E2E2E2F5F5F5E2E2E2E2E2E2E2E2E2E6E2E2E2E2E2E2E2E2E2E2E2E2E2E2E2E2E2E2E2E2E2E2
310
E2E2E2E2E2E2E2E2E2E2E2E2E2E2E2E2E2E2E2E2E2E2E2E2E2E2E2E2E2E2E2E2E2E2E2E2E2E2E2E2E2E2E2E2E2E2E2E2E2E2E2E2E2E2E2E2E2E2E2E2E2E2E2E2E2E2E2E2E2E2E2E2E2E2E2E2E2E2E2E2E2E2E2E2E2E2E2E2E2E2E2E2E2E2E2E2E2E2E2E2E2E2E2E2E2E2E2E2E2E2E2E2E2E2E2E2E2E2E2E2E2E2E2E2E6E2E2
310
E2E2E2E2E2E2F5F5F5E2E2E2E2E2E2E2E2E2E2E2E2E2E2E2E2E2E2E2E2E2E2E2E2E2E2E2E2E2E2E2E2E2E2F5F5F5ECF5F5ECECECECE2E2E2E2E2E2E2E2E2E2E2E2E2E2E2E2E2E2E2E2E2E2E2E2E2E2E2ECECECE2F5F5F5F5F5F5E2E2E2E2F5F5F5E2E2E2E2E2E2E2E2E2E6E2E2E2E2E2E2E2E2E2E2E2E2E2E2E2E2E2E2E2E2
310
E2E2E2E2E2E2E2E2E2E2E2E2E2E2E2E2E2E2E2E2E2E2E2E2E2E2E2E2E2E2E2E2E2E2E2E2E2E2E2E2E2E2E2E2E2E2E2E2E2E2E2E2E2E2E2E2E2E2E2E2E2E2E2E2E2E2E2E2E2E2E2E2E2E2E2E2E2E2E2E2E2E2E2E2E2E2E2E2E2E2E2E2E2E2E2E2E2E2E2E2E2E2E2E2E2E2E2E2E2E2E2E2E2E2E2E2E2E2E2E2E2E2E2E2E2E2E6
310
E2E2E2E2E2E2E2E2F5F5F5E2E2E2E2E2E2E2E2E2E2E2E2E2E2E2E2E2E2E2E2E2E2E2E2E2E2E2E2E2E2E2E2E2E2F5F5F5ECECECECECECE2E2E2E2E2E2E2E2E2E2E2E2E2E2E2E2E2E2E2E2E2E2E2E2E2E2E2E2E2ECECECE2ECECF5F5F5E2E2E2E2F5F5F5E2E2E2E2E2E2E2E2E2E6E2E2E2E2E2E2E2E2E2E2E2E2E2E2E2E2E2E2
310
E2E2E2E2E2E2E2E2E2E2E2E2E2E2E2E2E2E2E2E2E2E2E2E2E2E2E2E2E2E2E2E2E2E2E2E2E2E2E2E2E2E2E2E2E2E2E2E2E2E2E2E2E2E2E2E2E2E2E2E2E2E2E2E2E2E2E2E2E2E2E2E2E2E2E2E2E2E2E2E2E2E2E2E2E2E2E2E2E2E2E2E2E2E2E2E2E2E2E2E2E2E2E2E2E2E2E2E2E2E2E2E2E2E2E2E2E2E2E2E2E2E2E2E2E2E2E2
310
E2E6E2E2E2E2E2E2E2E2F5F5F5E2E2E2E2E2E2E2E2E2E2E2E2E2E2E2E2E2E2E2E2E2E2E2E2E2E2E2E2E2E2E2E2E2E2F5F5F5ECECECE2ECE2E2E2E2E2E2E2E2E2E2E2E2E2E2E2E2E2E2E2E2E2E2E2E2E2E2E2E2E2E2E2ECECE2E2ECF5F5F5E2E2E2E2F5F5F5E2E2E2E2E2E2E2E2E2E6E2E2E2E2E2E2E2E2E2E2E2E2E2E2E2E2
310
E2E2E2E2E2E2E2E2E2E2E2E2E2E2E2E2E2E2E2E2E2E2E2E2E2E2E2E2E2E2E2E2E2E2E2E2E2E2E2E2E2E2E2E2E2E2E2E2E2E2E2E2E2E2E2E2E2E2E2E2E2E2E2E2E2E2E2E2E2E2E2E2E2E2E2E2E2E2E2E2E2E2E2E2E2E2E2E2E2E2E2E2E2E2E2E2E2E2E2E2E2E2E2E2E2E2E2E2E2E2E2E2E2E2E2E2E2E2E2E2E2E2E2E2E2E2E2
310
E2E2E2E6E2E2E2E2E2E2E2E2F5F5F5E2E2E2E2E2E2E2E2E2E2E2E2E2E2E2E2E2E2E2E2E2E2E2E2E2E2E2E2E2E2E2E2E2E2F5F5F5ECECF5ECECE2E2E2E2E2E2E2E2E2E2E2E2E2E2E2E2E2E2E2E2E2E2E2E2E2E2E2E2E2E2E2ECECF5F5ECF5F5F5E2E2E2E2F5F5F5E2E2E2E2E2E2E2E2E2E6E2E2E2E2E2E2E2E2E2E2E2E2E2E2
310
E2E2E2E2E2E2E2E2E2E2E2E2E2E2E2E2E2E2E2E2E2E2E2E2E2E2E2E2E2E2E2E2E2E2E2E2E2E2E2E2E2E2E2E2E2E2E2E2E2E2E2E2E2E2E2E2E2E2E2E2E2E2E2E2E2E2E2E2E2E2E2E2E2E2E2E2E2E2E2E2E2E2E2E2E2E2E2E2E2E2E2E2E2E2E2E2E2E2E2E2E2E2E2E2E2E2E2E2E2E2E2E2E2E2E2E2E2E2E2E2E2E2E2E2E2E2E2
310
E6E6E6E6E2E6E2E2E2E2E2E2E2E2F5F5F5E2E2E2E2E2E2E2E2E2E2E2E2E2E2E2E2E2E2E2E2E2E2E2E2E2E2E2E2E2E2E2E2E2E2F5F5F5F5F5F5E2E2E2E2E2E2E2E2E2E2E2E2E2E2E2E2E2E2E2E2E2E2E2E2E2E2E2E2E2E2E2E2E2E2E2F5F5F5F5F5F5E2E2E2E2F5F5F5E2E2E2E2E6E6E6E6E2E6E2E2E2E2E2E2E2E2E2E2E2E2
310
E2E2E2E2E2E2E2E2E2E2E2E2E2E2E2E2E2E2E2E2E2E2E2E2E2E2E2E2E2E2E2E2E2E2E2E2E2E2E2E2E2E2E2E2E2E2E2E2E2E2E2E2E2E2E2E2E2E2E2E2E2E2E2E2E2E2E2E2E2E2E2E2E2E2E2E2E2E2E2E2E2E2E2E2E2E2E2E2E2E2E2E2E2E2E2E2E2E2E2E2E2E2E2E2E2E2E2E2E2E2E2E2E2E2E2E2E2E2E2E2E2E2E2E2E2E2E2
310
E2E2E6E6E6E6E2E6E2E2E2E2E2E2E2E2F5F5F5E2E2E2E2E2E2E2E2E2E2E2E2E2E2E2E2E2E2E2E2E2E2E2E2E2E2E2E2E2E2E2E2E2E2F5F5F5F5F5F5E2E2E2E2E2E2E2E2E2E2E2E2E2E2E2E2E2E2E2E2E2E2E2E2E2E2E2E2E2E2E2E2E2E2E2F5F5F5F5F5F5E2E2E2E2F5F5F5E2E2E2E2E6E6E6E6E2E6E2E2E2E2E2E2E2E2E2E2
310
E2E2E2E2E2E2E2E2E2E2E2E2E2E2E2E2E2E2E2E2E2E2E2E2E2E2E2E2E2E2E2E2E2E2E2E2E2E2E2E2E2E2E2E2E2E2E2E2E2E2E2E2E2E2E2E2E2E2E2E2E2E2E2E2E2E2E2E2E2E2E2E2E2E2E2E2E2E2E2E2E2E2E2E2E2E2E2E2E2E2E2E2E2E2E2E2E2E2E2E2E2E2E2E2E2E2E2E2E2E2E2E2E2E2E2E2E2E2E2E2E2E2E2E2E2E2E2
310
E2E2E2E2E6E6E6E6E2E6E2E2E2E2E2E2E2E2F5F5F5E2E2E2E2E2E2E2E2E2E2E2E2E2E2E2E2E2E2E2E2E2E2E2E2E2E2E2E2E2E2E2E2E2E2F5F5F5F5F5E2E2E2E2E2E2E2E2E2E2E2E2E2E2E2E2E2E2E2E2E2E2E2E2E2E2E2E2E2E2E2E2E2E2E2E2F5F5F5F5F5F5E2E2E2E2F5F5F5E2E2E2E2E6E6E6E6E2E6E2E2E2E2E2E2E2E2
310
E2E2E2E2E2E2E2E2E2E2E2E2E2E2E2E2E2E2E2E2E2E2E2E2E2E2E2E2E2E2E2E2E2E2E2E2E2E2E2E2E2E2E2E2E2E2E2E2E2E2E2E2E2E2E2E2E2E2E2E2E2E2E2E2E2E2E2E2E2E2E2E2E2E2E2E2E2E2E2E2E2E2E2E2E2E2E2E2E2E2E2E2E2E2E2E2E2E2E2E2E2E2E2E2E2E2E2E2E2E2E2E2E2E2E2E2E2E2E2E2E2E2E2E2E2E2E2
310
E2E2E2E2E2E2E6E6E6E6E2E6E2E2E2E2E2E2E2E2F5F5F5E2E2E2E2E2E2E2E2E2E2E2E2E2E2E2E2E2E2E2E2E2E2E2E2E2E2E2E2E2E2E2E2E2E2F5F5F5E2E2E2E2E2E2E2E2E2E2E2E2E2E2E2E2E2E2E2E2E2E2E2E2E2E2E2E2E2E2E2E2E2E2E2E2E2E2F5F5F5E2E2E2E2E2E2E2F5F5F5E2E2E2E2E6E6E6E6E2E6E2E2E2E2E2E2
310
E2E2E2E2E2E2E2E2E2E2E2E2E2E2E2E2E2E2E2E2E2E2E2E2E2E2E2E2E2E2E2E2E2E2E2E2E2E2E2E2E2E2E2E2E2E2E2E2E2E2E2E2E2E2E2E2E2E2E2E2E2E2E2E2E2E2E2E2E2E2E2E2E2E2E2E2E2E2E2E2E2E2E2E2E2E2E2E2E2E2E2E2E2E2E2E2E2E2E2E2E2E2E2E2E2E2E2E2E2E2E2E2E2E2E2E2E2E2E2E2E2E2E2E2E2E2E2
310
E2E2E2E2E2E2E2E2E6E6E6E6E2E6E2E2E2E2E2E2E2E2F5F5F5E2E2E2E2E2E2E2E2E2E2E2E2E2E2E2E2E2E2E2E2E2E2E2E2E2E2E2E2E2E2E2E2E2E2F5F5F5F5E2E2E2E2E2E2E2E2E2E2E2E2E2E2E2E2E2E2E2E2E2E2E2E2E2E2E2E2E2E2E2E2E2E2E2E2E2F5F5F5F5F5F5E2E2E2E2F5F5F5E2E2E2E2E6E6E6E6E2E6E2E2E2E2
310
E2E2E2E2E2E2E2E2E2E2E2E2E2E2E2E2E2E2E2E2E2E2E2E2E2E2E2E2E2E2E2E2E2E2E2E2E2E2E2E2E2E2E2E2E2E2E2E2E2E2E2E2E2E2E2E2E2E2E2E2E2E2E2E2E2E2E2E2E2E2E2E2E2E2E2E2E2E2E2E2E2E2E2E2E2E2E2E2E2E2E2E2E2E2E2E2E2E2E2E2E2E2E2E2E2E2E2E2E2E2E2E2E2E2E2E2E2E2E2E2E2E2E2E2E2E2E2
310
E2E2E2E2E2E2E2E2E2E2E6E6E6E6E2E6E2E2E2E2E2E2E2E2F5F5F5E2E2E2E2E2E2E2E2E2E2E2E2E2E2E2E2E2E2E2E2E2E2E2E2E2E2E2E2E2E2E2E2E2E2F5F5F5F5F5F5E2E2E2E2E2E2E2E2E2E2E2E2E2E2E2E2E2E2E2E2E2E2E2E2E2E2E2E2E2E2E2E2E2E2E2F5F5F5F5F5F5E2E2E2E2F5F5F5E2E2E2E2E6E6E6E6E2E6E2E2
310
E2E2E2E2E2E2E2E2E2E2E2E2E2E2E2E2E2E2E2E2E2E2E2E2E2E2E2E2E2E2E2E2E2E2E2E2E2E2E2E2E2E2E2E2E2E2E2E2E2E2E2E2E2E2E2E2E2E2E2E2E2E2E2E2E2E2E2E2E2E2E2E2E2E2E2E2E2E2E2E2E2E2E2E2E2E2E2E2E2E2E2E2E2E2E2E2E2E2E2E2E2E2E2E2E2E2E2E2E2E2E2E2E2E2E2E2E2E2E2E2E2E2E2E2E2E2E2
310
E2E2E2E2E2E2E2E2E2E2E2E2E2E2E2E2E2E6E2E2E2E2E2E2E2E2F5F5F5E2E2E2E2E2E2E2E2E2E2E2E2E2E2E2E2E2E2E2E2E2E2E2E2E2E2E2E2E2E2E2E2E2E2F5F5F5F5F5F5E2E2E2E2E2E2E2E2E2E2E2E2E2E2E2E2E2E2E2E2E2E2E2E2E2E2E2E2E2E2E2E2E2E2E2F5F5F5F5F5F5E2E2E2E2F5F5F5E2E2E2E2E2E2E2E2E2E6
310
E2E2E2E2E2E2E2E2E2E2E2E2E2E2E2E2E2E2E2E2E2E2E2E2E2E2E2E2E2E2E2E2E2E2E2E2E2E2E2E2E2E2E2E2E2E2E2E2E2E2E2E2E2E2E2E2E2E2E2E2E2E2E2E2E2E2E2E2E2E2E2E2E2E2E2E2E2E2E2E2E2E2E2E2E2E2E2E2E2E2E2E2E2E2E2E2E2E2E2E2E2E2E2E2E2E2E2E2E2E2E2E2E2E2E2E2E2E2E2E2E2E2E2E2E2E2E2
310
E2E2E2E2E2E2E2E2E2E2E2E2E2E2E2E2E2E2E2E6E2E2E2E2E2E2E2E2F5F5F5E2E2E2E2E2E2E2E2E2E2E2E2E2E2E2E2E2E2E2E2E2E2E2E2E2E2E2E2E2E2E2E2E2E2F5F5F5ECF5F5ECECE2E2E2E2E2E2E2E2E2E2E2E2E2E2E2E2E2E2E2E2E2E2E2E2E2E2E2E2E2E2E2E2ECF5F5F5F5F5F5E2E2E2E2F5F5F5E2E2E2E2E2E2E2E2
310
E2E6E2E2E2E2E2E2E2E2E2E2E2E2E2E2E2E2E2E2E2E2E2E2E2E2E2E2E2E2E2E2E2E2E2E2E2E2E2E2E2E2E2E2E2E2E2E2E2E2E2E2E2E2E2E2E2E2E2E2E2E2E2E2E2E2E2E2E2E2E2E2E2E2E2E2E2E2E2E2E2E2E2E2E2E2E2E2E2E2E2E2E2E2E2E2E2E2E2E2E2E2E2E2E2E2E2E2E2E2E2E2E2E2E2E2E2E2E2E2E2E2E2E2E2E2E2
310
E2E2E2E2E2E2E2E2E2E2E2E2E2E2E2E2E2E2E2E2E2E6E2E2E2E2E2E2E2E2F5F5F5E2E2E2E2E2E2E2E2E2E2E2E2E2E2E2E2E2E2E2E2E2E2E2E2E2E2E2E2E2E2E2E2E2E2F5F5F5ECECECE2ECECE2E2E2E2E2E2E2E2E2E2E2E2E2E2E2E2E2E2E2E2E2E2E2E2E2E2E2E2E2E2ECECE2ECECF5F5F5E2E2E2E2F5F5F5E2E2E2E2E2E2
310
E2E2E2E6E2E2E2E2E2E2E2E2E2E2E2E2E2E2E2E2E2E2E2E2E2E2E2E2E2E2E2E2E2E2E2E2E2E2E2E2E2E2E2E2E2E2E2E2E2E2E2E2E2E2E2E2E2E2E2E2E2E2E2E2E2E2E2E2E2E2E2E2E2E2E2E2E2E2E2E2E2E2E2E2E2E2E2E2E2E2E2E2E2E2E2E2E2E2E2E2E2E2E2E2E2E2E2E2E2E2E2E2E2E2E2E2E2E2E2E2E2E2E2E2E2E2E2
310
E2E2E2E2E2E2E2E2E2E2E2E2E2E2E2E2E2E2E2E2E2E2E2E6E2E2E2E2E2E2E2E2F5F5F5E2E2E2E2E2E2E2E2E2E2E2E2E2E2E2E2E2E2E2E2E2E2E2E2E2E2E2E2E2E2E2E2E2E2F5F5F5ECECECE2ECECE2E2E2E2E2E2E2E2E2E2E2E2E2E2E2E2E2E2E2E2E2E2E2E2E2E2E2E2E2ECECECE2ECECF5F5F5E2E2E2E2F5F5F5E2E2E2E2
310
E2E2E2E2E2E6E2E2E2E2E2E2E2E2E2E2E2E2E2E2E2E2E2E2E2E2E2E2E2E2E2E2E2E2E2E2E2E2E2E2E2E2E2E2E2E2E2E2E2E2E2E2E2E2E2E2E2E2E2E2E2E2E2E2E2E2E2E2E2E2E2E2E2E2E2E2E2E2E2E2E2E2E2E2E2E2E2E2E2E2E2E2E2E2E2E2E2E2E2E2E2E2E2E2E2E2E2E2E2E2E2E2E2E2E2E2E2E2E2E2E2E2E2E2E2E2E2
310
E2E2E2E2E2E2E2E2E2E2E2E2E2E2E2E2E2E2E2E2E2E2E2E2E2E6E2E2E2E2E2E2E2E2F5F5F5E2E2E2E2E2E2E2E2E2E2E2E2E2E2E2E2E2E2E2E2E2E2E2E2E2E2E2E2E2E2E2E2E2E2F5F5F5ECECF5ECECECECE2E2E2E2E2E2E2E2E2E2E2E2E2E2E2E2E2E2E2E2E2E2E2E2E2E2E2E2ECE2E2F5F5E2F5F5F5E2E2E2E2F5F5F5E2E2
310
E2E2E2E2E2E2E2E6E2E2E2E2E2E2E2E2E2E2E2E2E2E2E2E2E2E2E2E2E2E2E2E2E2E2E2E2E2E2E2E2E2E2E2E2E2E2E2E2E2E2E2E2E2E2E2E2E2E2E2E2E2E2E2E2E2E2E2E2E2E2E2E2E2E2E2E2E2E2E2E2E2E2E2E2E2E2E2E2E2E2E2E2E2E2E2E2E2E2E2E2E2E2E2E2E2E2E2E2E2E2E2E2E2E2E2E2E2E2E2E2E2E2E2E2E2E2E2
310
E2E2E2E2E2E2E2E2E2E2E2E2E2E2E2E2E2E2E2E2E2E2E2E2E2E2E2E6E2E2E2E2E2E2E2E2F5F5F5E2E2E2E2E2E2E2E2E2E2E2E2E2E2E2E2E2E2E2E2E2E2E2E2E2E2E2E2E2E2E2E2E2E2F5F5F5ECF5F5F5ECECECECECECECECECECECECECECECECECECECECECECECECECECECECECECECE2ECF5F5F5F5F5F5F5E2E2E2E2F5F5F5
310
E2E2E2E2E2E2E2E2E2E6E2E2E2E2E2E2E2E2E2E2E2E2E2E2E2E2E2E2E2E2E2E2E2E2E2E2E2E2E2E2E2E2E2E2E2E2E2E2E2E2E2E2E2E2E2E2E2E2E2E2E2E2E2E2E2E2E2E2E2E2E2E2E2E2E2E2E2E2E2E2E2E2E2E2E2E2E2E2E2E2E2E2E2E2E2E2E2E2E2E2E2E2E2E2E2E2E2E2E2E2E2E2E2E2E2E2E2E2E2E2E2E2E2E2E2E2E2
310
E2E2E2E2E2E2E2E2E2E2E2E2E2E2E2E2E2E2E2E2E2E2E2E2E2E2E2E2E2E6E2E2E2E2E2E2E2E2F5F5F5E2E2E2E2E2E2E2E2E2E2E2E2E2E2E2E2E2E2E2E2E2E2E2E2E2E2E2E2E2E2E2E2E2E2F5F5F5F5F5F5F5F5E2ECE2ECECE2ECE2E2ECE2ECECE2ECE2E2ECE2ECECE2ECE2E2ECE2ECECE2ECF5F5F5F5F5F5F5F5F5F5F5F5F5
310
F5F5E2E2E2E2E2E2E2E2E2E6E2E2E2E2E2E2E2E2E2E2E2E2E2E2E2E2E2E2E2E2E2E2E2E2E2E2E2E2E2E2E2E2E2E2E2E2E2E2E2E2E2E2E2E2E2E2E2E2E2E2E2E2E2E2E2E2E2E2E2E2E2E2E2E2E2E2E2E2E2E2E2E2E2E2E2E2E2E2E2E2E2E2E2E2E2E2E2E2E2E2E2E2E2E2E2E2E2E2E2E2E2E2E2E2E2E2E2E2E2E2E2E2E2E2E2
310
E2E2E2E2E2E2E2E2E2E2E2E2E2E2E2E2E2E2E2E2E2E2E2E2E2E2E2E2E2E2E2E6E2E2E2E2E2E2E2E2F5F5F5F5F5F5F5F5F5F5F5F5F5F5F5F5F5F5F5F5F5F5F5F5F5F5F5F5F5F5F5F5F5F5F5F5F5F5F5F5F5F5F5F5F5F5ECECECECECECECECECECECECECECECECECECECECECECECECECECECECECECF5F5F5E2F5F5F5F5F5F5F5
310
F5F5F5F5E2E2E2E2E2E2E2E2E2E6E2E2E2E2E2E2E2E2E2E2E2E2E2E2E2E2E2E2E2E2E2E2E2E2E2E2E2E2E2E2E2E2E2E2E2E2E2E2E2E2E2E2E2E2E2E2E2E2E2E2E2E2E2E2E2E2E2E2E2E2E2E2E2E2E2E2E2E2E2E2E2E2E2E2E2E2E2E2E2E2E2E2E2E2E2E2E2E2E2E2E2E2E2E2E2E2E2E2E2E2E2E2E2E2E2E2E2E2E2E2E2E2E2
310
E2E2E2E2E2E2E2E2E2E2E2E2E2E2E2E2E2E2E2E2E2E2E2E2E2E2E2E2E2E2E2E2E2E6E2E2E2E2E2E2E2E2F5F5F5F5F5F5F5F5F5F5F5F5F5F5F5F5F5F5F5F5F5F5F5F5F5F5F5F5F5F5F5F5F5F5F5F5F5F5F5F5E2E2E2F5F5F5E2E2E2E2E2E2E2E2E2E2E2E2E2E2E2E2E2E2E2E2E2E2E2E2E2E2E2E2E2E2F5F5F5E2E2F5F5F5F5
310
F5F5F5F5F5F5E2E2E2E2E2E2E2E2E2E6E2E2E2E2E2E2E2E2E2E2E2E2E2E2E2E2E2E2E2E2E2E2E2E2E2E2E2E2E2E2E2E2E2E2E2E2E2E2E2E2E2E2E2E2E2E2E2E2E2E2E2E2E2E2E2E2E2E2E2E2E2E2E2E2E2E2E2E2E2E2E2E2E2E2E2E2E2E2E2E2E2E2E2E2E2E2E2E2E2E2E2E2E2E2E2E2E2E2E2E2E2E2E2E2E2E2E2E2E2E2E2
310
E2E2E2E2E2E2E2E2E2E2E2E2E2E2E2E2E2E2E2E2E2E2E2E2E2E2E2E2E2E2E2E2E2E2E2E6E2E2E2E2E2E2E2E2F5F5F5F5F5F5F5F5F5F5F5F5F5F5F5F5F5F5F5F5F5F5F5F5F5F5F5F5F5F5F5F5F5F5F5F5F5F5F5F5E2E2E2E2E2E2E2E2E2E2E2E2E2E2E2E2E2E2E2E2E2E2E2E2E2E2E2E2E2E2E2E2E2E2E2E2E2E2E2E2E2F5F5
310
F5E2E2E2E2F5F5F5E2E2E2E2E2E2E2E2E2E6E2E2E2E2E2E2E2E2E2E2E2E2E2E2E2E2E2E2E2E2E2E2E2E2E2E2E2E2E2E2E2E2E2E2E2E2E2E2E2E2E2E2E2E2E2E2E2E2E2E2E2E2E2E2E2E2E2E2E2E2E2E2E2E2E2E2E2E2E2E2E2E2E2E2E2E2E2E2E2E2E2E2E2E2E2E2E2E2E2E2E2E2E2E2E2E2E2E2E2E2E2E2E2E2E2E2E2E2E2
310
E2E2E2E2E2E2E2E2E2E2E2E2E2E2E2E2E2E2E2E2E2E2E2E2E2E2E2E2E2E2E2E2E2E2E2E2E2E6E2E2E2E2E2E2E2E2F5F5F5E2E2E2E2E2E2E2E2E2E2E2E2E2E2E2E2E2E2E2F5F5F5E2E2E2E2E2E2E2E2E2E2E2E2E2E2E2E2E2E2E2E2E2E2E2E2E2E2E2E2E2E2E2E2E2E2E2E2E2E2E2E2E2E2E2E2E2E2E2E2E2E2E2E2E2E2E2E2
310
E2E2E2E2E2E2E2F5F5F5E2E2E2E2E2E2E2E2E2E6E2E2E2E2E2E2E2E2E2E2E2E2E2E2E2E2E2E2E2E2E2E2E2E2E2E2E2E2E2E2E2E2E2E2E2E2E2E2E2E2E2E2E2E2E2E2E2E2E2E2E2E2E2E2E2E2E2E2E2E2E2E2E2E2E2E2E2E2E2E2E2E2E2E2E2E2E2E2E2E2E2E2E2E2E2E2E2E2E2E2E2E2E2E2E2E2E2E2E2E2E2E2E2E2E2E2E2
310
E2E2E2E2E2E2E2E2E2E2E2E2E2E2E2E2E2E2E2E2E2E2E2E2E2E2E2E2E2E2E2E2E2E2E2E2E2E2E2E6E2E2E2E2E2E2E2E2F5F5F5E2E2E2E2E2E2E2E2E2E2E2E2E2E2E2E2E2E2E2F5F5F5E2E2E2E2E2E2E2E2E2E2E2E2E2E2E2E2E2E2E2E2E2E2E2E2E2E2E2E2E2E2E2E2E2E2E2E2E2E2E2E2E2E2E2E2E2E2E2E2E2E2E2E2E2E2
310
E2E2E2E2E2E2E2E2E2F5F5F5E2E2E2E2E2E2E2E2E2E6E2E2E2E2E2E2E2E2E2E2E2E2E2E2E2E2E2E2E2E2E2E2E2E2E2E2E2E2E2E2E2E2E2E2E2E2E2E2E2E2E2E2E2E2E2E2E2E2E2E2E2E2E2E2E2E2E2E2E2E2E2E2E2E2E2E2E2E2E2E2E2E2E2E2E2E2E2E2E2E2E2E2E2E2E2E2E2E2E2E2E2E2E2E2E2E2E2E2E2E2E2E2E2E2E2
310
E2E2E2E2E2E2E2E2E2E2E2E2E2E2E2E2E2E2E2E2E2E2E2E2E2E2E2E2E2E2E2E2E2E2E2E2E2E2E2E2E6E6E2E2E2E2E2E2E2E2F5F5F5E2E2E2E2E2E2E2E2E2E2E2E2E2E2E2E2E2E2E2F5F5F5E2E2E2E2E2E2E2E2E2E2E2E2E2E2E2E2E2E2E2E2E2E2E2E2E2E2E2E2E2E2E2E2E2E2E2E2E2E2E2E2E2E2E2E2E2E2E2E2E2E2E2E2
310
E2E2E2E2E2E2E2E2E2E2E2F5F5F5E2E2E2E2E2E2E2E2E2E6E2E2E2E2E2E2E2E2E2E2E2E2E2E2E2E2E2E2E2E2E2E2E2E2E2E2E2E2E2E2E2E2E2E2E2E2E2E2E2E2E2E2E2E2E2E2E2E2E2E2E2E2E2E2E2E2E2E2E2E2E2E2E2E2E2E2E2E2E2E2E2E2E2E2E2E2E2E2E2E2E2E2E2E2E2E2E2E2E2E2E2E2E2E2E2E2E2E2E2E2E2E2E2
310
E2E2E2E2E2E2E2E2E2E2E2E2E2E2E2E2E2E2E2E2E2E2E2E2E2E2E2E2E2E2E2E2E2E2E2E2E2E2E2E2E2E2E6E6E2E2E2E2E2E2E2E2E6F5F5F5F5F5E2E2E2E2E2E2E2E2E2E2E2E2E2E2F5F5F5F5F5E2E2E2E2E2E2E2E2E2E2E2E2E2E2E2E2E2E2E2E2E2E2E2E2E2E2E2E2E2E2E2E2E2E2E2E2E2E2E2E2E2E2E2E2E2E2E2E2E2E2
310
E2E2E2E2E2E2E2E2E2E2E2E2E2F5F5F5E2E2E2E2E2E2E2E2E2E6E2E2E2E2E2E2E2E2E2E2E2E2E2E2E2E2E2E2E2E2E2E2E2E2E2E2E2E2E2E2E2E2E2E2E2E2E2E2E2E2E2E2E2E2E2E2E2E2E2E2E2E2E2E2E2E2E2E2E2E2E2E2E2E2E2E2E2E2E2E2E2E2E2E2E2E2E2E2E2E2E2E2E2E2E2E2E2E2E2E2E2E2E2E2E2E2E2E2E2E2E2
310
E2E2E2E2E2E2E2E2E2E2E2E2E2E2E2E2E2E2E2E2E2E2E2E2E2E2E2E2E2E2E2E2E2E2E2E2E2E2E2E2E2E2E2E2E2E6E2E2E2E2E2E2E2E2E2F5F5F5F5F5E2E2E2E2E2E2E2E2E2E2E2E2E2E2F5F5F5F5F5E2E2E2E2E2E2E2E2E2E2E2E2E2E2E2E2E2E2E2E2E2E2E2E2E2E2E2E2E2E2E2E2E2E2E2E2E2E2E2E2E2E2E2E2E2E2E2E2
310
E2E2E2E2E2E2E2E2E2E2E2E2E2E2E2F5F5F5E2E2E2E2E2E2E2E2E2E6E2E2E2E2E2E2E2E2E2E2E2E2E2E2E2E2E2E2E2E2E2E2E2E2E2E2E2E2E2E2E2E2E2E2E2E2E2E2E2E2E2E2E2E2E2E2E2E2E2E2E2E2E2E2E2E2E2E2E2E2E2E2E2E2E2E2E2E2E2E2E2E2E2E2E2E2E2E2E2E2E2E2E2E2E2E2E2E2E2E2E2E2E2E2E2E2E2E2E2
310
E2E2E2E2E2E2E2E2E2E2E2E2E2E2E2E2E2E2E2E2E2E2E2E2E2E2E2E2E2E2E2E2E2E2E2E2E2E2E2E2E2E2E2E2E2E2E6E6E6E6E6E6E6E6E6E6E2E2E6F5F5E2E2E2E2E2E2E2E2E2E2E2E2E2E2E2F5F5F5F5F5E2E2E2E2E2E2E2E2E2E2E2E2E2E2E2E2E2E2E2E2E2E2E2E2E2E2E2E2E2E2E2E2E2E2E2E2E2E2E2E2E2E2E2E2E2E2
310
E2E2E2E2E2E2E2E2E2E2E2E2E2E2E2E2E2F5F5F5E2E2E2E2E2E2E2E2E2E6E2E2E2E2E2E2E2E2E2E2E2E2E2E2E2E2E2E2E2E2E2E2E2E2E2E2E2E2E2E2E2E2E2E2E2E2E2E2E2E2E2E2E2E2E2E2E2E2E2E2E2E2E2E2E2E2E2E2E2E2E2E2E2E2E2E2E2E2E2E2E2E2E2E2E2E2E2E2E2E2E2E2E2E2E2E2E2E2E2E2E2E2E2E2E2E2E2
310
E2E2E2E2E2E2E2E2E2E2E2E2E2E2E2E2E2E2E2E2E2E2E2E2E2E2E2E2E2E2E2E2E2E2E2E2E2E2E2E2E2E2E2E2E2E2E2E2E2E6E2E2E2E2E2E2E2E2E6E2E2E2E2E2E2E2E2E2E2E2E2E2E2E2E2E2E2E2E2E2E2E2E2E2E2E2E2E2E2E2E2E2E2E2E2E2E2E2E2E2E2E2E2E2E2E2E2E2E2E2E2E2E2E2E2E2E2E2E2E2E2E2E2E2E2E2E2
310
E2E2E2E2E2E2E2E2E2E2E2E2E2E2E2E2E2E2E2F5F5F5E2E2E2E2E2E2E2E2E2E6E2E2E2E2E2E2E2E2E2E2E2E2E2E2E2E2E2E2E2E2E2E2E2E2E2E2E2E2E2E2E2E2E2E2E2E2E2E2E2E2E2E2E2E2E2E2E2E2E2E2E2E2E2E2E2E2E2E2E2E2E2E2E2E2E2E2E2E2E2E2E2E2E2E2E2E2E2E2E2E2E2E2E2E2E2E2E2E2E2E2E2E2E2E2E2
310
E2E2E2E2E2E2E2E2E2E2E2E2E2E2E2E2E2E2E2E2E2E2E2E2E2E2E2E2E2E2E2E2E2E2E2E2E2E2E2E2E2E2E2E2E2E2E2E2E2E2E6E6E2E2E2E2E2E2E2E2E6E2E2E2E2E2E2E2E2E2E2E2E2E2E2E2E2E2E2E2E2E2E2E2E2E2E2E2E2E2E2E2E2E2E2E2E2E2E2E2E2E2E2E2E2E2E2E2E2E2E2E2E2E2E2E2E2E2E2E2E2E2E2E2E2E2E2
310
E2E2E2E2E2E2E2E2E2E2E2E2E2E2E2E2E2E2E2E2E2F5F5F5E2E2E2E2E2E2E2E2E2E6E2E2E2E2E2E2E2E2E2E2E2E2E2E2E2E2E2E2E2E2E2E2E2E2E2E2E2E2E2E2E2E2E2E2E2E2E2E2E2E2E2E2E2E2E2E2E2E2E2E2E2E2E2E2E2E2E2E2E2E2E2E2E2E2E2E2E2E2E2E2E2E2E2E2E2E2E2E2E2E2E2E2E2E2E2E2E2E2E2E2E2E2E2
310
E2E2E2E2E2E2E2E2E2E2E2E2E2E2E2E2E2E2E2E2E2E2E2E2E2E2E2E2E2E2E2E2E2E2E2E2E2E2E2E2E2E2E2E2E2E2E2E2E2E2E2E2E6E6E2E2E2E2E2E2E2E2E6E2E2E2E2E2E2E2E2E2E2E2E2E2E2E2E2E2E2E2E2E2E2E2E2E2E2E2E2E2E2E2E2E2E2E2E2E2E2E2E2E2E2E2E2E2E2E2E2E2E2E2E2E2E2E2E2E2E2E2E2E2E2E2E2
310
E2E2E2E2E2E2E2E2E2E2E2E2E2E2E2E2E2E2E2E2E2E2E2F5F5F5E2E2E2E2E2E2E2E2E2E6E2E2E2E2E2E2E2E2E2E2E2E2E2E2E2E2E2E2E2E2E2E2E2E2E2E2E2E2E2E2E2E2E2E2E2E2E2E2E2E2E2E2E2E2E2E2E2E2E2E2E2E2E2E2E2E2E2E2E2E2E2E2E2E2E2E2E2E2E2E2E2E2E2E2E2E2E2E2E2E2E2E2E2E2E2E2E2E2E2E2E2
310
E2E2E2E2E2E2E2E2E2E2E2E2E2E2E2E2E2E2E2E2E2E2E2E2E2E2E2E2E2E2E2E2E2E2E2E2E2E2E2E2E2E2E2E2E2E2E2E2E2E2E2E2E2E2E2E6E2E2E2E2E2E2E2E2E6E2E2E2E2E2E2E2E2E2E2E2E2E2E2E2E2E2E2E2E2E2E2E2E2E2E2E2E2E2E2E2E2E2E2E2E2E2E2E2E2E2E2E2E2E2E2E2E2E2E2E2E2E2E2E2E2E2E2E2E2E2E2
310
E2E2E2E2E2E2E2E2E2E2E2E2E2E2E2E2E2E2E2E2E2E2E2E2E2F5F5F5E2E2E2E2E2E2E2E2E2E6E2E2E2E2E2E2E2E2E2E2E2E2E2E2E2E2E2E2E2E2E2E2E2E2E2E2E2E2E2E2E2E2E2E2E2E2E2E2E2E2E2E2E2E2E2E2E2E2E2E2E2E2E2E2E2E2E2E2E2E2E2E2E2E2E2E2E2E2E2E2E2E2E2E2E2E2E2E2E2E2E2E2E2E2E2E2E2E2E2
310
E2E2E2E2E2E2E2E2E2E2E2E2E2E2E2E2E2E2E2E2E2E2E2E2E2E2E2E2E2E2E2E2E2E2E2E2E2E2E2E2E2E2E2E2E2E2E2E2E2E2E2E2E2E2E2E2E2E6E2E2E2E2E2E2E2E2E6E2E2E2E2E2E2E2E2E2E2E2E2E2E2E2E2E2E2E2E2E2E2E2E2E2E2E2E2E2E2E2E2E2E2E2E2E2E2E2E2E2E2E2E2E2E2E2E2E2E2E2E2E2E2E2E2E2E2E2E2
310
E2E2E2E2E2E2E2E2E2E2E2E2E2E2E2E2E2E2E2E2E2E2E2E2E2E2E2F5F5F5E2E2E2E2E2E2E2E2E2E6E2E2E2E2E2E2E2E2E2E2E2E2E2E2E2E2E2E2E2E2E2E2E2E2E2E2E2E2E2E2E2E2E2E2E2E2E2E2E2E2E2E2E2E2E2E2E2E2E2E2E2E2E2E2E2E2E2E2E2E2E2E2E2E2E2E2E2E2E2E2E2E2E2E2E2E2E2E2E2E2E2E2E2E2E2E2E2
310
E2E2E2E2E2E2E2E2E2E2E2E2E2E2E2E2E2E2E2E2E2E2E2E2E2E2E2E2E2E2E2E2E2E2E2E2E2E2E2E2E2E2E2E2E2E2E2E2E2E2E2E2E2E2E2E2E2E2E2E6E2E2E2E2E2E2E2E2E6E2E2E2E2E2E2E2E2E2E2E2E2E2E2E2E2E2E2E2E2E2E2E2E2E2E2E2E2E2E2E2E2E2E2E2E2E2E2E2E2E2E2E2E2E2E2E2E2E2E2E2E2E2E2E2E2E2E2
310
E2E2E2E2E2E2E2E2E2E2E2E2E2E2E2E2E2E2E2E2E2E2E2E2E2E2E2E2E2F5F5F5E2E2E2E2E2E2E2E2E2E6E2E2E2E2E2E2E2E2E2E2E2E2E2E2E2E2E2E2E2E2E2E2E2E2E2E2E2E2E2E2E2E2E2E2E2E2E2E2E2E2E2E2E2E2E2E2E2E2E2E2E2E2E2E2E2E2E2E2E2E2E2E2E2E2E2E2E2E2E2E2E2E2E2E2E2E2E2E2E2E2E2E2E2E2E2
310
E2E2E2E2E2E2E2E2E2E2E2E2E2E2E2E2E2E2E2E2E2E2E2E2E2E2E2E2E2E2E2E2E2E2E2E2E2E2E2E2E2E2E2E2E2E2E2E2E2E2E2E2E2E2E2E2E2E2E2E2E2E6E2E2E2E2E2E2E2E2E6E2E2E2E2E2E2E2E2E2E2E2E2E2E2E2E2E2E2E2E2E2E2E2E2E2E2E2E2E2E2E2E2E2E2E2E2E2E2E2E2E2E2E2E2E2E2E2E2E2E2E2E2E2E2E2E2
310
E2E2E2E2E2E2E2E2E2E2E2E2E2E2E2E2E2E2E2E2E2E2E2E2E2E2E2E2E2E2E2F5F5F5E2E2E2E2E2E2E2E2E2E6E2E2E2E2E2E2E2E2E2E2E2E2E2E2E2E2E2E2E2E2E2E2E2E2E2E2E2E2E2E2E2E2E2E2E2E2E2E2E2E2E2E2E2E2E2E2E2E2E2E2E2E2E2E2E2E2E2E2E2E2E2E2E2E2E2E2E2E2E2E2E2E2E2E2E2E2E2E2E2E2E2E2E2
310
E2E2E2E2E2E2E2E2E2E2E2E2E2E2E2E2E2E2E2E2E2E2E2E2E2E2E2E2E2E2E2E2E2E2E2E2E2E2E2E2E2E2E2E2E2E2E2E2E2E2E2E2E2E2E2E2E2E2E2E2E2E2E2E6E2E2E2E2E2E2E2E2E6E2E2E2E2E2E2E2E2E2E2E2E2E2E2E2E2E2E2E2E2E2E2E2E2E2E2E2E2E2E2E2E2E2E2E2E2E2E2E2E2E2E2E2E2E2E2E2E2E2E2E2E2E2E2
310
E2E2E2E2E2E2E2E2E2E2E2E2E2E2E2E2E2E2E2E2E2E2E2E2E2E2E2E2E2E2E2E2E2F5F5F5E2E2E2E2E2E2E2E2E2E6E2E2E2E2E2E2E2E2E2E2E2E2E2E2E2E2E2E2E2E2E2E2E2E2E2E2E2E2E2E2E2E2E2E2E2E2E2E2E2E2E2E2E2E2E2E2E2E2E2E2E2E2E2E2E2E2E2E2E2E2E2E2E2E2E2E2E2E2E2E2E2E2E2E2E2E2E2E2E2E2E2
310
E2E2E2E2E2E2E2E2E2E2E2E2E2E2E2E2E2E2E2E2E2E2E2E2E2E2E2E2E2E2E2E2E2E2E2E2E2E2E2E2E2E2E2E2E2E2E2E2E2E2E2E2E2E2E2E2E2E2E2E2E2E2E2E2E2E6E2E2E2E2E2E2E2E2E6E2E2E2E2E2E2E2E2E2E2E2E2E2E2E2E2E2E2E2E2E2E2E2E2E2E2E2E2E2E2E2E2E2E2E2E2E2E2E2E2E2E2E2E2E2E2E2E2E2E2E2E2
310
E2E2E2E2E2E2E2E2E2E2E2E2E2E2E2E2E2E2E2E2E2E2E2E2E2E2E2E2E2E2E2E2E2E2E2F5F5F5E2E2E2E2E2E2E2E2E2E6E2E2E2E2E2E2E2E2E2E2E2E2E2E2E2E2E2E2E2E2E2E2E2E2E2E2E2E2E2E2E2E2E2E2E2E2E2E2E2E2E2E2E2E2E2E2E2E2E2E2E2E2E2E2E2E2E2E2E2E2E2E2E2E2E2E2E2E2E2E2E2E2E2E2E2E2E2E2E2
310
E2E2E2E2E2E2E2E2E2E2E2E2E2E2E2E2E2E2E2E2E2E2E2E2E2E2E2E2E2E2E2E2E2E2E2E2E2E2E2E2E2E2E2E2E2E2E2E2E2E2E2E2E2E2E2E2E2E2E2E2E2E2E2E2E2E2E2E6E2E2E2E2E2E2E2E2E6E2E2E2E2E2E2E2E2E2E2E2E2E2E2E2E2E2E2E2E2E2E2E2E2E2E2E2E2E2E2E2E2E2E2E2E2E2E2E2E2E2E2E2E2E2E2E2E2E2E2
310
E2E2E2E2E2E2E2E2E2E2E2E2E2E2E2E2E2E2E2E2E2E2E2E2E2E2E2E2E2E2E2E2E2E2E2E2E2F5F5F5E2E2E2E2E2E2E2E2E2E6E2E2E2E2E2E2E2E2E2E2E2E2E2E2E2E2E2E2E2E2E2E2E2E2E2E2E2E2E2E2E2E2E2E2E2E2E2E2E2E2E2E2E2E2E2E2E2E2E2E2E2E2E2E2E2E2E2E2E2E2E2E2E2E2E2E2E2E2E2E2E2E2E2E2E2E2E2
310
E2E2E2E2E2E2E2E2E2E2E2E2E2E2E2E2E2E2E2E2E2E2E2E2E2E2E2E2E2E2E2E2E2E2E2E2E2E2E2E2E2E2E2E2E2E2E2E2E2E2E2E2E2E2E2E2E2E2E2E2E2E2E2E2E2E2E2E2E2E6E2E2E2E2E2E2E2E2E6E2E2E2E2E2E2E2E2E2E2E2E2E2E2E2E2E2E2E2E2E2E2E2E2E2E2E2E2E2E2E2E2E2E2E2E2E2E2E2E2E2E2E2E2E2E2E2E2
310
E2E2E2E2E2E2E2E2E2E2E2E2E2E2E2E2E2E2E2E2E2E2E2E2E2E2E2E2E2E2E2E2E2E2E2E2E2E2E2F5F5F5E2E2E2E2E2E2E2E2E2E6E2E2E2E2E2E2E2E2E2E2E2E2E2E2E2E2E2E2E2E2E2E2E2E2E2E2E2E2E2E2E2E2E2E2E2E2E2E2E2E2E2E2E2E2E2E2E2E2E2E2E2E2E2E2E2E2E2E2E2E2E2E2E2E2E2E2E2E2E2E2E2E2E2E2E2
310
E2E2E2E2E2E2E2E2E2E2E2E2E2E2E2E2E2E2E2E2E2E2E2E2E2E2E2E2E2E2E2E2E2E2E2E2E2E2E2E2E2E2E2E2E2E2E2E2E2E2E2E2E2E2E2E2E2E2E2E2E2E2E2E2E2E2E6E6E6E6E2E6E2E2E2E2E2E2E2E2E6E2E2E2E2E2E2E2E2E2E2E2E2E2E2E2E2E2E2E2E2E2E2E2E2E2E2E2E2E2E2E2E2E2E2E2E2E2E2E2E2E2E2E2E2E2E2
310
E2E2E2E2E2E2E2E2E2E2E2E2E2E2E2E2E2E2E2E2E2E2E2E2E2E2E2E2E2E2E2E2E2E2E2E2E2E2E2E2E2F5F5F5E2E2E2E2E2E2E2E2E2E6E2E2E2E2E2E2E2E2E2E2E2E2E2E2E2E2E2E2E2E2E2E2E2E2E2E2E2E2E2E2E2E2E2E2E2E2E2E2E2E2E2E2E2E2E2E2E2E2E2E2E2E2E2E2E2E2E2E2E2E2E2E2E2E2E2E2E2E2E2E2E2E2E2
310
E2E2E2E2E2E2E2E2E2E2E2E2E2E2E2E2E2E2E2E2E2E2E2E2E2E2E2E2E2E2E2E2E2E2E2E2E2E2E2E2E2E2E2E2E2E2E2E2E2E2E2E2E2E2E2E2E2E2E2E2E2E2E2E2E2E2E2E2E6E6E6E6E2E6E2E2E2E2E2E2E2E2E6E2E2E2E2E2E2E2E2E2E2E2E2E2E2E2E2E2E2E2E2E2E2E2E2E2E2E2E2E2E2E2E2E2E2E2E2E2E2E2E2E2E2E2E2
310
E2E2E2E2E2E2E2E2E2E2E2E2E2E2E2E2E2E2E2E2E2E2E2E2E2E2E2E2E2E2E2E2E2E2E2E2E2E2E2E2E2E2E2F5F5F5E2E2E2E2E2E2E2E2E2E6E2E2E2E2E2E2E2E2E2E2E2E2E2E2E2E2E2E2E2E2E2E2E2E2E2E2E2E2E2E2E2E2E2E2E2E2E2E2E2E2E2E2E2E2E2E2E2E2E2E2E2E2E2E2E2E2E2E2E2E2E2E2E2E2E2E2E2E2E2E2E2
310
E2E2E2E2E2E2E2E2E2E2E2E2E2E2E2E2E2E2E2E2E2E2E2E2E2E2E2E2E2E2E2E2E2E2E2E2E2E2E2E2E2E2E2E2E2E2E2E2E2E2E2E2E2E2E2E2E2E2E2E2E2E2E2E2E2E2E2E2E2E2E6E6E6E6E2E6E2E2E2E2E2E2E2E2E6E2E2E2E2E2E2E2E2E2E2E2E2E2E2E2E2E2E2E2E2E2E2E2E2E2E2E2E2E2E2E2E2E2E2E2E2E2E2E2E2E2E2
310
E2E2E2E2E2E2E2E2E2E2E2E2E2E2E2E2E2E2E2E2E2E2E2E2E2E2E2E2E2E2E2E2E2E2E2E2E2E2E2E2E2E2E2E2E2F5F5F5E2E2E2E2E2E2E2E2E2E6E2E2E2E2E2E2E2E2E2E2E2E2E2E2E2E2E2E2E2E2E2E2E2E2E2E2E2E2E2E2E2E2E2E2E2E2E2E2E2E2E2E2E2E2E2E2E2E2E2E2E2E2E2E2E2E2E2E2E2E2E2E2E2E2E2E2E2E2E2
310
E2E2E2E2E2E2E2E2E2E2E2E2E2E2E2E2E2E2E2E2E2E2E2E2E2E2E2E2E2E2E2E2E2E2E2E2E2E2E2E2E2E2E2E2E2E2E2E2E2E2E2E2E2E2E2E2E2E2E2E2E2E2E2E2E2E2E2E2E2E2E2E2E6E6E6E6E2E6E2E2E2E2E2E2E2E2E6E2E2E2E2E2E2E2E2E2E2E2E2E2E2E2E2E2E2E2E2E2E2E2E2E2E2E2E2E2E2E2E2E2E2E2E2E2E2E2E2
310
E2E2E2E2E2E2E2E2E2E2E2E2E2E2E2E2E2E2E2E2E2E2E2E2E2E2E2E2E2E2E2E2E2E2E2E2E2E2E2E2E2E2E2E2E2E2E2F5F5F5E2E2E2E2E2E2E2E2E2E6E2E2E2E2E2E2E2E2E2E2E2E2E2E2E2E2E2E2E2E2E2E2E2E2E2E2E2E2E2E2E2E2E2E2E2E2E2E2E2E2E2E2E2E2E2E2E2E2E2E2E2E2E2E2E2E2E2E2E2E2E2E2E2E2E2E2E2
310
E2E2E2E2E2E2E2E2E2E2E2E2E2E2E2E2E2E2E2E2E2E2E2E2E2E2E2E2E2E2E2E2E2E2E2E2E2E2E2E2E2E2E2E2E2E2E2E2E2E2E2E2E2E2E2E2E2E2E2E2E2E2E2E2E2E2E2E2E2E2E2E2E2E2E6E6E6E6E2E6E2E2E2E2E2E2E2E2E6E2E2E2E2E2E2E2E2E2E2E2E2E2E2E2E2E2E2E2E2E2E2E2E2E2E2E2E2E2E2E2E2E2E2E2E2E2E2
310
E2E2E2E2E2E2E2E2E2E2E2E2E2E2E2E2E2E2E2E2E2E2E2E2E2E2E2E2E2E2E2E2E2E2E2E2E2E2E2E2E2E2E2E2E2E2E2E2E2F5F5F5E2E2E2E2E2E2E2E2E2E6E2E2E2E2E2E2E2E2E2E2E2E2E2E2E2E2E2E2E2E2E2E2E2E2E2E2E2E2E2E2E2E2E2E2E2E2E2E2E2E2E2E2E2E2E2E2E2E2E2E2E2E2E2E2E2E2E2E2E2E2E2E2E2E2E2
310
E2E2E2E2E2E2E2E2E2E2E2E2E2E2E2E2E2E2E2E2E2E2E2E2E2E2E2E2E2E2E2E2E2E2E2E2E2E2E2E2E2E2E2E2E2E2E2E2E2E2E2E2E2E2E2E2E2E2E2E2E2E2E2E2E2E2E2E2E2E2E2E2E2E2E2E2E6E6E6E6E2E6E2E2E2E2E2E2E2E2E6E2E2E2E2E2E2E2E2E2E2E2E2E2E2E2E2E2E2E2E2E2E2E2E2E2E2E2E2E2E2E2E2E2E2E2E2
310
E2E2E2E2E2E2E2E2E2E2E2E2E2E2E2E2E2E2E2E2E2E2E2E2E2E2E2E2E2E2E2E2E2E2E2E2E2E2E2E2E2E2E2E2E2E2E2E2E2E2E2F5F5F5E2E2E2E2E2E2E2E2E2E6E2E2E2E2E2E2E2E2E2E2E2E2E2E2E2E2E2E2E2E2E2E2E2E2E2E2E2E2E2E2E2E2E2E2E2E2E2E2E2E2E2E2E2E2E2E2E2E2E2E2E2E2E2E2E2E2E2E2E2E2E2E2E2
310
E2E2E2E2E2E2E2E2E2E2E2E2E2E2E2E2E2E2E2E2E2E2E2E2E2E2E2E2E2E2E2E2E2E2E2E2E2E2E2E2E2E2E2E2E2E2E2E2E2E2E2E2E2E2E2E2E2E2E2E2E2E2E2E2E2E2E2E2E2E2E2E2E2E2E2E2E2E2E2E2E2E2E2E6E2E2E2E2E2E2E2E2E6E2E2E2E2E2E2E2E2E2E2E2E2E2E2E2E2E2E2E2E2E2E2E2E2E2E2E2E2E2E2E2E2E2E2
310
E2E2E2E2E2E2E2E2E2E2E2E2E2E2E2E2E2E2E2E2E2E2E2E2E2E2E2E2E2E2E2E2E2E2E2E2E2E2E2E2E2E2E2E2E2E2E2E2E2E2E2E2E2F5F5F5E2E2E2E2E2E2E2E2E2E6E2E2E2E2E2E2E2E2E2E2E2E2E2E2E2E2E2E2E2E2E2E2E2E2E2E2E2E2E2E2E2E2E2E2E2E2E2E2E2E2E2E2E2E2E2E2E2E2E2E2E2E2E2E2E2E2E2E2E2E2E2
310
E2E2E2E2E2E2E2E2E2E2E2E2E2E2E2E2E2E2E2E2E2E2E2E2E2E2E2E2E2E2E2E2E2E2E2E2E2E2E2E2E2E2E2E2E2E2E2E2E2E2E2E2E2E2E2E2E2E2E2E2E2E2E2E2E2E2E2E2E2E2E2E2E2E2E2E2E2E2E2E2E2E2E2E2E2E6E2E2E2E2E2E2E2E2E6E2E2E2E2E2E2E2E2E2E2E2E2E2E2E2E2E2E2E2E2E2E2E2E2E2E2E2E2E2E2E2E2
310
E2E2E2E2E2E2E2E2E2E2E2E2E2E2E2E2E2E2E2E2E2E2E2E2E2E2E2E2E2E2E2E2E2E2E2E2E2E2E2E2E2E2E2E2E2E2E2E2F5F5F5F5F5E2E2F5F5F5E2E2E2E2E2E2E2E2E2E6E2E2E2E2E2E2E2E2E2E2E2E2E2E2E2E2E2E2E2E2E2E2E2E2E2E2E2E2E2E2E2E2E2E2E2E2E2E2E2E2E2E2E2E2E2E2E2E2E2E2E2E2E2E2E2E2E2E2E2
310
E2E2E2E2E2E2E2E2E2E2E2E2E2E2E2E2E2E2E2E2E2E2E2E2E2E2E2E2E2E2E2E2E2E2E2E2E2E2E2E2E2E2E2E2E2E2E2E2E2E2E2E2E2E2E2E2E2E2E2E2E2E2E2E2E2E2E2E2E2E2E2E2E2E2E2E2E2E2E2E2E2E2E2E2E2E2E2E6E2E2E2E2E2E2E2E2E6E2E2E2E2E2E2E2E2E2E2E2E2E2E2E2E2E2E2E2E2E2E2E2E2E2E2E2E2E2E2
310
E2E2E2E2E2E2E2E2E2E2E2E2E2E2E2E2E2E2E2E2E2E2E2E2E2E2E2E2E2E2E2E2E2E2E2E2E2E2E2E2E2E2E2E2E2E2E2E2E2E2F5F5F5F5F5F5E2F5F5F5E2E2E2E2E2E2E2E2E2E6E2E2E2E2E2E2E2E2E2E2E2E2E2E2E2E2E2E2E2E2E2E2E2E2E2E2E2E2E2E2E2E2E2E2E2E2E2E2E2E2E2E2E2E2E2E2E2E2E2E2E2E2E2E2E2E2E2
310
E2E2E2E2E2E2E2E2E2E2E2E2E2E2E2E2E2E2E2E2E2E2E2E2E2E2E2E2E2E2E2E2E2E2E2E2E2E2E2E2E2E2E2E2E2E2E2E2E2E2E2E2E2E2E2E2E2E2E2E2E2E2E2E2E2E2E2E2E2E2E2E2E2E2E2E2E2E2E2E2E2E2E2E2E2E2E2E2E2E6E2E2E2E2E2E2E2E2E6E2E2E2E2E2E2E2E2E2E2E2E2E2E2E2E2E2E2E2E2E2E2E2E2E2E2E2E2
310
E2E2E2E2E2E2E2E2E2E2E2E2E2E2E2E2E2E2E2E2E2E2E2E2E2E2E2E2E2E2E2E2E2E2E2E2E2E2E2E2E2E2E2E2E2E2E2E2E2E2E2E2F5F5F5F5F5F5F5F5F5F5E2E2E2E2E2E2E2E2E2E6E2E2E2E2E2E2E2E2E2E2E2E2E2E2E2E2E2E2E2E2E2E2E2E2E2E2E2E2E2E2E2E2E2E2E2E2E2E2E2E2E2E2E2E2E2E2E2E2E2E2E2E2E2E2E2
310
E2E2E2E2E2E2E2E2E2E2E2E2E2E2E2E2E2E2E2E2E2E2E2E2E2E2E2E2E2E2E2E2E2E2E2E2E2E2E2E2E2E2E2E2E2E2E2E2E2E2E2E2E2E2E2E2E2E2E2E2E2E2E2E2E2E2E2E2E2E2E2E2E2E2E2E2E2E2E2E2E2E2E2E2E2E2E2E2E2E2E2E6E2E2E2E2E2E2E2E2E6E2E2E2E2E2E2E2E2E2E2E2E2E2E2E2E2E2E2E2E2E2E2E2E2E2E2
310
E2E2E2E2E2E2E2E2E2E2E2E2E2E2E2E2E2E2E2E2E2E2E2E2E2E2E2E2E2E2E2E2E2E2E2E2E2E2E2E2E2E2E2E2E2E2E2E2E2E2E2E2E2E2F5F5F5E2F5F5F5F5F5F5E2E2E2E2E2E2E2E2E2E6E2E2E2E2E2E2E2E2E2E2E2E2E2E2E2E2E2E2E2E2E2E2E2E2E2E2E2E2E2E2E2E2E2E2E2E2E2E2E2E2E2E2E2E2E2E2E2E2E2E2E2E2E2
310
E2E2E2E2E2E2E2E2E2E2E2E2E2E2E2E2E2E2E2E2E2E2E2E2E2E2E2E2E2E2E2E2E2E2E2E2E2E2E2E2E2E2E2E2E2E2E2E2E2E2E2E2E2E2E2E2E2E2E2E2E2E2E2E2E2E2E2E2E2E2E2E2E2E2E2E2E2E2E2E2E2E2E2E2E2E2E2E2E2E2E2E2E2E6E2E2E2E2E2E2E2E2E6E2E2E2E2E2E2E2E2E2E2E2E2E2E2E2E2E2E2E2E2E2E2E2E2
310
E2E2E2E2E2E2E2E2E2E2E2E2E2E2E2E2E2E2E2E2E2E2E2E2E2E2E2E2E2E2E2E2E2E2E2E2E2E2E2E2E2E2E2E2E2E2E2E2E2E2E2E2E2E2E2E2E2E2E2E2E2E2F5F5F5F5E2E2E2E2E2E2E2E2E2E6E2E2E2E2E2E2E2E2E2E2E2E2E2E2E2E2E2E2E2E2E2E2E2E2E2E2E2E2E2E2E2E2E2E2E2E2E2E2E2E2E2E2E2E2E2E2E2E2E2E2E2
310
E2E2E2E2E2E2E2E2E2E2E2E2E2E2E2E2E2E2E2E2E2E2E2E2E2E2E2E2E2E2E2E2E2E2E2E2E2E2E2E2E2E2E2E2E2E2E2E2E2E2E2E2E2E2E2E2E2E2E2E2E2E2E2E2E2E2E2E2E2E2E2E2E2E2E2E2E2E2E2E2E2E2E2E2E2E2E2E2E2E2E2E2E2E2E2E6E2E2E2E2E2E2E2E2E6E2E2E2E2E2E2E2E2E2E2E2E2E2E2E2E2E2E2E2E2E2E2
310
E2E2E2E2E2E2E2E2E2E2E2E2E2E2E2E2E2E2E2E2E2E2E2E2E2E2E2E2E2E2E2E2E2E2E2E2E2E2E2E2E2E2E2E2E2E2E2E2E2E2E2E2E2E2E2E2E2E2E2E2E2E2E2E2E2F5F5F5E2E2E2E2E2E2E2E2E2E6E2E2E2E2E2E2E2E2E2E2E2E2E2E2E2E2E2E2E2E2E2E2E2E2E2E2E2E2E2E2E2E2E2E2E2E2E2E2E2E2E2E2E2E2E2E2E2E2E2
310
E2E2E2E2E2E2E2E2E2E2E2E2E2E2E2E2E2E2E2E2E2E2E2E2E2E2E2E2E2E2E2E2E2E2E2E2E2E2E2E2E2E2E2E2E2E2E2E2E2E2E2E2E2E2E2E2E2E2E2E2E2E2E2E2E2E2E2E2E2E2E2E2E2E2E2E2E2E2E2E2E2E2E2E2E2E2E2E2E2E2E2E2E2E2E2E2E2E6E2E2E2E2E2E2E2E2E6E2E2E2E2E2E2E2E2E2E2E2E2E2E2E2E2E2E2E2E2
310
E2E2E2E2E2E2E2E2E2E2E2E2E2E2E2E2E2E2E2E2E2E2E2E2E2E2E2E2E2E2E2E2E2E2E2E2E2E2E2E2E2E2E2E2E2E2E2E2E2E2E2E2E2E2E2E2E2E2E2E2E2E2E2E2E2E2E2F5F5F5E2E2E2E2E2E2E2E2E2E6E2E2E2E2E2E2E2E2E2E2E2E2E2E2E2E2E2E2E2E2E2E2E2E2E2E2E2E2E2E2E2E2E2E2E2E2E2E2E2E2E2E2E2E2E2E2E2
310
E2E2E2E2E2E2E2E2E2E2E2E2E2E2E2E2E2E2E2E2E2E2E2E2E2E2E2E2E2E2E2E2E2E2E2E2E2E2E2E2E2E2E2E2E2E2E2E2E2E2E2E2E2E2E2E2E2E2E2E2E2E2E2E2E2E2E2E2E2E2E2E2E2E2E2E2E2E2E2E2E2E2E2E2E2E2E2E2E2E2E2E2E2E2E2E2E2E2E2E6E2E2E2E2E2E2E2E2E6E2E2E2E2E2E2E2E2E2E2E2E2E2E2E2E2E2E2
310
E2E2E2E2E2E2E2E2E2E2E2E2E2E2E2E2E2E2E2E2E2E2E2E2E2E2E2E2E2E2E2E2E2E2E2E2E2E2E2E2E2E2E2E2E2E2E2E2E2E2E2E2E2E2E2E2E2E2E2E2E2E2E2F5F5E2E2F5F5F5F5E6E2E2E2E2E2E2E2E2E2E6E2E2E2E2E2E2E2E2E2E2E2E2E2E2E2E2E2E2E2E2E2E2E2E2E2E2E2E2E2E2E2E2E2E2E2E2E2E2E2E2E2E2E2E2E2
310
E2E2E2E2E2E2E2E2E2E2E2E2E2E2E2E2E2E2E2E2E2E2E2E2E2E2E2E2E2E2E2E2E2E2E2E2E2E2E2E2E2E2E2E2E2E2E2E2E2E2E2E2E2E2E2E2E2E2E2E2E2E2E2E2E2E2E2E2E2E2E2E2E2E2E2E2E2E2E2E2E2E2E2E2E2E2E2E2E2E2E2E2E2E2E2E2E2E2E2E2E6E6E2E2E2E2E2E2E2E2E6E2E2E2E2E2E2E2E2E2E2E2E2E2E2E2E2
310
E2E2E2E2E2E2E2E2E2E2E2E2E2E2E2E2E2E2E2E2E2E2E2E2E2E2E2E2E2E2E2E2E2E2E2E2E2E2E2E2E2E2E2E2E2E2E2E2E2E2E2E2E2E2E2E2E2E2E2E2E2E2E2E2F5F5F5F5F5F5F5F5F5E2E2E2E2E2E2E2E2E2E6E6E2E2E2E2E2E2E2E2E2E2E2E2E2E2E2E2E2E2E2E2E2E2E2E2E2E2E2E2E2E2E2E2E2E2E2E2E2E2E2E2E2E2E2
310
E2E2E2E2E2E2E2E2E2E2E2E2E2E2E2E2E2E2E2E2E2E2E2E2E2E2E2E2E2E2E2E2E2E2E2E2E2E2E2E2E2E2E2E2E2E2E2E2E2E2E2E2E2E2E2E2E2E2E2E2E2E2E2E2E2E2E2E2E2E2E2E2E2E2E2E2E2E2E2E2E2E2E2E2E2E2E2E2E2E2E2E2E2E2E2E2E2E2E2E2E2E2E6E6E2E2E2E2E2E2E2E2E6E2E2E2E2E2E2E2E2E2E2E2E2E2E2
310
E2E2E2E2E2E2E2E2E2E2E2E2E2E2E2E2E2E2E2E2E2E2E2E2E2E2E2E2E2E2E2E2E2E2E2E2E2E2E2E2E2E2E2E2E2E2E2E2E2E2E2E2E2E2E2E2E2E2E2E2E2E2E2E2E2E2F5F5F5F5F5F5F5E2E2E2E2E2E2E2E2E2E2E2E6E6E2E2E2E2E2E2E2E2E2E2E2E2E2E2E2E2E2E2E2E2E2E2E2E2E2E2E2E2E2E2E2E2E2E2E2E2E2E2E2E2E2
310
E2E2E2E2E2E2E2E2E2E2E2E2E2E2E2E2E2E2E2E2E2E2E2E2E2E2E2E2E2E2E2E2E2E2E2E2E2E2E2E2E2E2E2E2E2E2E2E2E2E2E2E2E2E2E2E2E2E2E2E2E2E2E2E2E2E2E2E2E2E2E2E2E2E2E2E2E2E2E2E2E2E2E2E2E2E2E2E2E2E2E2E2E2E2E2E2E2E2E2E2E2E2E2E2E2E6E2E2E2E2E2E2E2E2E6E2E2E2E2E2E2E2E2E2E2E2E2
310
E2E2E2E2E2E2E2E2E2E2E2E2E2E2E2E2E2E2E2E2E2E2E2E2E2E2E2E2E2E2E2E2E2E2E2E2E2E2E2E2E2E2E2E2E2E2E2E2E2E2E2E2E2E2E2E2E2E2E2E2E2E2E2E2E2E2E2E2E6F5F5F5F5F5E2E2E2E6E2E2E2E2E2E2E2E2E2E6E2E2E2E2E2E2E2E2E2E2E2E2E2E2E2E2E2E2E2E2E2E2E2E2E2E2E2E2E2E2E2E2E2E2E2E2E2E2E2
310
E2E2E2E2E2E2E2E2E2E2E2E2E2E2E2E2E2E2E2E2E2E2E2E2E2E2E2E2E2E2E2E2E2E2E2E2E2E2E2E2E2E2E2E2E2E2E2E2E2E2E2E2E2E2E2E2E2E2E2E2E2E2E2E2E2E2E2E2E2E2E2E2E2E2E2E2E2E2E2E2E2E2E2E2E2E2E2E2E2E2E2E2E2E2E2E2E2E2E2E2E2E2E2E2E2E2E6E6E6E6E6E6E6E6E6E6E6E6E6E6E6E6E6E6E6E6E6
310
E6E6E6E6E6E6E6E6E6E6E6E6E6E6E6E6E6E6E6E6E6E6E6E6E6E6E6E6E6E6E6E6E6E6E6E6E6E6E6E6E6E6E6E6E6E6E6E6E6E6E6E6E6E6E6E6E6E6E6E6E6E6E6E6E6E6E6E6E6E2F5E6F5E6E2E2E6E6E6E6E6E6E6E6E6E6E6E6E6E6E2E2E2E2E2E2E2E2E2E2E2E2E2E2E2E2E2E2E2E2E2E2E2E2E2E2E2E2E2E2E2E2E2E2E2E2E2
310
E2E2E2E2E2E2E2E2E2E2E2E2E2E2E2E2E2E2E2E2E2E2E2E2E2E2E2E2E2E2E2E2E2E2E2E2E2E2E2E2E2E2E2E2E2E2E2E2E2E2E2E2E2E2E2E2E2E2E2E2E2E2E2E2E2E2E2E2E2E2E2E2E2E2E2E2E2E2E2E2E2E2E2E2E2E2E2E2E2E2E2E2E2E2E2E2E2E2E2E2E2E2E2E2E2E2E2E2E2E2E2E2E2E2E2E2E2E2E6E2E2E2E2E2E2E2E2
310
E2E2E2E2E2E2E2E2E2E2E2E2E2E2E2E2E2E2E2E2E2E2E2E2E2E2E2E2E2E2E2E2E2E2E2E2E2E2E2E2E2E2E2E2E2E2E2E2E2E2E2E2E2E2E2E2E2E2E2E2E2E2E2E2E2E2E2E2E2E2E2E2E2E2E2E2E2E2E2E2E2E6E2E2E2E2E2E2E2E2E2E2E2E2E2E2E2E2E2E2E2E2E2E2E2E2E2E2E2E2E2E2E2E2E2E2E2E2E2E2E2E2E2E2E2E2E2
310
E2E2E2E2E2E2E2E2E2E2E2E2E2E2E2E2E2E2E2E2E2E2E2E2E2E2E2E2E2E2E2E2E2E2E2E2E2E2E2E2E2E2E2E2E2E2E2E2E2E2E2E2E2E2E2E2E2E2E2E2E2E2E2E2E2E2E2E2E2E2E2E2E2E2E2E2E2E2E2E2E2E2E2E2E2E2E2E2E2E2E2E2E2E2E2E2E2E2E2E2E2E2E2E2E2E2E2E2E2E2E2E2E2E2E2E2E2E2E2E2E6E2E2E2E2E2E2
310
E2E2E2E2E2E2E2E2E2E2E2E2E2E2E2E2E2E2E2E2E2E2E2E2E2E2E2E2E2E2E2E2E2E2E2E2E2E2E2E2E2E2E2E2E2E2E2E2E2E2E2E2E2E2E2E2E2E2E2E2E2E2E2E2E2E2E2E2E2E2E2E2E2E2E6E2E2E2E2E2E2E2E2E6E2E2E2E2E2E2E2E2E2E2E2E2E2E2E2E2E2E2E2E2E2E2E2E2E2E2E2E2E2E2E2E2E2E2E2E2E2E2E2E2E2E2E2
310
E2E2E2E2E2E2E2E2E2E2E2E2E2E2E2E2E2E2E2E2E2E2E2E2E2E2E2E2E2E2E2E2E2E2E2E2E2E2E2E2E2E2E2E2E2E2E2E2E2E2E2E2E2E2E2E2E2E2E2E2E2E2E2E2E2E2E2E2E2E2E2E2E2E2E2E2E2E2E2E2E2E2E2E2E2E2E2E2E2E2E2E2E2E2E2E2E2E2E2E2E2E2E2E2E2E2E2E2E2E2E2E2E2E2E2E2E2E2E2E2E2E2E6E2E2E2E2
310
E2E2E2E2E2E2E2E2E2E2E2E2E2E2E2E2E2E2E2E2E2E2E2E2E2E2E2E2E2E2E2E2E2E2E2E2E2E2E2E2E2E2E2E2E2E2E2E2E2E2E2E2E2E2E2E2E2E2E2E2E2E2E2E2E2E2E2E2E2E2E2E2E2E2E2E2E6E2E2E2E2E2E2E2E2E6E2E2E2E2E2E2E2E2E2E2E2E2E2E2E2E2E2E2E2E2E2E2E2E2E2E2E2E2E2E2E2E2E2E2E2E2E2E2E2E2E2
310
E2E2E2E2E2E2E2E2E2E2E2E2E2E2E2E2E2E2E2E2E2E2E2E2E2E2E2E2E2E2E2E2E2E2E2E2E2E2E2E2E2E2E2E2E2E2E2E2E2E2E2E2E2E2E2E2E2E2E2E2E2E2E2E2E2E2E2E2E2E2E2E2E2E2E2E2E2E2E2E2E2E2E2E2E2E2E2E2E2E2E2E2E2E2E2E2E2E2E2E2E2E2E2E2E2E2E2E2E2E2E2E2E2E2E2E2E2E2E2E2E2E2E2E2E6E2E2
310
E2E2E2E2E2E2E2E2E2E2E2E2E2E2E2E2E2E2E2E2E2E2E2E2E2E2E2E2E2E2E2E2E2E2E2E2E2E2E2E2E2E2E2E2E2E2E2E2E2E2E2E2E2E2E2E2E2E2E2E2E2E2E2E2E2E2E2E2E2E2E2E2E2E2E2E2E2E2E6E2E2E2E2E2E2E2E2E6E2E2E2E2E2E2E2E2E2E2E2E2E2E2E2E2E2E2E2E2E2E2E2E2E2E2E2E2E2E2E2E2E2E2E2E2E2E2E2
310
E2E2E2E2E2E2E2E2E2E2E2E2E2E2E2E2E2E2E2E2E2E2E2E2E2E2E2E2E2E2E2E2E2E2E2E2E2E2E2E2E2E2E2E2E2E2E2E2E2E2E2E2E2E2E2E2E2E2E2E2E2E2E2E2E2E2E2E2E2E2E2E2E2E2E2E2E2E2E2E2E2E2E2E2E2E2E2E2E2E2E2E2E2E2E2E2E2E2E2E2E2E2E2E2E2E2E2E2E2E2E2E2E2E2E2E2E2E2E2E2E2E2E2E2E2E2E6
310
E2E2E2E2E2E2E2E2E2E2E2E2E2E2E2E2E2E2E2E2E2E2E2E2E2E2E2E2E2E2E2E2E2E2E2E2E2E2E2E2E2E2E2E2E2E2E2E2E2E2E2E2E2E2E2E2E2E2E2E2E2E2E2E2E2E2E2E2E2E2E2E2E2E2E2E2E2E2E2E2E6E2E2E2E2E2E2E2E2E6E2E2E2E2E2E2E2E2E2E2E2E2E2E2E2E2E2E2E2E2E2E2E2E2E2E2E2E2E2E2E2E2E2E2E2E2E2
310
E2E2E2E2E2E2E2E2E2E2E2E2E2E2E2E2E2E2E2E2E2E2E2E2E2E2E2E2E2E2E2E2E2E2E2E2E2E2E2E2E2E2E2E2E2E2E2E2E2E2E2E2E2E2E2E2E2E2E2E2E2E2E2E2E2E2E2E2E2E2E2E2E2E2E2E2E2E2E2E2E2E2E2E2E2E2E2E2E2E2E2E2E2E2E2E2E2E2E2E2E2E2E2E2E2E2E2E2E2E2E2E2E2E2E2E2E2E2E2E2E2E2E2E2E2E2E2
310
E2E6E2E2E2E2E2E2E2E2E2E2E2E2E2E2E2E2E2E2E2E2E2E2E2E2E2E2E2E2E2E2E2E2E2E2E2E2E2E2E2E2E2E2E2E2E2E2E2E2E2E2E2E2E2E2E2E2E2E2E2E2E2E2E2E2E2E2E2E2E2E2E2E2E2E2E2E2E2E2E2E2E6E2E2E2E2E2E2E2E2E6E2E2E2E2E2E2E2E2E2E2E2E2E2E2E2E2E2E2E2E2E2E2E2E2E2E2E2E2E2E2E2E2E2E2E2
310
E2E2E2E2E2E2E2E2E2E2E2E2E2E2E2E2E2E2E2E2E2E2E2E2E2E2E2E2E2E2E2E2E2E2E2E2E2E2E2E2E2E2E2E2E2E2E2E2E2E2E2E2E2E2E2E2E2E2E2E2E2E2E2E2E2E2E2E2E2E2E2E2E2E2E2E2E2E2E2E2E2E2E2E2E2E2E2E2E2E2E2E2E2E2E2E2E2E2E2E2E2E2E2E2E2E2E2E2E2E2E2E2E2E2E2E2E2E2E2E2E2E2E2E2E2E2E2
310
E2E2E2E6E2E2E2E2E2E2E2E2E2E2E2E2E2E2E2E2E2E2E2E2E2E2E2E2E2E2E2E2E2E2E2E2E2E2E2E2E2E2E2E2E2E2E2E2E2E2E2E2E2E2E2E2E2E2E2E2E2E2E2E2E2E2E2E2E2E2E2E2E2E2E2E2E2E2E2E2E2E2E2E2E6E2E2E2E2E2E2E2E2E6E2E2E2E2E2E2E2E2E2E2E2E2E2E2E2E2E2E2E2E2E2E2E2E2E2E2E2E2E2E2E2E2E2
310
E2E2E2E2E2E2E2E2E2E2E2E2E2E2E2E2E2E2E2E2E2E2E2E2E2E2E2E2E2E2E2E2E2E2E2E2E2E2E2E2E2E2E2E2E2E2E2E2E2E2E2E2E2E2E2E2E2E2E2E2E2E2E2E2E2E2E2E2E2E2E2E2E2E2E2E2E2E2E2E2E2E2E2E2E2E2E2E2E2E2E2E2E2E2E2E2E2E2E2E2E2E2E2E2E2E2E2E2E2E2E2E2E2E2E2E2E2E2E2E2E2E2E2E2E2E2E2
310
E2E2E2E2E2E6E2E2E2E2E2E2E2E2E2E2E2E2E2E2E2E2E2E2E2E2E2E2E2E2E2E2E2E2E2E2E2E2E2E2E2E2E2E2E2E2E2E2E2E2E2E2E2E2E2E2E2E2E2E2E2E2E2E2E2E2E2E2E2E2E2E2E2E2E2E2E2E2E2E2E2E2E2E2E2E2E6E2E2E2E2E2E2E2E2E6E2E2E2E2E2E2E2E2E2E2E2E2E2E2E2E2E2E2E2E2E2E2E2E2E2E2E2E2E2E2E2
310
E2E2E2E2E2E2E2E2E2E2E2E2E2E2E2E2E2E2E2E2E2E2E2E2E2E2E2E2E2E2E2E2E2E2E2E2E2E2E2E2E2E2E2E2E2E2E2E2E2E2E2E2E2E2E2E2E2E2E2E2E2E2E2E2E2E2E2E2E2E2E2E2E2E2E2E2E2E2E2E2E2E2E2E2E2E2E2E2E2E2E2E2E2E2E2E2E2E2E2E2E2E2E2E2E2E2E2E2E2E2E2E2E2E2E2E2E2E2E2E2E2E2E2E2E2E2E2
310
E2E2E2E2E2E2E2E6E6E6E6E6E6E6E6E6E6E6E6E6E6E6E6E6E6E6E6E6E6E6E6E6E6E6E6E6E6E6E6E6E6E6E6E6E6E6E6E6E6E6E6E6E6E6E6E6E6E6E6E6E6E6E6E6E6E6E6E6E6E6E6E6E6E6E6E6E6E6E6E6E6E6E6E6E6E6E6E6E6E6E6E6E6E6E6E6E6E6E2E2E2E2E2E2E2E2E2E2E2E2E2E2E2E2E2E2E2E2E2E2E2E2E2E2E2E2E2
310
E2E2E2E2E2E2E2E2E2E2E2E2E2E2E2E2E2E2E2E2E2E2E2E2E2E2E2E2E2E2E2E2E2E2E2E2E2E2E2E2E2E2E2E2E2E2E2E2E2E2E2E2E2E2E2E2E2E2E2E2E2E2E2E2E2E2E2E2E2E2E2E2E2E2E2E2E2E2E2E2E2E2E2E2E2E2E2E2E2E2E2E2E2E2E2E2E2E2E2E2E2E2E2E2E2E2E2E2E2E2E2E2E2E2E2E2E2E2E2E2E2E2E2E2E2E2E2
310
E2E2E2E2E2E2E2E2E2E6E2E6E6E2E2E2E2E2E2E2E2E2E2E2E2E2E2E2E2E2E2E2E2E2E2E2E2E2E2E2E2E2E2E2E2E2E2E6E6E6E6E6E6E2E2E2E2E2E2E2E2E2E2E2E2E2E2E2E2E2E2E2E2E2E2E2E2E2E2E2E2E2E2E2E2E2E2E6E6E2E6E2E6E6E6E6E6E6E2E6E2E2E2E2E2E2E2E2E2E2E2E2E2E2E2E2E2E2E2E2E2E2E2E2E2E2E2
310
E2E2E2E2E2E2E2E2E2E2E2E2E2E2E2E2E2E2E2E2E2E2E2E2E2E2E2E2E2E2E2E2E2E2E2E2E2E2E2E2E2E2E2E2E2E2E2E2E2E2E2E2E2E2E2E2E2E2E2E2E2E2E2E2E2E2E2E2E2E2E2E2E2E2E2E2E2E2E2E2E2E2E2E2E2E2E2E2E2E2E2E2E2E2E2E2E2E2E2E2E2E2E2E2E2E2E2E2E2E2E2E2E2E2E2E2E2E2E2E2E2E2E2E2E2E2E2
310
E2E2E2E2E2E2E2E2E2E2E2E2E2E2E2E2E2E2E2E2E2E2E2E2E2E2E2E2E2E2E2E2E2E2E2E2E2E2E2E2E2E2E2E2E2E2E2E2E2E6E6E6E6E6E6E2E2E2E2E2E2E2E2E2E2E2E2E2E2E2E2E2E2E2E2E2E2E2E2E2E2E2E2E2E2E2E2E2E2E2E2E2E2E2E6E6E6E6E6E2E2E2E2E2E2E2E2E2E2E2E2E2E2E2E2E2E2E2E2E2E2E2E2E2E2E2E2
310
E2E2E2E2E2E2E2E2E2E2E2E2E2E2E2E2E2E2E2E2E2E2E2E2E2E2E2E2E2E2E2E2E2E2E2E2E2E2E2E2E2E2E2E2E2E2E2E2E2E2E2E2E2E2E2E2E2E2E2E2E2E2E2E2E2E2E2E2E2E2E2E2E2E2E2E2E2E2E2E2E2E2E2E2E2E2E2E2E2E2E2E2E2E2E2E2E2E2E2E2E2E2E2E2E2E2E2E2E2E2E2E2E2E2E2E2E2E2E2E2E2E2E2E2E2E2E2
310
E2E2E2E2E2E2E2E2E2E2E2E2E2E2E2E2E2E2E2E2E2E2E2E2E2E2E2E2E2E2E2E2E2E2E2E2E2E2E2E2E2E2E2E2E2E2E2E2E2E2E2E6E6E6E6E6E6E2E2E2E2E2E2E2E2E2E2E2E2E2E2E2E2E2E2E2E2E2E2E2E2E2E2E2E2E2E2E2E2E2E2E2E2E2E2E2E6E6E6E6E6E2E2E2E2E2E2E2E2E2E2E2E2E2E2E2E2E2E2E2E2E2E2E2E2E2E2
310
E2E2E2E2E2E2E2E2E2E2E2E2E2E2E2E2E2E2E2E2E2E2E2E2E2E2E2E2E2E2E2E2E2E2E2E2E2E2E2E2E2E2E2E2E2E2E2E2E2E2E2E2E2E2E2E2E2E2E2E2E2E2E2E2E2E2E2E2E2E2E2E2E2E2E2E2E2E2E2E2E2E2E2E2E2E2E2E2E2E2E2E2E2E2E2E2E2E2E2E2E2E2E2E2E2E2E2E2E2E2E2E2E2E2E2E2E2E2E2E2E2E2E2E2E2E2E2
310
E2E2E2E2E2E2E2E2E2E2E2E2E2E2E2E2E2E2E2E2E2E2E2E2E2E2E2E2E2E2E2E2E2E2E2E2E2E2E2E2E2E2E2E2E2E2E2E2E2E2E2E2E2E6E6E6E6E6E6E2E2E2E2E2E2E2E2E2E2E2E2E2E2E2E2E2E2E2E2E2E2E2E2E2E2E2E2E2E2E2E2E2E2E2E2E2E2E2E6E6E6E6E6E2E2E2E2E2E2E2E2E2E2E2E2E2E2E2E2E2E2E2E2E2E2E2E2
310
E2E2E2E2E2E2E2E2E2E2E2E2E2E2E2E2E2E2E2E2E2E2E2E2E2E2E2E2E2E2E2E2E2E2E2E2E2E2E2E2E2E2E2E2E2E2E2E2E2E2E2E2E2E2E2E2E2E2E2E2E2E2E2E2E2E2E2E2E2E2E2E2E2E2E2E2E2E2E2E2E2E2E2E2E2E2E2E2E2E2E2E2E2E2E2E2E2E2E2E2E2E2E2E2E2E2E2E2E2E2E2E2E2E2E2E2E2E2E2E2E2E2E2E2E2E2E2
310
E2E2E2E2E2E2E2E2E2E2E2E2E2E2E2E2E2E2E2E2E2E2E2E2E2E2E2E2E2E2E2E2E2E2E2E2E2E2E2E2E2E2E2E2E2E2E2E2E2E2E2E2E2E2E2E2E2E2E2E2E2E2E2E2E2E2E2E2E2E2E2E2E2E2E2E2E2E2E2E2E2E2E2E2E2E2E2E2E2E2E2E2E2E2E2E2E2E2E2E2E2E2E2E2E2E2E2E2E2E2E2E2E2E2E2E2E2E2E2E2E2E2E2E2E2E2E2
310
E2E2E2E2E2E2E2E2E2E2E2E2E2E2E2E2E2E2E2E2E2E2E2E2E2E2E2E2E2E2E2E2E2E2E2E2E2E2E2E2E2E2E2E2E2E2E2E2E2E2E2E2E2E2E2E2E2E2E2E2E2E2E2E2E2E2E2E2E2E2E2E2E2E2E2E2E2E2E2E2E2E2E2E2E2E2E2E2E2E2E2E2E2E2E2E2E2E2E2E2E2E2E2E2E2E2E2E2E2E2E2E2E2E2E2E2E2E2E2E2E2E2E2E2E2E2E2
310
E2E2E2E2E2E2E2E2E2E2E2E2E2E2E2E2E2E2E2E2E2E2E2E2E2E2E2E2E2E2E2E2E2E2E2E2E2E2E2E2E2E2E2E2E2E2E2E2E2E2E2E2E2E2E2E2E2E2E2E2E2E2E2E2E2E2E2E2E2E2E2E2E2E2E2E2E2E2E2E2E2E2E2E2E2E2E2E2E2E2E2E2E2E2E2E2E2E2E2E2E2E2E2E2E2E2E2E2E2E2E2E2E2E2E2E2E2E2E2E2E2E2E2E2E2E2E2
310
E2E2E2E2E2E2E2E2E2E2E2E2E2E2E2E2E2E2E2E2E2E2E2E2E2E2E2E2E2E2E2E2E2E2E2E2E2E2E2E2E2E2E2E2E2E2E2E2E2E2E2E2E2E2E2E2E2E2E2E2E2E2E2E2E2E2E2E2E2E2E2E2E2E2E2E2E2E2E2E2E2E2E2E2E2E2E2E2E2E2E2E2E2E2E2E2E2E2E2E2E2E2E2E2E2E2E2E2E2E2E2E2E2E2E2E2E2E2E2E2E2E2E2E2E2E2E2
310
E2E2E2E2E2E2E2E2E2E2E2E2E2E2E2E2E2E2E2E2E2E2E2E2E2E2E2E2E2E2E2E2E2E2E2E2E2E2E2E2E2E2E2E2E2E2E2E2E2E2E2E2E2E2E2E2E2E2E2E2E2E2E2E2E2E2E2E2E2E2E2E2E2E2E2E2E2E2E2E2E2E2E2E2E2E2E2E2E2E2E2E2E2E2E2E2E2E2E2E2E2E2E2E2E2E2E2E2E2E2E2E2E2E2E2E2E2E2E2E2E2E2E2E2E2E2E2
310
E2E2E2E2E2E2E2E2E2E2E2E2E2E2E2E2E2E2E2E2E2E2E2E2E2E2E2E2E2E2E2E2E2E2E2E2E2E2E2E2E2E2E2E2E2E2E2E2E2E2E2E2E2E2E2E2E2E2E2E2E2E2E2E2E2E2E2E2E2E2E2E2E2E2E2E2E2E2E2E2E2E2E2E2E2E2E2E2E2E2E2E2E2E2E2E2E2E2E2E2E2E2E2E2E2E2E2E2E2E2E2E2E2E2E2E2E2E2E2E2E2E2E2E2E2E2E2
310
E2E2E2E2E2E2E2E2E2E2E2E2E2E2E2E2E2E2E2E2E2E2E2E2E2E2E2E2E2E2E2E2E2E2E2E2E2E2E2E2E2E2E2E2E2E2E2E2E2E2E2E2E2E2E2E2E2E2E2E2E2E2E2E2E2E2E2E2E2E2E2E2E2E2E2E2E2E2E2E2E2E2E2E2E2E2E2E2E2E2E2E2E2E2E2E2E2E2E2E2E2E2E2E2E2E2E2E2E2E2E2E2E2E2E2E2E2E2E2E2E2E2E2E2E2E2E2
310
E2E2E2E2E2E2E2E2E2E2E2E2E2E2E2E2E2E2E2E2E2E2E2E2E2E2E2E2E2E2E2E2E2E2E2E2E2E2E2E2E2E2E2E2E2E2E2E2E2E2E2E2E2E2E2E2E2E2E2E2E2E2E2E2E2E2E2E2E2E2E2E2E2E2E2E2E2E2E2E2E2E2E2E2E2E2E2E2E2E2E2E2E2E2E2E2E2E2E2E2E2E2E2E2E2E2E2E2E2E2E2E2E2E2E2E2E2E2E2E2E2E2E2E2E2E2E2
310
E2E2E2E2E2E2E2E2E2E2E2E2E2E2E2E2E2E2E2E2E2E2E2E2E2E2E2E2E2E2E2E2E2E2E2E2E2E2E2E2E2E2E2E2E2E2E2E2E2E2E2E2E2E2E2E2E2E2E2E2E2E2E2E2E2E2E2E2E2E2E2E2E2E2E2E2E2E2E2E2E2E2E2E2E2E2E2E2E2E2E2E2E2E2E2E2E2E2E2E2E2E2E2E2E2E2E2E2E2E2E2E2E2E2E2E2E2E2E2E2E2E2E2E2E2E2E2
310
E2E2E2E2E2E2E2E2E2E2E2E2E2E2E2E2E2E2E2E2E2E2E2E2E2E2E2E2E2E2E2E2E2E2E2E2E2E2E2E2E2E2E2E2E2E2E2E2E2E2E2E2E2E2E2E2E2E2E2E2E2E2E2E2E2E2E2E2E2E2E2E2E2E2E2E2E2E2E2E2E2E2E2E2E2E2E2E2E2E2E2E2E2E2E2E2E2E2E2E2E2E2E2E2E2E2E2E2E2E2E2E2E2E2E2E2E2E2E2E2E2E2E2E2E2E2E2
310
E2E2E2E2E2E2E2E2E2E2E2E2E2E2E2E2E2E2E2E2E2E2E2E2E2E2E2E2E2E2E2E2E2E2E2E2E2E2E2E2E2E2E2E2E2E2E2E2E2E2E2E2E2E2E2E2E2E2E2E2E2E2E2E2E2E2E2E2E2E2E2E2E2E2E2E2E2E2E2E2E2E2E2E2E2E2E2E2E2E2E2E2E2E2E2E2E2E2E2E2E2E2E2E2E2E2E2E2E2E2E2E2E2E2E2E2E2E2E2E2E2E2E2E2E2E2E2
310
E2E2E2E2E2E2E2E2E2E2E2E2E2E2E2E2E2E2E2E2E2E2E2E2E2E2E2E2E2E2E2E2E2E2E2E2E2E2E2E2E2E2E2E2E2E2E2E2E2E2E2E2E2E2E2E2E2E2E2E2E2E2E2E2E2E2E2E2E2E2E2E2E2E2E2E2E2E2E2E2E2E2E2E2E2E2E2E2E2E2E2E2E2E2E2E2E2E2E2E2E2E2E2E2E2E2E2E2E2E2E2E2E2E2E2E2E2E2E2E2E2E2E2E2E2E2E2
310
E2E2E2E2E2E2E2E2E2E2E2E2E2E2E2E2E2E2E2E2E2E2E2E2E2E2E2E2E2E2E2E2E2E2E2E2E2E2E2E2E2E2E2E2E2E2E2E2E2E2E2E2E2E2E2E2E2E2E2E2E2E2E2E2E2E2E2E2E2E2E2E2E2E2E2E2E2E2E2E2E2E2E2E2E2E2E2E2E2E2E2E2E2E2E2E2E2E2E2E2E2E2E2E2E2E2E2E2E2E2E2E2E2E2E2E2E2E2E2E2E2E2E2E2E2E2E2
310
E2E2E2E2E2E2E2E2E2E2E2E2E2E2E2E2E2E2E2E2E2E2E2E2E2E2E2E2E2E2E2E2E2E2E2E2E2E2E2E2E2E2E2E2E2E2E2E2E2E2E2E2E2E2E2E2E2E2E2E2E2E2E2E2E2E2E2E2E2E2E2E2E2E2E2E2E2E2E2E2E2E2E2E2E2E2E2E2E2E2E2E2E2E2E2E2E2E2E2E2E2E2E2E2E2E2E2E2E2E2E2E2E2E2E2E2E2E2E2E2E2E2E2E2E2E2E2
310
E2E2E2E2E2E2E2E2E2E2E2E2E2E2E2E2E2E2E2E2E2E2E2E2E2E2E2E2E2E2E2E2E2E2E2E2E2E2E2E2E2E2E2E2E2E2E2E2E2E2E2E2E2E2E2E2E2E2E2E2E2E2E2E2E2E2E2E2E2E2E2E2E2E2E2E2E2E2E2E2E2E2E2E2E2E2E2E2E2E2E2E2E2E2E2E2E2E2E2E2E2E2E2E2E2E2E2E2E2E2E2E2E2E2E2E2E2E2E2E2E2E2E2E2E2E2E2
310
E2E2E2E2E2E2E2E2E2E2E2E2E2E2E2E2E2E2E2E2E2E2E2E2E2E2E2E2E2E2E2E2E2E2E2E2E2E2E2E2E2E2E2E2E2E2E2E2E2E2E2E2E2E2E2E2E2E2E2E2E2E2E2E2E2E2
  0
XRECORD
  5
351
102
{ACAD_REACTORS
330
350
102
}
330
350
100
AcDbXrecord
280
     1
102
MATERIAL
148
0.0
149
0.0
149
0.0
 93
        0
 94
      127
282
     0
 72
     1
 77
     1
171
     1
175
     1
179
     1
273
     0
  0
XRECORD
  5
34F
102
{ACAD_REACTORS
330
34E
102
}
330
34E
100
AcDbXrecord
280
     1
102
MATERIAL
148
0.0
149
0.0
149
0.0
 93
        0
 94
      127
282
     0
 72
     1
 77
     1
171
     1
175
     1
179
     1
273
     0
  0
XRECORD
  5
352
102
{ACAD_REACTORS
330
173
102
}
330
173
100
AcDbXrecord
280
     1
102
MATERIAL
148
0.0
149
0.0
149
0.0
 93
        0
 94
      127
282
     0
 72
     1
 77
     1
171
     1
175
     1
179
     1
273
     0
  0
XRECORD
  5
175
102
{ACAD_REACTORS
330
173
102
}
330
173
100
AcDbXrecord
280
     1
270
     1
271
     1
  0
XRECORD
  5
174
102
{ACAD_REACTORS
330
173
102
}
330
173
100
AcDbXrecord
280
     1
270
     1
271
     1
  0
XRECORD
  5
176
102
{ACAD_REACTORS
330
173
102
}
330
173
100
AcDbXrecord
280
     1
270
     1
271
     1
  0
XRECORD
  5
177
102
{ACAD_REACTORS
330
173
102
}
330
173
100
AcDbXrecord
280
     1
270
     1
271
     1
  0
XRECORD
  5
2529
102
{ACAD_REACTORS
330
2528
102
}
330
2528
100
AcDbXrecord
280
     1
102
DISPLAYNAME
  1
Metric50
102
FLAGS
 90
        0
  0
CELLSTYLEMAP
  5
24F1
102
{ACAD_REACTORS
330
162
102
}
330
162
100
AcDbCellStyleMap
 90
        3
300
CELLSTYLE
  1
TABLEFORMAT_BEGIN
 90
        5
170
     1
 91
        0
 92
    32768
 62
   257
 93
        1
300
CONTENTFORMAT
  1
CONTENTFORMAT_BEGIN
 90
        0
 91
        0
 92
      512
 93
        0
300

 40
0.0
140
1.0
 94
        5
 62
     0
340
11
144
6.0
309
CONTENTFORMAT_END
171
     1
301
MARGIN
  1
CELLMARGIN_BEGIN
 40
1.5
 40
1.5
 40
1.5
 40
1.5
 40
0.18
 40
0.18
309
CELLMARGIN_END
 94
        6
 95
        1
302
GRIDFORMAT
  1
GRIDFORMAT_BEGIN
 90
        0
 91
        1
 62
     0
 92
       -2
340
14
 93
        0
 40
1.125
309
GRIDFORMAT_END
 95
        2
302
GRIDFORMAT
  1
GRIDFORMAT_BEGIN
 90
        0
 91
        1
 62
     0
 92
       -2
340
14
 93
        0
 40
1.125
309
GRIDFORMAT_END
 95
        4
302
GRIDFORMAT
  1
GRIDFORMAT_BEGIN
 90
        0
 91
        1
 62
     0
 92
       -2
340
14
 93
        0
 40
1.125
309
GRIDFORMAT_END
 95
        8
302
GRIDFORMAT
  1
GRIDFORMAT_BEGIN
 90
        0
 91
        1
 62
     0
 92
       -2
340
14
 93
        0
 40
1.125
309
GRIDFORMAT_END
 95
       16
302
GRIDFORMAT
  1
GRIDFORMAT_BEGIN
 90
        0
 91
        1
 62
     0
 92
       -2
340
14
 93
        0
 40
1.125
309
GRIDFORMAT_END
 95
       32
302
GRIDFORMAT
  1
GRIDFORMAT_BEGIN
 90
        0
 91
        1
 62
     0
 92
       -2
340
14
 93
        0
 40
1.125
309
GRIDFORMAT_END
309
TABLEFORMAT_END
  1
CELLSTYLE_BEGIN
 90
        1
 91
        1
300
_TITLE
309
CELLSTYLE_END
300
CELLSTYLE
  1
TABLEFORMAT_BEGIN
 90
        5
170
     1
 91
        0
 92
        0
 62
   257
 93
        1
300
CONTENTFORMAT
  1
CONTENTFORMAT_BEGIN
 90
        0
 91
        0
 92
      512
 93
        0
300

 40
0.0
140
1.0
 94
        5
 62
     0
340
11
144
4.5
309
CONTENTFORMAT_END
171
     1
301
MARGIN
  1
CELLMARGIN_BEGIN
 40
1.5
 40
1.5
 40
1.5
 40
1.5
 40
0.18
 40
0.18
309
CELLMARGIN_END
 94
        6
 95
        1
302
GRIDFORMAT
  1
GRIDFORMAT_BEGIN
 90
        0
 91
        1
 62
     0
 92
       -2
340
14
 93
        0
 40
1.125
309
GRIDFORMAT_END
 95
        2
302
GRIDFORMAT
  1
GRIDFORMAT_BEGIN
 90
        0
 91
        1
 62
     0
 92
       -2
340
14
 93
        0
 40
1.125
309
GRIDFORMAT_END
 95
        4
302
GRIDFORMAT
  1
GRIDFORMAT_BEGIN
 90
        0
 91
        1
 62
     0
 92
       -2
340
14
 93
        0
 40
1.125
309
GRIDFORMAT_END
 95
        8
302
GRIDFORMAT
  1
GRIDFORMAT_BEGIN
 90
        0
 91
        1
 62
     0
 92
       -2
340
14
 93
        0
 40
1.125
309
GRIDFORMAT_END
 95
       16
302
GRIDFORMAT
  1
GRIDFORMAT_BEGIN
 90
        0
 91
        1
 62
     0
 92
       -2
340
14
 93
        0
 40
1.125
309
GRIDFORMAT_END
 95
       32
302
GRIDFORMAT
  1
GRIDFORMAT_BEGIN
 90
        0
 91
        1
 62
     0
 92
       -2
340
14
 93
        0
 40
1.125
309
GRIDFORMAT_END
309
TABLEFORMAT_END
  1
CELLSTYLE_BEGIN
 90
        2
 91
        1
300
_HEADER
309
CELLSTYLE_END
300
CELLSTYLE
  1
TABLEFORMAT_BEGIN
 90
        5
170
     1
 91
        0
 92
        0
 62
   257
 93
        1
300
CONTENTFORMAT
  1
CONTENTFORMAT_BEGIN
 90
        0
 91
        0
 92
      512
 93
        0
300

 40
0.0
140
1.0
 94
        2
 62
     0
340
11
144
4.5
309
CONTENTFORMAT_END
171
     1
301
MARGIN
  1
CELLMARGIN_BEGIN
 40
1.5
 40
1.5
 40
1.5
 40
1.5
 40
0.18
 40
0.18
309
CELLMARGIN_END
 94
        6
 95
        1
302
GRIDFORMAT
  1
GRIDFORMAT_BEGIN
 90
        0
 91
        1
 62
     0
 92
       -2
340
14
 93
        0
 40
1.125
309
GRIDFORMAT_END
 95
        2
302
GRIDFORMAT
  1
GRIDFORMAT_BEGIN
 90
        0
 91
        1
 62
     0
 92
       -2
340
14
 93
        0
 40
1.125
309
GRIDFORMAT_END
 95
        4
302
GRIDFORMAT
  1
GRIDFORMAT_BEGIN
 90
        0
 91
        1
 62
     0
 92
       -2
340
14
 93
        0
 40
1.125
309
GRIDFORMAT_END
 95
        8
302
GRIDFORMAT
  1
GRIDFORMAT_BEGIN
 90
        0
 91
        1
 62
     0
 92
       -2
340
14
 93
        0
 40
1.125
309
GRIDFORMAT_END
 95
       16
302
GRIDFORMAT
  1
GRIDFORMAT_BEGIN
 90
        0
 91
        1
 62
     0
 92
       -2
340
14
 93
        0
 40
1.125
309
GRIDFORMAT_END
 95
       32
302
GRIDFORMAT
  1
GRIDFORMAT_BEGIN
 90
        0
 91
        1
 62
     0
 92
       -2
340
14
 93
        0
 40
1.125
309
GRIDFORMAT_END
309
TABLEFORMAT_END
  1
CELLSTYLE_BEGIN
 90
        3
 91
        2
300
_DATA
309
CELLSTYLE_END
  0
XRECORD
  5
24F3
102
{ACAD_REACTORS
330
162
102
}
330
162
100
AcDbXrecord
280
     1
102
ACAD_ROUNDTRIP_PRE2007_TABLESTYLE
 90
      512
 91
        0
  1

 92
      512
 93
        0
  2

 94
      512
 95
        0
  3

  0
XRECORD
  5
24FF
102
{ACAD_REACTORS
330
24FE
102
}
330
24FE
100
AcDbXrecord
280
     1
102
RTVSPost2010Prop28
280
     1
102
RTVSPost2010PropOp28
 70
     1
102
RTVSPost2010Prop29
280
     1
102
RTVSPost2010PropOp29
 70
     1
102
RTVSPost2010Prop30
280
     0
102
RTVSPost2010PropOp30
 70
     1
102
RTVSPost2010Prop31
280
     0
102
RTVSPost2010PropOp31
 70
     1
102
RTVSPost2010Prop32
280
     0
102
RTVSPost2010PropOp32
 70
     1
102
RTVSPost2010Prop33
280
     0
102
RTVSPost2010PropOp33
 70
     1
102
RTVSPost2010Prop34
280
     0
102
RTVSPost2010PropOp34
 70
     1
102
RTVSPost2010Prop35
280
     0
102
RTVSPost2010PropOp35
 70
     1
102
RTVSPost2010Prop36
280
     0
102
RTVSPost2010PropOp36
 70
     1
102
RTVSPost2010Prop37
 90
       50
102
RTVSPost2010PropOp37
 70
     1
102
RTVSPost2010Prop38
140
0.0
102
RTVSPost2010PropOp38
 70
     1
102
RTVSPost2010Prop39
140
1.0
102
RTVSPost2010PropOp39
 70
     1
102
RTVSPost2010Prop40
 90
        0
102
RTVSPost2010PropOp40
 70
     1
102
RTVSPost2010Prop41ColorIndex
 90
       18
102
RTVSPost2010Prop41ColorRGB
 90
        0
102
RTVSPost2010PropOp41
 70
     1
102
RTVSPost2010Prop42
 90
       50
102
RTVSPost2010PropOp42
 70
     1
102
RTVSPost2010Prop43
 90
        3
102
RTVSPost2010PropOp43
 70
     1
102
RTVSPost2010Prop44ColorIndex
 90
        5
102
RTVSPost2010Prop44ColorRGB
 90
      255
102
RTVSPost2010PropOp44
 70
     1
102
RTVSPost2010Prop45
280
     0
102
RTVSPost2010PropOp45
 70
     1
102
RTVSPost2010Prop46
 90
       50
102
RTVSPost2010PropOp46
 70
     1
102
RTVSPost2010Prop47
 90
       50
102
RTVSPost2010PropOp47
 70
     1
102
RTVSPost2010Prop48
 90
       50
102
RTVSPost2010PropOp48
 70
     1
102
RTVSPost2010Prop49
280
     0
102
RTVSPost2010PropOp49
 70
     1
102
RTVSPost2010Prop50
 90
       50
102
RTVSPost2010PropOp50
 70
     1
102
RTVSPost2010Prop51ColorIndex
 90
      256
102
RTVSPost2010Prop51ColorRGB
 90
-16777216
102
RTVSPost2010PropOp51
 70
     0
102
RTVSPost2010Prop52
140
1.0
102
RTVSPost2010PropOp52
 70
     0
102
RTVSPost2010Prop53
 90
        2
102
RTVSPost2010PropOp53
 70
     1
102
RTVSPost2010Prop54
  1
strokes_ogs.tif
102
RTVSPost2010PropOp54
 70
     1
102
RTVSPost2010Prop55
280
     0
102
RTVSPost2010PropOp55
 70
     1
102
RTVSPost2010Prop56
140
1.0
102
RTVSPost2010PropOp56
 70
     1
102
RTVSPost2010Prop57
140
1.0
102
RTVSPost2010PropOp57
 70
     1
102
RTVSPropertyOp0
 70
     1
102
RTVSPropertyOp1
 70
     1
102
RTVSPropertyOp2
 70
     1
102
RTVSPropertyOp3
 70
     1
102
RTVSPropertyOp4
 70
     1
102
RTVSPropertyOp5
 70
     1
102
RTVSPropertyOp6
 70
     1
102
RTVSPropertyOp7
 70
     1
102
RTVSPropertyOp8
 70
     1
102
RTVSPropertyOp9
 70
     1
102
RTVSPropertyOp10
 70
     1
102
RTVSPropertyOp11
 70
     1
102
RTVSPropertyOp12
 70
     1
102
RTVSPropertyOp13
 70
     1
102
RTVSPropertyOp14
 70
     1
102
RTVSPropertyOp15
 70
     1
102
RTVSPropertyOp16
 70
     1
102
RTVSPropertyOp17
 70
     1
102
RTVSPropertyOp18
 70
     1
102
RTVSPropertyOp19
 70
     1
102
RTVSPropertyOp20
 70
     1
102
RTVSPropertyOp21
 70
     1
102
RTVSPropertyOp22
 70
     1
102
RTVSPropertyOp23
 70
     1
102
RTVSPropertyOp24
 70
     1
102
RTVSPropertyOp25
 70
     1
102
RTVSPropertyOp26
 70
     1
102
RTVSPropertyOp27
 70
     1
102
RTVSPropertyOp28
 70
     1
102
RTVSPropertyOp29
 70
     1
102
RTVSPropertyOp30
 70
     1
102
RTVSPropertyOp31
 70
     1
102
RTVSPropertyOp32
 70
     1
102
RTVSPropertyOp33
 70
     1
102
RTVSPropertyOp34
 70
     1
102
RTVSPropertyOp35
 70
     1
102
RTVSPropertyOp36
 70
     1
102
RTVSPropertyOp37
 70
     1
102
RTVSPropertyOp38
 70
     1
102
RTVSPropertyOp39
 70
     1
102
RTVSPropertyOp40
 70
     1
102
RTVSPropertyOp41
 70
     1
102
RTVSPropertyOp42
 70
     1
102
RTVSPropertyOp43
 70
     1
102
RTVSPropertyOp44
 70
     1
102
RTVSPropertyOp45
 70
     1
102
RTVSPropertyOp46
 70
     1
102
RTVSPropertyOp47
 70
     1
102
RTVSPropertyOp48
 70
     1
102
RTVSPropertyOp49
 70
     1
102
RTVSPropertyOp50
 70
     1
102
RTVSPropertyOp51
 70
     0
102
RTVSPropertyOp52
 70
     0
102
RTVSPropertyOp53
 70
     1
102
RTVSPropertyOp54
 70
     1
102
RTVSPropertyOp55
 70
     1
102
RTVSPropertyOp56
 70
     1
102
RTVSPropertyOp57
 70
     1
102
RTVSPropertyOp58
 70
     1
102
RTVSPropertyOp59
 70
     1
102
RTVSPropertyOp60
 70
     1
102
RTVSPropertyOp61
 70
     1
102
RTVSPropertyOp62
 70
     1
  0
XRECORD
  5
2503
102
{ACAD_REACTORS
330
2502
102
}
330
2502
100
AcDbXrecord
280
     1
102
RTVSPost2010Prop28
280
     0
102
RTVSPost2010PropOp28
 70
     1
102
RTVSPost2010Prop29
280
     1
102
RTVSPost2010PropOp29
 70
     1
102
RTVSPost2010Prop30
280
     1
102
RTVSPost2010PropOp30
 70
     1
102
RTVSPost2010Prop31
280
     0
102
RTVSPost2010PropOp31
 70
     1
102
RTVSPost2010Prop32
280
     0
102
RTVSPost2010PropOp32
 70
     1
102
RTVSPost2010Prop33
280
     0
102
RTVSPost2010PropOp33
 70
     1
102
RTVSPost2010Prop34
280
     0
102
RTVSPost2010PropOp34
 70
     1
102
RTVSPost2010Prop35
280
     0
102
RTVSPost2010PropOp35
 70
     1
102
RTVSPost2010Prop36
280
     0
102
RTVSPost2010PropOp36
 70
     1
102
RTVSPost2010Prop37
 90
       50
102
RTVSPost2010PropOp37
 70
     1
102
RTVSPost2010Prop38
140
0.0
102
RTVSPost2010PropOp38
 70
     1
102
RTVSPost2010Prop39
140
1.0
102
RTVSPost2010PropOp39
 70
     1
102
RTVSPost2010Prop40
 90
        0
102
RTVSPost2010PropOp40
 70
     1
102
RTVSPost2010Prop41ColorIndex
 90
       18
102
RTVSPost2010Prop41ColorRGB
 90
        0
102
RTVSPost2010PropOp41
 70
     1
102
RTVSPost2010Prop42
 90
       50
102
RTVSPost2010PropOp42
 70
     1
102
RTVSPost2010Prop43
 90
        3
102
RTVSPost2010PropOp43
 70
     1
102
RTVSPost2010Prop44ColorIndex
 90
        5
102
RTVSPost2010Prop44ColorRGB
 90
      255
102
RTVSPost2010PropOp44
 70
     1
102
RTVSPost2010Prop45
280
     0
102
RTVSPost2010PropOp45
 70
     1
102
RTVSPost2010Prop46
 90
       50
102
RTVSPost2010PropOp46
 70
     1
102
RTVSPost2010Prop47
 90
       50
102
RTVSPost2010PropOp47
 70
     1
102
RTVSPost2010Prop48
 90
       50
102
RTVSPost2010PropOp48
 70
     1
102
RTVSPost2010Prop49
280
     0
102
RTVSPost2010PropOp49
 70
     1
102
RTVSPost2010Prop50
 90
       50
102
RTVSPost2010PropOp50
 70
     1
102
RTVSPost2010Prop51ColorIndex
 90
      256
102
RTVSPost2010Prop51ColorRGB
 90
-16777216
102
RTVSPost2010PropOp51
 70
     0
102
RTVSPost2010Prop52
140
1.0
102
RTVSPost2010PropOp52
 70
     0
102
RTVSPost2010Prop53
 90
        2
102
RTVSPost2010PropOp53
 70
     1
102
RTVSPost2010Prop54
  1
strokes_ogs.tif
102
RTVSPost2010PropOp54
 70
     1
102
RTVSPost2010Prop55
280
     0
102
RTVSPost2010PropOp55
 70
     1
102
RTVSPost2010Prop56
140
1.0
102
RTVSPost2010PropOp56
 70
     1
102
RTVSPost2010Prop57
140
1.0
102
RTVSPost2010PropOp57
 70
     1
102
RTVSPropertyOp0
 70
     1
102
RTVSPropertyOp1
 70
     1
102
RTVSPropertyOp2
 70
     1
102
RTVSPropertyOp3
 70
     1
102
RTVSPropertyOp4
 70
     1
102
RTVSPropertyOp5
 70
     1
102
RTVSPropertyOp6
 70
     1
102
RTVSPropertyOp7
 70
     1
102
RTVSPropertyOp8
 70
     1
102
RTVSPropertyOp9
 70
     1
102
RTVSPropertyOp10
 70
     1
102
RTVSPropertyOp11
 70
     1
102
RTVSPropertyOp12
 70
     1
102
RTVSPropertyOp13
 70
     1
102
RTVSPropertyOp14
 70
     1
102
RTVSPropertyOp15
 70
     1
102
RTVSPropertyOp16
 70
     1
102
RTVSPropertyOp17
 70
     1
102
RTVSPropertyOp18
 70
     1
102
RTVSPropertyOp19
 70
     1
102
RTVSPropertyOp20
 70
     1
102
RTVSPropertyOp21
 70
     1
102
RTVSPropertyOp22
 70
     1
102
RTVSPropertyOp23
 70
     1
102
RTVSPropertyOp24
 70
     1
102
RTVSPropertyOp25
 70
     1
102
RTVSPropertyOp26
 70
     1
102
RTVSPropertyOp27
 70
     1
102
RTVSPropertyOp28
 70
     1
102
RTVSPropertyOp29
 70
     1
102
RTVSPropertyOp30
 70
     1
102
RTVSPropertyOp31
 70
     1
102
RTVSPropertyOp32
 70
     1
102
RTVSPropertyOp33
 70
     1
102
RTVSPropertyOp34
 70
     1
102
RTVSPropertyOp35
 70
     1
102
RTVSPropertyOp36
 70
     1
102
RTVSPropertyOp37
 70
     1
102
RTVSPropertyOp38
 70
     1
102
RTVSPropertyOp39
 70
     1
102
RTVSPropertyOp40
 70
     1
102
RTVSPropertyOp41
 70
     1
102
RTVSPropertyOp42
 70
     1
102
RTVSPropertyOp43
 70
     1
102
RTVSPropertyOp44
 70
     1
102
RTVSPropertyOp45
 70
     1
102
RTVSPropertyOp46
 70
     1
102
RTVSPropertyOp47
 70
     1
102
RTVSPropertyOp48
 70
     1
102
RTVSPropertyOp49
 70
     1
102
RTVSPropertyOp50
 70
     1
102
RTVSPropertyOp51
 70
     0
102
RTVSPropertyOp52
 70
     0
102
RTVSPropertyOp53
 70
     1
102
RTVSPropertyOp54
 70
     1
102
RTVSPropertyOp55
 70
     1
102
RTVSPropertyOp56
 70
     1
102
RTVSPropertyOp57
 70
     1
102
RTVSPropertyOp58
 70
     1
102
RTVSPropertyOp59
 70
     1
102
RTVSPropertyOp60
 70
     1
102
RTVSPropertyOp61
 70
     1
102
RTVSPropertyOp62
 70
     1
  0
XRECORD
  5
2501
102
{ACAD_REACTORS
330
2500
102
}
330
2500
100
AcDbXrecord
280
     1
102
RTVSPost2010Prop28
280
     0
102
RTVSPost2010PropOp28
 70
     1
102
RTVSPost2010Prop29
280
     1
102
RTVSPost2010PropOp29
 70
     1
102
RTVSPost2010Prop30
280
     1
102
RTVSPost2010PropOp30
 70
     1
102
RTVSPost2010Prop31
280
     0
102
RTVSPost2010PropOp31
 70
     1
102
RTVSPost2010Prop32
280
     0
102
RTVSPost2010PropOp32
 70
     1
102
RTVSPost2010Prop33
280
     0
102
RTVSPost2010PropOp33
 70
     1
102
RTVSPost2010Prop34
280
     0
102
RTVSPost2010PropOp34
 70
     1
102
RTVSPost2010Prop35
280
     0
102
RTVSPost2010PropOp35
 70
     1
102
RTVSPost2010Prop36
280
     0
102
RTVSPost2010PropOp36
 70
     1
102
RTVSPost2010Prop37
 90
       50
102
RTVSPost2010PropOp37
 70
     1
102
RTVSPost2010Prop38
140
0.0
102
RTVSPost2010PropOp38
 70
     1
102
RTVSPost2010Prop39
140
1.0
102
RTVSPost2010PropOp39
 70
     1
102
RTVSPost2010Prop40
 90
        0
102
RTVSPost2010PropOp40
 70
     1
102
RTVSPost2010Prop41ColorIndex
 90
       18
102
RTVSPost2010Prop41ColorRGB
 90
        0
102
RTVSPost2010PropOp41
 70
     1
102
RTVSPost2010Prop42
 90
       50
102
RTVSPost2010PropOp42
 70
     1
102
RTVSPost2010Prop43
 90
        3
102
RTVSPost2010PropOp43
 70
     1
102
RTVSPost2010Prop44ColorIndex
 90
        5
102
RTVSPost2010Prop44ColorRGB
 90
      255
102
RTVSPost2010PropOp44
 70
     1
102
RTVSPost2010Prop45
280
     0
102
RTVSPost2010PropOp45
 70
     1
102
RTVSPost2010Prop46
 90
       50
102
RTVSPost2010PropOp46
 70
     1
102
RTVSPost2010Prop47
 90
       50
102
RTVSPost2010PropOp47
 70
     1
102
RTVSPost2010Prop48
 90
       50
102
RTVSPost2010PropOp48
 70
     1
102
RTVSPost2010Prop49
280
     0
102
RTVSPost2010PropOp49
 70
     1
102
RTVSPost2010Prop50
 90
       50
102
RTVSPost2010PropOp50
 70
     1
102
RTVSPost2010Prop51ColorIndex
 90
      256
102
RTVSPost2010Prop51ColorRGB
 90
-16777216
102
RTVSPost2010PropOp51
 70
     0
102
RTVSPost2010Prop52
140
1.0
102
RTVSPost2010PropOp52
 70
     0
102
RTVSPost2010Prop53
 90
        2
102
RTVSPost2010PropOp53
 70
     1
102
RTVSPost2010Prop54
  1
strokes_ogs.tif
102
RTVSPost2010PropOp54
 70
     1
102
RTVSPost2010Prop55
280
     0
102
RTVSPost2010PropOp55
 70
     1
102
RTVSPost2010Prop56
140
1.0
102
RTVSPost2010PropOp56
 70
     1
102
RTVSPost2010Prop57
140
1.0
102
RTVSPost2010PropOp57
 70
     1
102
RTVSPropertyOp0
 70
     1
102
RTVSPropertyOp1
 70
     1
102
RTVSPropertyOp2
 70
     1
102
RTVSPropertyOp3
 70
     1
102
RTVSPropertyOp4
 70
     1
102
RTVSPropertyOp5
 70
     1
102
RTVSPropertyOp6
 70
     1
102
RTVSPropertyOp7
 70
     1
102
RTVSPropertyOp8
 70
     1
102
RTVSPropertyOp9
 70
     1
102
RTVSPropertyOp10
 70
     1
102
RTVSPropertyOp11
 70
     1
102
RTVSPropertyOp12
 70
     1
102
RTVSPropertyOp13
 70
     1
102
RTVSPropertyOp14
 70
     1
102
RTVSPropertyOp15
 70
     1
102
RTVSPropertyOp16
 70
     1
102
RTVSPropertyOp17
 70
     1
102
RTVSPropertyOp18
 70
     1
102
RTVSPropertyOp19
 70
     1
102
RTVSPropertyOp20
 70
     1
102
RTVSPropertyOp21
 70
     1
102
RTVSPropertyOp22
 70
     1
102
RTVSPropertyOp23
 70
     1
102
RTVSPropertyOp24
 70
     1
102
RTVSPropertyOp25
 70
     1
102
RTVSPropertyOp26
 70
     1
102
RTVSPropertyOp27
 70
     1
102
RTVSPropertyOp28
 70
     1
102
RTVSPropertyOp29
 70
     1
102
RTVSPropertyOp30
 70
     1
102
RTVSPropertyOp31
 70
     1
102
RTVSPropertyOp32
 70
     1
102
RTVSPropertyOp33
 70
     1
102
RTVSPropertyOp34
 70
     1
102
RTVSPropertyOp35
 70
     1
102
RTVSPropertyOp36
 70
     1
102
RTVSPropertyOp37
 70
     1
102
RTVSPropertyOp38
 70
     1
102
RTVSPropertyOp39
 70
     1
102
RTVSPropertyOp40
 70
     1
102
RTVSPropertyOp41
 70
     1
102
RTVSPropertyOp42
 70
     1
102
RTVSPropertyOp43
 70
     1
102
RTVSPropertyOp44
 70
     1
102
RTVSPropertyOp45
 70
     1
102
RTVSPropertyOp46
 70
     1
102
RTVSPropertyOp47
 70
     1
102
RTVSPropertyOp48
 70
     1
102
RTVSPropertyOp49
 70
     1
102
RTVSPropertyOp50
 70
     1
102
RTVSPropertyOp51
 70
     0
102
RTVSPropertyOp52
 70
     0
102
RTVSPropertyOp53
 70
     1
102
RTVSPropertyOp54
 70
     1
102
RTVSPropertyOp55
 70
     1
102
RTVSPropertyOp56
 70
     1
102
RTVSPropertyOp57
 70
     1
102
RTVSPropertyOp58
 70
     1
102
RTVSPropertyOp59
 70
     1
102
RTVSPropertyOp60
 70
     1
102
RTVSPropertyOp61
 70
     1
102
RTVSPropertyOp62
 70
     1
  0
XRECORD
  5
24FD
102
{ACAD_REACTORS
330
24FC
102
}
330
24FC
100
AcDbXrecord
280
     1
102
RTVSPost2010Prop28
280
     0
102
RTVSPost2010PropOp28
 70
     1
102
RTVSPost2010Prop29
280
     1
102
RTVSPost2010PropOp29
 70
     1
102
RTVSPost2010Prop30
280
     1
102
RTVSPost2010PropOp30
 70
     1
102
RTVSPost2010Prop31
280
     0
102
RTVSPost2010PropOp31
 70
     1
102
RTVSPost2010Prop32
280
     0
102
RTVSPost2010PropOp32
 70
     1
102
RTVSPost2010Prop33
280
     0
102
RTVSPost2010PropOp33
 70
     1
102
RTVSPost2010Prop34
280
     0
102
RTVSPost2010PropOp34
 70
     1
102
RTVSPost2010Prop35
280
     0
102
RTVSPost2010PropOp35
 70
     1
102
RTVSPost2010Prop36
280
     0
102
RTVSPost2010PropOp36
 70
     1
102
RTVSPost2010Prop37
 90
       50
102
RTVSPost2010PropOp37
 70
     1
102
RTVSPost2010Prop38
140
0.0
102
RTVSPost2010PropOp38
 70
     1
102
RTVSPost2010Prop39
140
1.0
102
RTVSPost2010PropOp39
 70
     1
102
RTVSPost2010Prop40
 90
        0
102
RTVSPost2010PropOp40
 70
     1
102
RTVSPost2010Prop41ColorIndex
 90
       18
102
RTVSPost2010Prop41ColorRGB
 90
        0
102
RTVSPost2010PropOp41
 70
     1
102
RTVSPost2010Prop42
 90
       50
102
RTVSPost2010PropOp42
 70
     1
102
RTVSPost2010Prop43
 90
        3
102
RTVSPost2010PropOp43
 70
     1
102
RTVSPost2010Prop44ColorIndex
 90
        5
102
RTVSPost2010Prop44ColorRGB
 90
      255
102
RTVSPost2010PropOp44
 70
     1
102
RTVSPost2010Prop45
280
     0
102
RTVSPost2010PropOp45
 70
     1
102
RTVSPost2010Prop46
 90
       50
102
RTVSPost2010PropOp46
 70
     1
102
RTVSPost2010Prop47
 90
       50
102
RTVSPost2010PropOp47
 70
     1
102
RTVSPost2010Prop48
 90
       50
102
RTVSPost2010PropOp48
 70
     1
102
RTVSPost2010Prop49
280
     0
102
RTVSPost2010PropOp49
 70
     1
102
RTVSPost2010Prop50
 90
       50
102
RTVSPost2010PropOp50
 70
     1
102
RTVSPost2010Prop51ColorIndex
 90
      256
102
RTVSPost2010Prop51ColorRGB
 90
-16777216
102
RTVSPost2010PropOp51
 70
     0
102
RTVSPost2010Prop52
140
1.0
102
RTVSPost2010PropOp52
 70
     0
102
RTVSPost2010Prop53
 90
        2
102
RTVSPost2010PropOp53
 70
     1
102
RTVSPost2010Prop54
  1
strokes_ogs.tif
102
RTVSPost2010PropOp54
 70
     1
102
RTVSPost2010Prop55
280
     0
102
RTVSPost2010PropOp55
 70
     1
102
RTVSPost2010Prop56
140
1.0
102
RTVSPost2010PropOp56
 70
     1
102
RTVSPost2010Prop57
140
1.0
102
RTVSPost2010PropOp57
 70
     1
102
RTVSPropertyOp0
 70
     1
102
RTVSPropertyOp1
 70
     1
102
RTVSPropertyOp2
 70
     1
102
RTVSPropertyOp3
 70
     1
102
RTVSPropertyOp4
 70
     1
102
RTVSPropertyOp5
 70
     1
102
RTVSPropertyOp6
 70
     1
102
RTVSPropertyOp7
 70
     1
102
RTVSPropertyOp8
 70
     1
102
RTVSPropertyOp9
 70
     1
102
RTVSPropertyOp10
 70
     1
102
RTVSPropertyOp11
 70
     1
102
RTVSPropertyOp12
 70
     1
102
RTVSPropertyOp13
 70
     1
102
RTVSPropertyOp14
 70
     1
102
RTVSPropertyOp15
 70
     1
102
RTVSPropertyOp16
 70
     1
102
RTVSPropertyOp17
 70
     1
102
RTVSPropertyOp18
 70
     1
102
RTVSPropertyOp19
 70
     1
102
RTVSPropertyOp20
 70
     1
102
RTVSPropertyOp21
 70
     1
102
RTVSPropertyOp22
 70
     1
102
RTVSPropertyOp23
 70
     1
102
RTVSPropertyOp24
 70
     1
102
RTVSPropertyOp25
 70
     1
102
RTVSPropertyOp26
 70
     1
102
RTVSPropertyOp27
 70
     1
102
RTVSPropertyOp28
 70
     1
102
RTVSPropertyOp29
 70
     1
102
RTVSPropertyOp30
 70
     1
102
RTVSPropertyOp31
 70
     1
102
RTVSPropertyOp32
 70
     1
102
RTVSPropertyOp33
 70
     1
102
RTVSPropertyOp34
 70
     1
102
RTVSPropertyOp35
 70
     1
102
RTVSPropertyOp36
 70
     1
102
RTVSPropertyOp37
 70
     1
102
RTVSPropertyOp38
 70
     1
102
RTVSPropertyOp39
 70
     1
102
RTVSPropertyOp40
 70
     1
102
RTVSPropertyOp41
 70
     1
102
RTVSPropertyOp42
 70
     1
102
RTVSPropertyOp43
 70
     1
102
RTVSPropertyOp44
 70
     1
102
RTVSPropertyOp45
 70
     1
102
RTVSPropertyOp46
 70
     1
102
RTVSPropertyOp47
 70
     1
102
RTVSPropertyOp48
 70
     1
102
RTVSPropertyOp49
 70
     1
102
RTVSPropertyOp50
 70
     1
102
RTVSPropertyOp51
 70
     0
102
RTVSPropertyOp52
 70
     0
102
RTVSPropertyOp53
 70
     1
102
RTVSPropertyOp54
 70
     1
102
RTVSPropertyOp55
 70
     1
102
RTVSPropertyOp56
 70
     1
102
RTVSPropertyOp57
 70
     1
102
RTVSPropertyOp58
 70
     1
102
RTVSPropertyOp59
 70
     1
102
RTVSPropertyOp60
 70
     1
102
RTVSPropertyOp61
 70
     1
102
RTVSPropertyOp62
 70
     1
  0
XRECORD
  5
250B
102
{ACAD_REACTORS
330
250A
102
}
330
250A
100
AcDbXrecord
280
     1
102
RTVSPost2010Prop28
280
     0
102
RTVSPost2010PropOp28
 70
     1
102
RTVSPost2010Prop29
280
     1
102
RTVSPost2010PropOp29
 70
     1
102
RTVSPost2010Prop30
280
     1
102
RTVSPost2010PropOp30
 70
     1
102
RTVSPost2010Prop31
280
     0
102
RTVSPost2010PropOp31
 70
     1
102
RTVSPost2010Prop32
280
     0
102
RTVSPost2010PropOp32
 70
     1
102
RTVSPost2010Prop33
280
     0
102
RTVSPost2010PropOp33
 70
     1
102
RTVSPost2010Prop34
280
     0
102
RTVSPost2010PropOp34
 70
     1
102
RTVSPost2010Prop35
280
     0
102
RTVSPost2010PropOp35
 70
     1
102
RTVSPost2010Prop36
280
     0
102
RTVSPost2010PropOp36
 70
     1
102
RTVSPost2010Prop37
 90
       50
102
RTVSPost2010PropOp37
 70
     1
102
RTVSPost2010Prop38
140
0.0
102
RTVSPost2010PropOp38
 70
     1
102
RTVSPost2010Prop39
140
1.0
102
RTVSPost2010PropOp39
 70
     1
102
RTVSPost2010Prop40
 90
        0
102
RTVSPost2010PropOp40
 70
     1
102
RTVSPost2010Prop41ColorIndex
 90
       18
102
RTVSPost2010Prop41ColorRGB
 90
        0
102
RTVSPost2010PropOp41
 70
     1
102
RTVSPost2010Prop42
 90
       50
102
RTVSPost2010PropOp42
 70
     1
102
RTVSPost2010Prop43
 90
        3
102
RTVSPost2010PropOp43
 70
     1
102
RTVSPost2010Prop44ColorIndex
 90
        5
102
RTVSPost2010Prop44ColorRGB
 90
      255
102
RTVSPost2010PropOp44
 70
     1
102
RTVSPost2010Prop45
280
     0
102
RTVSPost2010PropOp45
 70
     1
102
RTVSPost2010Prop46
 90
       50
102
RTVSPost2010PropOp46
 70
     1
102
RTVSPost2010Prop47
 90
       50
102
RTVSPost2010PropOp47
 70
     1
102
RTVSPost2010Prop48
 90
       50
102
RTVSPost2010PropOp48
 70
     1
102
RTVSPost2010Prop49
280
     0
102
RTVSPost2010PropOp49
 70
     1
102
RTVSPost2010Prop50
 90
       50
102
RTVSPost2010PropOp50
 70
     1
102
RTVSPost2010Prop51ColorIndex
 90
      256
102
RTVSPost2010Prop51ColorRGB
 90
-16777216
102
RTVSPost2010PropOp51
 70
     0
102
RTVSPost2010Prop52
140
1.0
102
RTVSPost2010PropOp52
 70
     0
102
RTVSPost2010Prop53
 90
        2
102
RTVSPost2010PropOp53
 70
     1
102
RTVSPost2010Prop54
  1
strokes_ogs.tif
102
RTVSPost2010PropOp54
 70
     1
102
RTVSPost2010Prop55
280
     0
102
RTVSPost2010PropOp55
 70
     1
102
RTVSPost2010Prop56
140
1.0
102
RTVSPost2010PropOp56
 70
     1
102
RTVSPost2010Prop57
140
1.0
102
RTVSPost2010PropOp57
 70
     1
102
RTVSPropertyOp0
 70
     1
102
RTVSPropertyOp1
 70
     1
102
RTVSPropertyOp2
 70
     1
102
RTVSPropertyOp3
 70
     1
102
RTVSPropertyOp4
 70
     1
102
RTVSPropertyOp5
 70
     1
102
RTVSPropertyOp6
 70
     1
102
RTVSPropertyOp7
 70
     1
102
RTVSPropertyOp8
 70
     1
102
RTVSPropertyOp9
 70
     1
102
RTVSPropertyOp10
 70
     1
102
RTVSPropertyOp11
 70
     1
102
RTVSPropertyOp12
 70
     1
102
RTVSPropertyOp13
 70
     1
102
RTVSPropertyOp14
 70
     1
102
RTVSPropertyOp15
 70
     1
102
RTVSPropertyOp16
 70
     1
102
RTVSPropertyOp17
 70
     1
102
RTVSPropertyOp18
 70
     1
102
RTVSPropertyOp19
 70
     1
102
RTVSPropertyOp20
 70
     1
102
RTVSPropertyOp21
 70
     1
102
RTVSPropertyOp22
 70
     1
102
RTVSPropertyOp23
 70
     1
102
RTVSPropertyOp24
 70
     1
102
RTVSPropertyOp25
 70
     1
102
RTVSPropertyOp26
 70
     1
102
RTVSPropertyOp27
 70
     1
102
RTVSPropertyOp28
 70
     1
102
RTVSPropertyOp29
 70
     1
102
RTVSPropertyOp30
 70
     1
102
RTVSPropertyOp31
 70
     1
102
RTVSPropertyOp32
 70
     1
102
RTVSPropertyOp33
 70
     1
102
RTVSPropertyOp34
 70
     1
102
RTVSPropertyOp35
 70
     1
102
RTVSPropertyOp36
 70
     1
102
RTVSPropertyOp37
 70
     1
102
RTVSPropertyOp38
 70
     1
102
RTVSPropertyOp39
 70
     1
102
RTVSPropertyOp40
 70
     1
102
RTVSPropertyOp41
 70
     1
102
RTVSPropertyOp42
 70
     1
102
RTVSPropertyOp43
 70
     1
102
RTVSPropertyOp44
 70
     1
102
RTVSPropertyOp45
 70
     1
102
RTVSPropertyOp46
 70
     1
102
RTVSPropertyOp47
 70
     1
102
RTVSPropertyOp48
 70
     1
102
RTVSPropertyOp49
 70
     1
102
RTVSPropertyOp50
 70
     1
102
RTVSPropertyOp51
 70
     0
102
RTVSPropertyOp52
 70
     0
102
RTVSPropertyOp53
 70
     1
102
RTVSPropertyOp54
 70
     1
102
RTVSPropertyOp55
 70
     1
102
RTVSPropertyOp56
 70
     1
102
RTVSPropertyOp57
 70
     1
102
RTVSPropertyOp58
 70
     1
102
RTVSPropertyOp59
 70
     1
102
RTVSPropertyOp60
 70
     1
102
RTVSPropertyOp61
 70
     1
102
RTVSPropertyOp62
 70
     1
  0
XRECORD
  5
2513
102
{ACAD_REACTORS
330
2512
102
}
330
2512
100
AcDbXrecord
280
     1
102
RTVSPost2010Prop28
280
     0
102
RTVSPost2010PropOp28
 70
     1
102
RTVSPost2010Prop29
280
     1
102
RTVSPost2010PropOp29
 70
     1
102
RTVSPost2010Prop30
280
     1
102
RTVSPost2010PropOp30
 70
     1
102
RTVSPost2010Prop31
280
     0
102
RTVSPost2010PropOp31
 70
     1
102
RTVSPost2010Prop32
280
     0
102
RTVSPost2010PropOp32
 70
     1
102
RTVSPost2010Prop33
280
     0
102
RTVSPost2010PropOp33
 70
     1
102
RTVSPost2010Prop34
280
     0
102
RTVSPost2010PropOp34
 70
     1
102
RTVSPost2010Prop35
280
     0
102
RTVSPost2010PropOp35
 70
     1
102
RTVSPost2010Prop36
280
     0
102
RTVSPost2010PropOp36
 70
     1
102
RTVSPost2010Prop37
 90
       50
102
RTVSPost2010PropOp37
 70
     1
102
RTVSPost2010Prop38
140
0.0
102
RTVSPost2010PropOp38
 70
     1
102
RTVSPost2010Prop39
140
1.0
102
RTVSPost2010PropOp39
 70
     1
102
RTVSPost2010Prop40
 90
        0
102
RTVSPost2010PropOp40
 70
     1
102
RTVSPost2010Prop41ColorIndex
 90
       18
102
RTVSPost2010Prop41ColorRGB
 90
        0
102
RTVSPost2010PropOp41
 70
     1
102
RTVSPost2010Prop42
 90
       50
102
RTVSPost2010PropOp42
 70
     1
102
RTVSPost2010Prop43
 90
        3
102
RTVSPost2010PropOp43
 70
     1
102
RTVSPost2010Prop44ColorIndex
 90
        5
102
RTVSPost2010Prop44ColorRGB
 90
      255
102
RTVSPost2010PropOp44
 70
     1
102
RTVSPost2010Prop45
280
     0
102
RTVSPost2010PropOp45
 70
     1
102
RTVSPost2010Prop46
 90
       50
102
RTVSPost2010PropOp46
 70
     1
102
RTVSPost2010Prop47
 90
       50
102
RTVSPost2010PropOp47
 70
     1
102
RTVSPost2010Prop48
 90
       50
102
RTVSPost2010PropOp48
 70
     1
102
RTVSPost2010Prop49
280
     0
102
RTVSPost2010PropOp49
 70
     1
102
RTVSPost2010Prop50
 90
       50
102
RTVSPost2010PropOp50
 70
     1
102
RTVSPost2010Prop51ColorIndex
 90
      256
102
RTVSPost2010Prop51ColorRGB
 90
-16777216
102
RTVSPost2010PropOp51
 70
     0
102
RTVSPost2010Prop52
140
1.0
102
RTVSPost2010PropOp52
 70
     0
102
RTVSPost2010Prop53
 90
        2
102
RTVSPost2010PropOp53
 70
     1
102
RTVSPost2010Prop54
  1
strokes_ogs.tif
102
RTVSPost2010PropOp54
 70
     1
102
RTVSPost2010Prop55
280
     0
102
RTVSPost2010PropOp55
 70
     1
102
RTVSPost2010Prop56
140
1.0
102
RTVSPost2010PropOp56
 70
     1
102
RTVSPost2010Prop57
140
1.0
102
RTVSPost2010PropOp57
 70
     1
102
RTVSPropertyOp0
 70
     1
102
RTVSPropertyOp1
 70
     1
102
RTVSPropertyOp2
 70
     1
102
RTVSPropertyOp3
 70
     1
102
RTVSPropertyOp4
 70
     1
102
RTVSPropertyOp5
 70
     1
102
RTVSPropertyOp6
 70
     1
102
RTVSPropertyOp7
 70
     1
102
RTVSPropertyOp8
 70
     1
102
RTVSPropertyOp9
 70
     1
102
RTVSPropertyOp10
 70
     1
102
RTVSPropertyOp11
 70
     1
102
RTVSPropertyOp12
 70
     1
102
RTVSPropertyOp13
 70
     1
102
RTVSPropertyOp14
 70
     1
102
RTVSPropertyOp15
 70
     1
102
RTVSPropertyOp16
 70
     1
102
RTVSPropertyOp17
 70
     1
102
RTVSPropertyOp18
 70
     1
102
RTVSPropertyOp19
 70
     1
102
RTVSPropertyOp20
 70
     1
102
RTVSPropertyOp21
 70
     1
102
RTVSPropertyOp22
 70
     1
102
RTVSPropertyOp23
 70
     1
102
RTVSPropertyOp24
 70
     1
102
RTVSPropertyOp25
 70
     1
102
RTVSPropertyOp26
 70
     1
102
RTVSPropertyOp27
 70
     1
102
RTVSPropertyOp28
 70
     1
102
RTVSPropertyOp29
 70
     1
102
RTVSPropertyOp30
 70
     1
102
RTVSPropertyOp31
 70
     1
102
RTVSPropertyOp32
 70
     1
102
RTVSPropertyOp33
 70
     1
102
RTVSPropertyOp34
 70
     1
102
RTVSPropertyOp35
 70
     1
102
RTVSPropertyOp36
 70
     1
102
RTVSPropertyOp37
 70
     1
102
RTVSPropertyOp38
 70
     1
102
RTVSPropertyOp39
 70
     1
102
RTVSPropertyOp40
 70
     1
102
RTVSPropertyOp41
 70
     1
102
RTVSPropertyOp42
 70
     1
102
RTVSPropertyOp43
 70
     1
102
RTVSPropertyOp44
 70
     1
102
RTVSPropertyOp45
 70
     1
102
RTVSPropertyOp46
 70
     1
102
RTVSPropertyOp47
 70
     1
102
RTVSPropertyOp48
 70
     1
102
RTVSPropertyOp49
 70
     1
102
RTVSPropertyOp50
 70
     1
102
RTVSPropertyOp51
 70
     0
102
RTVSPropertyOp52
 70
     0
102
RTVSPropertyOp53
 70
     1
102
RTVSPropertyOp54
 70
     1
102
RTVSPropertyOp55
 70
     1
102
RTVSPropertyOp56
 70
     1
102
RTVSPropertyOp57
 70
     1
102
RTVSPropertyOp58
 70
     1
102
RTVSPropertyOp59
 70
     1
102
RTVSPropertyOp60
 70
     1
102
RTVSPropertyOp61
 70
     1
102
RTVSPropertyOp62
 70
     1
  0
XRECORD
  5
2505
102
{ACAD_REACTORS
330
2504
102
}
330
2504
100
AcDbXrecord
280
     1
102
RTVSPost2010Prop28
280
     0
102
RTVSPost2010PropOp28
 70
     1
102
RTVSPost2010Prop29
280
     1
102
RTVSPost2010PropOp29
 70
     1
102
RTVSPost2010Prop30
280
     1
102
RTVSPost2010PropOp30
 70
     1
102
RTVSPost2010Prop31
280
     0
102
RTVSPost2010PropOp31
 70
     1
102
RTVSPost2010Prop32
280
     0
102
RTVSPost2010PropOp32
 70
     1
102
RTVSPost2010Prop33
280
     0
102
RTVSPost2010PropOp33
 70
     1
102
RTVSPost2010Prop34
280
     0
102
RTVSPost2010PropOp34
 70
     1
102
RTVSPost2010Prop35
280
     0
102
RTVSPost2010PropOp35
 70
     1
102
RTVSPost2010Prop36
280
     0
102
RTVSPost2010PropOp36
 70
     1
102
RTVSPost2010Prop37
 90
       50
102
RTVSPost2010PropOp37
 70
     1
102
RTVSPost2010Prop38
140
0.0
102
RTVSPost2010PropOp38
 70
     1
102
RTVSPost2010Prop39
140
1.0
102
RTVSPost2010PropOp39
 70
     1
102
RTVSPost2010Prop40
 90
        0
102
RTVSPost2010PropOp40
 70
     1
102
RTVSPost2010Prop41ColorIndex
 90
       18
102
RTVSPost2010Prop41ColorRGB
 90
        0
102
RTVSPost2010PropOp41
 70
     1
102
RTVSPost2010Prop42
 90
       50
102
RTVSPost2010PropOp42
 70
     1
102
RTVSPost2010Prop43
 90
        3
102
RTVSPost2010PropOp43
 70
     1
102
RTVSPost2010Prop44ColorIndex
 90
        5
102
RTVSPost2010Prop44ColorRGB
 90
      255
102
RTVSPost2010PropOp44
 70
     1
102
RTVSPost2010Prop45
280
     0
102
RTVSPost2010PropOp45
 70
     1
102
RTVSPost2010Prop46
 90
       50
102
RTVSPost2010PropOp46
 70
     1
102
RTVSPost2010Prop47
 90
       50
102
RTVSPost2010PropOp47
 70
     1
102
RTVSPost2010Prop48
 90
       50
102
RTVSPost2010PropOp48
 70
     1
102
RTVSPost2010Prop49
280
     0
102
RTVSPost2010PropOp49
 70
     1
102
RTVSPost2010Prop50
 90
       50
102
RTVSPost2010PropOp50
 70
     1
102
RTVSPost2010Prop51ColorIndex
 90
      256
102
RTVSPost2010Prop51ColorRGB
 90
-16777216
102
RTVSPost2010PropOp51
 70
     0
102
RTVSPost2010Prop52
140
1.0
102
RTVSPost2010PropOp52
 70
     0
102
RTVSPost2010Prop53
 90
        2
102
RTVSPost2010PropOp53
 70
     1
102
RTVSPost2010Prop54
  1
strokes_ogs.tif
102
RTVSPost2010PropOp54
 70
     1
102
RTVSPost2010Prop55
280
     0
102
RTVSPost2010PropOp55
 70
     1
102
RTVSPost2010Prop56
140
1.0
102
RTVSPost2010PropOp56
 70
     1
102
RTVSPost2010Prop57
140
1.0
102
RTVSPost2010PropOp57
 70
     1
102
RTVSPropertyOp0
 70
     1
102
RTVSPropertyOp1
 70
     1
102
RTVSPropertyOp2
 70
     1
102
RTVSPropertyOp3
 70
     1
102
RTVSPropertyOp4
 70
     1
102
RTVSPropertyOp5
 70
     1
102
RTVSPropertyOp6
 70
     1
102
RTVSPropertyOp7
 70
     1
102
RTVSPropertyOp8
 70
     1
102
RTVSPropertyOp9
 70
     1
102
RTVSPropertyOp10
 70
     1
102
RTVSPropertyOp11
 70
     1
102
RTVSPropertyOp12
 70
     1
102
RTVSPropertyOp13
 70
     1
102
RTVSPropertyOp14
 70
     1
102
RTVSPropertyOp15
 70
     1
102
RTVSPropertyOp16
 70
     1
102
RTVSPropertyOp17
 70
     1
102
RTVSPropertyOp18
 70
     1
102
RTVSPropertyOp19
 70
     1
102
RTVSPropertyOp20
 70
     1
102
RTVSPropertyOp21
 70
     1
102
RTVSPropertyOp22
 70
     1
102
RTVSPropertyOp23
 70
     1
102
RTVSPropertyOp24
 70
     1
102
RTVSPropertyOp25
 70
     1
102
RTVSPropertyOp26
 70
     1
102
RTVSPropertyOp27
 70
     1
102
RTVSPropertyOp28
 70
     1
102
RTVSPropertyOp29
 70
     1
102
RTVSPropertyOp30
 70
     1
102
RTVSPropertyOp31
 70
     1
102
RTVSPropertyOp32
 70
     1
102
RTVSPropertyOp33
 70
     1
102
RTVSPropertyOp34
 70
     1
102
RTVSPropertyOp35
 70
     1
102
RTVSPropertyOp36
 70
     1
102
RTVSPropertyOp37
 70
     1
102
RTVSPropertyOp38
 70
     1
102
RTVSPropertyOp39
 70
     1
102
RTVSPropertyOp40
 70
     1
102
RTVSPropertyOp41
 70
     1
102
RTVSPropertyOp42
 70
     1
102
RTVSPropertyOp43
 70
     1
102
RTVSPropertyOp44
 70
     1
102
RTVSPropertyOp45
 70
     1
102
RTVSPropertyOp46
 70
     1
102
RTVSPropertyOp47
 70
     1
102
RTVSPropertyOp48
 70
     1
102
RTVSPropertyOp49
 70
     1
102
RTVSPropertyOp50
 70
     1
102
RTVSPropertyOp51
 70
     0
102
RTVSPropertyOp52
 70
     0
102
RTVSPropertyOp53
 70
     1
102
RTVSPropertyOp54
 70
     1
102
RTVSPropertyOp55
 70
     1
102
RTVSPropertyOp56
 70
     1
102
RTVSPropertyOp57
 70
     1
102
RTVSPropertyOp58
 70
     1
102
RTVSPropertyOp59
 70
     1
102
RTVSPropertyOp60
 70
     1
102
RTVSPropertyOp61
 70
     1
102
RTVSPropertyOp62
 70
     1
  0
XRECORD
  5
2509
102
{ACAD_REACTORS
330
2508
102
}
330
2508
100
AcDbXrecord
280
     1
102
RTVSPost2010Prop28
280
     0
102
RTVSPost2010PropOp28
 70
     1
102
RTVSPost2010Prop29
280
     1
102
RTVSPost2010PropOp29
 70
     1
102
RTVSPost2010Prop30
280
     1
102
RTVSPost2010PropOp30
 70
     1
102
RTVSPost2010Prop31
280
     0
102
RTVSPost2010PropOp31
 70
     1
102
RTVSPost2010Prop32
280
     0
102
RTVSPost2010PropOp32
 70
     1
102
RTVSPost2010Prop33
280
     0
102
RTVSPost2010PropOp33
 70
     1
102
RTVSPost2010Prop34
280
     0
102
RTVSPost2010PropOp34
 70
     1
102
RTVSPost2010Prop35
280
     0
102
RTVSPost2010PropOp35
 70
     1
102
RTVSPost2010Prop36
280
     0
102
RTVSPost2010PropOp36
 70
     1
102
RTVSPost2010Prop37
 90
       50
102
RTVSPost2010PropOp37
 70
     1
102
RTVSPost2010Prop38
140
0.0
102
RTVSPost2010PropOp38
 70
     1
102
RTVSPost2010Prop39
140
1.0
102
RTVSPost2010PropOp39
 70
     1
102
RTVSPost2010Prop40
 90
        0
102
RTVSPost2010PropOp40
 70
     1
102
RTVSPost2010Prop41ColorIndex
 90
       18
102
RTVSPost2010Prop41ColorRGB
 90
        0
102
RTVSPost2010PropOp41
 70
     1
102
RTVSPost2010Prop42
 90
       50
102
RTVSPost2010PropOp42
 70
     1
102
RTVSPost2010Prop43
 90
        3
102
RTVSPost2010PropOp43
 70
     1
102
RTVSPost2010Prop44ColorIndex
 90
        5
102
RTVSPost2010Prop44ColorRGB
 90
      255
102
RTVSPost2010PropOp44
 70
     1
102
RTVSPost2010Prop45
280
     0
102
RTVSPost2010PropOp45
 70
     1
102
RTVSPost2010Prop46
 90
       50
102
RTVSPost2010PropOp46
 70
     1
102
RTVSPost2010Prop47
 90
       50
102
RTVSPost2010PropOp47
 70
     1
102
RTVSPost2010Prop48
 90
       50
102
RTVSPost2010PropOp48
 70
     1
102
RTVSPost2010Prop49
280
     0
102
RTVSPost2010PropOp49
 70
     1
102
RTVSPost2010Prop50
 90
       50
102
RTVSPost2010PropOp50
 70
     1
102
RTVSPost2010Prop51ColorIndex
 90
      256
102
RTVSPost2010Prop51ColorRGB
 90
-16777216
102
RTVSPost2010PropOp51
 70
     0
102
RTVSPost2010Prop52
140
1.0
102
RTVSPost2010PropOp52
 70
     0
102
RTVSPost2010Prop53
 90
        2
102
RTVSPost2010PropOp53
 70
     1
102
RTVSPost2010Prop54
  1
strokes_ogs.tif
102
RTVSPost2010PropOp54
 70
     1
102
RTVSPost2010Prop55
280
     0
102
RTVSPost2010PropOp55
 70
     1
102
RTVSPost2010Prop56
140
1.0
102
RTVSPost2010PropOp56
 70
     1
102
RTVSPost2010Prop57
140
1.0
102
RTVSPost2010PropOp57
 70
     1
102
RTVSPropertyOp0
 70
     1
102
RTVSPropertyOp1
 70
     1
102
RTVSPropertyOp2
 70
     1
102
RTVSPropertyOp3
 70
     1
102
RTVSPropertyOp4
 70
     1
102
RTVSPropertyOp5
 70
     1
102
RTVSPropertyOp6
 70
     1
102
RTVSPropertyOp7
 70
     1
102
RTVSPropertyOp8
 70
     1
102
RTVSPropertyOp9
 70
     1
102
RTVSPropertyOp10
 70
     1
102
RTVSPropertyOp11
 70
     1
102
RTVSPropertyOp12
 70
     1
102
RTVSPropertyOp13
 70
     1
102
RTVSPropertyOp14
 70
     1
102
RTVSPropertyOp15
 70
     1
102
RTVSPropertyOp16
 70
     1
102
RTVSPropertyOp17
 70
     1
102
RTVSPropertyOp18
 70
     1
102
RTVSPropertyOp19
 70
     1
102
RTVSPropertyOp20
 70
     1
102
RTVSPropertyOp21
 70
     1
102
RTVSPropertyOp22
 70
     1
102
RTVSPropertyOp23
 70
     1
102
RTVSPropertyOp24
 70
     1
102
RTVSPropertyOp25
 70
     1
102
RTVSPropertyOp26
 70
     1
102
RTVSPropertyOp27
 70
     1
102
RTVSPropertyOp28
 70
     1
102
RTVSPropertyOp29
 70
     1
102
RTVSPropertyOp30
 70
     1
102
RTVSPropertyOp31
 70
     1
102
RTVSPropertyOp32
 70
     1
102
RTVSPropertyOp33
 70
     1
102
RTVSPropertyOp34
 70
     1
102
RTVSPropertyOp35
 70
     1
102
RTVSPropertyOp36
 70
     1
102
RTVSPropertyOp37
 70
     1
102
RTVSPropertyOp38
 70
     1
102
RTVSPropertyOp39
 70
     1
102
RTVSPropertyOp40
 70
     1
102
RTVSPropertyOp41
 70
     1
102
RTVSPropertyOp42
 70
     1
102
RTVSPropertyOp43
 70
     1
102
RTVSPropertyOp44
 70
     1
102
RTVSPropertyOp45
 70
     1
102
RTVSPropertyOp46
 70
     1
102
RTVSPropertyOp47
 70
     1
102
RTVSPropertyOp48
 70
     1
102
RTVSPropertyOp49
 70
     1
102
RTVSPropertyOp50
 70
     1
102
RTVSPropertyOp51
 70
     0
102
RTVSPropertyOp52
 70
     0
102
RTVSPropertyOp53
 70
     1
102
RTVSPropertyOp54
 70
     1
102
RTVSPropertyOp55
 70
     1
102
RTVSPropertyOp56
 70
     1
102
RTVSPropertyOp57
 70
     1
102
RTVSPropertyOp58
 70
     1
102
RTVSPropertyOp59
 70
     1
102
RTVSPropertyOp60
 70
     1
102
RTVSPropertyOp61
 70
     1
102
RTVSPropertyOp62
 70
     1
  0
XRECORD
  5
2519
102
{ACAD_REACTORS
330
2518
102
}
330
2518
100
AcDbXrecord
280
     1
102
RTVSPost2010Prop28
280
     0
102
RTVSPost2010PropOp28
 70
     1
102
RTVSPost2010Prop29
280
     1
102
RTVSPost2010PropOp29
 70
     1
102
RTVSPost2010Prop30
280
     1
102
RTVSPost2010PropOp30
 70
     1
102
RTVSPost2010Prop31
280
     0
102
RTVSPost2010PropOp31
 70
     1
102
RTVSPost2010Prop32
280
     0
102
RTVSPost2010PropOp32
 70
     1
102
RTVSPost2010Prop33
280
     0
102
RTVSPost2010PropOp33
 70
     1
102
RTVSPost2010Prop34
280
     0
102
RTVSPost2010PropOp34
 70
     1
102
RTVSPost2010Prop35
280
     0
102
RTVSPost2010PropOp35
 70
     1
102
RTVSPost2010Prop36
280
     0
102
RTVSPost2010PropOp36
 70
     1
102
RTVSPost2010Prop37
 90
       50
102
RTVSPost2010PropOp37
 70
     1
102
RTVSPost2010Prop38
140
0.0
102
RTVSPost2010PropOp38
 70
     1
102
RTVSPost2010Prop39
140
1.0
102
RTVSPost2010PropOp39
 70
     1
102
RTVSPost2010Prop40
 90
        0
102
RTVSPost2010PropOp40
 70
     1
102
RTVSPost2010Prop41ColorIndex
 90
       18
102
RTVSPost2010Prop41ColorRGB
 90
        0
102
RTVSPost2010PropOp41
 70
     1
102
RTVSPost2010Prop42
 90
       50
102
RTVSPost2010PropOp42
 70
     1
102
RTVSPost2010Prop43
 90
        3
102
RTVSPost2010PropOp43
 70
     1
102
RTVSPost2010Prop44ColorIndex
 90
        5
102
RTVSPost2010Prop44ColorRGB
 90
      255
102
RTVSPost2010PropOp44
 70
     1
102
RTVSPost2010Prop45
280
     0
102
RTVSPost2010PropOp45
 70
     1
102
RTVSPost2010Prop46
 90
       50
102
RTVSPost2010PropOp46
 70
     1
102
RTVSPost2010Prop47
 90
       50
102
RTVSPost2010PropOp47
 70
     1
102
RTVSPost2010Prop48
 90
       50
102
RTVSPost2010PropOp48
 70
     1
102
RTVSPost2010Prop49
280
     0
102
RTVSPost2010PropOp49
 70
     1
102
RTVSPost2010Prop50
 90
       50
102
RTVSPost2010PropOp50
 70
     1
102
RTVSPost2010Prop51ColorIndex
 90
      256
102
RTVSPost2010Prop51ColorRGB
 90
-16777216
102
RTVSPost2010PropOp51
 70
     0
102
RTVSPost2010Prop52
140
1.0
102
RTVSPost2010PropOp52
 70
     0
102
RTVSPost2010Prop53
 90
        2
102
RTVSPost2010PropOp53
 70
     1
102
RTVSPost2010Prop54
  1
strokes_ogs.tif
102
RTVSPost2010PropOp54
 70
     1
102
RTVSPost2010Prop55
280
     0
102
RTVSPost2010PropOp55
 70
     1
102
RTVSPost2010Prop56
140
1.0
102
RTVSPost2010PropOp56
 70
     1
102
RTVSPost2010Prop57
140
1.0
102
RTVSPost2010PropOp57
 70
     1
102
RTVSPropertyOp0
 70
     0
102
RTVSPropertyOp1
 70
     0
102
RTVSPropertyOp2
 70
     0
102
RTVSPropertyOp3
 70
     0
102
RTVSPropertyOp4
 70
     0
102
RTVSPropertyOp5
 70
     0
102
RTVSPropertyOp6
 70
     0
102
RTVSPropertyOp7
 70
     0
102
RTVSPropertyOp8
 70
     0
102
RTVSPropertyOp9
 70
     0
102
RTVSPropertyOp10
 70
     0
102
RTVSPropertyOp11
 70
     0
102
RTVSPropertyOp12
 70
     0
102
RTVSPropertyOp13
 70
     0
102
RTVSPropertyOp14
 70
     2
102
RTVSPropertyOp15
 70
     0
102
RTVSPropertyOp16
 70
     0
102
RTVSPropertyOp17
 70
     0
102
RTVSPropertyOp18
 70
     0
102
RTVSPropertyOp19
 70
     0
102
RTVSPropertyOp20
 70
     0
102
RTVSPropertyOp21
 70
     0
102
RTVSPropertyOp22
 70
     0
102
RTVSPropertyOp23
 70
     0
102
RTVSPropertyOp24
 70
     0
102
RTVSPropertyOp25
 70
     0
102
RTVSPropertyOp26
 70
     0
102
RTVSPropertyOp27
 70
     0
102
RTVSPropertyOp28
 70
     1
102
RTVSPropertyOp29
 70
     1
102
RTVSPropertyOp30
 70
     1
102
RTVSPropertyOp31
 70
     1
102
RTVSPropertyOp32
 70
     1
102
RTVSPropertyOp33
 70
     1
102
RTVSPropertyOp34
 70
     1
102
RTVSPropertyOp35
 70
     1
102
RTVSPropertyOp36
 70
     1
102
RTVSPropertyOp37
 70
     1
102
RTVSPropertyOp38
 70
     1
102
RTVSPropertyOp39
 70
     1
102
RTVSPropertyOp40
 70
     1
102
RTVSPropertyOp41
 70
     1
102
RTVSPropertyOp42
 70
     1
102
RTVSPropertyOp43
 70
     1
102
RTVSPropertyOp44
 70
     1
102
RTVSPropertyOp45
 70
     1
102
RTVSPropertyOp46
 70
     1
102
RTVSPropertyOp47
 70
     1
102
RTVSPropertyOp48
 70
     1
102
RTVSPropertyOp49
 70
     1
102
RTVSPropertyOp50
 70
     1
102
RTVSPropertyOp51
 70
     0
102
RTVSPropertyOp52
 70
     0
102
RTVSPropertyOp53
 70
     1
102
RTVSPropertyOp54
 70
     1
102
RTVSPropertyOp55
 70
     1
102
RTVSPropertyOp56
 70
     1
102
RTVSPropertyOp57
 70
     1
102
RTVSPropertyOp58
 70
     1
102
RTVSPropertyOp59
 70
     1
102
RTVSPropertyOp60
 70
     1
102
RTVSPropertyOp61
 70
     1
102
RTVSPropertyOp62
 70
     1
  0
XRECORD
  5
2511
102
{ACAD_REACTORS
330
2510
102
}
330
2510
100
AcDbXrecord
280
     1
102
RTVSPost2010Prop28
280
     0
102
RTVSPost2010PropOp28
 70
     1
102
RTVSPost2010Prop29
280
     1
102
RTVSPost2010PropOp29
 70
     1
102
RTVSPost2010Prop30
280
     1
102
RTVSPost2010PropOp30
 70
     1
102
RTVSPost2010Prop31
280
     0
102
RTVSPost2010PropOp31
 70
     1
102
RTVSPost2010Prop32
280
     0
102
RTVSPost2010PropOp32
 70
     1
102
RTVSPost2010Prop33
280
     0
102
RTVSPost2010PropOp33
 70
     1
102
RTVSPost2010Prop34
280
     0
102
RTVSPost2010PropOp34
 70
     1
102
RTVSPost2010Prop35
280
     0
102
RTVSPost2010PropOp35
 70
     1
102
RTVSPost2010Prop36
280
     0
102
RTVSPost2010PropOp36
 70
     1
102
RTVSPost2010Prop37
 90
       50
102
RTVSPost2010PropOp37
 70
     1
102
RTVSPost2010Prop38
140
0.0
102
RTVSPost2010PropOp38
 70
     1
102
RTVSPost2010Prop39
140
1.0
102
RTVSPost2010PropOp39
 70
     1
102
RTVSPost2010Prop40
 90
        0
102
RTVSPost2010PropOp40
 70
     1
102
RTVSPost2010Prop41ColorIndex
 90
       18
102
RTVSPost2010Prop41ColorRGB
 90
        0
102
RTVSPost2010PropOp41
 70
     1
102
RTVSPost2010Prop42
 90
       50
102
RTVSPost2010PropOp42
 70
     1
102
RTVSPost2010Prop43
 90
        3
102
RTVSPost2010PropOp43
 70
     1
102
RTVSPost2010Prop44ColorIndex
 90
        5
102
RTVSPost2010Prop44ColorRGB
 90
      255
102
RTVSPost2010PropOp44
 70
     1
102
RTVSPost2010Prop45
280
     0
102
RTVSPost2010PropOp45
 70
     1
102
RTVSPost2010Prop46
 90
       50
102
RTVSPost2010PropOp46
 70
     1
102
RTVSPost2010Prop47
 90
       50
102
RTVSPost2010PropOp47
 70
     1
102
RTVSPost2010Prop48
 90
       50
102
RTVSPost2010PropOp48
 70
     1
102
RTVSPost2010Prop49
280
     0
102
RTVSPost2010PropOp49
 70
     1
102
RTVSPost2010Prop50
 90
       50
102
RTVSPost2010PropOp50
 70
     1
102
RTVSPost2010Prop51ColorIndex
 90
      256
102
RTVSPost2010Prop51ColorRGB
 90
-16777216
102
RTVSPost2010PropOp51
 70
     0
102
RTVSPost2010Prop52
140
1.0
102
RTVSPost2010PropOp52
 70
     0
102
RTVSPost2010Prop53
 90
        2
102
RTVSPost2010PropOp53
 70
     1
102
RTVSPost2010Prop54
  1
strokes_ogs.tif
102
RTVSPost2010PropOp54
 70
     1
102
RTVSPost2010Prop55
280
     0
102
RTVSPost2010PropOp55
 70
     1
102
RTVSPost2010Prop56
140
1.0
102
RTVSPost2010PropOp56
 70
     1
102
RTVSPost2010Prop57
140
1.0
102
RTVSPost2010PropOp57
 70
     1
102
RTVSPropertyOp0
 70
     1
102
RTVSPropertyOp1
 70
     1
102
RTVSPropertyOp2
 70
     1
102
RTVSPropertyOp3
 70
     1
102
RTVSPropertyOp4
 70
     1
102
RTVSPropertyOp5
 70
     1
102
RTVSPropertyOp6
 70
     1
102
RTVSPropertyOp7
 70
     1
102
RTVSPropertyOp8
 70
     1
102
RTVSPropertyOp9
 70
     1
102
RTVSPropertyOp10
 70
     1
102
RTVSPropertyOp11
 70
     1
102
RTVSPropertyOp12
 70
     1
102
RTVSPropertyOp13
 70
     1
102
RTVSPropertyOp14
 70
     1
102
RTVSPropertyOp15
 70
     1
102
RTVSPropertyOp16
 70
     1
102
RTVSPropertyOp17
 70
     1
102
RTVSPropertyOp18
 70
     1
102
RTVSPropertyOp19
 70
     1
102
RTVSPropertyOp20
 70
     1
102
RTVSPropertyOp21
 70
     1
102
RTVSPropertyOp22
 70
     1
102
RTVSPropertyOp23
 70
     1
102
RTVSPropertyOp24
 70
     1
102
RTVSPropertyOp25
 70
     1
102
RTVSPropertyOp26
 70
     1
102
RTVSPropertyOp27
 70
     1
102
RTVSPropertyOp28
 70
     1
102
RTVSPropertyOp29
 70
     1
102
RTVSPropertyOp30
 70
     1
102
RTVSPropertyOp31
 70
     1
102
RTVSPropertyOp32
 70
     1
102
RTVSPropertyOp33
 70
     1
102
RTVSPropertyOp34
 70
     1
102
RTVSPropertyOp35
 70
     1
102
RTVSPropertyOp36
 70
     1
102
RTVSPropertyOp37
 70
     1
102
RTVSPropertyOp38
 70
     1
102
RTVSPropertyOp39
 70
     1
102
RTVSPropertyOp40
 70
     1
102
RTVSPropertyOp41
 70
     1
102
RTVSPropertyOp42
 70
     1
102
RTVSPropertyOp43
 70
     1
102
RTVSPropertyOp44
 70
     1
102
RTVSPropertyOp45
 70
     1
102
RTVSPropertyOp46
 70
     1
102
RTVSPropertyOp47
 70
     1
102
RTVSPropertyOp48
 70
     1
102
RTVSPropertyOp49
 70
     1
102
RTVSPropertyOp50
 70
     1
102
RTVSPropertyOp51
 70
     0
102
RTVSPropertyOp52
 70
     0
102
RTVSPropertyOp53
 70
     1
102
RTVSPropertyOp54
 70
     1
102
RTVSPropertyOp55
 70
     1
102
RTVSPropertyOp56
 70
     1
102
RTVSPropertyOp57
 70
     1
102
RTVSPropertyOp58
 70
     1
102
RTVSPropertyOp59
 70
     1
102
RTVSPropertyOp60
 70
     1
102
RTVSPropertyOp61
 70
     1
102
RTVSPropertyOp62
 70
     1
  0
XRECORD
  5
24F5
102
{ACAD_REACTORS
330
24F4
102
}
330
24F4
100
AcDbXrecord
280
     1
102
RTVSPost2010Prop28
280
     0
102
RTVSPost2010PropOp28
 70
     1
102
RTVSPost2010Prop29
280
     1
102
RTVSPost2010PropOp29
 70
     1
102
RTVSPost2010Prop30
280
     1
102
RTVSPost2010PropOp30
 70
     1
102
RTVSPost2010Prop31
280
     0
102
RTVSPost2010PropOp31
 70
     1
102
RTVSPost2010Prop32
280
     0
102
RTVSPost2010PropOp32
 70
     1
102
RTVSPost2010Prop33
280
     0
102
RTVSPost2010PropOp33
 70
     1
102
RTVSPost2010Prop34
280
     0
102
RTVSPost2010PropOp34
 70
     1
102
RTVSPost2010Prop35
280
     0
102
RTVSPost2010PropOp35
 70
     1
102
RTVSPost2010Prop36
280
     0
102
RTVSPost2010PropOp36
 70
     1
102
RTVSPost2010Prop37
 90
       50
102
RTVSPost2010PropOp37
 70
     1
102
RTVSPost2010Prop38
140
0.0
102
RTVSPost2010PropOp38
 70
     1
102
RTVSPost2010Prop39
140
1.0
102
RTVSPost2010PropOp39
 70
     1
102
RTVSPost2010Prop40
 90
        0
102
RTVSPost2010PropOp40
 70
     1
102
RTVSPost2010Prop41ColorIndex
 90
       18
102
RTVSPost2010Prop41ColorRGB
 90
        0
102
RTVSPost2010PropOp41
 70
     1
102
RTVSPost2010Prop42
 90
       50
102
RTVSPost2010PropOp42
 70
     1
102
RTVSPost2010Prop43
 90
        3
102
RTVSPost2010PropOp43
 70
     1
102
RTVSPost2010Prop44ColorIndex
 90
        5
102
RTVSPost2010Prop44ColorRGB
 90
      255
102
RTVSPost2010PropOp44
 70
     1
102
RTVSPost2010Prop45
280
     0
102
RTVSPost2010PropOp45
 70
     1
102
RTVSPost2010Prop46
 90
       50
102
RTVSPost2010PropOp46
 70
     1
102
RTVSPost2010Prop47
 90
       50
102
RTVSPost2010PropOp47
 70
     1
102
RTVSPost2010Prop48
 90
       50
102
RTVSPost2010PropOp48
 70
     1
102
RTVSPost2010Prop49
280
     0
102
RTVSPost2010PropOp49
 70
     1
102
RTVSPost2010Prop50
 90
       50
102
RTVSPost2010PropOp50
 70
     1
102
RTVSPost2010Prop51ColorIndex
 90
      256
102
RTVSPost2010Prop51ColorRGB
 90
-16777216
102
RTVSPost2010PropOp51
 70
     0
102
RTVSPost2010Prop52
140
1.0
102
RTVSPost2010PropOp52
 70
     0
102
RTVSPost2010Prop53
 90
        2
102
RTVSPost2010PropOp53
 70
     1
102
RTVSPost2010Prop54
  1
strokes_ogs.tif
102
RTVSPost2010PropOp54
 70
     1
102
RTVSPost2010Prop55
280
     0
102
RTVSPost2010PropOp55
 70
     1
102
RTVSPost2010Prop56
140
1.0
102
RTVSPost2010PropOp56
 70
     1
102
RTVSPost2010Prop57
140
1.0
102
RTVSPost2010PropOp57
 70
     1
102
RTVSPropertyOp0
 70
     1
102
RTVSPropertyOp1
 70
     1
102
RTVSPropertyOp2
 70
     1
102
RTVSPropertyOp3
 70
     1
102
RTVSPropertyOp4
 70
     1
102
RTVSPropertyOp5
 70
     1
102
RTVSPropertyOp6
 70
     1
102
RTVSPropertyOp7
 70
     1
102
RTVSPropertyOp8
 70
     1
102
RTVSPropertyOp9
 70
     1
102
RTVSPropertyOp10
 70
     1
102
RTVSPropertyOp11
 70
     1
102
RTVSPropertyOp12
 70
     1
102
RTVSPropertyOp13
 70
     1
102
RTVSPropertyOp14
 70
     1
102
RTVSPropertyOp15
 70
     1
102
RTVSPropertyOp16
 70
     1
102
RTVSPropertyOp17
 70
     1
102
RTVSPropertyOp18
 70
     1
102
RTVSPropertyOp19
 70
     1
102
RTVSPropertyOp20
 70
     1
102
RTVSPropertyOp21
 70
     1
102
RTVSPropertyOp22
 70
     1
102
RTVSPropertyOp23
 70
     1
102
RTVSPropertyOp24
 70
     1
102
RTVSPropertyOp25
 70
     1
102
RTVSPropertyOp26
 70
     1
102
RTVSPropertyOp27
 70
     1
102
RTVSPropertyOp28
 70
     1
102
RTVSPropertyOp29
 70
     1
102
RTVSPropertyOp30
 70
     1
102
RTVSPropertyOp31
 70
     1
102
RTVSPropertyOp32
 70
     1
102
RTVSPropertyOp33
 70
     1
102
RTVSPropertyOp34
 70
     1
102
RTVSPropertyOp35
 70
     1
102
RTVSPropertyOp36
 70
     1
102
RTVSPropertyOp37
 70
     1
102
RTVSPropertyOp38
 70
     1
102
RTVSPropertyOp39
 70
     1
102
RTVSPropertyOp40
 70
     1
102
RTVSPropertyOp41
 70
     1
102
RTVSPropertyOp42
 70
     1
102
RTVSPropertyOp43
 70
     1
102
RTVSPropertyOp44
 70
     1
102
RTVSPropertyOp45
 70
     1
102
RTVSPropertyOp46
 70
     1
102
RTVSPropertyOp47
 70
     1
102
RTVSPropertyOp48
 70
     1
102
RTVSPropertyOp49
 70
     1
102
RTVSPropertyOp50
 70
     1
102
RTVSPropertyOp51
 70
     0
102
RTVSPropertyOp52
 70
     0
102
RTVSPropertyOp53
 70
     1
102
RTVSPropertyOp54
 70
     1
102
RTVSPropertyOp55
 70
     1
102
RTVSPropertyOp56
 70
     1
102
RTVSPropertyOp57
 70
     1
102
RTVSPropertyOp58
 70
     1
102
RTVSPropertyOp59
 70
     1
102
RTVSPropertyOp60
 70
     1
102
RTVSPropertyOp61
 70
     1
102
RTVSPropertyOp62
 70
     1
  0
XRECORD
  5
24F7
102
{ACAD_REACTORS
330
24F6
102
}
330
24F6
100
AcDbXrecord
280
     1
102
RTVSPost2010Prop28
280
     0
102
RTVSPost2010PropOp28
 70
     1
102
RTVSPost2010Prop29
280
     1
102
RTVSPost2010PropOp29
 70
     1
102
RTVSPost2010Prop30
280
     1
102
RTVSPost2010PropOp30
 70
     1
102
RTVSPost2010Prop31
280
     0
102
RTVSPost2010PropOp31
 70
     1
102
RTVSPost2010Prop32
280
     0
102
RTVSPost2010PropOp32
 70
     1
102
RTVSPost2010Prop33
280
     0
102
RTVSPost2010PropOp33
 70
     1
102
RTVSPost2010Prop34
280
     0
102
RTVSPost2010PropOp34
 70
     1
102
RTVSPost2010Prop35
280
     0
102
RTVSPost2010PropOp35
 70
     1
102
RTVSPost2010Prop36
280
     0
102
RTVSPost2010PropOp36
 70
     1
102
RTVSPost2010Prop37
 90
       50
102
RTVSPost2010PropOp37
 70
     1
102
RTVSPost2010Prop38
140
0.0
102
RTVSPost2010PropOp38
 70
     1
102
RTVSPost2010Prop39
140
1.0
102
RTVSPost2010PropOp39
 70
     1
102
RTVSPost2010Prop40
 90
        0
102
RTVSPost2010PropOp40
 70
     1
102
RTVSPost2010Prop41ColorIndex
 90
       18
102
RTVSPost2010Prop41ColorRGB
 90
        0
102
RTVSPost2010PropOp41
 70
     1
102
RTVSPost2010Prop42
 90
       50
102
RTVSPost2010PropOp42
 70
     1
102
RTVSPost2010Prop43
 90
        3
102
RTVSPost2010PropOp43
 70
     1
102
RTVSPost2010Prop44ColorIndex
 90
        5
102
RTVSPost2010Prop44ColorRGB
 90
      255
102
RTVSPost2010PropOp44
 70
     1
102
RTVSPost2010Prop45
280
     0
102
RTVSPost2010PropOp45
 70
     1
102
RTVSPost2010Prop46
 90
       50
102
RTVSPost2010PropOp46
 70
     1
102
RTVSPost2010Prop47
 90
       50
102
RTVSPost2010PropOp47
 70
     1
102
RTVSPost2010Prop48
 90
       50
102
RTVSPost2010PropOp48
 70
     1
102
RTVSPost2010Prop49
280
     0
102
RTVSPost2010PropOp49
 70
     1
102
RTVSPost2010Prop50
 90
       50
102
RTVSPost2010PropOp50
 70
     1
102
RTVSPost2010Prop51ColorIndex
 90
      256
102
RTVSPost2010Prop51ColorRGB
 90
-16777216
102
RTVSPost2010PropOp51
 70
     0
102
RTVSPost2010Prop52
140
1.0
102
RTVSPost2010PropOp52
 70
     0
102
RTVSPost2010Prop53
 90
        2
102
RTVSPost2010PropOp53
 70
     1
102
RTVSPost2010Prop54
  1
strokes_ogs.tif
102
RTVSPost2010PropOp54
 70
     1
102
RTVSPost2010Prop55
280
     0
102
RTVSPost2010PropOp55
 70
     1
102
RTVSPost2010Prop56
140
1.0
102
RTVSPost2010PropOp56
 70
     1
102
RTVSPost2010Prop57
140
1.0
102
RTVSPost2010PropOp57
 70
     1
102
RTVSPropertyOp0
 70
     1
102
RTVSPropertyOp1
 70
     1
102
RTVSPropertyOp2
 70
     1
102
RTVSPropertyOp3
 70
     1
102
RTVSPropertyOp4
 70
     1
102
RTVSPropertyOp5
 70
     1
102
RTVSPropertyOp6
 70
     1
102
RTVSPropertyOp7
 70
     1
102
RTVSPropertyOp8
 70
     1
102
RTVSPropertyOp9
 70
     1
102
RTVSPropertyOp10
 70
     1
102
RTVSPropertyOp11
 70
     1
102
RTVSPropertyOp12
 70
     1
102
RTVSPropertyOp13
 70
     1
102
RTVSPropertyOp14
 70
     1
102
RTVSPropertyOp15
 70
     1
102
RTVSPropertyOp16
 70
     1
102
RTVSPropertyOp17
 70
     1
102
RTVSPropertyOp18
 70
     1
102
RTVSPropertyOp19
 70
     1
102
RTVSPropertyOp20
 70
     1
102
RTVSPropertyOp21
 70
     1
102
RTVSPropertyOp22
 70
     1
102
RTVSPropertyOp23
 70
     1
102
RTVSPropertyOp24
 70
     1
102
RTVSPropertyOp25
 70
     1
102
RTVSPropertyOp26
 70
     1
102
RTVSPropertyOp27
 70
     1
102
RTVSPropertyOp28
 70
     1
102
RTVSPropertyOp29
 70
     1
102
RTVSPropertyOp30
 70
     1
102
RTVSPropertyOp31
 70
     1
102
RTVSPropertyOp32
 70
     1
102
RTVSPropertyOp33
 70
     1
102
RTVSPropertyOp34
 70
     1
102
RTVSPropertyOp35
 70
     1
102
RTVSPropertyOp36
 70
     1
102
RTVSPropertyOp37
 70
     1
102
RTVSPropertyOp38
 70
     1
102
RTVSPropertyOp39
 70
     1
102
RTVSPropertyOp40
 70
     1
102
RTVSPropertyOp41
 70
     1
102
RTVSPropertyOp42
 70
     1
102
RTVSPropertyOp43
 70
     1
102
RTVSPropertyOp44
 70
     1
102
RTVSPropertyOp45
 70
     1
102
RTVSPropertyOp46
 70
     1
102
RTVSPropertyOp47
 70
     1
102
RTVSPropertyOp48
 70
     1
102
RTVSPropertyOp49
 70
     1
102
RTVSPropertyOp50
 70
     1
102
RTVSPropertyOp51
 70
     0
102
RTVSPropertyOp52
 70
     0
102
RTVSPropertyOp53
 70
     1
102
RTVSPropertyOp54
 70
     1
102
RTVSPropertyOp55
 70
     1
102
RTVSPropertyOp56
 70
     1
102
RTVSPropertyOp57
 70
     1
102
RTVSPropertyOp58
 70
     1
102
RTVSPropertyOp59
 70
     1
102
RTVSPropertyOp60
 70
     1
102
RTVSPropertyOp61
 70
     1
102
RTVSPropertyOp62
 70
     1
  0
XRECORD
  5
24F9
102
{ACAD_REACTORS
330
24F8
102
}
330
24F8
100
AcDbXrecord
280
     1
102
RTVSPost2010Prop28
280
     0
102
RTVSPost2010PropOp28
 70
     1
102
RTVSPost2010Prop29
280
     1
102
RTVSPost2010PropOp29
 70
     1
102
RTVSPost2010Prop30
280
     1
102
RTVSPost2010PropOp30
 70
     1
102
RTVSPost2010Prop31
280
     0
102
RTVSPost2010PropOp31
 70
     1
102
RTVSPost2010Prop32
280
     0
102
RTVSPost2010PropOp32
 70
     1
102
RTVSPost2010Prop33
280
     0
102
RTVSPost2010PropOp33
 70
     1
102
RTVSPost2010Prop34
280
     0
102
RTVSPost2010PropOp34
 70
     1
102
RTVSPost2010Prop35
280
     0
102
RTVSPost2010PropOp35
 70
     1
102
RTVSPost2010Prop36
280
     0
102
RTVSPost2010PropOp36
 70
     1
102
RTVSPost2010Prop37
 90
       50
102
RTVSPost2010PropOp37
 70
     1
102
RTVSPost2010Prop38
140
0.0
102
RTVSPost2010PropOp38
 70
     1
102
RTVSPost2010Prop39
140
1.0
102
RTVSPost2010PropOp39
 70
     1
102
RTVSPost2010Prop40
 90
        0
102
RTVSPost2010PropOp40
 70
     1
102
RTVSPost2010Prop41ColorIndex
 90
       18
102
RTVSPost2010Prop41ColorRGB
 90
        0
102
RTVSPost2010PropOp41
 70
     1
102
RTVSPost2010Prop42
 90
       50
102
RTVSPost2010PropOp42
 70
     1
102
RTVSPost2010Prop43
 90
        3
102
RTVSPost2010PropOp43
 70
     1
102
RTVSPost2010Prop44ColorIndex
 90
        5
102
RTVSPost2010Prop44ColorRGB
 90
      255
102
RTVSPost2010PropOp44
 70
     1
102
RTVSPost2010Prop45
280
     0
102
RTVSPost2010PropOp45
 70
     1
102
RTVSPost2010Prop46
 90
       50
102
RTVSPost2010PropOp46
 70
     1
102
RTVSPost2010Prop47
 90
       50
102
RTVSPost2010PropOp47
 70
     1
102
RTVSPost2010Prop48
 90
       50
102
RTVSPost2010PropOp48
 70
     1
102
RTVSPost2010Prop49
280
     0
102
RTVSPost2010PropOp49
 70
     1
102
RTVSPost2010Prop50
 90
       50
102
RTVSPost2010PropOp50
 70
     1
102
RTVSPost2010Prop51ColorIndex
 90
      256
102
RTVSPost2010Prop51ColorRGB
 90
-16777216
102
RTVSPost2010PropOp51
 70
     0
102
RTVSPost2010Prop52
140
1.0
102
RTVSPost2010PropOp52
 70
     0
102
RTVSPost2010Prop53
 90
        2
102
RTVSPost2010PropOp53
 70
     1
102
RTVSPost2010Prop54
  1
strokes_ogs.tif
102
RTVSPost2010PropOp54
 70
     1
102
RTVSPost2010Prop55
280
     0
102
RTVSPost2010PropOp55
 70
     1
102
RTVSPost2010Prop56
140
1.0
102
RTVSPost2010PropOp56
 70
     1
102
RTVSPost2010Prop57
140
1.0
102
RTVSPost2010PropOp57
 70
     1
102
RTVSPropertyOp0
 70
     1
102
RTVSPropertyOp1
 70
     1
102
RTVSPropertyOp2
 70
     1
102
RTVSPropertyOp3
 70
     1
102
RTVSPropertyOp4
 70
     1
102
RTVSPropertyOp5
 70
     1
102
RTVSPropertyOp6
 70
     1
102
RTVSPropertyOp7
 70
     1
102
RTVSPropertyOp8
 70
     1
102
RTVSPropertyOp9
 70
     1
102
RTVSPropertyOp10
 70
     1
102
RTVSPropertyOp11
 70
     1
102
RTVSPropertyOp12
 70
     1
102
RTVSPropertyOp13
 70
     1
102
RTVSPropertyOp14
 70
     1
102
RTVSPropertyOp15
 70
     1
102
RTVSPropertyOp16
 70
     1
102
RTVSPropertyOp17
 70
     1
102
RTVSPropertyOp18
 70
     1
102
RTVSPropertyOp19
 70
     1
102
RTVSPropertyOp20
 70
     1
102
RTVSPropertyOp21
 70
     1
102
RTVSPropertyOp22
 70
     1
102
RTVSPropertyOp23
 70
     1
102
RTVSPropertyOp24
 70
     1
102
RTVSPropertyOp25
 70
     1
102
RTVSPropertyOp26
 70
     1
102
RTVSPropertyOp27
 70
     1
102
RTVSPropertyOp28
 70
     1
102
RTVSPropertyOp29
 70
     1
102
RTVSPropertyOp30
 70
     1
102
RTVSPropertyOp31
 70
     1
102
RTVSPropertyOp32
 70
     1
102
RTVSPropertyOp33
 70
     1
102
RTVSPropertyOp34
 70
     1
102
RTVSPropertyOp35
 70
     1
102
RTVSPropertyOp36
 70
     1
102
RTVSPropertyOp37
 70
     1
102
RTVSPropertyOp38
 70
     1
102
RTVSPropertyOp39
 70
     1
102
RTVSPropertyOp40
 70
     1
102
RTVSPropertyOp41
 70
     1
102
RTVSPropertyOp42
 70
     1
102
RTVSPropertyOp43
 70
     1
102
RTVSPropertyOp44
 70
     1
102
RTVSPropertyOp45
 70
     1
102
RTVSPropertyOp46
 70
     1
102
RTVSPropertyOp47
 70
     1
102
RTVSPropertyOp48
 70
     1
102
RTVSPropertyOp49
 70
     1
102
RTVSPropertyOp50
 70
     1
102
RTVSPropertyOp51
 70
     0
102
RTVSPropertyOp52
 70
     0
102
RTVSPropertyOp53
 70
     1
102
RTVSPropertyOp54
 70
     1
102
RTVSPropertyOp55
 70
     1
102
RTVSPropertyOp56
 70
     1
102
RTVSPropertyOp57
 70
     1
102
RTVSPropertyOp58
 70
     1
102
RTVSPropertyOp59
 70
     1
102
RTVSPropertyOp60
 70
     1
102
RTVSPropertyOp61
 70
     1
102
RTVSPropertyOp62
 70
     1
  0
XRECORD
  5
24FB
102
{ACAD_REACTORS
330
24FA
102
}
330
24FA
100
AcDbXrecord
280
     1
102
RTVSPost2010Prop28
280
     0
102
RTVSPost2010PropOp28
 70
     1
102
RTVSPost2010Prop29
280
     1
102
RTVSPost2010PropOp29
 70
     1
102
RTVSPost2010Prop30
280
     1
102
RTVSPost2010PropOp30
 70
     1
102
RTVSPost2010Prop31
280
     0
102
RTVSPost2010PropOp31
 70
     1
102
RTVSPost2010Prop32
280
     0
102
RTVSPost2010PropOp32
 70
     1
102
RTVSPost2010Prop33
280
     0
102
RTVSPost2010PropOp33
 70
     1
102
RTVSPost2010Prop34
280
     0
102
RTVSPost2010PropOp34
 70
     1
102
RTVSPost2010Prop35
280
     0
102
RTVSPost2010PropOp35
 70
     1
102
RTVSPost2010Prop36
280
     0
102
RTVSPost2010PropOp36
 70
     1
102
RTVSPost2010Prop37
 90
       50
102
RTVSPost2010PropOp37
 70
     1
102
RTVSPost2010Prop38
140
0.0
102
RTVSPost2010PropOp38
 70
     1
102
RTVSPost2010Prop39
140
1.0
102
RTVSPost2010PropOp39
 70
     1
102
RTVSPost2010Prop40
 90
        0
102
RTVSPost2010PropOp40
 70
     1
102
RTVSPost2010Prop41ColorIndex
 90
       18
102
RTVSPost2010Prop41ColorRGB
 90
        0
102
RTVSPost2010PropOp41
 70
     1
102
RTVSPost2010Prop42
 90
       50
102
RTVSPost2010PropOp42
 70
     1
102
RTVSPost2010Prop43
 90
        3
102
RTVSPost2010PropOp43
 70
     1
102
RTVSPost2010Prop44ColorIndex
 90
        5
102
RTVSPost2010Prop44ColorRGB
 90
      255
102
RTVSPost2010PropOp44
 70
     1
102
RTVSPost2010Prop45
280
     0
102
RTVSPost2010PropOp45
 70
     1
102
RTVSPost2010Prop46
 90
       50
102
RTVSPost2010PropOp46
 70
     1
102
RTVSPost2010Prop47
 90
       50
102
RTVSPost2010PropOp47
 70
     1
102
RTVSPost2010Prop48
 90
       50
102
RTVSPost2010PropOp48
 70
     1
102
RTVSPost2010Prop49
280
     0
102
RTVSPost2010PropOp49
 70
     1
102
RTVSPost2010Prop50
 90
       50
102
RTVSPost2010PropOp50
 70
     1
102
RTVSPost2010Prop51ColorIndex
 90
      256
102
RTVSPost2010Prop51ColorRGB
 90
-16777216
102
RTVSPost2010PropOp51
 70
     0
102
RTVSPost2010Prop52
140
1.0
102
RTVSPost2010PropOp52
 70
     0
102
RTVSPost2010Prop53
 90
        2
102
RTVSPost2010PropOp53
 70
     1
102
RTVSPost2010Prop54
  1
strokes_ogs.tif
102
RTVSPost2010PropOp54
 70
     1
102
RTVSPost2010Prop55
280
     0
102
RTVSPost2010PropOp55
 70
     1
102
RTVSPost2010Prop56
140
1.0
102
RTVSPost2010PropOp56
 70
     1
102
RTVSPost2010Prop57
140
1.0
102
RTVSPost2010PropOp57
 70
     1
102
RTVSPropertyOp0
 70
     1
102
RTVSPropertyOp1
 70
     1
102
RTVSPropertyOp2
 70
     1
102
RTVSPropertyOp3
 70
     1
102
RTVSPropertyOp4
 70
     1
102
RTVSPropertyOp5
 70
     1
102
RTVSPropertyOp6
 70
     1
102
RTVSPropertyOp7
 70
     1
102
RTVSPropertyOp8
 70
     1
102
RTVSPropertyOp9
 70
     1
102
RTVSPropertyOp10
 70
     1
102
RTVSPropertyOp11
 70
     1
102
RTVSPropertyOp12
 70
     1
102
RTVSPropertyOp13
 70
     1
102
RTVSPropertyOp14
 70
     1
102
RTVSPropertyOp15
 70
     1
102
RTVSPropertyOp16
 70
     1
102
RTVSPropertyOp17
 70
     1
102
RTVSPropertyOp18
 70
     1
102
RTVSPropertyOp19
 70
     1
102
RTVSPropertyOp20
 70
     1
102
RTVSPropertyOp21
 70
     1
102
RTVSPropertyOp22
 70
     1
102
RTVSPropertyOp23
 70
     1
102
RTVSPropertyOp24
 70
     1
102
RTVSPropertyOp25
 70
     1
102
RTVSPropertyOp26
 70
     1
102
RTVSPropertyOp27
 70
     1
102
RTVSPropertyOp28
 70
     1
102
RTVSPropertyOp29
 70
     1
102
RTVSPropertyOp30
 70
     1
102
RTVSPropertyOp31
 70
     1
102
RTVSPropertyOp32
 70
     1
102
RTVSPropertyOp33
 70
     1
102
RTVSPropertyOp34
 70
     1
102
RTVSPropertyOp35
 70
     1
102
RTVSPropertyOp36
 70
     1
102
RTVSPropertyOp37
 70
     1
102
RTVSPropertyOp38
 70
     1
102
RTVSPropertyOp39
 70
     1
102
RTVSPropertyOp40
 70
     1
102
RTVSPropertyOp41
 70
     1
102
RTVSPropertyOp42
 70
     1
102
RTVSPropertyOp43
 70
     1
102
RTVSPropertyOp44
 70
     1
102
RTVSPropertyOp45
 70
     1
102
RTVSPropertyOp46
 70
     1
102
RTVSPropertyOp47
 70
     1
102
RTVSPropertyOp48
 70
     1
102
RTVSPropertyOp49
 70
     1
102
RTVSPropertyOp50
 70
     1
102
RTVSPropertyOp51
 70
     0
102
RTVSPropertyOp52
 70
     0
102
RTVSPropertyOp53
 70
     1
102
RTVSPropertyOp54
 70
     1
102
RTVSPropertyOp55
 70
     1
102
RTVSPropertyOp56
 70
     1
102
RTVSPropertyOp57
 70
     1
102
RTVSPropertyOp58
 70
     1
102
RTVSPropertyOp59
 70
     1
102
RTVSPropertyOp60
 70
     1
102
RTVSPropertyOp61
 70
     1
102
RTVSPropertyOp62
 70
     1
  0
XRECORD
  5
251D
102
{ACAD_REACTORS
330
251C
102
}
330
251C
100
AcDbXrecord
280
     1
102
RTVSPost2010Prop28
280
     0
102
RTVSPost2010PropOp28
 70
     1
102
RTVSPost2010Prop29
280
     1
102
RTVSPost2010PropOp29
 70
     1
102
RTVSPost2010Prop30
280
     1
102
RTVSPost2010PropOp30
 70
     1
102
RTVSPost2010Prop31
280
     0
102
RTVSPost2010PropOp31
 70
     1
102
RTVSPost2010Prop32
280
     0
102
RTVSPost2010PropOp32
 70
     1
102
RTVSPost2010Prop33
280
     0
102
RTVSPost2010PropOp33
 70
     1
102
RTVSPost2010Prop34
280
     0
102
RTVSPost2010PropOp34
 70
     1
102
RTVSPost2010Prop35
280
     0
102
RTVSPost2010PropOp35
 70
     1
102
RTVSPost2010Prop36
280
     0
102
RTVSPost2010PropOp36
 70
     1
102
RTVSPost2010Prop37
 90
       50
102
RTVSPost2010PropOp37
 70
     1
102
RTVSPost2010Prop38
140
0.0
102
RTVSPost2010PropOp38
 70
     1
102
RTVSPost2010Prop39
140
1.0
102
RTVSPost2010PropOp39
 70
     1
102
RTVSPost2010Prop40
 90
        0
102
RTVSPost2010PropOp40
 70
     1
102
RTVSPost2010Prop41ColorIndex
 90
       18
102
RTVSPost2010Prop41ColorRGB
 90
        0
102
RTVSPost2010PropOp41
 70
     1
102
RTVSPost2010Prop42
 90
       50
102
RTVSPost2010PropOp42
 70
     1
102
RTVSPost2010Prop43
 90
        3
102
RTVSPost2010PropOp43
 70
     1
102
RTVSPost2010Prop44ColorIndex
 90
        5
102
RTVSPost2010Prop44ColorRGB
 90
      255
102
RTVSPost2010PropOp44
 70
     1
102
RTVSPost2010Prop45
280
     0
102
RTVSPost2010PropOp45
 70
     1
102
RTVSPost2010Prop46
 90
       50
102
RTVSPost2010PropOp46
 70
     1
102
RTVSPost2010Prop47
 90
       50
102
RTVSPost2010PropOp47
 70
     1
102
RTVSPost2010Prop48
 90
       50
102
RTVSPost2010PropOp48
 70
     1
102
RTVSPost2010Prop49
280
     0
102
RTVSPost2010PropOp49
 70
     1
102
RTVSPost2010Prop50
 90
       50
102
RTVSPost2010PropOp50
 70
     1
102
RTVSPost2010Prop51ColorIndex
 90
      256
102
RTVSPost2010Prop51ColorRGB
 90
-16777216
102
RTVSPost2010PropOp51
 70
     0
102
RTVSPost2010Prop52
140
1.0
102
RTVSPost2010PropOp52
 70
     0
102
RTVSPost2010Prop53
 90
        2
102
RTVSPost2010PropOp53
 70
     1
102
RTVSPost2010Prop54
  1
strokes_ogs.tif
102
RTVSPost2010PropOp54
 70
     1
102
RTVSPost2010Prop55
280
     0
102
RTVSPost2010PropOp55
 70
     1
102
RTVSPost2010Prop56
140
1.0
102
RTVSPost2010PropOp56
 70
     1
102
RTVSPost2010Prop57
140
1.0
102
RTVSPost2010PropOp57
 70
     1
102
RTVSPropertyOp0
 70
     1
102
RTVSPropertyOp1
 70
     1
102
RTVSPropertyOp2
 70
     1
102
RTVSPropertyOp3
 70
     1
102
RTVSPropertyOp4
 70
     1
102
RTVSPropertyOp5
 70
     1
102
RTVSPropertyOp6
 70
     1
102
RTVSPropertyOp7
 70
     1
102
RTVSPropertyOp8
 70
     1
102
RTVSPropertyOp9
 70
     1
102
RTVSPropertyOp10
 70
     1
102
RTVSPropertyOp11
 70
     1
102
RTVSPropertyOp12
 70
     1
102
RTVSPropertyOp13
 70
     1
102
RTVSPropertyOp14
 70
     1
102
RTVSPropertyOp15
 70
     1
102
RTVSPropertyOp16
 70
     1
102
RTVSPropertyOp17
 70
     1
102
RTVSPropertyOp18
 70
     1
102
RTVSPropertyOp19
 70
     1
102
RTVSPropertyOp20
 70
     1
102
RTVSPropertyOp21
 70
     1
102
RTVSPropertyOp22
 70
     1
102
RTVSPropertyOp23
 70
     1
102
RTVSPropertyOp24
 70
     1
102
RTVSPropertyOp25
 70
     1
102
RTVSPropertyOp26
 70
     1
102
RTVSPropertyOp27
 70
     1
102
RTVSPropertyOp28
 70
     1
102
RTVSPropertyOp29
 70
     1
102
RTVSPropertyOp30
 70
     1
102
RTVSPropertyOp31
 70
     1
102
RTVSPropertyOp32
 70
     1
102
RTVSPropertyOp33
 70
     1
102
RTVSPropertyOp34
 70
     1
102
RTVSPropertyOp35
 70
     1
102
RTVSPropertyOp36
 70
     1
102
RTVSPropertyOp37
 70
     1
102
RTVSPropertyOp38
 70
     1
102
RTVSPropertyOp39
 70
     1
102
RTVSPropertyOp40
 70
     1
102
RTVSPropertyOp41
 70
     1
102
RTVSPropertyOp42
 70
     1
102
RTVSPropertyOp43
 70
     1
102
RTVSPropertyOp44
 70
     1
102
RTVSPropertyOp45
 70
     1
102
RTVSPropertyOp46
 70
     1
102
RTVSPropertyOp47
 70
     1
102
RTVSPropertyOp48
 70
     1
102
RTVSPropertyOp49
 70
     1
102
RTVSPropertyOp50
 70
     1
102
RTVSPropertyOp51
 70
     0
102
RTVSPropertyOp52
 70
     0
102
RTVSPropertyOp53
 70
     1
102
RTVSPropertyOp54
 70
     1
102
RTVSPropertyOp55
 70
     1
102
RTVSPropertyOp56
 70
     1
102
RTVSPropertyOp57
 70
     1
102
RTVSPropertyOp58
 70
     1
102
RTVSPropertyOp59
 70
     1
102
RTVSPropertyOp60
 70
     1
102
RTVSPropertyOp61
 70
     1
102
RTVSPropertyOp62
 70
     1
  0
XRECORD
  5
2515
102
{ACAD_REACTORS
330
2514
102
}
330
2514
100
AcDbXrecord
280
     1
102
RTVSPost2010Prop28
280
     0
102
RTVSPost2010PropOp28
 70
     1
102
RTVSPost2010Prop29
280
     1
102
RTVSPost2010PropOp29
 70
     1
102
RTVSPost2010Prop30
280
     1
102
RTVSPost2010PropOp30
 70
     1
102
RTVSPost2010Prop31
280
     0
102
RTVSPost2010PropOp31
 70
     1
102
RTVSPost2010Prop32
280
     0
102
RTVSPost2010PropOp32
 70
     1
102
RTVSPost2010Prop33
280
     0
102
RTVSPost2010PropOp33
 70
     1
102
RTVSPost2010Prop34
280
     0
102
RTVSPost2010PropOp34
 70
     1
102
RTVSPost2010Prop35
280
     0
102
RTVSPost2010PropOp35
 70
     1
102
RTVSPost2010Prop36
280
     0
102
RTVSPost2010PropOp36
 70
     1
102
RTVSPost2010Prop37
 90
       50
102
RTVSPost2010PropOp37
 70
     1
102
RTVSPost2010Prop38
140
0.0
102
RTVSPost2010PropOp38
 70
     1
102
RTVSPost2010Prop39
140
1.0
102
RTVSPost2010PropOp39
 70
     1
102
RTVSPost2010Prop40
 90
        0
102
RTVSPost2010PropOp40
 70
     1
102
RTVSPost2010Prop41ColorIndex
 90
       18
102
RTVSPost2010Prop41ColorRGB
 90
        0
102
RTVSPost2010PropOp41
 70
     1
102
RTVSPost2010Prop42
 90
       50
102
RTVSPost2010PropOp42
 70
     1
102
RTVSPost2010Prop43
 90
        3
102
RTVSPost2010PropOp43
 70
     1
102
RTVSPost2010Prop44ColorIndex
 90
        5
102
RTVSPost2010Prop44ColorRGB
 90
      255
102
RTVSPost2010PropOp44
 70
     1
102
RTVSPost2010Prop45
280
     0
102
RTVSPost2010PropOp45
 70
     1
102
RTVSPost2010Prop46
 90
       50
102
RTVSPost2010PropOp46
 70
     1
102
RTVSPost2010Prop47
 90
       50
102
RTVSPost2010PropOp47
 70
     1
102
RTVSPost2010Prop48
 90
       50
102
RTVSPost2010PropOp48
 70
     1
102
RTVSPost2010Prop49
280
     0
102
RTVSPost2010PropOp49
 70
     1
102
RTVSPost2010Prop50
 90
       50
102
RTVSPost2010PropOp50
 70
     1
102
RTVSPost2010Prop51ColorIndex
 90
      256
102
RTVSPost2010Prop51ColorRGB
 90
-16777216
102
RTVSPost2010PropOp51
 70
     0
102
RTVSPost2010Prop52
140
1.0
102
RTVSPost2010PropOp52
 70
     0
102
RTVSPost2010Prop53
 90
        2
102
RTVSPost2010PropOp53
 70
     1
102
RTVSPost2010Prop54
  1
strokes_ogs.tif
102
RTVSPost2010PropOp54
 70
     1
102
RTVSPost2010Prop55
280
     0
102
RTVSPost2010PropOp55
 70
     1
102
RTVSPost2010Prop56
140
1.0
102
RTVSPost2010PropOp56
 70
     1
102
RTVSPost2010Prop57
140
1.0
102
RTVSPost2010PropOp57
 70
     1
102
RTVSPropertyOp0
 70
     0
102
RTVSPropertyOp1
 70
     0
102
RTVSPropertyOp2
 70
     0
102
RTVSPropertyOp3
 70
     0
102
RTVSPropertyOp4
 70
     0
102
RTVSPropertyOp5
 70
     0
102
RTVSPropertyOp6
 70
     0
102
RTVSPropertyOp7
 70
     0
102
RTVSPropertyOp8
 70
     0
102
RTVSPropertyOp9
 70
     0
102
RTVSPropertyOp10
 70
     0
102
RTVSPropertyOp11
 70
     0
102
RTVSPropertyOp12
 70
     0
102
RTVSPropertyOp13
 70
     0
102
RTVSPropertyOp14
 70
     2
102
RTVSPropertyOp15
 70
     0
102
RTVSPropertyOp16
 70
     0
102
RTVSPropertyOp17
 70
     0
102
RTVSPropertyOp18
 70
     0
102
RTVSPropertyOp19
 70
     0
102
RTVSPropertyOp20
 70
     0
102
RTVSPropertyOp21
 70
     0
102
RTVSPropertyOp22
 70
     0
102
RTVSPropertyOp23
 70
     0
102
RTVSPropertyOp24
 70
     0
102
RTVSPropertyOp25
 70
     0
102
RTVSPropertyOp26
 70
     0
102
RTVSPropertyOp27
 70
     0
102
RTVSPropertyOp28
 70
     1
102
RTVSPropertyOp29
 70
     1
102
RTVSPropertyOp30
 70
     1
102
RTVSPropertyOp31
 70
     1
102
RTVSPropertyOp32
 70
     1
102
RTVSPropertyOp33
 70
     1
102
RTVSPropertyOp34
 70
     1
102
RTVSPropertyOp35
 70
     1
102
RTVSPropertyOp36
 70
     1
102
RTVSPropertyOp37
 70
     1
102
RTVSPropertyOp38
 70
     1
102
RTVSPropertyOp39
 70
     1
102
RTVSPropertyOp40
 70
     1
102
RTVSPropertyOp41
 70
     1
102
RTVSPropertyOp42
 70
     1
102
RTVSPropertyOp43
 70
     1
102
RTVSPropertyOp44
 70
     1
102
RTVSPropertyOp45
 70
     1
102
RTVSPropertyOp46
 70
     1
102
RTVSPropertyOp47
 70
     1
102
RTVSPropertyOp48
 70
     1
102
RTVSPropertyOp49
 70
     1
102
RTVSPropertyOp50
 70
     1
102
RTVSPropertyOp51
 70
     0
102
RTVSPropertyOp52
 70
     0
102
RTVSPropertyOp53
 70
     1
102
RTVSPropertyOp54
 70
     1
102
RTVSPropertyOp55
 70
     1
102
RTVSPropertyOp56
 70
     1
102
RTVSPropertyOp57
 70
     1
102
RTVSPropertyOp58
 70
     1
102
RTVSPropertyOp59
 70
     1
102
RTVSPropertyOp60
 70
     1
102
RTVSPropertyOp61
 70
     1
102
RTVSPropertyOp62
 70
     1
  0
XRECORD
  5
250F
102
{ACAD_REACTORS
330
250E
102
}
330
250E
100
AcDbXrecord
280
     1
102
RTVSPost2010Prop28
280
     0
102
RTVSPost2010PropOp28
 70
     1
102
RTVSPost2010Prop29
280
     1
102
RTVSPost2010PropOp29
 70
     1
102
RTVSPost2010Prop30
280
     1
102
RTVSPost2010PropOp30
 70
     1
102
RTVSPost2010Prop31
280
     0
102
RTVSPost2010PropOp31
 70
     1
102
RTVSPost2010Prop32
280
     0
102
RTVSPost2010PropOp32
 70
     1
102
RTVSPost2010Prop33
280
     0
102
RTVSPost2010PropOp33
 70
     1
102
RTVSPost2010Prop34
280
     0
102
RTVSPost2010PropOp34
 70
     1
102
RTVSPost2010Prop35
280
     0
102
RTVSPost2010PropOp35
 70
     1
102
RTVSPost2010Prop36
280
     0
102
RTVSPost2010PropOp36
 70
     1
102
RTVSPost2010Prop37
 90
       50
102
RTVSPost2010PropOp37
 70
     1
102
RTVSPost2010Prop38
140
0.0
102
RTVSPost2010PropOp38
 70
     1
102
RTVSPost2010Prop39
140
1.0
102
RTVSPost2010PropOp39
 70
     1
102
RTVSPost2010Prop40
 90
        0
102
RTVSPost2010PropOp40
 70
     1
102
RTVSPost2010Prop41ColorIndex
 90
       18
102
RTVSPost2010Prop41ColorRGB
 90
        0
102
RTVSPost2010PropOp41
 70
     1
102
RTVSPost2010Prop42
 90
       50
102
RTVSPost2010PropOp42
 70
     1
102
RTVSPost2010Prop43
 90
        3
102
RTVSPost2010PropOp43
 70
     1
102
RTVSPost2010Prop44ColorIndex
 90
        5
102
RTVSPost2010Prop44ColorRGB
 90
      255
102
RTVSPost2010PropOp44
 70
     1
102
RTVSPost2010Prop45
280
     0
102
RTVSPost2010PropOp45
 70
     1
102
RTVSPost2010Prop46
 90
       50
102
RTVSPost2010PropOp46
 70
     1
102
RTVSPost2010Prop47
 90
       50
102
RTVSPost2010PropOp47
 70
     1
102
RTVSPost2010Prop48
 90
       50
102
RTVSPost2010PropOp48
 70
     1
102
RTVSPost2010Prop49
280
     0
102
RTVSPost2010PropOp49
 70
     1
102
RTVSPost2010Prop50
 90
       50
102
RTVSPost2010PropOp50
 70
     1
102
RTVSPost2010Prop51ColorIndex
 90
      256
102
RTVSPost2010Prop51ColorRGB
 90
-16777216
102
RTVSPost2010PropOp51
 70
     0
102
RTVSPost2010Prop52
140
1.0
102
RTVSPost2010PropOp52
 70
     0
102
RTVSPost2010Prop53
 90
        2
102
RTVSPost2010PropOp53
 70
     1
102
RTVSPost2010Prop54
  1
strokes_ogs.tif
102
RTVSPost2010PropOp54
 70
     1
102
RTVSPost2010Prop55
280
     0
102
RTVSPost2010PropOp55
 70
     1
102
RTVSPost2010Prop56
140
1.0
102
RTVSPost2010PropOp56
 70
     1
102
RTVSPost2010Prop57
140
1.0
102
RTVSPost2010PropOp57
 70
     1
102
RTVSPropertyOp0
 70
     1
102
RTVSPropertyOp1
 70
     1
102
RTVSPropertyOp2
 70
     1
102
RTVSPropertyOp3
 70
     1
102
RTVSPropertyOp4
 70
     1
102
RTVSPropertyOp5
 70
     1
102
RTVSPropertyOp6
 70
     1
102
RTVSPropertyOp7
 70
     1
102
RTVSPropertyOp8
 70
     1
102
RTVSPropertyOp9
 70
     1
102
RTVSPropertyOp10
 70
     1
102
RTVSPropertyOp11
 70
     1
102
RTVSPropertyOp12
 70
     1
102
RTVSPropertyOp13
 70
     1
102
RTVSPropertyOp14
 70
     1
102
RTVSPropertyOp15
 70
     1
102
RTVSPropertyOp16
 70
     1
102
RTVSPropertyOp17
 70
     1
102
RTVSPropertyOp18
 70
     1
102
RTVSPropertyOp19
 70
     1
102
RTVSPropertyOp20
 70
     1
102
RTVSPropertyOp21
 70
     1
102
RTVSPropertyOp22
 70
     1
102
RTVSPropertyOp23
 70
     1
102
RTVSPropertyOp24
 70
     1
102
RTVSPropertyOp25
 70
     1
102
RTVSPropertyOp26
 70
     1
102
RTVSPropertyOp27
 70
     1
102
RTVSPropertyOp28
 70
     1
102
RTVSPropertyOp29
 70
     1
102
RTVSPropertyOp30
 70
     1
102
RTVSPropertyOp31
 70
     1
102
RTVSPropertyOp32
 70
     1
102
RTVSPropertyOp33
 70
     1
102
RTVSPropertyOp34
 70
     1
102
RTVSPropertyOp35
 70
     1
102
RTVSPropertyOp36
 70
     1
102
RTVSPropertyOp37
 70
     1
102
RTVSPropertyOp38
 70
     1
102
RTVSPropertyOp39
 70
     1
102
RTVSPropertyOp40
 70
     1
102
RTVSPropertyOp41
 70
     1
102
RTVSPropertyOp42
 70
     1
102
RTVSPropertyOp43
 70
     1
102
RTVSPropertyOp44
 70
     1
102
RTVSPropertyOp45
 70
     1
102
RTVSPropertyOp46
 70
     1
102
RTVSPropertyOp47
 70
     1
102
RTVSPropertyOp48
 70
     1
102
RTVSPropertyOp49
 70
     1
102
RTVSPropertyOp50
 70
     1
102
RTVSPropertyOp51
 70
     0
102
RTVSPropertyOp52
 70
     0
102
RTVSPropertyOp53
 70
     1
102
RTVSPropertyOp54
 70
     1
102
RTVSPropertyOp55
 70
     1
102
RTVSPropertyOp56
 70
     1
102
RTVSPropertyOp57
 70
     1
102
RTVSPropertyOp58
 70
     1
102
RTVSPropertyOp59
 70
     1
102
RTVSPropertyOp60
 70
     1
102
RTVSPropertyOp61
 70
     1
102
RTVSPropertyOp62
 70
     1
  0
XRECORD
  5
2517
102
{ACAD_REACTORS
330
2516
102
}
330
2516
100
AcDbXrecord
280
     1
102
RTVSPost2010Prop28
280
     0
102
RTVSPost2010PropOp28
 70
     1
102
RTVSPost2010Prop29
280
     1
102
RTVSPost2010PropOp29
 70
     1
102
RTVSPost2010Prop30
280
     1
102
RTVSPost2010PropOp30
 70
     1
102
RTVSPost2010Prop31
280
     0
102
RTVSPost2010PropOp31
 70
     1
102
RTVSPost2010Prop32
280
     0
102
RTVSPost2010PropOp32
 70
     1
102
RTVSPost2010Prop33
280
     0
102
RTVSPost2010PropOp33
 70
     1
102
RTVSPost2010Prop34
280
     0
102
RTVSPost2010PropOp34
 70
     1
102
RTVSPost2010Prop35
280
     0
102
RTVSPost2010PropOp35
 70
     1
102
RTVSPost2010Prop36
280
     0
102
RTVSPost2010PropOp36
 70
     1
102
RTVSPost2010Prop37
 90
       50
102
RTVSPost2010PropOp37
 70
     1
102
RTVSPost2010Prop38
140
0.0
102
RTVSPost2010PropOp38
 70
     1
102
RTVSPost2010Prop39
140
1.0
102
RTVSPost2010PropOp39
 70
     1
102
RTVSPost2010Prop40
 90
        0
102
RTVSPost2010PropOp40
 70
     1
102
RTVSPost2010Prop41ColorIndex
 90
       18
102
RTVSPost2010Prop41ColorRGB
 90
        0
102
RTVSPost2010PropOp41
 70
     1
102
RTVSPost2010Prop42
 90
       50
102
RTVSPost2010PropOp42
 70
     1
102
RTVSPost2010Prop43
 90
        3
102
RTVSPost2010PropOp43
 70
     1
102
RTVSPost2010Prop44ColorIndex
 90
        5
102
RTVSPost2010Prop44ColorRGB
 90
      255
102
RTVSPost2010PropOp44
 70
     1
102
RTVSPost2010Prop45
280
     0
102
RTVSPost2010PropOp45
 70
     1
102
RTVSPost2010Prop46
 90
       50
102
RTVSPost2010PropOp46
 70
     1
102
RTVSPost2010Prop47
 90
       50
102
RTVSPost2010PropOp47
 70
     1
102
RTVSPost2010Prop48
 90
       50
102
RTVSPost2010PropOp48
 70
     1
102
RTVSPost2010Prop49
280
     0
102
RTVSPost2010PropOp49
 70
     1
102
RTVSPost2010Prop50
 90
       50
102
RTVSPost2010PropOp50
 70
     1
102
RTVSPost2010Prop51ColorIndex
 90
      256
102
RTVSPost2010Prop51ColorRGB
 90
-16777216
102
RTVSPost2010PropOp51
 70
     0
102
RTVSPost2010Prop52
140
1.0
102
RTVSPost2010PropOp52
 70
     0
102
RTVSPost2010Prop53
 90
        2
102
RTVSPost2010PropOp53
 70
     1
102
RTVSPost2010Prop54
  1
strokes_ogs.tif
102
RTVSPost2010PropOp54
 70
     1
102
RTVSPost2010Prop55
280
     0
102
RTVSPost2010PropOp55
 70
     1
102
RTVSPost2010Prop56
140
1.0
102
RTVSPost2010PropOp56
 70
     1
102
RTVSPost2010Prop57
140
1.0
102
RTVSPost2010PropOp57
 70
     1
102
RTVSPropertyOp0
 70
     0
102
RTVSPropertyOp1
 70
     0
102
RTVSPropertyOp2
 70
     0
102
RTVSPropertyOp3
 70
     0
102
RTVSPropertyOp4
 70
     0
102
RTVSPropertyOp5
 70
     0
102
RTVSPropertyOp6
 70
     0
102
RTVSPropertyOp7
 70
     0
102
RTVSPropertyOp8
 70
     0
102
RTVSPropertyOp9
 70
     0
102
RTVSPropertyOp10
 70
     0
102
RTVSPropertyOp11
 70
     0
102
RTVSPropertyOp12
 70
     0
102
RTVSPropertyOp13
 70
     0
102
RTVSPropertyOp14
 70
     2
102
RTVSPropertyOp15
 70
     0
102
RTVSPropertyOp16
 70
     0
102
RTVSPropertyOp17
 70
     0
102
RTVSPropertyOp18
 70
     0
102
RTVSPropertyOp19
 70
     0
102
RTVSPropertyOp20
 70
     0
102
RTVSPropertyOp21
 70
     0
102
RTVSPropertyOp22
 70
     0
102
RTVSPropertyOp23
 70
     0
102
RTVSPropertyOp24
 70
     0
102
RTVSPropertyOp25
 70
     0
102
RTVSPropertyOp26
 70
     0
102
RTVSPropertyOp27
 70
     0
102
RTVSPropertyOp28
 70
     1
102
RTVSPropertyOp29
 70
     1
102
RTVSPropertyOp30
 70
     1
102
RTVSPropertyOp31
 70
     1
102
RTVSPropertyOp32
 70
     1
102
RTVSPropertyOp33
 70
     1
102
RTVSPropertyOp34
 70
     1
102
RTVSPropertyOp35
 70
     1
102
RTVSPropertyOp36
 70
     1
102
RTVSPropertyOp37
 70
     1
102
RTVSPropertyOp38
 70
     1
102
RTVSPropertyOp39
 70
     1
102
RTVSPropertyOp40
 70
     1
102
RTVSPropertyOp41
 70
     1
102
RTVSPropertyOp42
 70
     1
102
RTVSPropertyOp43
 70
     1
102
RTVSPropertyOp44
 70
     1
102
RTVSPropertyOp45
 70
     1
102
RTVSPropertyOp46
 70
     1
102
RTVSPropertyOp47
 70
     1
102
RTVSPropertyOp48
 70
     1
102
RTVSPropertyOp49
 70
     1
102
RTVSPropertyOp50
 70
     1
102
RTVSPropertyOp51
 70
     0
102
RTVSPropertyOp52
 70
     0
102
RTVSPropertyOp53
 70
     1
102
RTVSPropertyOp54
 70
     1
102
RTVSPropertyOp55
 70
     1
102
RTVSPropertyOp56
 70
     1
102
RTVSPropertyOp57
 70
     1
102
RTVSPropertyOp58
 70
     1
102
RTVSPropertyOp59
 70
     1
102
RTVSPropertyOp60
 70
     1
102
RTVSPropertyOp61
 70
     1
102
RTVSPropertyOp62
 70
     1
  0
XRECORD
  5
2507
102
{ACAD_REACTORS
330
2506
102
}
330
2506
100
AcDbXrecord
280
     1
102
RTVSPost2010Prop28
280
     0
102
RTVSPost2010PropOp28
 70
     1
102
RTVSPost2010Prop29
280
     1
102
RTVSPost2010PropOp29
 70
     1
102
RTVSPost2010Prop30
280
     1
102
RTVSPost2010PropOp30
 70
     1
102
RTVSPost2010Prop31
280
     0
102
RTVSPost2010PropOp31
 70
     1
102
RTVSPost2010Prop32
280
     0
102
RTVSPost2010PropOp32
 70
     1
102
RTVSPost2010Prop33
280
     0
102
RTVSPost2010PropOp33
 70
     1
102
RTVSPost2010Prop34
280
     0
102
RTVSPost2010PropOp34
 70
     1
102
RTVSPost2010Prop35
280
     0
102
RTVSPost2010PropOp35
 70
     1
102
RTVSPost2010Prop36
280
     0
102
RTVSPost2010PropOp36
 70
     1
102
RTVSPost2010Prop37
 90
       50
102
RTVSPost2010PropOp37
 70
     1
102
RTVSPost2010Prop38
140
0.0
102
RTVSPost2010PropOp38
 70
     1
102
RTVSPost2010Prop39
140
1.0
102
RTVSPost2010PropOp39
 70
     1
102
RTVSPost2010Prop40
 90
        0
102
RTVSPost2010PropOp40
 70
     1
102
RTVSPost2010Prop41ColorIndex
 90
       18
102
RTVSPost2010Prop41ColorRGB
 90
        0
102
RTVSPost2010PropOp41
 70
     1
102
RTVSPost2010Prop42
 90
       50
102
RTVSPost2010PropOp42
 70
     1
102
RTVSPost2010Prop43
 90
        3
102
RTVSPost2010PropOp43
 70
     1
102
RTVSPost2010Prop44ColorIndex
 90
        5
102
RTVSPost2010Prop44ColorRGB
 90
      255
102
RTVSPost2010PropOp44
 70
     1
102
RTVSPost2010Prop45
280
     0
102
RTVSPost2010PropOp45
 70
     1
102
RTVSPost2010Prop46
 90
       50
102
RTVSPost2010PropOp46
 70
     1
102
RTVSPost2010Prop47
 90
       50
102
RTVSPost2010PropOp47
 70
     1
102
RTVSPost2010Prop48
 90
       50
102
RTVSPost2010PropOp48
 70
     1
102
RTVSPost2010Prop49
280
     0
102
RTVSPost2010PropOp49
 70
     1
102
RTVSPost2010Prop50
 90
       50
102
RTVSPost2010PropOp50
 70
     1
102
RTVSPost2010Prop51ColorIndex
 90
      256
102
RTVSPost2010Prop51ColorRGB
 90
-16777216
102
RTVSPost2010PropOp51
 70
     0
102
RTVSPost2010Prop52
140
1.0
102
RTVSPost2010PropOp52
 70
     0
102
RTVSPost2010Prop53
 90
        2
102
RTVSPost2010PropOp53
 70
     1
102
RTVSPost2010Prop54
  1
strokes_ogs.tif
102
RTVSPost2010PropOp54
 70
     1
102
RTVSPost2010Prop55
280
     0
102
RTVSPost2010PropOp55
 70
     1
102
RTVSPost2010Prop56
140
1.0
102
RTVSPost2010PropOp56
 70
     1
102
RTVSPost2010Prop57
140
1.0
102
RTVSPost2010PropOp57
 70
     1
102
RTVSPropertyOp0
 70
     1
102
RTVSPropertyOp1
 70
     1
102
RTVSPropertyOp2
 70
     1
102
RTVSPropertyOp3
 70
     1
102
RTVSPropertyOp4
 70
     1
102
RTVSPropertyOp5
 70
     1
102
RTVSPropertyOp6
 70
     1
102
RTVSPropertyOp7
 70
     1
102
RTVSPropertyOp8
 70
     1
102
RTVSPropertyOp9
 70
     1
102
RTVSPropertyOp10
 70
     1
102
RTVSPropertyOp11
 70
     1
102
RTVSPropertyOp12
 70
     1
102
RTVSPropertyOp13
 70
     1
102
RTVSPropertyOp14
 70
     1
102
RTVSPropertyOp15
 70
     1
102
RTVSPropertyOp16
 70
     1
102
RTVSPropertyOp17
 70
     1
102
RTVSPropertyOp18
 70
     1
102
RTVSPropertyOp19
 70
     1
102
RTVSPropertyOp20
 70
     1
102
RTVSPropertyOp21
 70
     1
102
RTVSPropertyOp22
 70
     1
102
RTVSPropertyOp23
 70
     1
102
RTVSPropertyOp24
 70
     1
102
RTVSPropertyOp25
 70
     1
102
RTVSPropertyOp26
 70
     1
102
RTVSPropertyOp27
 70
     1
102
RTVSPropertyOp28
 70
     1
102
RTVSPropertyOp29
 70
     1
102
RTVSPropertyOp30
 70
     1
102
RTVSPropertyOp31
 70
     1
102
RTVSPropertyOp32
 70
     1
102
RTVSPropertyOp33
 70
     1
102
RTVSPropertyOp34
 70
     1
102
RTVSPropertyOp35
 70
     1
102
RTVSPropertyOp36
 70
     1
102
RTVSPropertyOp37
 70
     1
102
RTVSPropertyOp38
 70
     1
102
RTVSPropertyOp39
 70
     1
102
RTVSPropertyOp40
 70
     1
102
RTVSPropertyOp41
 70
     1
102
RTVSPropertyOp42
 70
     1
102
RTVSPropertyOp43
 70
     1
102
RTVSPropertyOp44
 70
     1
102
RTVSPropertyOp45
 70
     1
102
RTVSPropertyOp46
 70
     1
102
RTVSPropertyOp47
 70
     1
102
RTVSPropertyOp48
 70
     1
102
RTVSPropertyOp49
 70
     1
102
RTVSPropertyOp50
 70
     1
102
RTVSPropertyOp51
 70
     0
102
RTVSPropertyOp52
 70
     0
102
RTVSPropertyOp53
 70
     1
102
RTVSPropertyOp54
 70
     1
102
RTVSPropertyOp55
 70
     1
102
RTVSPropertyOp56
 70
     1
102
RTVSPropertyOp57
 70
     1
102
RTVSPropertyOp58
 70
     1
102
RTVSPropertyOp59
 70
     1
102
RTVSPropertyOp60
 70
     1
102
RTVSPropertyOp61
 70
     1
102
RTVSPropertyOp62
 70
     1
  0
XRECORD
  5
2527
102
{ACAD_REACTORS
330
2526
102
}
330
2526
100
AcDbXrecord
280
     1
102
RTVSPost2010Prop28
280
     0
102
RTVSPost2010PropOp28
 70
     1
102
RTVSPost2010Prop29
280
     1
102
RTVSPost2010PropOp29
 70
     1
102
RTVSPost2010Prop30
280
     1
102
RTVSPost2010PropOp30
 70
     1
102
RTVSPost2010Prop31
280
     0
102
RTVSPost2010PropOp31
 70
     1
102
RTVSPost2010Prop32
280
     0
102
RTVSPost2010PropOp32
 70
     1
102
RTVSPost2010Prop33
280
     0
102
RTVSPost2010PropOp33
 70
     1
102
RTVSPost2010Prop34
280
     0
102
RTVSPost2010PropOp34
 70
     1
102
RTVSPost2010Prop35
280
     0
102
RTVSPost2010PropOp35
 70
     1
102
RTVSPost2010Prop36
280
     0
102
RTVSPost2010PropOp36
 70
     1
102
RTVSPost2010Prop37
 90
       50
102
RTVSPost2010PropOp37
 70
     1
102
RTVSPost2010Prop38
140
0.0
102
RTVSPost2010PropOp38
 70
     1
102
RTVSPost2010Prop39
140
1.0
102
RTVSPost2010PropOp39
 70
     1
102
RTVSPost2010Prop40
 90
        0
102
RTVSPost2010PropOp40
 70
     1
102
RTVSPost2010Prop41ColorIndex
 90
       18
102
RTVSPost2010Prop41ColorRGB
 90
        0
102
RTVSPost2010PropOp41
 70
     1
102
RTVSPost2010Prop42
 90
       50
102
RTVSPost2010PropOp42
 70
     1
102
RTVSPost2010Prop43
 90
        3
102
RTVSPost2010PropOp43
 70
     1
102
RTVSPost2010Prop44ColorIndex
 90
        5
102
RTVSPost2010Prop44ColorRGB
 90
      255
102
RTVSPost2010PropOp44
 70
     1
102
RTVSPost2010Prop45
280
     0
102
RTVSPost2010PropOp45
 70
     1
102
RTVSPost2010Prop46
 90
       50
102
RTVSPost2010PropOp46
 70
     1
102
RTVSPost2010Prop47
 90
       50
102
RTVSPost2010PropOp47
 70
     1
102
RTVSPost2010Prop48
 90
       50
102
RTVSPost2010PropOp48
 70
     1
102
RTVSPost2010Prop49
280
     0
102
RTVSPost2010PropOp49
 70
     1
102
RTVSPost2010Prop50
 90
       50
102
RTVSPost2010PropOp50
 70
     1
102
RTVSPost2010Prop51ColorIndex
 90
      256
102
RTVSPost2010Prop51ColorRGB
 90
-16777216
102
RTVSPost2010PropOp51
 70
     0
102
RTVSPost2010Prop52
140
1.0
102
RTVSPost2010PropOp52
 70
     0
102
RTVSPost2010Prop53
 90
        2
102
RTVSPost2010PropOp53
 70
     1
102
RTVSPost2010Prop54
  1
strokes_ogs.tif
102
RTVSPost2010PropOp54
 70
     1
102
RTVSPost2010Prop55
280
     0
102
RTVSPost2010PropOp55
 70
     1
102
RTVSPost2010Prop56
140
1.0
102
RTVSPost2010PropOp56
 70
     1
102
RTVSPost2010Prop57
140
1.0
102
RTVSPost2010PropOp57
 70
     1
102
RTVSPropertyOp0
 70
     1
102
RTVSPropertyOp1
 70
     1
102
RTVSPropertyOp2
 70
     1
102
RTVSPropertyOp3
 70
     1
102
RTVSPropertyOp4
 70
     1
102
RTVSPropertyOp5
 70
     1
102
RTVSPropertyOp6
 70
     1
102
RTVSPropertyOp7
 70
     1
102
RTVSPropertyOp8
 70
     1
102
RTVSPropertyOp9
 70
     1
102
RTVSPropertyOp10
 70
     1
102
RTVSPropertyOp11
 70
     1
102
RTVSPropertyOp12
 70
     1
102
RTVSPropertyOp13
 70
     1
102
RTVSPropertyOp14
 70
     1
102
RTVSPropertyOp15
 70
     1
102
RTVSPropertyOp16
 70
     1
102
RTVSPropertyOp17
 70
     1
102
RTVSPropertyOp18
 70
     1
102
RTVSPropertyOp19
 70
     1
102
RTVSPropertyOp20
 70
     1
102
RTVSPropertyOp21
 70
     1
102
RTVSPropertyOp22
 70
     1
102
RTVSPropertyOp23
 70
     1
102
RTVSPropertyOp24
 70
     1
102
RTVSPropertyOp25
 70
     1
102
RTVSPropertyOp26
 70
     1
102
RTVSPropertyOp27
 70
     1
102
RTVSPropertyOp28
 70
     1
102
RTVSPropertyOp29
 70
     1
102
RTVSPropertyOp30
 70
     1
102
RTVSPropertyOp31
 70
     1
102
RTVSPropertyOp32
 70
     1
102
RTVSPropertyOp33
 70
     1
102
RTVSPropertyOp34
 70
     1
102
RTVSPropertyOp35
 70
     1
102
RTVSPropertyOp36
 70
     1
102
RTVSPropertyOp37
 70
     1
102
RTVSPropertyOp38
 70
     1
102
RTVSPropertyOp39
 70
     1
102
RTVSPropertyOp40
 70
     1
102
RTVSPropertyOp41
 70
     1
102
RTVSPropertyOp42
 70
     1
102
RTVSPropertyOp43
 70
     1
102
RTVSPropertyOp44
 70
     1
102
RTVSPropertyOp45
 70
     1
102
RTVSPropertyOp46
 70
     1
102
RTVSPropertyOp47
 70
     1
102
RTVSPropertyOp48
 70
     1
102
RTVSPropertyOp49
 70
     1
102
RTVSPropertyOp50
 70
     1
102
RTVSPropertyOp51
 70
     0
102
RTVSPropertyOp52
 70
     0
102
RTVSPropertyOp53
 70
     1
102
RTVSPropertyOp54
 70
     1
102
RTVSPropertyOp55
 70
     1
102
RTVSPropertyOp56
 70
     1
102
RTVSPropertyOp57
 70
     1
102
RTVSPropertyOp58
 70
     1
102
RTVSPropertyOp59
 70
     1
102
RTVSPropertyOp60
 70
     1
102
RTVSPropertyOp61
 70
     1
102
RTVSPropertyOp62
 70
     1
  0
XRECORD
  5
2525
102
{ACAD_REACTORS
330
2524
102
}
330
2524
100
AcDbXrecord
280
     1
102
RTVSPost2010Prop28
280
     0
102
RTVSPost2010PropOp28
 70
     1
102
RTVSPost2010Prop29
280
     1
102
RTVSPost2010PropOp29
 70
     1
102
RTVSPost2010Prop30
280
     1
102
RTVSPost2010PropOp30
 70
     1
102
RTVSPost2010Prop31
280
     0
102
RTVSPost2010PropOp31
 70
     1
102
RTVSPost2010Prop32
280
     0
102
RTVSPost2010PropOp32
 70
     1
102
RTVSPost2010Prop33
280
     0
102
RTVSPost2010PropOp33
 70
     1
102
RTVSPost2010Prop34
280
     0
102
RTVSPost2010PropOp34
 70
     1
102
RTVSPost2010Prop35
280
     0
102
RTVSPost2010PropOp35
 70
     1
102
RTVSPost2010Prop36
280
     0
102
RTVSPost2010PropOp36
 70
     1
102
RTVSPost2010Prop37
 90
       50
102
RTVSPost2010PropOp37
 70
     1
102
RTVSPost2010Prop38
140
0.0
102
RTVSPost2010PropOp38
 70
     1
102
RTVSPost2010Prop39
140
1.0
102
RTVSPost2010PropOp39
 70
     1
102
RTVSPost2010Prop40
 90
        0
102
RTVSPost2010PropOp40
 70
     1
102
RTVSPost2010Prop41ColorIndex
 90
       18
102
RTVSPost2010Prop41ColorRGB
 90
        0
102
RTVSPost2010PropOp41
 70
     1
102
RTVSPost2010Prop42
 90
       50
102
RTVSPost2010PropOp42
 70
     1
102
RTVSPost2010Prop43
 90
        3
102
RTVSPost2010PropOp43
 70
     1
102
RTVSPost2010Prop44ColorIndex
 90
        5
102
RTVSPost2010Prop44ColorRGB
 90
      255
102
RTVSPost2010PropOp44
 70
     1
102
RTVSPost2010Prop45
280
     0
102
RTVSPost2010PropOp45
 70
     1
102
RTVSPost2010Prop46
 90
       50
102
RTVSPost2010PropOp46
 70
     1
102
RTVSPost2010Prop47
 90
       50
102
RTVSPost2010PropOp47
 70
     1
102
RTVSPost2010Prop48
 90
       50
102
RTVSPost2010PropOp48
 70
     1
102
RTVSPost2010Prop49
280
     0
102
RTVSPost2010PropOp49
 70
     1
102
RTVSPost2010Prop50
 90
       50
102
RTVSPost2010PropOp50
 70
     1
102
RTVSPost2010Prop51ColorIndex
 90
      256
102
RTVSPost2010Prop51ColorRGB
 90
-16777216
102
RTVSPost2010PropOp51
 70
     0
102
RTVSPost2010Prop52
140
1.0
102
RTVSPost2010PropOp52
 70
     0
102
RTVSPost2010Prop53
 90
        2
102
RTVSPost2010PropOp53
 70
     1
102
RTVSPost2010Prop54
  1
strokes_ogs.tif
102
RTVSPost2010PropOp54
 70
     1
102
RTVSPost2010Prop55
280
     0
102
RTVSPost2010PropOp55
 70
     1
102
RTVSPost2010Prop56
140
1.0
102
RTVSPost2010PropOp56
 70
     1
102
RTVSPost2010Prop57
140
1.0
102
RTVSPost2010PropOp57
 70
     1
102
RTVSPropertyOp0
 70
     1
102
RTVSPropertyOp1
 70
     1
102
RTVSPropertyOp2
 70
     1
102
RTVSPropertyOp3
 70
     1
102
RTVSPropertyOp4
 70
     1
102
RTVSPropertyOp5
 70
     1
102
RTVSPropertyOp6
 70
     1
102
RTVSPropertyOp7
 70
     1
102
RTVSPropertyOp8
 70
     1
102
RTVSPropertyOp9
 70
     1
102
RTVSPropertyOp10
 70
     1
102
RTVSPropertyOp11
 70
     1
102
RTVSPropertyOp12
 70
     1
102
RTVSPropertyOp13
 70
     1
102
RTVSPropertyOp14
 70
     1
102
RTVSPropertyOp15
 70
     1
102
RTVSPropertyOp16
 70
     1
102
RTVSPropertyOp17
 70
     1
102
RTVSPropertyOp18
 70
     1
102
RTVSPropertyOp19
 70
     1
102
RTVSPropertyOp20
 70
     1
102
RTVSPropertyOp21
 70
     1
102
RTVSPropertyOp22
 70
     1
102
RTVSPropertyOp23
 70
     1
102
RTVSPropertyOp24
 70
     1
102
RTVSPropertyOp25
 70
     1
102
RTVSPropertyOp26
 70
     1
102
RTVSPropertyOp27
 70
     1
102
RTVSPropertyOp28
 70
     1
102
RTVSPropertyOp29
 70
     1
102
RTVSPropertyOp30
 70
     1
102
RTVSPropertyOp31
 70
     1
102
RTVSPropertyOp32
 70
     1
102
RTVSPropertyOp33
 70
     1
102
RTVSPropertyOp34
 70
     1
102
RTVSPropertyOp35
 70
     1
102
RTVSPropertyOp36
 70
     1
102
RTVSPropertyOp37
 70
     1
102
RTVSPropertyOp38
 70
     1
102
RTVSPropertyOp39
 70
     1
102
RTVSPropertyOp40
 70
     1
102
RTVSPropertyOp41
 70
     1
102
RTVSPropertyOp42
 70
     1
102
RTVSPropertyOp43
 70
     1
102
RTVSPropertyOp44
 70
     1
102
RTVSPropertyOp45
 70
     1
102
RTVSPropertyOp46
 70
     1
102
RTVSPropertyOp47
 70
     1
102
RTVSPropertyOp48
 70
     1
102
RTVSPropertyOp49
 70
     1
102
RTVSPropertyOp50
 70
     1
102
RTVSPropertyOp51
 70
     0
102
RTVSPropertyOp52
 70
     0
102
RTVSPropertyOp53
 70
     1
102
RTVSPropertyOp54
 70
     1
102
RTVSPropertyOp55
 70
     1
102
RTVSPropertyOp56
 70
     1
102
RTVSPropertyOp57
 70
     1
102
RTVSPropertyOp58
 70
     1
102
RTVSPropertyOp59
 70
     1
102
RTVSPropertyOp60
 70
     1
102
RTVSPropertyOp61
 70
     1
102
RTVSPropertyOp62
 70
     1
  0
XRECORD
  5
251F
102
{ACAD_REACTORS
330
251E
102
}
330
251E
100
AcDbXrecord
280
     1
102
RTVSPost2010Prop28
280
     0
102
RTVSPost2010PropOp28
 70
     1
102
RTVSPost2010Prop29
280
     1
102
RTVSPost2010PropOp29
 70
     1
102
RTVSPost2010Prop30
280
     1
102
RTVSPost2010PropOp30
 70
     1
102
RTVSPost2010Prop31
280
     0
102
RTVSPost2010PropOp31
 70
     1
102
RTVSPost2010Prop32
280
     0
102
RTVSPost2010PropOp32
 70
     1
102
RTVSPost2010Prop33
280
     0
102
RTVSPost2010PropOp33
 70
     1
102
RTVSPost2010Prop34
280
     0
102
RTVSPost2010PropOp34
 70
     1
102
RTVSPost2010Prop35
280
     0
102
RTVSPost2010PropOp35
 70
     1
102
RTVSPost2010Prop36
280
     0
102
RTVSPost2010PropOp36
 70
     1
102
RTVSPost2010Prop37
 90
       50
102
RTVSPost2010PropOp37
 70
     1
102
RTVSPost2010Prop38
140
0.0
102
RTVSPost2010PropOp38
 70
     1
102
RTVSPost2010Prop39
140
1.0
102
RTVSPost2010PropOp39
 70
     1
102
RTVSPost2010Prop40
 90
        0
102
RTVSPost2010PropOp40
 70
     1
102
RTVSPost2010Prop41ColorIndex
 90
       18
102
RTVSPost2010Prop41ColorRGB
 90
        0
102
RTVSPost2010PropOp41
 70
     1
102
RTVSPost2010Prop42
 90
       50
102
RTVSPost2010PropOp42
 70
     1
102
RTVSPost2010Prop43
 90
        3
102
RTVSPost2010PropOp43
 70
     1
102
RTVSPost2010Prop44ColorIndex
 90
        5
102
RTVSPost2010Prop44ColorRGB
 90
      255
102
RTVSPost2010PropOp44
 70
     1
102
RTVSPost2010Prop45
280
     0
102
RTVSPost2010PropOp45
 70
     1
102
RTVSPost2010Prop46
 90
       50
102
RTVSPost2010PropOp46
 70
     1
102
RTVSPost2010Prop47
 90
       50
102
RTVSPost2010PropOp47
 70
     1
102
RTVSPost2010Prop48
 90
       50
102
RTVSPost2010PropOp48
 70
     1
102
RTVSPost2010Prop49
280
     0
102
RTVSPost2010PropOp49
 70
     1
102
RTVSPost2010Prop50
 90
       50
102
RTVSPost2010PropOp50
 70
     1
102
RTVSPost2010Prop51ColorIndex
 90
      256
102
RTVSPost2010Prop51ColorRGB
 90
-16777216
102
RTVSPost2010PropOp51
 70
     0
102
RTVSPost2010Prop52
140
1.0
102
RTVSPost2010PropOp52
 70
     0
102
RTVSPost2010Prop53
 90
        2
102
RTVSPost2010PropOp53
 70
     1
102
RTVSPost2010Prop54
  1
strokes_ogs.tif
102
RTVSPost2010PropOp54
 70
     1
102
RTVSPost2010Prop55
280
     0
102
RTVSPost2010PropOp55
 70
     1
102
RTVSPost2010Prop56
140
1.0
102
RTVSPost2010PropOp56
 70
     1
102
RTVSPost2010Prop57
140
1.0
102
RTVSPost2010PropOp57
 70
     1
102
RTVSPropertyOp0
 70
     1
102
RTVSPropertyOp1
 70
     1
102
RTVSPropertyOp2
 70
     1
102
RTVSPropertyOp3
 70
     1
102
RTVSPropertyOp4
 70
     1
102
RTVSPropertyOp5
 70
     1
102
RTVSPropertyOp6
 70
     1
102
RTVSPropertyOp7
 70
     1
102
RTVSPropertyOp8
 70
     1
102
RTVSPropertyOp9
 70
     1
102
RTVSPropertyOp10
 70
     1
102
RTVSPropertyOp11
 70
     1
102
RTVSPropertyOp12
 70
     1
102
RTVSPropertyOp13
 70
     1
102
RTVSPropertyOp14
 70
     1
102
RTVSPropertyOp15
 70
     1
102
RTVSPropertyOp16
 70
     1
102
RTVSPropertyOp17
 70
     1
102
RTVSPropertyOp18
 70
     1
102
RTVSPropertyOp19
 70
     1
102
RTVSPropertyOp20
 70
     1
102
RTVSPropertyOp21
 70
     1
102
RTVSPropertyOp22
 70
     1
102
RTVSPropertyOp23
 70
     1
102
RTVSPropertyOp24
 70
     1
102
RTVSPropertyOp25
 70
     1
102
RTVSPropertyOp26
 70
     1
102
RTVSPropertyOp27
 70
     1
102
RTVSPropertyOp28
 70
     1
102
RTVSPropertyOp29
 70
     1
102
RTVSPropertyOp30
 70
     1
102
RTVSPropertyOp31
 70
     1
102
RTVSPropertyOp32
 70
     1
102
RTVSPropertyOp33
 70
     1
102
RTVSPropertyOp34
 70
     1
102
RTVSPropertyOp35
 70
     1
102
RTVSPropertyOp36
 70
     1
102
RTVSPropertyOp37
 70
     1
102
RTVSPropertyOp38
 70
     1
102
RTVSPropertyOp39
 70
     1
102
RTVSPropertyOp40
 70
     1
102
RTVSPropertyOp41
 70
     1
102
RTVSPropertyOp42
 70
     1
102
RTVSPropertyOp43
 70
     1
102
RTVSPropertyOp44
 70
     1
102
RTVSPropertyOp45
 70
     1
102
RTVSPropertyOp46
 70
     1
102
RTVSPropertyOp47
 70
     1
102
RTVSPropertyOp48
 70
     1
102
RTVSPropertyOp49
 70
     1
102
RTVSPropertyOp50
 70
     1
102
RTVSPropertyOp51
 70
     0
102
RTVSPropertyOp52
 70
     0
102
RTVSPropertyOp53
 70
     1
102
RTVSPropertyOp54
 70
     1
102
RTVSPropertyOp55
 70
     1
102
RTVSPropertyOp56
 70
     1
102
RTVSPropertyOp57
 70
     1
102
RTVSPropertyOp58
 70
     1
102
RTVSPropertyOp59
 70
     1
102
RTVSPropertyOp60
 70
     1
102
RTVSPropertyOp61
 70
     1
102
RTVSPropertyOp62
 70
     1
  0
XRECORD
  5
2521
102
{ACAD_REACTORS
330
2520
102
}
330
2520
100
AcDbXrecord
280
     1
102
RTVSPost2010Prop28
280
     0
102
RTVSPost2010PropOp28
 70
     1
102
RTVSPost2010Prop29
280
     1
102
RTVSPost2010PropOp29
 70
     1
102
RTVSPost2010Prop30
280
     1
102
RTVSPost2010PropOp30
 70
     1
102
RTVSPost2010Prop31
280
     0
102
RTVSPost2010PropOp31
 70
     1
102
RTVSPost2010Prop32
280
     0
102
RTVSPost2010PropOp32
 70
     1
102
RTVSPost2010Prop33
280
     0
102
RTVSPost2010PropOp33
 70
     1
102
RTVSPost2010Prop34
280
     0
102
RTVSPost2010PropOp34
 70
     1
102
RTVSPost2010Prop35
280
     0
102
RTVSPost2010PropOp35
 70
     1
102
RTVSPost2010Prop36
280
     0
102
RTVSPost2010PropOp36
 70
     1
102
RTVSPost2010Prop37
 90
       50
102
RTVSPost2010PropOp37
 70
     1
102
RTVSPost2010Prop38
140
0.0
102
RTVSPost2010PropOp38
 70
     1
102
RTVSPost2010Prop39
140
1.0
102
RTVSPost2010PropOp39
 70
     1
102
RTVSPost2010Prop40
 90
        0
102
RTVSPost2010PropOp40
 70
     1
102
RTVSPost2010Prop41ColorIndex
 90
       18
102
RTVSPost2010Prop41ColorRGB
 90
        0
102
RTVSPost2010PropOp41
 70
     1
102
RTVSPost2010Prop42
 90
       50
102
RTVSPost2010PropOp42
 70
     1
102
RTVSPost2010Prop43
 90
        3
102
RTVSPost2010PropOp43
 70
     1
102
RTVSPost2010Prop44ColorIndex
 90
        5
102
RTVSPost2010Prop44ColorRGB
 90
      255
102
RTVSPost2010PropOp44
 70
     1
102
RTVSPost2010Prop45
280
     0
102
RTVSPost2010PropOp45
 70
     1
102
RTVSPost2010Prop46
 90
       50
102
RTVSPost2010PropOp46
 70
     1
102
RTVSPost2010Prop47
 90
       50
102
RTVSPost2010PropOp47
 70
     1
102
RTVSPost2010Prop48
 90
       50
102
RTVSPost2010PropOp48
 70
     1
102
RTVSPost2010Prop49
280
     0
102
RTVSPost2010PropOp49
 70
     1
102
RTVSPost2010Prop50
 90
       50
102
RTVSPost2010PropOp50
 70
     1
102
RTVSPost2010Prop51ColorIndex
 90
      256
102
RTVSPost2010Prop51ColorRGB
 90
-16777216
102
RTVSPost2010PropOp51
 70
     0
102
RTVSPost2010Prop52
140
1.0
102
RTVSPost2010PropOp52
 70
     0
102
RTVSPost2010Prop53
 90
        2
102
RTVSPost2010PropOp53
 70
     1
102
RTVSPost2010Prop54
  1
strokes_ogs.tif
102
RTVSPost2010PropOp54
 70
     1
102
RTVSPost2010Prop55
280
     0
102
RTVSPost2010PropOp55
 70
     1
102
RTVSPost2010Prop56
140
1.0
102
RTVSPost2010PropOp56
 70
     1
102
RTVSPost2010Prop57
140
1.0
102
RTVSPost2010PropOp57
 70
     1
102
RTVSPropertyOp0
 70
     1
102
RTVSPropertyOp1
 70
     1
102
RTVSPropertyOp2
 70
     1
102
RTVSPropertyOp3
 70
     1
102
RTVSPropertyOp4
 70
     1
102
RTVSPropertyOp5
 70
     1
102
RTVSPropertyOp6
 70
     1
102
RTVSPropertyOp7
 70
     1
102
RTVSPropertyOp8
 70
     1
102
RTVSPropertyOp9
 70
     1
102
RTVSPropertyOp10
 70
     1
102
RTVSPropertyOp11
 70
     1
102
RTVSPropertyOp12
 70
     1
102
RTVSPropertyOp13
 70
     1
102
RTVSPropertyOp14
 70
     1
102
RTVSPropertyOp15
 70
     1
102
RTVSPropertyOp16
 70
     1
102
RTVSPropertyOp17
 70
     1
102
RTVSPropertyOp18
 70
     1
102
RTVSPropertyOp19
 70
     1
102
RTVSPropertyOp20
 70
     1
102
RTVSPropertyOp21
 70
     1
102
RTVSPropertyOp22
 70
     1
102
RTVSPropertyOp23
 70
     1
102
RTVSPropertyOp24
 70
     1
102
RTVSPropertyOp25
 70
     1
102
RTVSPropertyOp26
 70
     1
102
RTVSPropertyOp27
 70
     1
102
RTVSPropertyOp28
 70
     1
102
RTVSPropertyOp29
 70
     1
102
RTVSPropertyOp30
 70
     1
102
RTVSPropertyOp31
 70
     1
102
RTVSPropertyOp32
 70
     1
102
RTVSPropertyOp33
 70
     1
102
RTVSPropertyOp34
 70
     1
102
RTVSPropertyOp35
 70
     1
102
RTVSPropertyOp36
 70
     1
102
RTVSPropertyOp37
 70
     1
102
RTVSPropertyOp38
 70
     1
102
RTVSPropertyOp39
 70
     1
102
RTVSPropertyOp40
 70
     1
102
RTVSPropertyOp41
 70
     1
102
RTVSPropertyOp42
 70
     1
102
RTVSPropertyOp43
 70
     1
102
RTVSPropertyOp44
 70
     1
102
RTVSPropertyOp45
 70
     1
102
RTVSPropertyOp46
 70
     1
102
RTVSPropertyOp47
 70
     1
102
RTVSPropertyOp48
 70
     1
102
RTVSPropertyOp49
 70
     1
102
RTVSPropertyOp50
 70
     1
102
RTVSPropertyOp51
 70
     0
102
RTVSPropertyOp52
 70
     0
102
RTVSPropertyOp53
 70
     1
102
RTVSPropertyOp54
 70
     1
102
RTVSPropertyOp55
 70
     1
102
RTVSPropertyOp56
 70
     1
102
RTVSPropertyOp57
 70
     1
102
RTVSPropertyOp58
 70
     1
102
RTVSPropertyOp59
 70
     1
102
RTVSPropertyOp60
 70
     1
102
RTVSPropertyOp61
 70
     1
102
RTVSPropertyOp62
 70
     1
  0
XRECORD
  5
250D
102
{ACAD_REACTORS
330
250C
102
}
330
250C
100
AcDbXrecord
280
     1
102
RTVSPost2010Prop28
280
     0
102
RTVSPost2010PropOp28
 70
     1
102
RTVSPost2010Prop29
280
     1
102
RTVSPost2010PropOp29
 70
     1
102
RTVSPost2010Prop30
280
     1
102
RTVSPost2010PropOp30
 70
     1
102
RTVSPost2010Prop31
280
     0
102
RTVSPost2010PropOp31
 70
     1
102
RTVSPost2010Prop32
280
     0
102
RTVSPost2010PropOp32
 70
     1
102
RTVSPost2010Prop33
280
     0
102
RTVSPost2010PropOp33
 70
     1
102
RTVSPost2010Prop34
280
     0
102
RTVSPost2010PropOp34
 70
     1
102
RTVSPost2010Prop35
280
     0
102
RTVSPost2010PropOp35
 70
     1
102
RTVSPost2010Prop36
280
     0
102
RTVSPost2010PropOp36
 70
     1
102
RTVSPost2010Prop37
 90
       50
102
RTVSPost2010PropOp37
 70
     1
102
RTVSPost2010Prop38
140
0.0
102
RTVSPost2010PropOp38
 70
     1
102
RTVSPost2010Prop39
140
1.0
102
RTVSPost2010PropOp39
 70
     1
102
RTVSPost2010Prop40
 90
        0
102
RTVSPost2010PropOp40
 70
     1
102
RTVSPost2010Prop41ColorIndex
 90
       18
102
RTVSPost2010Prop41ColorRGB
 90
        0
102
RTVSPost2010PropOp41
 70
     1
102
RTVSPost2010Prop42
 90
       50
102
RTVSPost2010PropOp42
 70
     1
102
RTVSPost2010Prop43
 90
        3
102
RTVSPost2010PropOp43
 70
     1
102
RTVSPost2010Prop44ColorIndex
 90
        5
102
RTVSPost2010Prop44ColorRGB
 90
      255
102
RTVSPost2010PropOp44
 70
     1
102
RTVSPost2010Prop45
280
     0
102
RTVSPost2010PropOp45
 70
     1
102
RTVSPost2010Prop46
 90
       50
102
RTVSPost2010PropOp46
 70
     1
102
RTVSPost2010Prop47
 90
       50
102
RTVSPost2010PropOp47
 70
     1
102
RTVSPost2010Prop48
 90
       50
102
RTVSPost2010PropOp48
 70
     1
102
RTVSPost2010Prop49
280
     0
102
RTVSPost2010PropOp49
 70
     1
102
RTVSPost2010Prop50
 90
       50
102
RTVSPost2010PropOp50
 70
     1
102
RTVSPost2010Prop51ColorIndex
 90
      256
102
RTVSPost2010Prop51ColorRGB
 90
-16777216
102
RTVSPost2010PropOp51
 70
     0
102
RTVSPost2010Prop52
140
1.0
102
RTVSPost2010PropOp52
 70
     0
102
RTVSPost2010Prop53
 90
        2
102
RTVSPost2010PropOp53
 70
     1
102
RTVSPost2010Prop54
  1
strokes_ogs.tif
102
RTVSPost2010PropOp54
 70
     1
102
RTVSPost2010Prop55
280
     0
102
RTVSPost2010PropOp55
 70
     1
102
RTVSPost2010Prop56
140
1.0
102
RTVSPost2010PropOp56
 70
     1
102
RTVSPost2010Prop57
140
1.0
102
RTVSPost2010PropOp57
 70
     1
102
RTVSPropertyOp0
 70
     1
102
RTVSPropertyOp1
 70
     1
102
RTVSPropertyOp2
 70
     1
102
RTVSPropertyOp3
 70
     1
102
RTVSPropertyOp4
 70
     1
102
RTVSPropertyOp5
 70
     1
102
RTVSPropertyOp6
 70
     1
102
RTVSPropertyOp7
 70
     1
102
RTVSPropertyOp8
 70
     1
102
RTVSPropertyOp9
 70
     1
102
RTVSPropertyOp10
 70
     1
102
RTVSPropertyOp11
 70
     1
102
RTVSPropertyOp12
 70
     1
102
RTVSPropertyOp13
 70
     1
102
RTVSPropertyOp14
 70
     1
102
RTVSPropertyOp15
 70
     1
102
RTVSPropertyOp16
 70
     1
102
RTVSPropertyOp17
 70
     1
102
RTVSPropertyOp18
 70
     1
102
RTVSPropertyOp19
 70
     1
102
RTVSPropertyOp20
 70
     1
102
RTVSPropertyOp21
 70
     1
102
RTVSPropertyOp22
 70
     1
102
RTVSPropertyOp23
 70
     1
102
RTVSPropertyOp24
 70
     1
102
RTVSPropertyOp25
 70
     1
102
RTVSPropertyOp26
 70
     1
102
RTVSPropertyOp27
 70
     1
102
RTVSPropertyOp28
 70
     1
102
RTVSPropertyOp29
 70
     1
102
RTVSPropertyOp30
 70
     1
102
RTVSPropertyOp31
 70
     1
102
RTVSPropertyOp32
 70
     1
102
RTVSPropertyOp33
 70
     1
102
RTVSPropertyOp34
 70
     1
102
RTVSPropertyOp35
 70
     1
102
RTVSPropertyOp36
 70
     1
102
RTVSPropertyOp37
 70
     1
102
RTVSPropertyOp38
 70
     1
102
RTVSPropertyOp39
 70
     1
102
RTVSPropertyOp40
 70
     1
102
RTVSPropertyOp41
 70
     1
102
RTVSPropertyOp42
 70
     1
102
RTVSPropertyOp43
 70
     1
102
RTVSPropertyOp44
 70
     1
102
RTVSPropertyOp45
 70
     1
102
RTVSPropertyOp46
 70
     1
102
RTVSPropertyOp47
 70
     1
102
RTVSPropertyOp48
 70
     1
102
RTVSPropertyOp49
 70
     1
102
RTVSPropertyOp50
 70
     1
102
RTVSPropertyOp51
 70
     0
102
RTVSPropertyOp52
 70
     0
102
RTVSPropertyOp53
 70
     1
102
RTVSPropertyOp54
 70
     1
102
RTVSPropertyOp55
 70
     1
102
RTVSPropertyOp56
 70
     1
102
RTVSPropertyOp57
 70
     1
102
RTVSPropertyOp58
 70
     1
102
RTVSPropertyOp59
 70
     1
102
RTVSPropertyOp60
 70
     1
102
RTVSPropertyOp61
 70
     1
102
RTVSPropertyOp62
 70
     1
  0
XRECORD
  5
251B
102
{ACAD_REACTORS
330
251A
102
}
330
251A
100
AcDbXrecord
280
     1
102
RTVSPost2010Prop28
280
     0
102
RTVSPost2010PropOp28
 70
     1
102
RTVSPost2010Prop29
280
     1
102
RTVSPost2010PropOp29
 70
     1
102
RTVSPost2010Prop30
280
     1
102
RTVSPost2010PropOp30
 70
     1
102
RTVSPost2010Prop31
280
     0
102
RTVSPost2010PropOp31
 70
     1
102
RTVSPost2010Prop32
280
     0
102
RTVSPost2010PropOp32
 70
     1
102
RTVSPost2010Prop33
280
     0
102
RTVSPost2010PropOp33
 70
     1
102
RTVSPost2010Prop34
280
     0
102
RTVSPost2010PropOp34
 70
     1
102
RTVSPost2010Prop35
280
     0
102
RTVSPost2010PropOp35
 70
     1
102
RTVSPost2010Prop36
280
     0
102
RTVSPost2010PropOp36
 70
     1
102
RTVSPost2010Prop37
 90
       50
102
RTVSPost2010PropOp37
 70
     1
102
RTVSPost2010Prop38
140
0.0
102
RTVSPost2010PropOp38
 70
     1
102
RTVSPost2010Prop39
140
1.0
102
RTVSPost2010PropOp39
 70
     1
102
RTVSPost2010Prop40
 90
        0
102
RTVSPost2010PropOp40
 70
     1
102
RTVSPost2010Prop41ColorIndex
 90
       18
102
RTVSPost2010Prop41ColorRGB
 90
        0
102
RTVSPost2010PropOp41
 70
     1
102
RTVSPost2010Prop42
 90
       50
102
RTVSPost2010PropOp42
 70
     1
102
RTVSPost2010Prop43
 90
        3
102
RTVSPost2010PropOp43
 70
     1
102
RTVSPost2010Prop44ColorIndex
 90
        5
102
RTVSPost2010Prop44ColorRGB
 90
      255
102
RTVSPost2010PropOp44
 70
     1
102
RTVSPost2010Prop45
280
     0
102
RTVSPost2010PropOp45
 70
     1
102
RTVSPost2010Prop46
 90
       50
102
RTVSPost2010PropOp46
 70
     1
102
RTVSPost2010Prop47
 90
       50
102
RTVSPost2010PropOp47
 70
     1
102
RTVSPost2010Prop48
 90
       50
102
RTVSPost2010PropOp48
 70
     1
102
RTVSPost2010Prop49
280
     0
102
RTVSPost2010PropOp49
 70
     1
102
RTVSPost2010Prop50
 90
       50
102
RTVSPost2010PropOp50
 70
     1
102
RTVSPost2010Prop51ColorIndex
 90
      256
102
RTVSPost2010Prop51ColorRGB
 90
-16777216
102
RTVSPost2010PropOp51
 70
     0
102
RTVSPost2010Prop52
140
1.0
102
RTVSPost2010PropOp52
 70
     0
102
RTVSPost2010Prop53
 90
        2
102
RTVSPost2010PropOp53
 70
     1
102
RTVSPost2010Prop54
  1
strokes_ogs.tif
102
RTVSPost2010PropOp54
 70
     1
102
RTVSPost2010Prop55
280
     0
102
RTVSPost2010PropOp55
 70
     1
102
RTVSPost2010Prop56
140
1.0
102
RTVSPost2010PropOp56
 70
     1
102
RTVSPost2010Prop57
140
1.0
102
RTVSPost2010PropOp57
 70
     1
102
RTVSPropertyOp0
 70
     1
102
RTVSPropertyOp1
 70
     1
102
RTVSPropertyOp2
 70
     1
102
RTVSPropertyOp3
 70
     1
102
RTVSPropertyOp4
 70
     1
102
RTVSPropertyOp5
 70
     1
102
RTVSPropertyOp6
 70
     1
102
RTVSPropertyOp7
 70
     1
102
RTVSPropertyOp8
 70
     1
102
RTVSPropertyOp9
 70
     1
102
RTVSPropertyOp10
 70
     1
102
RTVSPropertyOp11
 70
     1
102
RTVSPropertyOp12
 70
     1
102
RTVSPropertyOp13
 70
     1
102
RTVSPropertyOp14
 70
     1
102
RTVSPropertyOp15
 70
     1
102
RTVSPropertyOp16
 70
     1
102
RTVSPropertyOp17
 70
     1
102
RTVSPropertyOp18
 70
     1
102
RTVSPropertyOp19
 70
     1
102
RTVSPropertyOp20
 70
     1
102
RTVSPropertyOp21
 70
     1
102
RTVSPropertyOp22
 70
     1
102
RTVSPropertyOp23
 70
     1
102
RTVSPropertyOp24
 70
     1
102
RTVSPropertyOp25
 70
     1
102
RTVSPropertyOp26
 70
     1
102
RTVSPropertyOp27
 70
     1
102
RTVSPropertyOp28
 70
     1
102
RTVSPropertyOp29
 70
     1
102
RTVSPropertyOp30
 70
     1
102
RTVSPropertyOp31
 70
     1
102
RTVSPropertyOp32
 70
     1
102
RTVSPropertyOp33
 70
     1
102
RTVSPropertyOp34
 70
     1
102
RTVSPropertyOp35
 70
     1
102
RTVSPropertyOp36
 70
     1
102
RTVSPropertyOp37
 70
     1
102
RTVSPropertyOp38
 70
     1
102
RTVSPropertyOp39
 70
     1
102
RTVSPropertyOp40
 70
     1
102
RTVSPropertyOp41
 70
     1
102
RTVSPropertyOp42
 70
     1
102
RTVSPropertyOp43
 70
     1
102
RTVSPropertyOp44
 70
     1
102
RTVSPropertyOp45
 70
     1
102
RTVSPropertyOp46
 70
     1
102
RTVSPropertyOp47
 70
     1
102
RTVSPropertyOp48
 70
     1
102
RTVSPropertyOp49
 70
     1
102
RTVSPropertyOp50
 70
     1
102
RTVSPropertyOp51
 70
     0
102
RTVSPropertyOp52
 70
     0
102
RTVSPropertyOp53
 70
     1
102
RTVSPropertyOp54
 70
     1
102
RTVSPropertyOp55
 70
     1
102
RTVSPropertyOp56
 70
     1
102
RTVSPropertyOp57
 70
     1
102
RTVSPropertyOp58
 70
     1
102
RTVSPropertyOp59
 70
     1
102
RTVSPropertyOp60
 70
     1
102
RTVSPropertyOp61
 70
     1
102
RTVSPropertyOp62
 70
     1
  0
XRECORD
  5
2523
102
{ACAD_REACTORS
330
2522
102
}
330
2522
100
AcDbXrecord
280
     1
102
RTVSPost2010Prop28
280
     0
102
RTVSPost2010PropOp28
 70
     1
102
RTVSPost2010Prop29
280
     1
102
RTVSPost2010PropOp29
 70
     1
102
RTVSPost2010Prop30
280
     1
102
RTVSPost2010PropOp30
 70
     1
102
RTVSPost2010Prop31
280
     0
102
RTVSPost2010PropOp31
 70
     1
102
RTVSPost2010Prop32
280
     0
102
RTVSPost2010PropOp32
 70
     1
102
RTVSPost2010Prop33
280
     0
102
RTVSPost2010PropOp33
 70
     1
102
RTVSPost2010Prop34
280
     0
102
RTVSPost2010PropOp34
 70
     1
102
RTVSPost2010Prop35
280
     0
102
RTVSPost2010PropOp35
 70
     1
102
RTVSPost2010Prop36
280
     0
102
RTVSPost2010PropOp36
 70
     1
102
RTVSPost2010Prop37
 90
       50
102
RTVSPost2010PropOp37
 70
     1
102
RTVSPost2010Prop38
140
0.0
102
RTVSPost2010PropOp38
 70
     1
102
RTVSPost2010Prop39
140
1.0
102
RTVSPost2010PropOp39
 70
     1
102
RTVSPost2010Prop40
 90
        0
102
RTVSPost2010PropOp40
 70
     1
102
RTVSPost2010Prop41ColorIndex
 90
       18
102
RTVSPost2010Prop41ColorRGB
 90
        0
102
RTVSPost2010PropOp41
 70
     1
102
RTVSPost2010Prop42
 90
       50
102
RTVSPost2010PropOp42
 70
     1
102
RTVSPost2010Prop43
 90
        3
102
RTVSPost2010PropOp43
 70
     1
102
RTVSPost2010Prop44ColorIndex
 90
        5
102
RTVSPost2010Prop44ColorRGB
 90
      255
102
RTVSPost2010PropOp44
 70
     1
102
RTVSPost2010Prop45
280
     0
102
RTVSPost2010PropOp45
 70
     1
102
RTVSPost2010Prop46
 90
       50
102
RTVSPost2010PropOp46
 70
     1
102
RTVSPost2010Prop47
 90
       50
102
RTVSPost2010PropOp47
 70
     1
102
RTVSPost2010Prop48
 90
       50
102
RTVSPost2010PropOp48
 70
     1
102
RTVSPost2010Prop49
280
     0
102
RTVSPost2010PropOp49
 70
     1
102
RTVSPost2010Prop50
 90
       50
102
RTVSPost2010PropOp50
 70
     1
102
RTVSPost2010Prop51ColorIndex
 90
      256
102
RTVSPost2010Prop51ColorRGB
 90
-16777216
102
RTVSPost2010PropOp51
 70
     0
102
RTVSPost2010Prop52
140
1.0
102
RTVSPost2010PropOp52
 70
     0
102
RTVSPost2010Prop53
 90
        2
102
RTVSPost2010PropOp53
 70
     1
102
RTVSPost2010Prop54
  1
strokes_ogs.tif
102
RTVSPost2010PropOp54
 70
     1
102
RTVSPost2010Prop55
280
     0
102
RTVSPost2010PropOp55
 70
     1
102
RTVSPost2010Prop56
140
1.0
102
RTVSPost2010PropOp56
 70
     1
102
RTVSPost2010Prop57
140
1.0
102
RTVSPost2010PropOp57
 70
     1
102
RTVSPropertyOp0
 70
     1
102
RTVSPropertyOp1
 70
     1
102
RTVSPropertyOp2
 70
     1
102
RTVSPropertyOp3
 70
     1
102
RTVSPropertyOp4
 70
     1
102
RTVSPropertyOp5
 70
     1
102
RTVSPropertyOp6
 70
     1
102
RTVSPropertyOp7
 70
     1
102
RTVSPropertyOp8
 70
     1
102
RTVSPropertyOp9
 70
     1
102
RTVSPropertyOp10
 70
     1
102
RTVSPropertyOp11
 70
     1
102
RTVSPropertyOp12
 70
     1
102
RTVSPropertyOp13
 70
     1
102
RTVSPropertyOp14
 70
     1
102
RTVSPropertyOp15
 70
     1
102
RTVSPropertyOp16
 70
     1
102
RTVSPropertyOp17
 70
     1
102
RTVSPropertyOp18
 70
     1
102
RTVSPropertyOp19
 70
     1
102
RTVSPropertyOp20
 70
     1
102
RTVSPropertyOp21
 70
     1
102
RTVSPropertyOp22
 70
     1
102
RTVSPropertyOp23
 70
     1
102
RTVSPropertyOp24
 70
     1
102
RTVSPropertyOp25
 70
     1
102
RTVSPropertyOp26
 70
     1
102
RTVSPropertyOp27
 70
     1
102
RTVSPropertyOp28
 70
     1
102
RTVSPropertyOp29
 70
     1
102
RTVSPropertyOp30
 70
     1
102
RTVSPropertyOp31
 70
     1
102
RTVSPropertyOp32
 70
     1
102
RTVSPropertyOp33
 70
     1
102
RTVSPropertyOp34
 70
     1
102
RTVSPropertyOp35
 70
     1
102
RTVSPropertyOp36
 70
     1
102
RTVSPropertyOp37
 70
     1
102
RTVSPropertyOp38
 70
     1
102
RTVSPropertyOp39
 70
     1
102
RTVSPropertyOp40
 70
     1
102
RTVSPropertyOp41
 70
     1
102
RTVSPropertyOp42
 70
     1
102
RTVSPropertyOp43
 70
     1
102
RTVSPropertyOp44
 70
     1
102
RTVSPropertyOp45
 70
     1
102
RTVSPropertyOp46
 70
     1
102
RTVSPropertyOp47
 70
     1
102
RTVSPropertyOp48
 70
     1
102
RTVSPropertyOp49
 70
     1
102
RTVSPropertyOp50
 70
     1
102
RTVSPropertyOp51
 70
     0
102
RTVSPropertyOp52
 70
     0
102
RTVSPropertyOp53
 70
     1
102
RTVSPropertyOp54
 70
     1
102
RTVSPropertyOp55
 70
     1
102
RTVSPropertyOp56
 70
     1
102
RTVSPropertyOp57
 70
     1
102
RTVSPropertyOp58
 70
     1
102
RTVSPropertyOp59
 70
     1
102
RTVSPropertyOp60
 70
     1
102
RTVSPropertyOp61
 70
     1
102
RTVSPropertyOp62
 70
     1
  0
ENDSEC
  0
EOF
