Codice;Prezzo;Unità
100000;4.70;1
100001;4.70;1
100002;4.70;1
100003;4.73;1
100004;6.96;1
100005;4.78;1
100006;4.75;1
100007;4.78;1
100008;4.80;1
100009;7.00;1
100010;8.38;1
100011;8.36;1
100012;8.33;1
100013;8.44;1
100014;9.89;1
100015;8.43;1
100016;8.43;1
100017;8.45;1
100018;8.50;1
100019;9.94;1
100020;14.96;1
100021;16.34;1
100022;16.32;1
100023;16.39;1
100024;17.98;1
100025;16.55;1
100026;16.46;1
100027;16.49;1
100028;16.56;1
100029;16.75;1
100040;5.61;1
100151;3.38;1
100529;14.82;1
100544;17.38;1
100545;13.00;1
100547;15.86;1
100548;14.38;1
100549;17.05;1
100551;12.16;1
100555;13.00;1
100556;13.00;1
100557;15.86;1
100558;14.38;1
100559;17.05;1
100561;12.16;1
100567;15.86;1
10057;25.07;1
100577;17.38;1
100579;16.25;1
100581;16.25;1
10070;77.52;100
101016;2.39;1
101030;3.99;1
101042;2.02;1
101085;13.00;1
101133;12.53;1
101134;12.53;1
101135;11.77;1
101136;11.77;1
101144;46.59;1
101148;46.79;1
101165;46.59;1
101169;38.99;1
101173;13.00;1
101175;14.38;1
101182;14.38;1
101183;14.38;1
101184;14.82;1
10123;5.75;1
101245;3.31;1
101247;3.89;1
101248;3.12;1
101250;2.58;1
101251;1.69;1
101252;2.76;1
101257;13.27;1
101258;13.27;1
101259;12.48;1
101260;12.48;1
101263;84.21;1
101265;68.78;1
101266;63.17;1
101294;0.93;1
101295;0.93;1
101305;8.58;1
101306;53.38;1
101311;14.28;1
101312;17.69;1
101313;14.28;1
101314;17.69;1
101316;3.20;1
101317;24.03;1
101318;24.03;1
101319;16.59;1
101321;4.95;1
101333;15.74;1
101339;5.82;100
101340;25.87;1
101359;5.09;1
101360;5.11;1
101361;5.09;1
101362;5.13;1
101363;7.55;1
101364;5.18;1
101365;5.16;1
101367;5.21;1
101368;7.60;1
101379;16.23;1
101380;17.74;1
101382;17.79;1
101383;19.51;1
101384;17.96;1
101385;17.86;1
101387;17.97;1
101388;18.17;1
101436;0.90;1
101438;4.69;1
101442;5.41;1
101448;9.33;1
101449;4.73;1
101450;4.80;1
101451;8.37;1
101452;8.46;1
101453;14.99;1
101454;15.17;1
101467;93.07;1
101468;2.13;1
101469;9.01;100
101470;10.47;100
101471;6.30;1
101477;3.12;1
101483;5.46;1
101486;8.21;1
101487;9.32;1
101488;10.14;1
101489;5.68;1
101490;6.28;1
101507;5.95;1
101510;7.99;1
101511;4.13;1
101512;4.13;1
101513;1.78;1
101514;1.78;1
101515;0.93;1
101516;0.93;1
101517;2.87;1
101518;4.06;1
101519;3.41;1
101530;6.79;1
101532;0.98;1
101539;4.55;1
101548;1.58;1
101549;37.30;100
101550;15.43;1
101551;15.43;1
101553;3.12;1
101554;6.50;1
101555;3.12;1
101556;3.12;1
101557;3.12;1
101558;3.12;1
101559;3.12;1
101560;3.12;1
101561;0.68;1
101562;3.30;1
101563;3.21;1
101571;6.46;1
101572;4.73;1
101579;3.23;1
101587;3.23;1
101588;3.86;1
101589;5.36;1
101590;3.23;1
101591;3.86;1
101592;5.36;1
101596;3.86;1
101597;4.46;1
101598;5.88;1
101599;5.32;1
101600;5.37;1
101601;5.71;1
101610;1.53;1
101652;6.79;1
101653;124.07;1
101655;13.13;100
101656;5.63;1
101662;97.27;1
101665;258.19;1
101680;8.31;1
101681;9.65;1
101682;9.86;1
101684;1.38;1
101685;1.78;1
101686;1.78;1
101687;3.42;1
101688;1.38;1
101689;0.68;1
101691;0.68;1
101714;3.11;1
101752;16.75;1
101753;14.28;1
101754;17.69;1
101755;14.28;1
101756;17.69;1
101757;16.59;1
101763;1.38;1
101764;0.79;1
101765;9.49;1
101766;9.62;1
101767;12.30;1
101769;4.72;1
101795;19.07;1
101796;15.38;1
101797;16.29;1
101799;3.69;1
101828;24.03;1
101829;24.03;1
101835;43.20;1
101841;43.20;1
101843;43.95;1
101845;43.95;1
101851;43.20;1
101853;61.21;1
101856;13.25;1
101864;43.95;1
101879;2.40;1
101883;13.25;1
101909;6.45;1
101910;7.96;1
101911;0.79;1
101913;8.11;1
101914;8.52;1
101915;8.92;1
101916;9.30;1
101917;8.19;1
101918;8.60;1
101919;8.96;1
101920;9.33;1
101939;4.74;1
101987;7.27;1
101988;5.69;1
102053;8.88;1
102054;8.94;1
102055;9.00;1
102056;9.15;1
102057;8.88;1
102058;8.94;1
102059;9.00;1
102060;9.15;1
102061;9.60;1
102062;9.67;1
102063;9.74;1
102064;9.90;1
102065;9.60;1
102066;9.67;1
102067;9.74;1
102068;9.90;1
102069;9.27;1
102070;9.31;1
102071;9.42;1
102072;9.46;1
102073;9.27;1
102074;9.31;1
102075;9.42;1
102076;9.46;1
102133;4.01;1
102134;3.74;1
102135;2.87;1
102137;4.81;1
102138;3.63;1
102139;6.71;1
102140;7.18;1
102141;7.18;1
102142;2.64;1
102143;2.72;1
102144;3.14;1
102145;3.23;1
102146;3.32;1
102147;3.30;1
102148;3.50;1
102149;3.43;1
102151;4.48;1
102152;4.79;1
102155;18.65;1
102158;4.90;1
102159;6.39;1
102160;5.19;1
102161;1.78;1
102163;73.69;100
102165;2.01;1
102166;6.34;1
102171;44.87;1
102172;44.87;1
102173;7.07;1
102181;15.83;1
102182;16.31;1
102183;17.30;1
102184;18.12;1
102185;9.25;1
102186;9.31;1
102187;9.36;1
102188;9.53;1
102189;9.25;1
102190;9.31;1
102191;9.36;1
102192;9.53;1
102206;46.96;1
102207;46.96;1
102219;4.36;1
102233;3.30;1
102234;3.30;1
102237;10.67;1
102238;10.67;1
102239;10.67;1
102240;10.67;1
102241;10.67;1
102248;12.70;1
102249;15.54;1
102251;4.64;1
102252;5.37;1
102253;4.91;1
102254;7.25;1
102255;4.95;1
102256;7.29;1
102257;17.04;1
102258;18.75;1
102259;17.15;1
102260;17.46;1
102261;12.13;1
102262;12.13;1
102263;3.86;1
102264;5.36;1
102268;31.75;1
102270;1.78;1
102271;1.78;1
102280;6.38;1
102293;15.58;1
102301;14.97;1
102302;14.97;1
102315;4.58;1
102316;4.58;1
102317;5.03;1
102332;4.07;1
102333;13.75;1
102337;9.61;1
102338;10.02;1
102339;10.45;1
102340;10.74;1
102342;4.90;1
10235;3.72;1
102352;6.62;1
102368;6.86;1
102372;6.07;1
102374;5.13;1
102376;3.97;1
102377;2.14;1
102395;9.88;1
102405;8.70;1
102406;8.70;1
102427;10.84;1
102431;4.97;1
102445;17.26;1
102446;4.98;1
102447;5.10;1
102448;2.31;1
102449;2.52;1
102469;5.50;1
102470;12.47;1
102471;12.47;1
102473;5.65;1
102475;4.42;1
102476;5.59;1
102477;4.77;1
102480;5.00;1
102481;5.27;1
102483;5.17;1
102490;4.62;1
102491;4.00;1
102501;3.64;1
102509;4.90;1
102510;4.93;1
102512;5.00;1
102520;15.59;1
102522;17.09;1
102524;17.27;1
102525;12.89;1
102526;12.89;1
102527;3.23;1
102545;3.09;1
102550;54.61;100
102551;58.84;100
102558;7.41;1
102574;10.11;1
102636;4.93;1
102645;13.15;1
102669;5.33;1
102686;9.70;1
102687;9.70;1
102688;7.74;1
102689;7.74;1
102690;9.74;1
102691;9.74;1
102692;11.63;1
102693;11.63;1
102730;34.53;1
102731;6.31;1
102740;27.13;1
102741;27.13;1
102842;33.79;1
102843;33.79;1
102846;34.90;1
102847;34.90;1
102851;33.79;1
102852;11.32;1
102859;14.46;1
102867;4.74;1
102872;4.55;1
102879;5.03;1
102880;3.27;1
102885;13.54;1
102886;4.35;1
102888;10.42;1
102889;14.41;1
102890;15.43;1
102944;4.83;1
102945;10.43;1
102946;9.57;1
102947;11.23;1
102948;1.64;1
102949;3.01;1
102950;4.83;1
102951;4.83;1
102952;80.19;1
102953;85.56;1
102956;89.35;1
102998;6.69;1
103001;15.62;1
103002;10.39;1
103045;94.74;1
103060;85.55;100
103063;57.47;1
103064;57.47;1
103065;70.41;1
103066;70.41;1
103067;172.34;1
103068;172.34;1
103069;201.87;1
103070;201.87;1
103071;110.63;1
103073;50.62;1
103074;50.62;1
103075;51.80;1
103076;51.80;1
103077;51.80;1
103080;5.60;1
103098;37.28;1
103099;6.98;1
103111;24.17;100
103140;11.90;1
103141;9.41;1
103143;6.25;1
103157;29.28;1
103169;7.31;1
103170;11.86;1
103171;17.56;1
103172;16.96;1
103178;15.63;1
103179;9.79;1
103180;4.83;1
103181;19.20;1
103201;10.18;1
103202;12.09;1
103239;18.10;1
103261;6.17;1
103288;11.44;1
103289;11.44;1
103290;4.77;1
103302;19.21;1
103303;13.35;1
103318;12.71;1
103319;14.05;1
103320;2.44;1
103321;91.67;1
103339;15.34;1
103340;18.52;1
103342;9.95;1
103345;17.96;1
103354;8.75;1
103355;8.75;1
103356;8.67;1
103357;8.67;1
103358;9.76;1
103359;9.76;1
103364;10.97;1
103365;10.97;1
103368;9.02;1
103369;9.02;1
103370;8.93;1
103371;8.93;1
103394;3.27;1
103395;3.27;1
103413;6.74;1
103421;5.33;1
103424;18.20;1
103559;65.45;1
103560;65.45;1
103566;37.16;1
103567;37.28;1
103568;37.16;1
103583;24.28;1
103585;9.26;1
103586;9.63;1
103587;10.00;1
10359;24.30;1
103623;6.54;1
103624;7.94;1
103625;8.00;1
103626;8.47;1
103629;43.20;1
103631;42.84;1
103632;46.67;1
103633;57.47;1
103634;52.25;1
103638;46.67;1
103639;57.47;1
103640;52.25;1
103644;46.67;1
103645;57.47;1
103646;52.25;1
103650;46.67;1
103651;57.47;1
103652;52.25;1
103656;48.18;1
103662;55.41;1
103666;86.75;1
103667;94.33;1
103668;86.75;1
103669;94.33;1
103670;94.33;1
103674;86.75;1
103675;94.33;1
103676;94.33;1
103690;4.96;1
103772;52.99;1
103773;52.99;1
103783;5.19;1
103786;38.82;1
10380;34.14;1
103808;81.32;1
10381;43.99;1
103814;46.67;1
103815;57.47;1
103816;52.25;1
10382;43.99;1
103820;60.98;1
103826;85.36;1
103827;108.47;1
103828;94.33;1
10383;53.34;1
103832;3.24;1
103833;3.24;1
103834;3.33;1
103835;17.04;1
103836;18.74;1
103837;18.74;1
103838;18.74;1
103839;18.74;1
10384;53.34;1
103840;18.74;1
103841;18.74;1
103843;40.65;1
10385;67.26;1
10386;67.26;1
10387;73.84;1
103874;3.32;1
103875;3.32;1
10389;73.84;1
10390;88.96;1
10391;88.96;1
103976;9.83;1
104010;5.25;100
104024;3.24;1
104033;5.11;1
104034;4.82;1
104035;4.73;1
104036;5.14;1
104037;4.54;1
104053;5.16;1
104054;5.61;1
104055;4.96;1
104056;4.95;1
104057;5.37;1
104061;1.02;1
104062;1.02;1
104065;1.02;1
104066;1.02;1
104067;1.02;1
104068;1.02;1
104073;92.01;1
104083;13.54;1
104084;22.09;1
104085;78.78;1
104105;12.71;1
104114;12.71;1
104130;100.05;1
104134;77.62;1
104167;3.24;1
104176;8.17;1
104204;69.07;1
104206;2.22;1
104209;6.65;1
104213;4.91;1
104247;46.70;1
104248;57.47;1
104249;52.25;1
104256;0.80;1
104296;7.18;1
104304;18.93;1
104305;19.89;1
104346;21.92;100
104348;28.46;100
104351;45.12;100
104385;26.70;1
104386;21.02;1
104388;113.24;1
104548;11.69;100
104570;0.79;1
104617;5.36;1
104621;90.15;1
104624;5.03;1
104625;7.28;1
104652;7.45;1
104653;41.17;1
104654;5.26;1
104666;73.05;1
104667;44.74;1
104668;92.76;1
104669;19.68;1
104674;58.87;1
104678;122.08;1
104681;23.96;1
104682;49.68;1
104683;7.93;1
104684;7.93;1
104685;9.72;1
104686;9.72;1
104687;10.58;1
104689;10.58;1
104690;5.12;1
104709;76.70;1
104717;191.67;1
104732;7.61;1
104739;8.28;1
104779;13.96;1
104780;13.96;1
104781;6.35;1
104782;5.14;1
104783;51.01;1
104784;51.01;1
104785;4.36;1
104786;4.71;1
104787;4.77;1
104788;8.75;1
104789;11.71;1
104790;1.18;1
104791;3.02;1
104792;2.17;1
104793;3.67;1
104794;12.13;1
104795;74.73;100
104796;74.70;100
104797;77.82;100
104798;79.31;100
104799;1.21;1
104821;2.12;1
104822;14.82;1
104823;14.82;1
104826;2.70;1
104827;3.36;1
104828;3.36;1
104829;3.36;1
104830;7.03;1
104831;7.93;1
104832;8.87;1
104842;10.10;1
104843;4.31;1
104844;4.31;1
104845;11.21;1
104846;11.21;1
104852;43.66;1
104862;86.83;1
104863;12.35;1
104873;78.38;1
104928;7.91;1
104929;7.91;1
104941;28.21;100
104942;0.76;1
104996;4.97;1
105241;3.12;1
105242;4.47;1
105243;5.80;1
105248;5.15;1
105249;7.68;1
105260;46.67;1
105273;6.82;1
105299;30.02;1
105300;31.51;1
105301;67.64;1
105305;30.80;1
105306;32.33;1
105316;45.06;100
10534;2.04;1
10535;5.65;1
105359;122.06;1
105360;122.06;1
105361;21.73;1
105362;32.88;100
105381;111.42;1
105382;129.89;1
105383;134.75;1
105385;22.21;1
105386;22.21;1
105387;42.05;1
105388;24.25;1
105389;24.25;1
105390;39.75;1
105391;21.81;1
105392;21.81;1
105393;39.47;1
105397;6.98;1
105398;6.98;1
105428;23.33;1
105429;23.52;1
105434;132.41;1
105444;6.98;1
105445;6.98;1
105446;6.98;1
105447;6.98;1
105448;6.98;1
105449;6.98;1
105450;6.98;1
105451;6.98;1
105452;6.98;1
105453;6.98;1
105454;6.98;1
105455;6.98;1
105456;6.98;1
105457;6.98;1
105477;13.37;1
105478;13.37;1
105486;72.51;1
105507;23.75;1
105508;49.61;1
105509;54.91;1
105510;12.16;1
105512;331.91;1
105533;15.05;1
105541;44.31;1
105542;2.70;1
105578;10.08;1
105582;116.44;1
105587;6.74;1
105646;20.40;1
105648;14.82;1
105649;20.43;1
105650;20.40;1
105661;16.62;1
105663;16.62;1
105665;11.96;1
105666;16.62;1
105667;16.62;1
105672;11.96;1
105673;16.62;1
105674;16.62;1
105677;14.70;1
105679;10.35;1
105680;14.34;1
105681;14.70;1
105700;39.76;1
105701;42.04;1
105703;10.88;1
105704;6.66;1
105705;16.24;1
105707;18.23;1
105739;7.21;1
105740;7.21;1
105743;5.03;1
105746;2.44;1
105748;2.44;1
105760;11.65;1
105761;11.65;1
105762;21.00;1
105774;18.74;1
105775;18.74;1
105777;18.74;1
105782;12.37;1
105783;12.37;1
105784;10.64;1
105785;10.64;1
105789;6.28;1
105800;30.48;100
105801;30.48;100
105802;30.48;100
105803;9.55;1
105804;0.97;1
105819;41.42;1
105820;41.42;1
105833;0.91;1
105834;0.91;1
105846;63.76;1
105847;63.76;1
10585;1.59;1
105855;155.66;1
105858;69.61;1
105859;3.94;1
10586;1.66;1
105864;5.76;1
105865;5.97;1
105867;3.52;1
10587;16.81;1
105872;44.62;1
105873;58.17;1
105875;89.78;1
105876;116.94;1
105878;25.89;1
105879;31.86;1
105881;19.16;1
105882;23.58;1
105884;20.20;1
105885;26.06;1
105887;1.31;1
105889;6.91;1
105890;6.91;1
105891;8.19;1
105892;8.19;1
105893;8.19;1
105894;8.19;1
105895;10.02;1
105896;10.02;1
105897;17.37;1
105898;17.37;1
105905;19.07;1
105906;16.62;1
105908;51.19;1
105909;51.19;1
105910;52.83;1
105911;52.83;1
105912;53.82;1
105913;53.82;1
105914;8.99;1
105915;8.99;1
105919;21.63;1
105924;82.83;1
105927;107.77;1
105939;11.86;1
105946;86.73;1
105956;5.93;1
105958;6.19;1
105959;6.30;1
105961;6.30;1
105963;7.16;1
105964;9.82;1
105965;8.16;1
105966;3.15;1
105967;9.63;1
105968;9.19;1
105969;9.63;1
105970;9.19;1
105971;9.63;1
105973;135.84;1
105974;149.05;1
105975;151.10;1
105978;120.61;1
105979;200.82;1
105980;66.59;1
105981;33.00;1
105982;37.09;1
105983;122.53;1
105984;172.40;1
105986;172.40;1
105988;28.09;1
105989;63.99;1
10599;2.98;1
105990;63.99;1
105991;37.90;1
105992;17.95;1
105993;17.95;1
105994;15.12;1
105995;15.28;1
105998;9.07;1
105999;12.15;1
10600;2.98;1
106000;7.25;1
106001;9.00;1
106004;17.14;1
106005;18.17;1
106006;23.63;1
106007;23.21;1
106008;26.20;1
106009;25.75;1
106010;6.63;1
106011;6.54;1
106012;28.75;1
106013;22.35;1
106014;34.62;1
106015;3.20;1
106016;4.66;1
106017;51.36;1
106018;10.58;100
106019;9.01;100
106020;10.47;100
106021;13.64;100
106022;10.37;100
106023;9.56;100
106024;1.82;1
106025;18.60;100
106026;17.59;100
106027;15.87;100
106028;12.38;100
106029;17.59;100
106032;5.36;1
106033;4.63;1
106034;14.82;1
106035;7.90;1
106040;21.05;1
106041;21.05;1
106042;21.05;1
106043;21.05;1
106044;21.05;1
106045;21.05;1
106046;21.05;1
106047;15.17;1
106048;15.17;1
106050;15.12;1
106051;68.19;1
106052;75.32;1
106054;6.73;1
106055;159.78;1
106056;159.78;1
106057;265.42;1
106058;40.54;1
106059;40.54;1
10606;5.35;1
106060;29.04;1
106061;29.04;1
106062;48.51;1
106063;48.51;1
106064;25.76;1
106066;2.09;1
106067;51.36;1
106068;1.12;1
106073;25.76;1
106074;25.76;1
106075;42.31;1
10608;3.07;1
106082;15.17;1
106083;18.13;1
106091;6.94;1
106095;15.28;1
106096;15.12;1
106097;15.28;1
106099;3.63;1
10610;5.35;1
106100;9.72;1
106101;9.72;1
106113;115.01;1
106116;31.80;1
106117;31.80;1
106118;27.70;1
106119;37.38;1
10612;3.07;1
106120;37.38;1
106121;37.08;1
106122;37.08;1
106123;53.91;1
106124;48.21;1
106125;48.21;1
106126;49.72;1
106127;58.24;1
106128;58.24;1
106129;74.62;1
10613;1.38;1
106130;65.85;1
106131;65.85;1
106132;79.87;1
106133;74.48;1
106134;74.48;1
106135;108.67;1
106136;30.31;1
106137;30.31;1
106138;25.46;1
106139;36.40;1
10614;3.42;1
106140;36.40;1
106143;5.63;1
106144;5.63;1
106145;13.97;1
106146;15.19;1
106147;12.91;1
106148;61.04;1
106149;61.04;1
10615;1.02;1
106156;18.13;1
106157;15.12;1
106158;3.27;1
106159;3.27;1
106164;15.28;1
106165;15.12;1
106166;22.53;1
106167;15.12;1
106168;15.12;1
10617;4.13;1
106177;43.59;1
106178;43.59;1
106179;15.36;1
10618;4.13;1
106180;15.36;1
10620;0.68;1
106204;15.17;1
106223;3.65;1
106224;2.30;1
106225;2.30;1
106241;25.52;1
106242;9.04;1
106243;9.04;1
106247;149.45;1
106249;10.67;1
106258;3.65;1
106271;43.50;1
106272;43.50;1
106273;57.91;1
106281;62.90;1
106282;62.90;1
106283;85.43;1
106285;9.09;1
106286;9.09;1
106287;25.67;1
106293;37.30;1
106358;54.24;1
106359;51.65;1
106360;47.37;1
106361;46.37;1
106362;55.32;1
106363;47.30;1
106364;47.30;1
106365;62.38;1
106373;5.03;1
106374;4.57;1
106375;5.76;1
106385;5.02;1
106386;0.60;1
106393;54.59;1
10703;4.98;1
10706;14.53;1
10711;18.94;1
10713;44.08;1
10714;45.74;1
107171;3.06;1
10720;19.93;1
10721;10.88;1
10722;10.88;1
10735;11.22;1
10737;7.48;1
10757;1.18;1
10759;3.43;1
10791;5.22;1
10795;9.37;1
10804;3.30;1
108041;4.93;1
108044;5.48;1
108050;8.17;1
108302;20.22;1
108305;24.51;1
108308;20.22;1
108329;7.37;1
108335;9.12;1
108410;8.19;1
108413;8.46;1
108419;11.18;1
108422;11.56;1
108428;13.65;1
108431;14.12;1
108455;34.46;1
10859;3.61;1
10860;2.54;1
10862;2.74;1
10865;2.62;1
10867;2.83;1
10868;3.02;1
10870;3.27;1
10871;3.11;1
108716;44.78;1
108728;44.44;1
10873;3.36;1
10874;3.19;1
10876;3.45;1
10890;1.73;1
10891;1.73;1
10892;2.14;1
10893;2.14;1
10898;8.46;100
10901;12.97;1
10902;12.97;1
10920;3.30;1
10928;0.90;1
10943;3.26;1
10944;3.03;1
10945;3.30;1
10976;44.94;1
10978;62.01;1
10992;2.94;1
11011;51.13;1
11012;60.49;1
11013;69.79;1
11025;94.74;1
11026;2.48;1
11027;3.11;1
11029;5.59;1
11032;10.76;1
11052;0.90;1
11072;19.07;1
11073;19.07;1
11074;19.07;1
11075;14.41;1
11100;0.68;1
11101;3.42;1
11111;0.68;1
111455;30.72;1
11153;1.96;1
11154;80.43;100
11155;66.71;100
11156;5.31;1
11185;4.23;100
11186;6.54;100
11195;7.52;1
11202;3.66;1
11203;3.62;1
11207;44.61;100
11208;44.61;100
11237;14.82;1
11238;14.38;1
11239;15.86;1
11241;13.00;1
11242;18.24;1
11243;4.16;1
11244;5.23;1
11248;7.40;1
11249;7.40;1
11251;14.14;1
11252;14.14;1
11262;3.72;1
11280;31.79;1
11316;15.74;1
11411;14.82;1
11412;14.38;1
11413;15.86;1
11415;13.00;1
11416;15.86;1
11420;13.00;1
11421;15.86;1
11429;3.99;1
11431;44.61;100
11432;53.07;100
11433;57.30;100
11434;6.54;100
11459;3.99;1
11470;1.87;1
11471;3.25;1
11472;2.85;1
11473;2.85;1
11505;14.82;1
11506;15.86;1
11507;18.24;1
11508;14.82;1
11509;14.38;1
11520;15.86;1
11521;15.86;1
11523;14.82;1
11531;16.54;1
11532;13.00;1
11534;15.86;1
11535;15.86;1
11540;14.82;1
11541;14.38;1
11583;3.26;1
11659;46.65;1
11781;2.61;1
11804;6.79;1
11888;94.74;1
11889;94.74;1
12067;2.69;1
12068;2.69;1
12069;6.09;1
12070;6.57;1
123437;9.12;1
12360;10.25;1
12361;10.25;1
12381;14.62;1
12387;2.06;1
12388;3.92;1
12472;21.54;100
12473;27.69;100
12474;32.31;100
12506;9.23;1
12537;2.08;1
12545;63.84;100
12577;33.07;100
12578;31.54;100
12579;31.54;100
127652;16.49;100
12949;1.64;1
12960;60.76;100
12961;63.46;100
13003;4.76;1
13004;4.76;1
13009;11.90;1
13029;9.23;1
130391;7.27;100
13058;3.67;1
13059;3.77;1
13060;3.89;1
13065;3.67;1
13068;1.27;1
13074;2.71;1
13095;4.68;1
13096;4.68;1
13110;3.41;1
13111;4.11;1
13130;3.74;1
13168;16.78;1
13169;17.80;1
13170;18.64;1
13235;71.30;100
13236;71.30;100
13267;5.50;1
13273;5.74;1
13308;3.58;1
13318;1.56;1
13322;31.02;1
13323;38.10;1
13324;49.92;1
13325;57.21;1
13326;63.62;1
13327;103.58;100
13328;103.58;100
13343;85.32;1
13344;85.90;1
13354;65.99;100
13355;65.99;100
133586;85.20;1
133937;22.54;1
133940;27.33;1
133943;22.79;1
133958;8.66;1
134060;24.52;1
134063;29.74;1
134066;24.52;1
134072;24.52;1
139436;56.11;1
139445;56.11;1
14000;1.95;1
14003;2.03;1
14008;3.07;1
14011;3.20;1
14017;6.12;1
14019;6.86;1
14021;2.08;1
14022;12.69;100
14024;2.31;1
14025;2.16;1
14026;1.00;1
14027;4.28;1
14030;4.28;1
14033;4.23;1
14034;5.97;1
14036;3.60;1
14040;3.86;1
14044;10.62;1
14048;11.26;1
14052;4.18;1
14056;4.18;1
14060;4.49;1
14064;4.36;1
14068;3.53;1
14072;5.04;1
14074;3.02;1
14076;1.73;1
14080;4.18;1
14084;4.18;1
14088;3.91;1
14090;3.58;1
14092;3.95;1
14094;4.81;1
14096;2.77;1
14100;10.54;1
14120;4.78;1
14128;6.96;1
14132;6.96;1
14136;2.22;1
14140;2.42;1
14142;5.83;1
14144;2.98;1
14146;6.39;1
14148;3.57;1
14150;4.43;1
14151;10.16;1
14154;4.25;1
14166;13.71;1
14170;5.97;1
14174;13.40;1
14176;94.28;100
14204;5.03;1
14206;6.18;1
14208;5.26;1
14210;1.66;1
14212;3.34;1
14214;71.64;100
14216;3.27;1
14224;15.84;1
14228;16.80;1
14232;17.59;1
14248;3.19;1
14252;3.83;1
14268;3.31;1
14312;5.04;1
14316;3.77;1
14336;3.59;1
14340;10.71;1
14344;4.40;1
14348;4.40;1
14356;3.54;1
14360;4.57;1
14364;4.94;1
14384;4.63;1
14462;3.49;1
14466;4.83;1
14470;5.14;1
14474;3.13;1
14501;18.90;1
14503;20.02;1
14504;19.69;1
14506;20.87;1
14507;20.81;1
14509;22.04;1
14510;21.03;1
14512;22.28;1
14513;6.85;1
14533;0.90;1
14604;22.85;1
14605;17.29;1
14607;22.85;1
14653;42.58;1
14687;42.58;1
14721;15.86;1
14727;16.61;1
14755;18.29;1
14756;16.61;1
14757;14.95;1
14759;17.03;1
14764;14.95;1
14767;17.03;1
149395;89.19;1
149401;80.33;1
149413;175.94;1
156737;19.02;1
168809;26.36;1
168812;27.28;1
168821;36.48;1
168839;13.04;1
168842;13.49;1
168851;16.50;1
168869;8.79;1
168872;9.09;1
168881;12.16;1
170759;52.35;1
170786;60.67;1
170795;43.72;1
171035;9.20;1
171038;9.47;1
171044;15.57;1
172864;14.94;1
173002;31.18;1
173005;32.15;1
173008;43.87;1
173056;19.73;1
173059;20.34;1
173062;28.28;1
173083;38.75;1
173086;39.99;1
173089;41.59;1
173272;21.58;1
173323;14.67;1
173326;20.65;1
173329;38.41;1
173353;69.56;1
173368;57.94;1
173416;56.03;1
173419;57.94;1
173422;60.43;1
175344;48.48;1
175347;48.48;1
175350;58.77;1
175353;48.67;1
175356;48.67;1
175359;59.01;1
175362;50.57;1
175365;50.57;1
175368;61.30;1
175371;52.76;1
175374;52.76;1
175377;63.95;1
176337;9.35;100
179507;27.77;1
179608;12.85;1
179611;12.85;1
184307;33.04;1
184313;36.85;1
184319;40.66;1
184325;44.47;1
184578;4.57;1
184581;17.96;1
184584;23.11;1
184587;37.60;1
184695;8.21;1
184707;4.50;1
184725;6.97;1
184737;6.97;1
184767;4.72;1
184779;4.72;1
184785;4.72;1
184797;4.73;1
185188;12.85;1
186934;2.81;1
186955;20.24;1
187477;2.23;1
187480;2.23;1
188708;31.77;1
189481;4.73;1
189487;6.97;1
190510;20.15;1
190513;20.15;1
190516;19.06;1
190519;19.06;1
190588;4.72;1
193720;82.86;1
193953;312.52;1
193956;322.23;1
193959;334.70;1
193962;442.91;1
193965;456.66;1
193968;474.34;1
194124;76.51;1
194130;76.51;1
195419;30.07;1
195425;33.54;1
195431;37.01;1
196202;27.72;1
196538;2.90;1
197764;21.76;1
197767;21.76;1
198948;81.97;1
199402;8.31;1
199408;8.31;1
200543;44.47;100
200906;2.28;1
200981;7.84;1
200982;7.84;1
200983;5.21;1
200984;6.98;1
200985;7.74;1
200986;8.75;1
200987;9.51;1
201016;1.83;1
201017;1.83;1
201168;0.90;1
201184;8.61;1
201313;1.30;1
201314;1.38;1
201499;3.31;1
201601;1.65;1
201730;1.54;1
201731;1.73;1
201732;1.96;1
201733;2.21;1
201734;2.45;1
201735;2.51;1
201736;2.66;1
201737;2.95;1
201738;3.24;1
201739;3.57;1
201740;4.46;1
201741;4.46;1
201742;4.23;1
201743;2.95;1
201744;3.24;1
201745;3.57;1
201746;1.70;1
201747;2.29;1
201748;3.48;1
201749;5.91;1
201750;2.17;1
201751;1.10;1
201752;1.26;1
201753;1.69;1
201754;2.40;1
201755;2.55;1
201785;3.67;1
201813;1.66;1
201814;1.65;1
201815;1.68;1
201816;1.75;1
201821;2.09;1
201822;2.09;1
201823;2.25;1
201824;2.25;1
201827;2.79;1
201828;2.79;1
201829;3.00;1
201830;3.00;1
201833;1.96;1
201834;2.17;1
201835;2.38;1
201836;3.17;1
201837;3.97;1
201838;4.51;1
201839;5.07;1
201840;1.47;1
201841;1.69;1
201842;5.54;1
201843;6.29;1
201844;7.07;1
201851;8.12;1
201853;0.95;1
201854;0.95;1
201855;1.02;1
201856;1.02;1
201857;1.27;1
201858;1.27;1
201861;3.22;1
201862;3.45;1
201863;3.45;1
201866;4.41;1
201867;4.41;1
202049;4.01;1
202054;4.01;1
202068;2.56;1
202070;4.01;1
202133;4.85;1
202170;2.11;1
202171;3.21;1
202172;4.21;1
202205;6.05;1
202206;2.37;1
202207;3.14;1
202208;3.43;1
202209;3.72;1
202210;2.68;1
202211;2.94;1
202212;3.19;1
202213;3.79;1
202214;4.14;1
202215;4.50;1
202216;4.80;1
202217;8.11;1
202218;9.08;1
202219;4.15;1
202220;5.12;1
202221;5.78;1
202223;1.55;1
202224;1.53;1
202225;1.57;1
202226;1.64;1
202251;2.02;1
202252;2.79;1
202269;2.87;1
202270;0.81;1
202271;0.69;1
202275;3.56;1
202311;1.65;1
202316;13.86;1
202317;14.67;1
202318;17.67;1
202319;19.00;1
202338;16.81;1
202344;2.73;1
202366;1.67;1
202471;2.42;1
202472;6.79;1
202473;8.67;1
202475;7.19;1
202491;2.37;1
202492;3.24;1
202493;2.91;1
202494;4.71;1
202495;4.23;1
202497;5.45;1
202533;0.72;1
202534;0.72;1
202535;0.72;1
202536;0.72;1
202537;0.72;1
202539;1.08;1
202541;0.77;1
202542;0.77;1
202543;0.77;1
202544;0.77;1
202545;0.77;1
202581;0.98;1
202588;3.70;1
202623;80.87;1
202624;32.57;1
202625;45.13;1
202626;41.20;1
202628;42.40;1
202630;41.20;1
202641;42.67;1
202705;7.20;1
202706;9.42;1
202708;11.98;1
202709;12.76;1
202710;14.03;1
202737;5.90;1
202738;6.65;1
202739;4.57;1
202747;7.21;1
202751;1.12;1
202843;3.56;1
202848;0.77;1
202867;1.24;1
202873;1.84;1
202879;2.17;1
202880;2.17;1
202922;1.72;1
202923;1.72;1
202924;1.85;1
202925;1.85;1
202926;2.30;1
202927;2.30;1
202928;1.97;1
202929;1.97;1
20293;5.33;1
202930;2.12;1
202931;2.12;1
202932;2.64;1
202933;2.64;1
203001;427.16;1
203004;440.44;1
203010;464.94;1
203013;479.39;1
203028;592.56;1
203031;610.97;1
203059;2.02;1
203075;1.50;1
203076;2.19;1
203082;46.65;1
203152;46.65;1
203170;46.59;1
203181;40.69;1
203192;14.99;1
203194;14.38;1
203206;17.38;1
203215;14.38;1
203216;15.86;1
203217;14.82;1
203222;14.38;1
203223;15.86;1
203230;17.38;1
203231;16.25;1
203296;19.52;1
203304;23.18;1
203305;27.79;1
203306;29.52;1
203307;23.18;1
203308;23.82;1
203309;27.79;1
203310;27.79;1
203311;27.79;1
203316;40.36;1
203318;46.70;1
203319;40.36;1
203321;44.98;1
203322;44.98;1
203329;42.26;100
203436;10.18;1
203480;2.45;1
203482;2.03;1
203496;1.78;1
203502;8.64;1
203503;8.64;1
203551;3.56;1
203552;3.56;1
203696;27.65;1
203697;4.21;1
203698;4.21;1
203699;4.21;1
203765;4.05;1
203766;1.92;1
203767;1.92;1
203768;1.47;1
203769;1.59;1
203771;5.15;1
203784;9.17;1
203785;9.17;1
203786;9.17;1
203787;9.17;1
203788;9.17;1
203790;18.06;1
203791;20.31;1
203792;20.31;1
203797;44.45;1
203809;3.24;1
203810;4.62;1
203828;26.70;1
203829;29.86;1
203830;31.43;1
203831;33.01;1
203832;34.58;1
203833;36.17;1
203834;27.65;1
203835;29.86;1
203836;31.43;1
203837;33.01;1
203838;34.58;1
203839;36.17;1
203844;53.47;1
203847;1.81;1
203848;1.81;1
203861;23.83;1
203862;23.83;1
203888;28.55;1
203889;27.79;1
203890;17.75;1
203893;51.08;1
203894;41.38;1
203895;35.51;1
203896;35.51;1
203897;35.51;1
203900;45.13;1
203901;41.38;1
203902;42.40;1
203903;44.91;1
203904;41.20;1
203918;28.57;1
203961;41.11;1
204033;10.29;1
204039;56.89;100
204047;1.76;1
204062;3.31;1
204063;3.56;1
204067;3.56;1
204071;3.56;1
204115;2.41;1
204116;2.41;1
204117;1.10;1
204118;1.10;1
204120;3.56;1
204121;4.01;1
204142;2.38;1
204245;2.74;1
204249;2.97;1
204265;1.12;1
204301;29.92;1
204404;2.97;1
204407;1.32;1
204408;0.91;1
204409;1.26;1
204410;2.38;1
204417;1.46;1
204418;1.10;1
204419;1.26;1
204420;1.68;1
204423;2.44;1
204424;2.67;1
204426;3.75;1
204436;1.97;1
204437;1.97;1
204438;2.27;1
204439;2.27;1
204443;2.24;1
204445;2.39;1
204447;2.78;1
204771;17.92;1
204772;10.79;1
204773;3.68;1
204774;12.91;1
204775;7.12;1
204776;20.74;1
204779;58.47;100
204808;2.42;1
204827;2.53;1
204828;2.70;1
204829;3.12;1
204830;3.35;1
204831;1.53;1
204832;1.65;1
204833;1.76;1
204834;2.05;1
20506;3.41;1
205152;3.25;1
205177;3.24;1
205464;10.39;1
205465;9.29;1
205472;10.50;1
205473;9.40;1
205479;11.63;1
205480;10.61;1
205487;9.51;1
205488;11.74;1
205489;10.72;1
205490;10.83;1
205491;9.84;1
205492;10.94;1
205493;12.07;1
20550;17.81;1
205513;3.79;1
205514;5.41;1
205515;6.56;1
205516;8.30;1
205517;3.88;1
205518;5.53;1
205520;7.69;1
205523;8.38;1
205525;3.96;1
205529;4.04;1
205530;5.76;1
205531;9.65;1
205532;7.57;1
205533;9.54;1
205534;5.65;1
205535;7.80;1
205536;9.77;1
205537;7.92;1
205538;9.89;1
205539;4.12;1
205540;4.21;1
205541;6.65;1
205542;2.03;1
205543;3.08;1
205544;4.03;1
205545;3.80;1
205546;1.88;1
205547;2.09;1
205548;2.29;1
205549;3.04;1
205550;4.33;1
205551;4.86;1
205563;34.10;100
205571;19.31;1
205602;16.94;1
205623;21.76;1
205624;19.62;1
205627;17.24;1
205628;22.08;1
205629;19.93;1
205630;22.39;1
205631;20.24;1
205632;22.70;1
205633;20.56;1
205634;23.01;1
205635;20.86;1
205636;23.32;1
205643;6.29;1
205644;3.61;1
205649;13.02;1
205664;5.93;1
205665;5.93;1
205670;13.44;1
205671;13.72;1
205672;14.00;1
205673;14.29;1
205674;18.09;1
205675;18.37;1
205717;4.44;1
205774;56.89;100
205775;1.64;1
205921;60.17;100
205933;3.01;1
205934;4.23;1
205940;3.33;1
205941;3.89;1
205962;1.06;1
205964;2.45;1
205965;2.64;1
205966;3.54;1
205967;4.31;1
205968;4.62;1
205970;2.07;1
205971;4.22;1
205972;5.53;1
205995;6.79;1
206049;27.44;1
206067;52.22;1
206073;52.42;1
206074;52.42;1
206075;63.84;1
206076;63.84;1
206077;1.24;1
206106;13.08;1
206107;8.17;1
206108;8.19;1
206113;34.69;100
206114;34.69;100
206143;0.90;1
206153;17.56;1
206155;18.18;1
206163;7.62;1
206165;7.62;1
206174;12.02;1
206190;4.77;1
206196;0.82;1
206197;2.00;1
206200;2.02;1
206207;1.87;1
206230;40.43;1
206231;2.76;1
206260;41.05;1
206268;9.65;1
206269;11.55;1
206270;14.00;1
206271;18.44;1
206274;11.58;1
206275;11.58;1
206276;11.58;1
206277;11.58;1
206278;11.58;1
206279;11.58;1
206280;11.58;1
206281;11.58;1
206284;11.03;1
206285;11.03;1
206286;12.61;1
206287;12.61;1
206288;12.61;1
206289;12.61;1
206290;12.61;1
206291;12.61;1
206292;12.61;1
206293;12.61;1
206308;5.88;1
206309;8.04;1
206310;10.00;1
206315;6.95;1
206327;5.71;1
206328;5.71;1
206335;5.08;1
206336;5.08;1
206337;5.08;1
206340;6.20;1
206349;6.12;1
206350;6.12;1
206351;6.12;1
206352;6.12;1
206357;6.26;1
206358;6.26;1
206360;6.26;1
206399;11.51;1
206400;11.85;1
206401;11.96;1
206402;9.62;1
206403;9.73;1
206417;6.91;1
206438;1.50;1
206439;1.50;1
206454;17.43;1
206455;3.16;1
206497;3.57;1
206538;2.43;1
206548;26.11;1
206581;35.11;1
206582;3.49;1
206584;1.07;1
206586;1.27;1
206588;0.70;1
206597;15.44;1
206599;1.12;1
206614;2.08;1
206630;1.56;1
206692;1.32;1
206698;1.35;1
206704;1.22;1
206748;4.14;1
206751;80.45;1
206777;3.70;1
206802;0.95;1
206810;2.89;1
206816;3.00;1
206817;3.49;1
206840;14.03;1
206847;4.29;1
206848;0.88;1
206856;0.68;1
206860;5.88;1
206862;1.39;1
206863;1.50;1
206864;1.60;1
206865;1.84;1
206866;1.98;1
206881;41.07;1
206884;3.57;1
206911;3.56;1
206912;3.56;1
206919;4.01;1
206921;4.01;1
206922;4.01;1
206923;4.01;1
206924;4.48;1
206925;4.01;1
206926;4.01;1
206927;4.01;1
206929;4.01;1
206931;4.01;1
206933;4.01;1
206935;4.01;1
206936;4.01;1
20695;3.64;1
206977;0.90;1
206984;17.87;1
206985;18.49;1
206986;1.91;1
206996;2.18;1
206997;2.18;1
206998;0.72;1
206999;0.77;1
207000;0.77;1
207003;19.66;1
207006;1.00;1
207007;1.00;1
207014;20.89;1
207065;12.49;1
207066;12.49;1
207084;1.09;1
207116;20.44;1
207122;0.74;1
207123;0.79;1
207124;0.92;1
207155;3.56;1
207242;4.75;1
207267;0.70;1
207268;0.70;1
207278;1.27;1
207279;1.57;1
207283;20.94;1
207300;141.99;1
207301;3.84;1
207302;3.41;1
207303;4.61;1
207304;3.27;1
207305;5.13;1
207306;4.44;1
207308;6.69;1
207312;3.57;1
207314;19.07;1
207316;14.56;1
207317;18.65;1
207318;18.93;1
207360;51.57;100
207368;46.82;100
207391;2.31;1
207392;2.31;1
207431;1.62;1
207432;1.18;1
207434;52.91;100
207435;50.93;100
207445;5.00;1
207446;3.77;1
207447;4.32;1
207564;2.67;1
207569;2.68;1
207631;7.47;1
207703;1.12;1
207817;0.94;1
207830;28.41;1
207831;28.41;1
207861;3.74;1
207862;3.74;1
207870;1.35;1
207871;1.35;1
207872;1.75;1
207873;1.75;1
207876;0.83;1
207877;0.76;1
207880;1.00;1
207881;1.00;1
207882;0.70;1
207884;0.93;1
207885;0.70;1
207888;0.70;1
207889;0.93;1
207890;0.70;1
207891;0.93;1
207892;0.70;1
207895;0.70;1
207897;0.93;1
207898;0.93;1
207899;0.93;1
207902;1.27;1
207904;2.48;1
207905;2.48;1
207906;2.28;1
207907;2.28;1
207908;1.36;1
207909;1.36;1
207910;1.36;1
207911;1.36;1
207912;1.36;1
207913;1.36;1
207914;1.36;1
207915;1.36;1
207916;1.58;1
207917;1.58;1
207918;1.53;1
207919;1.53;1
207920;1.53;1
207921;1.53;1
207922;2.72;1
207923;2.72;1
207926;2.72;1
207927;2.72;1
207928;2.72;1
207929;2.72;1
207936;1.66;1
207942;1.75;1
207946;1.75;1
207947;1.75;1
207948;1.75;1
207949;1.75;1
208136;29.39;1
208195;0.68;1
208323;4.25;1
208324;4.91;1
208325;5.90;1
208326;7.24;1
208327;8.55;1
208328;2.82;1
208329;3.34;1
208330;4.14;1
208331;5.21;1
208332;6.27;1
208333;7.19;1
208338;2.73;1
208395;3.52;1
208415;9.44;1
208432;1.68;1
208433;6.79;1
208434;8.19;1
208435;8.17;1
208436;7.87;1
208437;1.60;1
208438;2.70;1
208439;1.12;1
208440;1.86;1
208442;2.20;1
208443;2.27;1
208469;30.58;1
208470;55.58;1
208471;55.58;1
208601;6.69;1
208602;6.69;1
208747;11.26;1
208748;14.60;1
208750;5.19;1
208751;8.45;1
208752;8.45;1
208754;5.58;1
208773;11.03;1
208774;11.03;1
208775;11.03;1
208776;11.03;1
208777;4.61;1
208779;5.82;1
208780;6.23;1
208781;4.14;1
208782;4.50;1
208783;5.81;1
208784;6.23;1
208785;7.15;1
208786;5.34;1
208793;11.03;1
208794;11.03;1
208795;11.03;1
208796;11.03;1
208804;4.28;1
208880;4.21;1
208887;1.11;1
208888;1.71;1
208889;1.71;1
208892;16.34;1
20890;15.43;1
208931;3.57;1
208936;1.40;1
208954;3.82;1
208955;3.82;1
208956;1.65;1
208967;6.69;1
208970;7.61;1
208983;3.88;1
208993;3.01;1
208998;10.00;1
208999;13.65;1
209000;11.74;1
209023;6.24;1
209026;3.88;1
209033;27.20;1
209034;1.97;1
209068;3.00;1
209073;4.50;1
209076;18.29;1
209089;5.02;1
209090;5.02;1
209091;5.27;1
209094;5.02;1
209095;5.02;1
209099;5.02;1
209100;5.02;1
209101;5.27;1
209102;5.27;1
209103;4.90;1
209104;5.02;1
209105;5.02;1
209109;5.02;1
209110;5.02;1
209114;5.02;1
209115;5.02;1
209124;5.02;1
209125;5.02;1
209134;5.02;1
209135;5.02;1
209137;5.27;1
209139;5.02;1
209140;5.02;1
209144;5.02;1
209145;5.02;1
209159;5.02;1
209160;5.02;1
209164;5.02;1
209165;5.02;1
209167;5.27;1
209169;5.02;1
209170;5.02;1
209174;5.02;1
209179;5.02;1
209189;5.02;1
209190;5.02;1
20926;11.89;1
209261;3.84;1
209263;4.75;1
209267;4.99;1
209270;1.62;1
209272;1.73;1
209273;1.73;1
209297;4.24;1
209303;5.27;1
209338;0.66;1
209340;3.12;1
209347;3.12;1
209355;3.70;1
209357;20.94;1
209364;1.92;1
209365;1.45;1
209370;1.63;1
209371;1.82;1
209372;2.44;1
209373;2.70;1
209374;2.70;1
209375;2.97;1
209376;2.97;1
209377;3.93;1
209378;3.91;1
209379;4.22;1
209381;4.21;1
209382;6.30;1
209383;4.90;1
209384;7.15;1
209385;5.57;1
209386;8.03;1
209387;6.26;1
209407;1.53;1
209408;1.53;1
209409;1.53;1
209410;1.53;1
209411;1.61;1
209412;1.61;1
209413;1.61;1
209414;1.61;1
209418;2.28;1
209422;1.73;1
209423;1.68;1
209424;1.80;1
209425;1.91;1
209430;1.83;1
209431;1.79;1
209432;1.90;1
209433;2.03;1
209434;1.89;1
209435;1.89;1
209436;2.11;1
209437;1.89;1
209438;1.89;1
209439;2.11;1
209440;2.01;1
209443;2.01;1
209446;1.89;1
209447;1.98;1
209448;2.08;1
209449;2.11;1
209450;1.89;1
209451;1.98;1
209452;2.08;1
209453;2.11;1
209463;2.11;1
209464;2.21;1
209466;2.01;1
209467;2.11;1
209468;2.21;1
20947;0.56;1
209471;1.87;1
209474;3.81;1
209475;1.58;1
209476;1.80;1
209477;2.08;1
209478;2.25;1
209479;1.82;1
209485;1.72;1
209486;1.95;1
209487;2.26;1
209488;1.98;1
209489;2.44;1
209493;1.36;1
209494;1.36;1
209495;1.61;1
209496;1.61;1
209500;2.37;1
209501;2.37;1
209507;2.84;1
209508;3.59;1
209509;3.59;1
209510;4.35;1
209511;4.35;1
209512;5.15;1
209513;5.11;1
209514;5.49;1
209515;5.49;1
209516;5.43;1
209517;6.29;1
209518;7.04;1
209519;7.85;1
209556;3.31;1
209558;4.18;1
209590;2.05;1
209594;1.76;1
209595;1.76;1
209609;3.51;1
209610;2.71;1
209611;4.17;1
209623;4.22;1
209637;3.53;1
209647;5.15;1
209648;6.02;1
209655;7.13;1
209670;6.33;1
209671;8.08;1
209723;1.75;1
209770;2.45;1
209774;17.91;1
209775;3.02;1
209776;3.11;1
209793;3.56;1
209809;3.35;1
209810;3.35;1
209859;53.10;100
209862;1.95;1
209863;1.95;1
209865;1.12;1
209867;1.05;1
209868;11.41;1
209870;1.95;1
209881;2.35;1
209882;3.50;1
209883;4.03;1
209892;1.12;1
209907;3.35;1
209908;3.35;1
209909;4.18;1
209910;3.94;1
209911;3.94;1
209912;3.61;1
209935;1.51;1
209936;1.73;1
209937;1.81;1
209938;1.87;1
209939;2.02;1
209941;3.13;1
209943;1.83;1
209944;3.46;1
209946;2.14;1
209968;20.21;1
209972;15.99;1
209973;15.99;1
209974;14.63;1
209975;14.63;1
209977;4.90;1
209978;4.90;1
209979;4.90;1
209980;4.90;1
209981;4.90;1
209983;4.90;1
209985;4.90;1
209986;4.90;1
209987;4.90;1
209988;4.90;1
209989;4.90;1
209993;4.90;1
209999;47.42;100
210000;1.05;1
210002;1.11;1
210003;1.11;1
210016;9.05;1
210017;9.05;1
210025;0.96;1
210066;9.25;1
210067;9.77;1
210071;51.17;1
210096;6.56;1
210111;26.54;1
210279;46.82;100
210335;10.20;1
210336;11.36;1
210337;12.70;1
210338;13.22;1
210339;14.46;1
210340;15.63;1
210341;16.86;1
210347;17.81;1
210353;1.65;1
210354;1.87;1
210355;2.17;1
210356;2.34;1
210357;1.90;1
210358;5.88;1
210359;6.11;1
210360;6.45;1
210361;6.54;1
210362;5.39;1
210363;5.55;1
210364;5.88;1
210365;6.11;1
210368;8.70;1
210369;8.89;1
210370;9.38;1
210379;1.95;1
210380;10.90;1
210381;12.26;1
210382;13.60;1
210383;15.23;1
210388;2.04;1
210389;2.15;1
210392;2.04;1
210393;2.15;1
210394;2.16;1
210395;1.95;1
210396;1.95;1
210397;2.16;1
210398;1.95;1
210399;1.95;1
210401;1.78;1
210402;1.56;1
210403;1.78;1
210404;1.87;1
210405;1.93;1
210406;2.08;1
210409;1.73;1
210410;1.85;1
210411;1.93;1
210412;1.98;1
210440;2.06;1
210441;1.38;1
210442;1.38;1
210480;11.26;1
210491;20.40;1
210492;11.78;1
210496;2.02;1
210501;2.76;1
210502;2.76;1
210523;1.27;1
210524;2.85;1
210525;2.85;1
210526;2.84;1
210527;2.84;1
210529;8.05;1
210530;9.05;1
210531;10.05;1
210532;11.25;1
210536;18.86;1
210561;4.08;1
210562;3.50;1
210563;4.03;1
21058;9.23;1
210594;7.21;1
210595;7.21;1
210600;4.05;1
210601;4.05;1
210605;7.21;1
210606;7.21;1
210609;7.09;1
210611;6.43;1
210612;6.43;1
210613;6.43;1
210614;6.43;1
210615;5.61;1
210616;5.61;1
210617;5.61;1
210618;5.61;1
21062;0.79;1
210726;28.41;1
210727;28.41;1
210730;28.41;1
210731;28.41;1
210732;28.41;1
210733;28.41;1
210734;28.41;1
210735;28.41;1
210737;28.41;1
210744;28.41;1
210745;28.41;1
210779;4.18;1
210780;3.94;1
210781;3.94;1
210782;3.61;1
210809;8.64;1
210810;8.64;1
210811;8.64;1
210812;8.64;1
210813;8.64;1
210814;8.64;1
210815;8.64;1
210816;8.64;1
210876;10.00;1
210896;1.53;1
210913;28.41;1
210914;28.41;1
210941;11.36;1
210942;7.78;1
210943;23.82;1
210944;26.75;1
210983;3.96;1
210984;6.12;1
210985;10.42;1
211010;26.34;1
211033;1.23;1
211035;1.68;1
211036;1.68;1
211071;1.79;1
211072;2.29;1
211128;1.71;1
211154;3.56;1
211230;1.63;1
211267;26.66;1
211268;26.34;1
211293;4.21;1
211295;4.62;1
211296;4.22;1
211297;4.62;1
211368;1.13;1
211369;0.90;1
211395;1.96;1
211435;4.12;1
211436;4.48;1
211506;89.34;100
211543;3.56;1
211544;3.56;1
211545;3.56;1
211546;3.56;1
211549;3.56;1
211550;3.56;1
211551;3.56;1
211552;3.56;1
211553;3.56;1
211554;3.56;1
211555;3.56;1
211556;3.56;1
211557;3.56;1
211558;4.08;1
211563;3.56;1
211578;1.26;1
211597;3.12;1
211598;3.12;1
211611;36.97;1
211612;40.52;1
211629;0.90;1
211638;28.41;1
211673;2.40;1
211674;2.40;1
211675;2.58;1
211676;2.58;1
211677;2.76;1
211678;2.76;1
211694;2.80;1
211695;3.01;1
211696;3.22;1
211697;3.33;1
211698;3.60;1
211699;3.87;1
211720;2.28;1
211721;2.28;1
211736;3.11;1
211740;6.83;1
211745;1.96;1
211752;1.99;1
211753;2.04;1
211754;2.11;1
211755;2.24;1
211784;2.61;1
211791;2.34;1
211792;3.55;1
211793;3.55;1
211794;4.51;1
211795;4.51;1
211796;5.46;1
211797;5.46;1
211798;6.43;1
211799;6.43;1
211800;6.85;1
211801;6.85;1
211802;7.80;1
211803;7.80;1
211804;8.76;1
211805;8.76;1
211806;9.72;1
211807;9.72;1
211809;1.38;1
211811;1.60;1
211826;1.75;1
211869;6.65;1
211870;6.65;1
211898;2.99;1
211899;2.99;1
211900;3.24;1
211901;3.24;1
211902;3.48;1
211903;3.48;1
211904;3.45;1
211905;3.73;1
211906;4.01;1
211924;1.74;1
211925;1.99;1
211926;2.60;1
211928;3.15;1
211929;1.77;1
211930;2.03;1
211931;2.66;1
211932;3.99;1
211933;3.22;1
211934;2.76;1
211936;0.95;1
211937;2.59;1
211938;2.97;1
211959;8.29;1
211960;1.32;1
211961;1.78;1
211962;2.23;1
211963;2.57;1
211964;3.03;1
211965;3.52;1
211966;3.98;1
211967;4.19;1
211968;4.66;1
211969;5.14;1
211970;5.61;1
211971;3.03;1
211972;3.52;1
211973;3.98;1
211974;1.25;1
211975;1.58;1
211981;3.15;1
211982;3.55;1
211983;4.10;1
211984;4.67;1
211985;5.22;1
211986;5.46;1
211987;6.01;1
211988;6.59;1
211989;2.44;1
211990;2.89;1
211991;3.57;1
211992;4.51;1
211993;5.41;1
211994;6.81;1
212000;4.11;1
212001;4.84;1
212002;5.56;1
212003;6.29;1
212004;6.61;1
212005;7.38;1
212006;8.11;1
212007;8.87;1
212008;4.84;1
212009;5.56;1
212010;6.29;1
212023;8.29;1
212024;8.29;1
212028;3.15;1
212029;3.56;1
212030;3.89;1
212031;3.89;1
212032;4.21;1
212033;4.21;1
212034;5.39;1
212035;5.41;1
212036;5.78;1
212037;5.78;1
212038;6.63;1
212040;7.46;1
212042;2.89;1
212045;3.42;1
212046;4.41;1
212049;3.70;1
212050;4.01;1
212054;5.51;1
212057;7.11;1
212066;5.76;1
212077;3.36;1
212078;3.62;1
212079;3.87;1
212080;4.08;1
212081;4.40;1
212082;4.73;1
212118;2.35;1
212119;1.98;1
212120;2.60;1
212121;2.19;1
212122;2.85;1
212123;2.40;1
212125;3.17;1
212127;3.41;1
212130;3.96;1
212133;4.49;1
212136;5.04;1
212157;2.17;1
212159;3.30;1
212161;4.32;1
212184;5.77;1
212185;6.19;1
212209;1.28;1
212210;1.28;1
212211;1.46;1
212212;1.36;1
212213;1.26;1
212214;2.95;1
212256;18.52;1
212258;19.20;1
212282;5.88;1
212283;5.88;1
212299;3.48;1
212302;3.56;1
212305;2.22;1
212306;1.53;1
212307;1.53;1
212308;10.24;1
212339;6.65;1
212343;1.12;1
212371;3.99;1
212408;83.58;100
212411;82.88;1
212413;81.69;1
212414;81.69;1
212415;82.88;1
212416;82.88;1
212419;9.72;1
212420;9.72;1
212421;12.47;1
212422;12.47;1
212461;5.02;1
212463;3.56;1
212472;1.87;1
212473;1.87;1
212474;0.90;1
212475;1.26;1
212476;1.26;1
212479;27.17;100
212487;0.90;1
212505;7.13;1
212507;13.26;1
212508;13.26;1
212509;10.64;1
212510;10.64;1
212511;6.48;1
212512;6.48;1
212519;2.15;1
212520;2.15;1
212521;1.68;1
212522;1.68;1
212523;1.23;1
212524;1.15;1
212526;13.26;1
212527;13.26;1
212528;10.64;1
212529;10.64;1
212530;6.48;1
212531;6.48;1
212538;10.78;1
212539;10.78;1
212540;8.65;1
212541;8.65;1
212542;5.27;1
212543;5.27;1
212591;30.86;1
212598;105.55;100
212599;105.55;100
212634;4.19;1
212637;5.89;1
212643;22.86;1
212644;13.79;1
212645;12.81;1
212646;13.55;1
212647;3.59;1
212649;1.82;1
212656;5.85;1
212658;1.51;1
212659;6.04;1
212660;6.04;1
212663;6.79;1
212664;6.79;1
212666;6.12;1
212667;6.12;1
212670;5.08;1
212671;5.08;1
212685;1.26;1
212686;1.36;1
212687;1.46;1
212688;1.18;1
212689;1.18;1
212694;4.52;1
212702;8.34;1
212703;9.98;1
212704;12.09;1
212710;7.53;1
212724;6.61;1
212726;8.11;1
212727;8.11;1
212728;9.30;1
212742;1.58;1
212743;1.70;1
212745;2.34;1
212758;24.84;1
212759;15.04;1
212761;16.60;1
212762;24.84;1
212765;14.87;1
212767;8.24;1
212769;4.05;1
212772;15.06;1
212774;15.71;1
212776;18.62;1
212820;2.73;1
212826;0.93;1
212890;16.29;1
212891;18.07;1
212894;23.41;1
212898;14.69;1
212936;9.82;1
212937;9.82;1
212939;9.82;1
212940;9.82;1
212941;9.82;1
212949;30.95;1
212963;26.81;1
212967;1.17;1
212968;1.17;1
212970;5.32;1
212996;2.15;1
212997;2.74;1
212998;4.67;1
212999;5.95;1
213041;5.40;1
213042;5.40;1
213043;4.57;1
213044;6.90;1
213046;12.81;1
213048;15.71;1
213049;17.17;1
213050;18.62;1
213051;21.53;1
213054;12.13;1
213055;13.74;1
213056;16.29;1
213057;16.96;1
213058;19.84;1
213059;23.41;1
213066;14.69;1
213071;6.00;1
213072;8.15;1
213073;10.12;1
213074;14.85;1
213075;19.21;1
213096;9.23;1
213097;9.23;1
213099;11.24;1
213115;81.47;1
213117;82.64;1
213118;82.64;1
213119;81.47;1
213120;81.47;1
213172;2.64;1
213180;3.56;1
213217;10.17;1
213220;7.11;1
213227;7.78;1
213237;9.49;1
213239;9.49;1
213240;9.48;1
213241;9.48;1
213272;4.90;1
21328;18.91;1
213287;24.71;100
21329;18.78;1
213310;15.75;1
213325;2.97;1
213334;32.57;1
213335;45.13;1
213336;41.20;1
213337;32.57;1
213338;42.40;1
213339;41.20;1
213340;41.38;1
213348;5.94;1
213349;6.32;1
213359;28.41;1
213377;29.62;1
213378;29.62;1
213412;1.59;1
213413;1.83;1
213430;2.40;1
213431;4.38;1
213432;5.37;1
213460;1.93;1
213461;1.93;1
213462;1.93;1
213516;5.04;1
213520;5.89;1
213521;6.93;1
213523;7.98;1
213524;7.98;1
213525;9.03;1
213526;9.03;1
213527;9.54;1
213528;9.54;1
213529;9.54;1
213530;10.59;1
213531;11.63;1
213534;12.68;1
213592;5.02;1
213593;5.02;1
213595;3.56;1
213597;4.01;1
213621;9.70;1
213622;9.70;1
213623;12.44;1
213624;12.44;1
213633;206.48;1
213653;0.90;1
213683;1.75;1
213684;1.75;1
213685;29.62;1
213686;29.62;1
21381;19.07;1
213825;12.10;1
213826;12.10;1
213829;12.00;1
213830;12.00;1
213831;12.05;1
213832;12.05;1
213833;12.05;1
213834;12.05;1
213849;2.15;1
21385;18.78;1
213850;2.15;1
213851;1.15;1
213865;41.05;1
213922;2.26;1
213961;42.64;1
213962;28.54;1
213963;14.04;1
213964;22.89;1
213966;27.81;1
213969;37.63;1
214013;1.68;1
214014;1.68;1
214015;1.68;1
214016;1.14;1
214030;22.89;1
214032;27.81;1
214033;30.27;1
214035;37.63;1
214104;2.07;1
214105;2.07;1
214106;1.90;1
214107;1.90;1
214113;2.69;1
214115;2.47;1
214152;56.10;1
214153;56.10;1
214154;69.44;1
214155;69.44;1
214156;69.44;1
214157;99.01;1
214158;99.01;1
214159;117.83;1
214160;117.83;1
214161;19.92;1
214162;31.80;1
214163;19.92;1
214166;13.08;1
214167;18.91;1
214190;33.79;1
214208;81.69;1
214209;81.69;1
214210;82.88;1
214211;82.88;1
214216;81.47;1
214217;81.47;1
214218;82.64;1
214219;82.64;1
214252;4.41;1
214253;4.41;1
214293;2.26;1
214328;4.34;1
214336;1.80;1
214337;1.80;1
214380;9.73;1
214382;2.46;1
214391;1.17;1
214392;1.17;1
214407;11.12;1
214408;11.12;1
214409;3.74;1
214410;27.58;1
214411;33.09;1
214412;38.61;1
214413;44.13;1
214414;48.50;1
214415;29.71;1
214416;35.65;1
214417;41.58;1
214418;49.06;1
214419;53.95;1
214420;27.72;1
214421;27.97;1
214445;2.02;1
214446;2.02;1
214453;2.06;1
214454;2.06;1
214455;9.05;1
214456;9.05;1
214457;7.60;1
214458;3.11;1
214459;4.18;1
214498;1.12;1
214506;2.41;1
214542;5.59;1
214543;34.69;100
214544;34.69;100
214546;2.20;1
214547;2.05;1
214551;1.93;1
214554;1.93;1
214555;1.93;1
214556;1.93;1
214557;1.93;1
214558;1.93;1
214559;1.93;1
214583;39.41;1
214584;45.04;1
214586;30.32;1
214588;42.44;1
214589;48.50;1
21459;1.42;1
214590;53.32;1
21460;1.42;1
214607;29.47;1
214608;35.37;1
214609;41.27;1
214610;47.16;1
214611;51.85;1
214612;31.92;1
214613;38.30;1
214614;44.68;1
214615;51.07;1
214616;56.16;1
214634;47.91;1
21465;23.18;1
214669;17.92;1
214676;24.60;1
214677;19.92;1
214679;37.82;1
214689;20.78;1
214690;28.38;1
214691;22.22;1
214693;9.97;1
214694;9.97;1
214695;9.97;1
214696;9.97;1
214698;7.53;1
21470;27.79;1
21471;27.79;1
214711;2.06;1
214712;2.77;1
214716;9.27;1
214718;9.65;1
214759;51.74;1
214760;2.16;1
214762;1.68;1
214763;1.68;1
214774;1.76;1
214775;1.76;1
214798;5.02;1
214799;5.02;1
214800;2.13;1
214804;1.93;1
214813;30.86;1
214818;49.93;1
214819;39.53;1
214820;45.79;1
214821;42.27;1
214823;47.73;1
214846;35.31;1
214848;8.18;1
214850;1.85;1
214904;4.97;1
214908;11.58;1
214910;11.58;1
214933;1.93;1
214964;1.93;1
214965;6.94;1
214966;7.84;1
214968;6.94;1
214990;9.80;1
215051;5.22;1
215052;5.22;1
215053;10.77;1
215054;10.77;1
215055;13.26;1
215056;13.26;1
215098;22.67;1
215099;24.63;1
215101;42.02;1
215136;25.19;1
215137;34.39;1
215138;26.93;1
215159;20.64;1
215167;10.21;1
215169;14.55;1
215172;12.62;1
215175;15.98;1
215197;9.49;1
215199;9.97;1
215201;9.49;1
215204;9.97;1
215216;9.44;1
215231;30.21;1
215232;30.21;1
215233;31.76;1
215235;31.76;1
215236;31.76;1
215240;3.47;1
215247;0.83;1
215252;6.69;1
215253;6.69;1
215272;1.44;1
215303;3.36;1
215304;3.36;1
215314;29.62;1
215315;29.62;1
215316;29.62;1
215317;29.62;1
215336;2.57;1
215344;34.07;1
215345;38.16;1
215362;29.39;1
215372;1.06;1
215373;1.06;1
215374;1.06;1
215376;44.11;1
215377;23.01;1
215378;21.95;1
215379;28.65;1
215380;19.06;1
215381;29.35;1
215382;28.65;1
215402;28.41;1
215403;28.41;1
215404;29.62;1
215405;29.62;1
215406;29.62;1
215407;29.62;1
215408;2.21;1
215409;2.60;1
215411;6.69;1
215412;6.69;1
215424;6.69;1
215425;6.69;1
215448;2.65;1
215449;3.04;1
215450;3.75;1
215451;4.13;1
215452;4.52;1
215453;4.83;1
215454;5.23;1
215455;5.54;1
215456;5.97;1
215457;6.25;1
215458;6.45;1
215459;6.74;1
215460;7.31;1
215461;7.73;1
215462;7.87;1
215463;9.55;1
215468;2.13;1
215469;2.13;1
215497;4.95;1
215509;5.60;1
215510;6.21;1
215511;8.34;1
215513;10.56;1
215544;28.41;1
215545;28.41;1
215548;29.62;1
215549;29.62;1
215550;6.69;1
215551;6.69;1
215557;55.43;1
215558;59.72;1
215559;62.35;1
215560;67.18;1
215563;59.26;1
215564;64.18;1
215565;62.35;1
215566;72.21;1
215570;2.35;1
215572;1.50;1
215577;0.68;1
215582;11.42;1
215583;28.41;1
215584;28.41;1
215585;29.62;1
215586;29.62;1
215587;29.62;1
215588;29.62;1
215589;12.10;1
215590;12.10;1
215594;6.69;1
215595;6.69;1
215596;28.41;1
215597;28.41;1
215598;29.62;1
215599;29.62;1
215602;6.69;1
215603;6.69;1
215604;28.41;1
215605;28.41;1
215606;29.62;1
215607;29.62;1
215608;29.62;1
215609;29.62;1
21562;11.56;1
21564;11.56;1
215670;1.23;1
215672;1.68;1
215673;1.68;1
215674;2.92;1
215676;2.92;1
215680;1.68;1
215681;1.68;1
215696;2.37;1
215778;2.39;1
215781;3.36;1
215785;3.56;1
215804;2.33;1
215805;2.33;1
215806;2.33;1
215807;2.33;1
215810;4.41;1
215811;4.41;1
215812;4.41;1
215813;4.41;1
215814;4.04;1
215815;4.04;1
215816;4.04;1
215817;4.04;1
215828;5.59;1
215829;5.59;1
215830;5.59;1
215831;5.59;1
215832;5.05;1
215833;5.05;1
215858;7.66;1
215859;7.66;1
215862;7.63;1
215863;7.63;1
215880;4.52;1
215907;33.79;1
215908;33.79;1
215909;34.90;1
215910;34.90;1
215911;34.90;1
215912;34.90;1
21598;13.60;1
216029;3.13;1
216030;3.55;1
216042;7.45;1
216043;7.45;1
216046;29.62;1
216047;29.62;1
216053;28.41;1
216054;28.41;1
216055;29.62;1
216056;29.62;1
216057;29.62;1
216058;29.62;1
216059;6.69;1
216060;6.69;1
216064;3.74;1
216091;0.90;1
216092;1.62;1
216093;4.93;1
216105;1.15;1
216106;2.15;1
216114;2.13;1
216142;2.70;1
216143;3.59;1
216258;21.09;1
216259;21.09;1
216298;21.05;1
216299;21.05;1
216316;28.41;1
216317;28.41;1
216320;29.62;1
216321;29.62;1
216322;7.45;1
216323;7.45;1
216353;5.89;1
216354;6.93;1
216356;10.29;1
216367;4.30;1
216371;7.45;1
216416;3.71;1
216512;27.71;1
216684;46.79;1
216712;4.03;1
216754;9.83;1
216755;9.83;1
216773;11.74;1
216784;4.49;1
216813;1.33;1
216833;29.92;1
216834;29.92;1
216863;11.48;1
216864;11.48;1
216865;11.48;1
216866;11.48;1
216926;6.69;1
216927;6.69;1
216928;28.41;1
216929;28.41;1
216930;29.62;1
216931;29.62;1
216932;29.62;1
216933;29.62;1
216938;2.99;1
216939;3.21;1
21694;9.23;1
216977;6.74;1
216981;6.52;1
216983;4.84;1
217056;3.57;1
217078;3.13;1
217079;3.55;1
217080;3.13;1
217081;3.55;1
217082;3.13;1
217083;3.55;1
217084;3.13;1
217085;3.55;1
217086;3.13;1
217087;3.55;1
217092;28.80;1
217093;28.80;1
217094;28.80;1
217134;5.02;1
217135;5.02;1
217154;89.05;1
217155;89.05;1
217171;2.00;1
217172;2.00;1
217173;2.15;1
217174;2.15;1
217175;2.30;1
217176;2.30;1
217177;2.68;1
217178;2.68;1
217212;1.12;1
217215;6.99;1
217216;11.29;1
217224;4.01;1
21723;129.22;1
21724;129.22;1
21725;129.22;1
21726;129.22;1
217332;13.33;1
217346;2.14;1
217347;2.29;1
217348;2.65;1
217349;2.84;1
217468;5.62;1
217469;5.62;1
217470;5.62;1
217471;5.62;1
217472;6.53;1
217473;6.53;1
217474;6.53;1
217475;6.53;1
217476;5.62;1
217477;5.62;1
217478;5.62;1
217479;5.62;1
21748;1.47;1
217480;6.53;1
217481;6.53;1
217482;6.53;1
217483;6.53;1
217484;6.46;1
217485;6.46;1
217486;6.46;1
217487;6.46;1
217488;7.51;1
217489;7.51;1
217490;7.51;1
217491;7.51;1
217494;6.46;1
217495;6.46;1
217497;7.51;1
217498;7.51;1
217499;7.51;1
217562;2.31;1
217563;2.31;1
217564;2.47;1
217565;2.47;1
217566;2.87;1
217567;2.87;1
217568;3.09;1
217569;3.09;1
217584;2.13;1
217591;1.12;1
217608;4.01;1
217641;5.47;1
217642;5.47;1
217643;5.47;1
217644;5.47;1
217645;6.37;1
217646;6.37;1
217647;6.37;1
217648;6.37;1
217649;5.47;1
217650;5.47;1
217651;5.47;1
217652;5.47;1
217653;6.37;1
217654;6.37;1
217655;6.37;1
217656;6.37;1
217676;3.56;1
217680;9.49;1
217681;9.49;1
217682;4.95;1
217685;1.86;1
217686;2.15;1
217687;2.52;1
217688;2.89;1
217689;7.25;1
217690;7.25;1
217691;7.25;1
217692;7.25;1
217693;6.49;1
217694;6.49;1
217695;6.49;1
217696;6.49;1
217713;10.01;1
217714;10.01;1
217715;10.01;1
217716;10.01;1
217719;8.95;1
217720;8.95;1
217721;6.80;1
217722;6.80;1
217723;6.80;1
217724;6.80;1
217725;6.25;1
217726;6.25;1
217727;6.25;1
217728;6.25;1
217729;2.31;1
217763;4.01;1
217810;19.66;1
217824;46.59;1
217830;46.59;1
217831;46.79;1
217832;46.71;1
217833;46.59;1
217834;46.59;1
217837;46.59;1
217854;11.46;1
217861;3.75;1
217865;2.60;1
217866;2.60;1
217867;2.45;1
217868;2.69;1
217875;3.11;1
217877;4.41;1
217878;3.77;1
217909;4.01;1
217910;28.41;1
217911;28.41;1
217912;32.26;1
217913;32.26;1
217914;7.73;1
217915;7.73;1
217916;32.26;1
217917;32.26;1
217918;6.25;1
217920;28.41;1
217921;28.41;1
217922;32.26;1
217923;32.26;1
217924;7.73;1
217925;7.73;1
217926;32.26;1
217927;32.26;1
217930;6.38;1
217932;28.41;1
217933;28.41;1
217934;29.62;1
217935;29.62;1
217936;7.73;1
217937;7.73;1
217938;29.62;1
217939;29.62;1
217941;6.25;1
217943;28.41;1
217944;28.41;1
217945;29.62;1
217946;29.62;1
217947;7.73;1
217948;7.73;1
217949;29.62;1
217950;29.62;1
217951;6.25;1
217953;31.25;1
217954;31.25;1
217957;9.48;1
217958;9.48;1
217961;6.25;1
217994;4.31;1
217995;4.31;1
218005;68.55;1
218006;68.55;1
218007;27.72;1
218040;27.97;1
218046;2.13;1
218064;2.57;1
218065;2.57;1
218066;2.75;1
218067;2.75;1
218068;3.22;1
218069;3.22;1
218071;14.69;1
218072;11.62;1
218076;2.95;1
218077;2.95;1
218079;5.56;1
218116;4.10;1
218127;3.46;1
218128;3.76;1
218129;6.36;1
218130;7.00;1
218141;3.59;1
218142;2.91;1
218143;2.91;1
218155;5.93;1
218156;5.93;1
218159;5.93;1
218160;5.93;1
218161;6.23;1
218162;6.23;1
218163;5.93;1
218164;5.93;1
218175;8.57;1
218176;2.26;1
218177;2.53;1
218193;7.20;1
218194;7.82;1
218202;15.44;1
218214;3.16;1
218215;2.95;1
218225;12.57;1
218226;19.00;1
218227;24.83;1
218240;7.45;1
218241;8.28;1
218242;8.71;1
218243;9.14;1
218244;10.73;1
218245;11.22;1
218246;12.35;1
218247;13.45;1
218248;7.41;1
218249;8.62;1
218250;10.78;1
218251;12.74;1
218270;4.01;1
218306;0.86;1
218307;6.70;1
218334;2.58;1
218347;68.55;1
218348;68.55;1
218349;68.55;1
218350;68.55;1
218353;76.66;1
218354;76.66;1
218394;41.79;1
218395;43.79;1
218396;42.84;1
218397;38.07;1
218398;45.98;1
218399;42.84;1
218400;41.79;1
218401;43.79;1
218402;42.84;1
218403;38.07;1
218404;45.98;1
218405;42.84;1
218409;39.56;1
218413;41.79;1
218414;43.79;1
218415;42.84;1
218416;38.07;1
218417;45.98;1
218418;42.84;1
218422;39.56;1
218433;24.50;1
218439;1.77;1
218440;2.02;1
218493;1.08;1
218502;6.45;1
218503;6.29;1
218505;7.38;1
218508;4.66;1
218514;13.16;1
218520;3.16;1
218536;10.61;1
218537;11.16;1
218543;0.68;1
218601;9.34;1
218602;15.00;1
218605;2.13;1
218626;1.00;1
218627;3.81;1
218703;2.84;1
218704;2.84;1
218708;7.67;1
218715;7.42;1
218716;8.31;1
218717;9.26;1
218732;2.02;1
218733;2.02;1
218763;4.56;1
218764;5.25;1
218765;49.27;1
218766;49.27;1
218784;33.79;1
218785;33.79;1
218790;4.01;1
21883;5.92;1
218901;8.64;1
218902;8.64;1
218903;8.64;1
218904;8.64;1
218933;0.87;1
218934;0.86;1
218939;6.90;1
218940;6.90;1
218941;6.90;1
218942;6.90;1
218943;7.80;1
218944;7.80;1
218947;1.09;1
218975;2.42;1
218977;1.14;1
218978;1.14;1
218985;4.01;1
219030;81.47;1
219031;81.47;1
219032;81.47;1
219033;81.47;1
219036;8.36;1
219037;8.36;1
219038;30.21;1
219039;30.21;1
219040;31.76;1
219041;31.76;1
219042;31.76;1
219043;31.76;1
219183;8.36;1
219184;8.36;1
219187;1.17;1
219188;1.17;1
219204;28.41;1
219205;28.41;1
219206;32.26;1
219207;32.26;1
219208;32.26;1
219209;32.26;1
219210;28.41;1
219211;28.41;1
219214;29.62;1
219215;29.62;1
219223;23.15;1
219226;28.41;1
219227;29.62;1
219228;29.62;1
219229;29.62;1
219230;29.62;1
219231;12.89;1
219232;12.89;1
219233;12.89;1
219234;12.89;1
219235;12.89;1
219236;12.89;1
219237;12.89;1
219249;7.73;1
219250;7.73;1
219251;6.25;1
219252;7.73;1
219253;7.73;1
219258;7.73;1
219259;7.73;1
219260;6.25;1
219269;4.90;1
219272;3.62;1
219273;3.37;1
219313;45.28;1
219318;28.41;1
219319;28.41;1
219322;7.18;1
219323;29.62;1
219324;29.62;1
219325;29.62;1
219326;29.62;1
219385;18.53;1
219386;18.53;1
219387;18.53;1
219388;18.53;1
219402;14.38;1
219410;27.25;1
219416;27.79;1
219423;87.96;1
219424;87.96;1
219425;89.33;1
219426;89.33;1
219427;89.33;1
219428;89.33;1
219429;28.41;1
219430;28.41;1
219431;7.73;1
219432;7.73;1
219433;6.25;1
219434;32.26;1
219435;32.26;1
219436;29.62;1
219437;29.62;1
219438;14.71;1
219439;14.71;1
219440;47.87;1
219441;47.87;1
219442;22.49;1
219443;22.49;1
219444;8.33;1
219445;10.46;1
219446;13.38;1
219481;12.07;1
219482;8.60;1
219483;12.07;1
219499;7.73;1
219500;7.73;1
219501;6.25;1
219502;9.49;1
219503;9.49;1
219505;49.27;1
219513;22.75;1
219514;22.75;1
219515;17.66;1
219516;17.66;1
219517;17.66;1
219518;17.66;1
219519;22.75;1
219520;22.75;1
219521;17.66;1
219522;17.66;1
219523;17.66;1
219524;17.66;1
219527;38.95;1
219528;38.95;1
219529;40.22;1
219530;40.22;1
219531;40.22;1
219532;40.22;1
219539;23.69;1
219540;23.69;1
219568;26.58;1
21958;9.23;1
219586;82.64;1
219588;82.64;1
219589;82.64;1
219590;82.64;1
219591;82.88;1
219592;82.88;1
219593;82.88;1
219594;82.88;1
219612;7.73;1
219716;22.90;1
219720;25.99;1
219721;26.37;1
219798;87.96;1
219799;87.96;1
219800;89.33;1
219801;89.33;1
219802;89.33;1
219803;89.33;1
219817;0.86;1
219829;6.48;1
219830;6.48;1
219831;11.53;1
219832;11.53;1
219833;11.80;1
219834;11.80;1
219841;2.91;1
219842;1.60;1
219843;1.60;1
220045;1.35;1
220046;1.35;1
220048;1.35;1
220051;1.35;1
220054;2.65;1
220055;1.93;1
220080;1.27;1
220089;0.66;1
220097;2.76;1
220117;3.56;1
220123;5.75;1
220125;5.75;1
22016;129.22;1
220219;0.68;1
220220;0.68;1
220240;2.65;1
220241;2.53;1
220262;2.73;1
220263;2.73;1
220442;3.51;1
220443;3.51;1
220586;4.46;1
220598;3.32;1
220629;3.57;1
220630;18.91;1
220632;23.25;1
220634;44.39;1
220723;23.99;1
220743;3.54;1
220744;4.46;1
221097;10.00;1
221301;3.56;1
221304;2.73;1
221305;2.73;1
221376;67.65;1
221396;2.78;1
221397;2.78;1
221901;2.46;1
221902;3.11;1
221903;3.77;1
221904;4.41;1
221905;5.33;1
221906;4.46;1
221907;5.44;1
221908;6.07;1
221909;6.35;1
221910;5.33;1
221911;4.46;1
222201;1.33;1
222202;1.87;1
222203;1.69;1
222204;1.68;1
222205;1.27;1
222206;2.39;1
222207;2.76;1
222208;4.33;1
222209;0.92;1
222210;3.07;1
222211;11.62;1
222212;7.78;1
222213;14.69;1
222214;0.83;1
222215;1.01;1
222500;9.36;1
222501;9.36;1
222502;9.36;1
222503;9.36;1
222504;8.36;1
222505;8.36;1
222506;8.36;1
222507;8.36;1
222508;7.29;1
222509;7.29;1
222510;7.29;1
222511;7.29;1
222665;9.90;1
222773;8.77;1
222786;4.19;1
222787;4.81;1
222790;7.62;1
222999;2.90;1
223594;8.62;1
223595;8.62;1
223596;9.89;1
223597;9.89;1
223598;10.82;1
223599;10.82;1
223600;11.76;1
223601;11.76;1
223602;8.62;1
223603;8.62;1
223604;9.89;1
223605;9.89;1
223606;10.82;1
223607;10.82;1
223608;11.76;1
223609;11.76;1
223610;8.62;1
223611;8.62;1
223612;9.89;1
223613;9.89;1
223614;10.82;1
223615;10.82;1
223616;11.76;1
223617;11.76;1
223618;8.62;1
223619;8.62;1
223620;9.89;1
223621;9.89;1
223622;10.82;1
223623;10.82;1
223624;11.76;1
223625;11.76;1
223626;9.90;1
223627;9.90;1
223628;11.37;1
223629;11.37;1
223630;12.45;1
223631;12.45;1
223632;13.52;1
223633;13.52;1
223634;9.90;1
223635;9.90;1
223636;11.37;1
223637;11.37;1
223638;12.45;1
223639;12.45;1
223640;13.52;1
223641;13.52;1
223642;9.90;1
223643;9.90;1
223644;11.37;1
223645;11.37;1
223646;12.45;1
223647;12.45;1
223648;13.52;1
223649;13.52;1
223650;9.90;1
223651;9.90;1
223652;11.37;1
223653;11.37;1
223654;12.45;1
223655;12.45;1
223656;13.52;1
223657;13.52;1
223666;9.90;1
223667;9.90;1
223668;11.37;1
223669;11.37;1
223670;12.45;1
223671;12.45;1
223672;13.52;1
223673;13.52;1
223776;8.02;1
223777;8.02;1
223778;8.02;1
223779;8.02;1
223780;8.02;1
223781;8.02;1
223782;7.33;1
223783;7.33;1
223784;9.22;1
223785;9.22;1
223786;9.22;1
223787;9.22;1
223788;8.53;1
223789;8.53;1
223790;8.43;1
223791;8.43;1
223794;9.22;1
223795;9.22;1
223820;9.89;1
223821;9.89;1
223822;11.36;1
223823;11.36;1
223824;12.43;1
223825;12.43;1
223836;11.18;1
223838;12.84;1
223839;12.84;1
223840;14.05;1
223841;14.05;1
223842;11.18;1
223843;11.18;1
223844;12.84;1
223845;12.84;1
223846;14.05;1
223847;14.05;1
223858;9.22;1
223859;9.22;1
223926;35.97;1
224037;1.76;1
224038;71.64;100
224053;7.73;1
224054;7.73;1
224064;6.25;1
224083;29.91;1
224084;29.91;1
224087;31.44;1
224088;31.44;1
224097;7.73;1
224098;7.73;1
224105;24.75;1
224106;27.91;1
224107;31.51;1
224108;35.35;1
224117;2.09;1
224119;2.09;1
224124;22.75;1
224125;22.75;1
224126;17.66;1
224127;17.66;1
224129;17.65;1
224132;12.83;100
224141;6.64;1
224142;7.35;1
224145;23.14;1
224154;61.74;1
224155;68.44;1
224156;78.04;1
224157;87.63;1
224158;66.66;1
224159;73.90;1
224160;84.26;1
224161;94.63;1
224169;68.03;1
224172;2.72;1
224173;2.85;1
224174;3.99;1
224175;4.99;1
224176;8.80;1
224177;2.85;1
224178;2.99;1
224179;4.27;1
224180;5.44;1
224282;2.52;1
224283;3.93;1
224284;11.58;1
224285;11.58;1
224390;66.13;1
224391;73.32;1
224392;83.60;1
224393;93.88;1
224394;71.79;1
224395;79.62;1
224396;90.80;1
224397;101.96;1
224409;9.49;1
224410;9.49;1
224649;34.90;1
224650;34.90;1
224651;34.90;1
224652;34.90;1
224740;81.69;1
224741;81.69;1
224801;7.73;1
22482;5.59;1
224896;6.69;1
224921;9.49;1
224922;9.49;1
224923;7.18;1
224947;4.06;1
224948;2.97;1
224950;1.15;1
224951;1.23;1
224952;1.68;1
224953;1.68;1
224957;18.53;1
224969;8.36;1
224970;8.36;1
224971;33.57;1
224972;33.57;1
224973;34.68;1
224974;34.68;1
224975;31.88;1
224976;31.88;1
225021;7.02;1
225038;12.91;1
225059;17.93;1
225060;20.74;1
225084;5.27;1
225085;5.27;1
225092;3.41;1
225135;1.15;1
225136;1.68;1
225137;1.68;1
225138;2.15;1
225139;2.15;1
225159;81.47;1
225160;81.47;1
225161;82.64;1
225162;82.64;1
225167;7.63;1
225168;7.63;1
225169;18.90;1
225220;2.57;1
225221;2.57;1
225352;59.67;100
225355;0.70;1
225356;1.27;1
225363;1.00;1
225365;1.00;1
225370;0.93;1
225377;1.36;1
225378;1.36;1
225380;1.36;1
225385;1.75;1
225387;1.75;1
225388;1.75;1
225394;2.28;1
225395;2.28;1
225398;15.06;1
225400;2.09;1
225401;2.09;1
225409;5.27;1
225410;5.27;1
225431;0.69;1
225494;9.36;1
225495;9.36;1
225502;8.36;1
225503;8.36;1
225577;56.89;100
22558;11.01;1
225580;0.88;1
225585;3.18;1
225586;2.74;1
225618;403.15;1
225647;10.40;1
225715;7.73;1
225716;7.73;1
225717;6.25;1
225719;6.69;1
225720;6.69;1
225891;2.13;1
225901;1.87;1
225913;1.50;1
225914;1.50;1
225953;1.68;1
225954;1.68;1
225955;3.26;1
225956;3.26;1
225957;1.15;1
225958;1.23;1
225959;6.69;1
225977;34.00;1
225979;45.33;1
226009;1.82;1
226043;1.15;1
226044;2.15;1
226045;2.15;1
226047;1.23;1
226048;1.68;1
226049;1.68;1
226050;2.15;1
226051;2.15;1
226081;42.09;1
226085;43.55;1
226111;79.44;1
226148;42.84;1
22616;12.43;1
226239;42.84;1
226318;1.12;1
226442;3.87;1
226443;6.24;1
226447;9.61;1
226482;28.41;1
226483;28.41;1
226484;29.62;1
226485;29.62;1
226486;29.62;1
226487;29.62;1
226489;7.73;1
226490;7.73;1
226492;2.06;1
226493;1.83;1
226495;21.31;1
226498;1.82;1
226499;1.82;1
226501;1.82;1
226561;3.56;1
226562;7.73;1
226563;7.73;1
226592;1.82;1
226629;2.59;1
226635;3.27;1
226636;3.96;1
226637;4.69;1
226638;4.99;1
226639;5.72;1
226640;6.41;1
226641;7.13;1
226642;3.27;1
226643;3.27;1
226644;4.00;1
226645;4.69;1
226646;4.18;1
226647;5.06;1
226648;6.00;1
226649;6.38;1
226650;7.32;1
226651;8.19;1
226652;9.12;1
226653;4.18;1
226654;5.06;1
226655;5.93;1
226656;6.32;1
226657;6.38;1
226658;3.59;1
226659;3.59;1
226660;4.96;1
226661;6.34;1
226665;3.89;1
226670;11.12;1
226671;11.12;1
226692;12.50;1
226693;13.15;1
226694;5.89;1
226695;13.81;1
226697;15.07;1
226698;0.90;1
226703;3.89;1
226709;11.85;1
226713;5.02;1
226714;5.02;1
226733;56.01;1
226734;56.01;1
226736;4.53;1
226774;5.02;1
226775;5.02;1
226777;1.82;1
226787;1.93;1
226788;1.93;1
226810;9.05;1
226811;9.05;1
226825;0.70;1
226898;10.13;1
226953;26.37;1
226985;5.88;1
227005;1.23;1
227029;23.18;1
227030;27.79;1
227031;40.36;1
227056;1.94;1
227057;1.94;1
227058;1.30;1
227065;9.91;1
227074;9.84;1
227078;6.74;1
227079;4.81;1
227134;3.91;1
227136;62.62;1
227137;62.62;1
227160;2.13;1
227164;44.11;1
227171;13.67;1
227185;2.08;1
227186;2.08;1
227192;1.82;1
227200;1.76;1
227212;15.06;1
227213;15.06;1
227214;15.06;1
227215;15.06;1
227225;1.93;1
227286;4.30;1
227287;4.30;1
227291;11.68;1
227338;5.01;1
227339;5.01;1
227341;12.89;1
227342;12.89;1
227343;6.29;1
227360;30.48;1
227362;42.68;1
227363;48.76;1
227364;53.61;1
227382;4.03;1
227385;4.59;1
227386;7.73;1
227387;7.73;1
227394;25.06;1
227425;85.91;1
227469;1.90;1
227470;1.90;1
227471;1.90;1
227472;2.06;1
227473;2.06;1
227474;2.06;1
227475;2.06;1
227476;2.06;1
227477;2.06;1
227478;2.06;1
227479;2.06;1
227487;58.63;1
227488;38.10;1
227489;62.39;1
227496;1.39;1
227497;1.39;1
227498;1.39;1
227499;1.39;1
227500;1.39;1
227501;1.39;1
227502;1.39;1
227503;1.39;1
227504;1.39;1
227505;1.39;1
227506;1.39;1
227507;1.39;1
227508;1.39;1
227509;1.39;1
227510;1.89;1
227511;1.89;1
227512;1.63;1
227513;1.63;1
227514;1.63;1
227515;1.63;1
227516;1.63;1
227517;1.63;1
227518;1.63;1
227519;1.63;1
227521;75.67;1
227538;3.78;1
227544;1.93;1
227546;7.67;1
227559;14.07;1
227560;14.07;1
227583;1.88;1
227584;1.88;1
227604;5.74;1
227605;4.91;1
227606;3.76;1
227607;3.72;1
227608;41.15;1
227609;42.87;1
227619;5.22;1
227628;55.03;1
227629;57.14;1
227645;2.30;1
227646;1.72;1
227647;1.85;1
227648;1.97;1
227649;2.30;1
227650;1.72;1
227651;1.85;1
227652;1.97;1
227653;2.17;1
227654;2.17;1
227655;10.43;1
227656;10.43;1
227657;10.43;1
227658;10.43;1
227679;3.13;1
227680;3.18;1
227691;18.79;1
227694;4.03;1
227695;5.24;1
227699;3.57;1
227702;22.80;1
227751;38.92;1
227752;50.29;1
227753;42.02;1
227754;54.28;1
227760;6.86;1
227784;5.22;1
227785;7.87;1
227810;26.45;1
227835;6.73;1
227863;3.81;1
227864;3.83;1
227865;4.36;1
227866;4.82;1
227867;4.82;1
227868;5.27;1
227869;5.27;1
227870;6.94;1
227871;6.97;1
227872;7.48;1
227873;7.48;1
227874;8.65;1
227876;14.17;1
227877;15.92;1
227878;39.56;1
227935;10.84;1
227936;1.91;1
227937;1.62;1
227964;20.22;1
227965;17.86;1
227971;0.86;1
228043;11.56;1
228051;3.57;1
228052;11.39;1
228093;61.02;1
228094;60.38;1
228095;66.94;1
228116;5.02;1
228118;31.87;1
228120;11.23;1
228122;27.95;1
228123;29.74;1
228124;34.94;1
228125;37.19;1
228148;3.35;1
228149;3.35;1
228160;4.01;1
228173;1.84;1
228175;9.93;1
228183;28.04;1
228209;7.87;1
228226;10.70;1
228262;44.43;1
228320;12.49;1
228322;24.40;1
228350;19.94;1
228372;11.12;1
228373;11.12;1
228397;5.27;1
228398;1.06;1
228403;8.16;1
228405;7.01;1
228406;7.01;1
228407;21.39;1
228408;21.39;1
228409;16.87;1
228410;17.67;1
228411;21.39;1
228412;17.67;1
228413;17.67;1
228416;16.87;1
228418;21.39;1
228419;16.87;1
228420;16.87;1
228421;21.39;1
228422;21.39;1
228423;12.75;1
228424;12.75;1
228425;12.75;1
228426;12.75;1
228427;12.75;1
228434;9.25;1
228437;4.01;1
228443;7.73;1
228444;7.73;1
228445;6.25;1
228446;3.56;1
228451;1.18;1
228464;1.62;1
228465;3.36;1
228468;2.13;1
228470;3.13;1
228476;3.11;1
228477;3.11;1
228478;2.73;1
228493;3.64;1
228503;3.87;1
228504;3.87;1
228544;6.29;1
228550;2.67;1
228569;10.11;1
228570;10.11;1
228602;11.08;1
228629;3.05;1
228631;3.31;1
228632;3.31;1
228633;2.59;1
228634;2.59;1
228635;2.22;1
228636;2.22;1
228637;2.48;1
228638;2.67;1
228639;1.81;1
228640;1.81;1
228641;2.67;1
228642;1.81;1
228643;1.81;1
228644;3.05;1
228645;1.83;1
228646;1.83;1
228647;3.31;1
228648;3.31;1
228649;2.22;1
228650;2.22;1
228651;2.22;1
228652;2.22;1
228698;5.97;1
228710;25.77;1
228711;2.22;1
228740;82.12;1
228785;1.91;1
228787;11.54;1
228788;11.54;1
228814;6.90;1
228816;12.89;1
228817;12.89;1
228850;4.04;1
228855;5.88;1
228856;6.69;1
228868;2.43;1
228869;2.43;1
228870;24.89;1
228871;24.89;1
228872;20.22;1
228873;20.22;1
228874;3.75;1
228878;3.02;1
228881;5.27;1
228882;5.27;1
228883;8.60;1
228939;2.30;1
229016;7.55;1
229026;6.98;1
229052;5.60;1
229062;3.20;1
229065;3.40;1
229066;3.40;1
229067;3.02;1
229068;3.02;1
229069;1.15;1
229070;3.20;1
229073;3.40;1
229074;3.40;1
229075;3.02;1
229076;3.02;1
229195;11.40;1
229220;12.50;1
229221;13.15;1
229225;1.91;1
229226;5.88;1
229227;5.88;1
229228;6.74;1
229229;6.69;1
229354;1.23;1
229355;1.15;1
229356;2.34;1
229357;2.15;1
229358;2.34;1
229359;2.15;1
229373;4.33;1
229374;4.33;1
229381;5.89;1
229382;5.01;1
229383;5.93;1
229384;4.52;1
229389;3.05;1
229391;11.91;1
229392;3.64;1
229398;8.32;1
229409;3.45;1
229431;307.38;1
229438;20.68;1
229441;20.68;1
229479;5.88;1
229480;5.88;1
229491;33.50;1
229518;2.09;1
229560;1.89;1
229561;1.63;1
229562;1.63;1
229563;1.97;1
229564;1.97;1
229567;8.16;1
229575;62.37;1
229576;55.31;1
229577;46.29;1
229578;51.30;1
229580;2.57;1
229581;2.57;1
229583;20.73;1
229616;25.02;1
229621;1.72;1
229622;1.72;1
229623;1.85;1
229624;1.85;1
229625;1.97;1
229626;1.97;1
229627;2.30;1
229628;2.30;1
229645;13.62;1
229667;1.90;1
229668;1.90;1
229676;206.13;1
229677;206.13;1
229685;10.39;1
229686;10.39;1
229697;4.01;1
229734;2.57;1
229735;2.57;1
229737;7.45;1
229739;3.57;1
229746;8.64;1
229749;2.57;1
229773;22.85;1
229774;24.84;1
229775;24.84;1
229776;42.64;1
229777;63.28;1
229791;1.80;1
229806;13.60;1
229807;13.60;1
229808;12.19;1
229809;12.19;1
229814;37.29;1
229835;8.30;1
229836;8.30;1
229837;4.15;1
229848;1.72;1
229849;1.72;1
229850;1.85;1
229851;1.85;1
229852;1.97;1
229853;1.97;1
229854;2.30;1
229855;2.30;1
229864;2.17;1
229865;2.17;1
229887;2.17;1
229888;2.17;1
229904;46.88;1
229946;2.18;1
229997;10.97;1
229998;10.97;1
230000;29.93;1
230001;31.27;1
230002;32.61;1
230003;33.96;1
230004;35.30;1
230005;37.98;1
230014;35.30;1
230015;37.98;1
230023;36.95;1
230024;38.94;1
230025;40.97;1
230210;30.13;1
230211;31.49;1
230212;32.87;1
230213;34.23;1
230214;35.60;1
230215;38.34;1
230240;31.69;1
230241;33.03;1
230242;34.37;1
230243;35.71;1
230244;37.05;1
230245;39.73;1
230246;42.66;1
230247;45.34;1
230264;40.37;1
230456;79.22;1
230513;119.85;1
230514;121.19;1
230530;73.53;1
230531;74.87;1
230532;76.22;1
230533;77.55;1
230534;78.90;1
230535;81.58;1
230536;86.69;1
230537;89.37;1
230540;77.30;1
230541;78.64;1
230542;79.98;1
230543;81.58;1
230544;82.66;1
230545;85.34;1
230547;93.55;1
230550;77.30;1
230551;78.64;1
230552;79.98;1
230553;81.32;1
230554;82.66;1
230555;85.34;1
230557;93.55;1
230560;70.70;1
230562;73.38;1
230563;74.72;1
230564;76.06;1
230565;78.75;1
230566;83.64;1
230567;86.32;1
230632;76.93;1
230634;79.61;1
230635;82.30;1
230636;87.56;1
230642;76.93;1
230643;78.18;1
230644;79.61;1
230645;82.30;1
230646;87.56;1
230647;91.78;1
230690;22.88;1
230691;23.98;1
230692;32.61;1
230693;26.17;1
230694;35.30;1
230695;37.98;1
230696;40.75;1
230697;43.43;1
230760;31.69;1
230761;33.59;1
230762;34.37;1
230763;36.31;1
230764;37.05;1
230765;39.73;1
230766;42.66;1
230767;45.34;1
230900;115.83;1
230902;118.51;1
230910;35.37;1
231352;30.08;1
231410;66.78;1
231411;68.12;1
231412;69.46;1
231413;70.81;1
231414;72.15;1
231415;74.83;1
231416;79.37;1
231417;82.05;1
231445;149.18;1
231450;69.98;1
231451;71.32;1
231452;72.66;1
231453;75.26;1
231454;76.63;1
231455;79.35;1
231456;82.89;1
231482;134.36;1
231490;69.98;1
231491;71.32;1
231492;72.66;1
231493;75.26;1
231494;76.63;1
231495;79.35;1
231496;82.89;1
231497;87.02;1
231540;106.67;1
231541;108.01;1
231542;109.36;1
231543;110.70;1
231544;112.04;1
231550;112.00;1
231551;113.34;1
231552;114.69;1
231553;117.99;1
231570;112.00;1
231571;113.34;1
231572;114.69;1
231573;116.02;1
231574;117.37;1
231710;71.52;1
231712;74.20;1
231717;88.56;1
23177;3.64;1
231786;149.18;1
231820;115.83;1
231950;122.99;1
232010;27.11;1
232011;28.99;1
232012;30.32;1
232013;31.67;1
232014;33.01;1
232015;34.35;1
232017;37.66;1
232082;103.06;1
23213;3.25;1
232141;25.67;1
232213;33.40;1
232215;36.08;1
232330;71.41;1
232331;72.75;1
232332;74.10;1
232340;75.00;1
232341;76.34;1
232342;77.68;1
232350;75.00;1
232351;76.34;1
232352;77.68;1
232380;71.16;1
232422;97.00;1
232423;98.33;1
232424;99.69;1
232426;102.37;1
232492;106.93;1
232493;108.27;1
232494;109.61;1
232496;112.29;1
232542;141.97;1
232558;140.91;1
232613;75.43;1
232640;66.78;1
232641;68.12;1
232642;69.46;1
232643;70.81;1
232645;74.83;1
232646;79.37;1
232647;82.05;1
232650;69.99;1
232651;71.32;1
232653;74.00;1
232655;78.03;1
232661;71.32;1
232662;72.67;1
232663;74.00;1
232664;75.35;1
232665;78.03;1
232666;82.89;1
232667;85.57;1
232673;74.72;1
232675;78.75;1
232692;76.93;1
232695;82.30;1
232741;74.87;1
232745;81.58;1
232753;81.32;1
23279;11.56;1
232851;2.67;1
232852;5.23;1
232853;2.87;1
232854;3.18;1
232855;25.62;1
232856;2.68;1
232857;4.11;1
232858;4.69;1
232859;16.49;1
232860;32.77;1
232861;41.45;1
232862;2.13;1
232863;2.13;1
232864;1.95;1
232865;14.79;1
232866;13.11;1
232867;8.62;1
232868;2.66;1
232869;2.12;1
232870;2.67;1
232871;13.63;1
232872;16.15;1
232873;11.65;1
232874;27.15;1
232875;31.62;1
232876;1.94;1
232878;19.14;1
232879;11.87;1
232880;11.33;1
232881;13.18;1
232882;19.60;1
232883;11.10;1
232884;24.14;1
232886;20.20;1
232887;5.00;1
232889;4.67;1
232890;4.06;1
232891;6.00;1
232892;5.00;1
232893;3.77;1
232894;4.32;1
232895;2.81;1
232896;3.23;1
232897;6.16;1
232898;22.07;1
232899;17.29;1
232900;11.03;1
232901;9.09;1
232902;24.70;1
232903;4.19;1
232904;4.81;1
232905;6.29;1
232906;8.99;1
232907;7.62;1
232908;6.87;1
232909;7.87;1
232910;14.78;1
232911;6.41;1
232912;7.37;1
232913;14.34;1
232914;15.79;1
232915;17.30;1
232916;18.49;1
232917;20.01;1
232918;21.20;1
232919;22.82;1
232920;24.70;1
232921;25.78;1
232922;27.95;1
232923;29.58;1
232924;30.11;1
232925;15.45;1
232926;47.83;1
232927;29.16;1
232928;12.49;1
232929;17.29;1
232931;1.17;1
232932;2.13;1
232933;2.13;1
232934;2.42;1
232935;2.42;1
232938;1.07;1
232939;5.43;1
232950;5.43;1
232951;4.65;1
232952;4.65;1
232953;4.65;1
232954;4.65;1
232955;2.17;1
232956;2.17;1
232957;2.13;1
232958;2.13;1
232959;3.88;1
232960;3.88;1
232963;4.45;1
232964;4.45;1
232965;2.42;1
232966;2.42;1
232967;2.42;1
232968;2.42;1
232969;2.42;1
232970;2.42;1
232971;5.87;1
232972;5.87;1
232973;5.43;1
232974;5.43;1
232975;2.74;1
232976;2.74;1
232977;3.88;1
232978;3.88;1
232979;4.74;1
232980;4.74;1
232981;4.74;1
232982;4.74;1
232985;21.89;1
232986;21.89;1
232987;21.89;1
232988;21.89;1
232989;18.68;1
232990;18.68;1
232993;4.52;1
232994;4.52;1
232997;13.72;1
232998;4.51;1
232999;5.38;1
233000;5.38;1
233001;4.51;1
233002;4.46;1
233003;4.46;1
233004;20.47;1
233005;20.47;1
233006;44.44;1
233007;44.44;1
233008;49.16;1
233009;49.16;1
233010;44.44;1
233011;44.44;1
233012;44.44;1
233013;44.44;1
233014;44.44;1
233015;44.44;1
233018;20.47;1
233019;20.47;1
233020;1.07;1
233021;1.42;1
233022;1.65;1
233023;1.65;1
233026;2.31;1
233027;2.31;1
233028;5.92;1
233029;5.92;1
233030;3.38;1
233031;1.42;1
233032;3.31;1
233033;3.31;1
233034;1.65;1
233035;1.65;1
233036;4.63;1
233037;4.63;1
233038;19.83;1
233039;19.83;1
233040;8.01;1
233041;8.01;1
233042;8.01;1
233043;8.01;1
233044;8.01;1
233045;8.01;1
233046;7.55;1
233047;7.55;1
233048;21.11;1
233049;21.11;1
233120;21.11;1
233121;21.11;1
233124;6.42;1
233125;6.42;1
233128;21.96;1
233129;21.96;1
233130;21.96;1
233131;21.96;1
233132;5.75;1
233133;5.75;1
233134;7.18;1
233135;7.18;1
233136;6.18;1
233137;6.18;1
233138;28.18;1
233139;31.67;1
233140;35.17;1
233141;39.39;1
233142;25.40;1
233143;28.27;1
233144;31.64;1
233145;32.91;1
233146;36.00;1
233147;38.90;1
233148;41.98;1
233149;32.14;1
233150;38.57;1
233151;45.00;1
233152;51.43;1
233153;56.51;1
233154;34.61;1
233155;41.54;1
233156;48.46;1
233157;55.39;1
233158;60.89;1
233240;64.59;1
233241;69.59;1
233242;72.66;1
233243;78.29;1
233244;55.54;1
233245;27.67;1
233247;67.33;1
233248;33.54;1
233251;3.84;1
233252;4.23;1
233253;6.52;1
233254;7.84;1
233255;11.66;1
233256;4.44;1
233257;5.04;1
233258;6.05;1
233259;11.34;1
233260;51.58;1
233261;66.67;1
233262;90.70;1
233263;81.89;1
233265;16.88;1
233266;16.88;1
233267;16.88;1
233268;16.88;1
233271;40.52;1
233272;103.45;1
233281;1.08;1
233284;1.08;1
233285;1.08;1
233286;1.08;1
233288;1.08;1
233289;1.80;1
233291;31.96;1
233340;1.80;1
233341;1.80;1
233342;2.71;1
233343;1.35;1
233344;1.35;1
233345;1.35;1
233346;1.35;1
233347;1.80;1
233348;65.68;100
233349;67.36;100
233362;1.77;1
233365;1.03;1
233367;2.44;1
233368;2.44;1
233369;1.22;1
233370;1.22;1
233371;2.44;1
233372;2.44;1
233373;19.02;1
233374;19.02;1
233375;6.31;1
233376;5.73;1
233377;5.55;1
233378;22.22;1
233379;6.43;1
233380;18.46;1
233381;22.22;1
233382;13.02;1
233383;3.95;1
233384;10.60;1
233385;10.60;1
233386;10.60;1
233387;12.77;1
233388;9.48;1
233389;7.08;1
233394;36.71;1
233410;7.08;1
233411;9.48;1
233412;9.48;1
233413;5.74;1
233414;7.91;1
233415;7.91;1
233416;11.99;1
233417;23.11;1
233418;18.66;1
233419;4.24;1
233440;48.87;1
233441;50.76;1
233442;52.10;1
233444;54.78;1
233445;56.12;1
233447;58.81;1
233460;35.95;1
233461;4.33;1
233462;7.47;1
233463;9.46;1
233464;11.45;1
233465;13.55;1
233466;14.42;1
233467;16.51;1
233468;18.50;1
233469;20.59;1
233470;17.61;1
233471;22.23;1
233472;26.85;1
233473;31.71;1
233474;33.74;1
233475;10.34;1
233476;11.00;1
233477;9.71;1
233478;6.43;1
233479;12.28;1
233480;20.65;1
233485;27.90;1
233520;7.77;1
233521;14.85;1
233522;17.60;1
233523;9.12;1
233524;18.73;1
233525;18.49;1
233526;18.55;1
233527;21.48;1
233528;12.58;1
233529;14.03;1
233540;12.06;1
233541;15.25;1
233542;19.77;1
233543;19.77;1
233544;23.96;1
233545;23.96;1
233546;28.16;1
233547;28.16;1
233548;34.21;1
233549;34.21;1
233560;38.41;1
233561;38.41;1
233562;42.61;1
233563;42.61;1
233564;24.04;1
233565;34.08;1
233566;15.25;1
233567;18.46;1
233568;21.86;1
233569;22.90;1
233572;36.93;1
233590;26.69;1
233591;29.88;1
233592;33.29;1
233593;21.65;1
233594;23.06;1
233595;4.84;1
233596;11.02;1
233597;14.08;1
233598;13.69;1
233599;18.93;1
233620;24.15;1
233621;7.25;1
233622;8.64;1
233623;18.02;1
233624;7.51;1
233625;11.92;1
233626;16.97;1
233627;17.11;1
233628;6.10;1
233629;6.31;1
233640;4.80;1
233641;2.90;1
233642;3.86;1
233643;2.37;1
233644;3.23;1
233645;3.93;1
233646;4.97;1
233647;5.62;1
233648;6.23;1
233649;6.83;1
233650;9.06;1
233651;9.74;1
233652;11.33;1
233653;12.88;1
233654;14.46;1
233655;7.11;1
233656;6.74;1
233657;7.47;1
233658;8.19;1
233659;10.86;1
233660;11.68;1
233661;9.15;1
233662;12.68;1
233663;13.86;1
233664;15.04;1
233665;19.41;1
233666;20.75;1
233667;23.85;1
233668;26.88;1
233669;19.14;1
233703;50.38;1
233704;56.29;1
233705;62.34;1
233706;50.97;1
233707;56.89;1
233708;62.94;1
233709;51.58;1
233780;57.49;1
233783;58.09;1
233786;64.73;1
233787;92.41;1
233788;105.35;1
233789;94.12;1
233810;107.05;1
233811;120.46;1
233812;95.81;1
233813;108.74;1
233814;122.16;1
233815;97.51;1
233816;110.45;1
233817;99.22;1
233818;112.15;1
233819;125.57;1
233830;113.85;1
233831;127.26;1
233832;9.06;1
233833;8.63;1
233834;16.35;1
233835;18.37;1
233836;4.41;1
233837;7.86;1
233838;14.37;1
233839;27.27;1
233840;33.20;1
233841;9.03;1
233842;7.09;1
233847;4.13;1
233848;4.62;1
233849;6.19;1
233850;6.85;1
233851;10.24;1
233852;7.50;1
233853;11.23;1
233854;9.94;1
233855;9.90;1
233856;10.69;1
233857;10.64;1
233858;12.41;1
233859;14.10;1
233890;15.84;1
233891;16.46;1
233892;17.83;1
233893;22.93;1
233894;31.63;1
233895;9.74;1
233896;12.41;1
233897;31.79;1
233923;4.33;1
233924;5.81;1
233925;9.15;1
233926;13.12;1
233927;19.06;1
233928;24.46;1
233929;17.95;1
233950;29.02;1
233951;40.60;1
233952;51.14;1
233953;18.33;1
233954;29.65;1
233955;41.22;1
233956;51.76;1
233958;23.80;1
233959;27.14;1
234000;78.53;1
234001;78.56;1
234002;81.26;1
234003;81.74;1
234004;83.09;1
234005;85.79;1
234007;94.64;1
234024;29.73;1
234025;23.80;1
234027;53.63;1
234029;73.35;1
234050;74.87;1
234051;98.72;1
234052;100.25;1
234053;101.78;1
234055;79.47;1
234056;103.31;1
234057;8.84;1
234058;11.60;1
234059;97.19;1
234062;7.67;1
234063;11.63;1
234064;11.44;1
234065;15.24;1
234066;21.43;1
234068;104.84;1
234142;86.28;1
234170;35.62;1
234171;36.95;1
234180;35.62;1
234181;36.95;1
234282;82.66;1
23439;4.65;1
234411;4.29;1
234412;2.17;1
234420;45.73;1
234423;49.76;1
234481;49.70;1
234483;52.39;1
234484;53.72;1
234485;56.41;1
234487;62.79;1
234495;56.41;1
234497;62.79;1
234501;49.70;1
234502;51.04;1
234503;52.39;1
234504;53.72;1
234505;57.36;1
234506;60.11;1
234507;62.79;1
234517;68.25;1
234600;45.73;1
234601;47.87;1
234602;48.42;1
234603;49.76;1
234604;51.96;1
234605;54.70;1
234606;57.26;1
234607;59.94;1
234673;9.26;1
234674;11.08;1
234764;76.47;1
234770;68.52;1
234772;71.20;1
234773;72.53;1
234774;73.89;1
234792;75.38;1
234793;76.73;1
234814;88.01;1
234842;9.33;1
234843;11.85;1
234844;11.73;1
234845;4.53;1
234846;69.58;1
234847;68.00;1
234848;66.43;1
234849;62.64;1
234850;64.85;1
234851;11.62;1
234852;9.15;1
234853;6.67;1
234854;12.67;1
234855;10.19;1
234941;53.44;1
234942;54.78;1
234943;57.07;1
234951;49.34;1
234952;50.67;1
234982;53.55;1
235023;108.41;1
235042;112.29;1
235062;112.29;1
235092;84.50;1
235097;98.07;1
235117;107.84;1
235122;84.50;1
235123;85.84;1
235124;87.18;1
235125;89.87;1
235126;95.39;1
235127;98.07;1
235130;9.91;1
235131;9.91;1
235132;10.82;1
235133;13.60;1
235134;17.39;1
235135;12.61;1
235136;12.61;1
235137;16.16;1
235138;16.16;1
235139;29.25;1
235145;13.01;1
235146;13.01;1
235147;17.74;1
235148;13.01;1
235149;17.74;1
235172;85.33;1
235174;88.01;1
235292;79.55;1
235294;82.23;1
235295;83.58;1
235340;69.21;1
235342;71.90;1
235343;73.24;1
235344;74.58;1
235345;77.27;1
235372;74.69;1
235410;13.01;1
235411;15.66;1
235412;15.66;1
235413;13.01;1
235414;15.72;1
235415;15.72;1
235417;11.26;1
235418;11.26;1
235419;11.26;1
235420;10.21;1
235421;2.17;1
235422;2.45;1
235423;1.24;1
235424;1.24;1
235426;2.17;1
235427;1.24;1
235428;3.89;1
235429;3.89;1
235450;5.02;1
235451;2.45;1
235452;2.17;1
235453;4.51;1
235454;3.84;1
235455;7.53;1
235456;7.53;1
235457;3.84;1
235464;4.29;1
235468;9.61;1
235469;9.61;1
235530;19.33;1
235531;19.33;1
235536;11.58;1
235537;11.58;1
235538;8.97;1
235571;11.58;1
235572;11.58;1
235573;12.43;1
235574;12.43;1
235575;11.58;1
235576;11.58;1
235577;12.43;1
235578;11.58;1
235579;11.58;1
235610;12.43;1
235611;11.58;1
235612;11.58;1
235613;11.97;1
235616;11.58;1
235617;11.58;1
235618;11.58;1
235619;11.58;1
235650;7.53;1
235651;7.53;1
235652;12.43;1
235653;12.43;1
235654;11.58;1
235655;11.58;1
235656;12.43;1
235657;5.02;1
235658;5.02;1
235659;5.02;1
235692;105.91;1
235693;105.91;1
235694;107.43;1
235695;107.43;1
235696;107.73;1
235697;107.73;1
235698;116.13;1
235699;116.13;1
235730;116.13;1
235731;116.13;1
235732;114.35;1
235733;114.35;1
235770;65.37;1
235771;66.72;1
235772;68.06;1
235773;69.41;1
235774;70.74;1
235775;73.42;1
235777;80.59;1
235780;71.96;1
235784;77.33;1
235785;80.01;1
235791;52.43;1
235792;53.77;1
235793;55.11;1
235794;56.45;1
235795;59.13;1
235796;62.87;1
235797;65.56;1
235810;51.09;1
235811;52.43;1
235812;53.77;1
235813;55.11;1
235814;57.41;1
235815;59.13;1
235816;62.87;1
235817;66.67;1
235830;54.04;1
235833;58.06;1
235834;59.40;1
235835;62.09;1
235836;66.08;1
235837;68.77;1
235850;54.04;1
235851;56.32;1
235852;56.72;1
235853;58.06;1
235854;59.40;1
235855;62.09;1
235856;66.08;1
235857;68.77;1
235890;54.59;1
235891;55.93;1
235892;57.27;1
235893;58.61;1
235894;59.95;1
235895;63.70;1
235942;37.69;1
235952;105.91;1
235953;105.91;1
235958;1.93;1
235959;30.17;1
235972;30.17;1
235973;67.41;1
235974;32.80;1
235975;164.01;1
235976;202.55;1
235977;166.73;1
235978;205.90;1
235979;205.90;1
235993;151.57;1
235995;176.75;1
235999;117.03;1
236002;39.23;1
236003;40.57;1
236004;41.91;1
236013;66.21;1
236060;118.46;1
236061;119.88;1
236062;121.29;1
236063;122.70;1
236064;125.54;1
236065;123.89;1
236066;125.31;1
236067;126.73;1
236068;123.89;1
236069;125.31;1
236080;126.73;1
236081;128.14;1
236082;129.57;1
236083;132.40;1
236103;127.99;1
236107;68.52;1
236108;70.32;1
236109;72.12;1
236140;73.46;1
236145;79.01;1
236147;75.23;1
236148;78.78;1
236176;49.48;1
236177;51.35;1
236178;40.88;1
236179;42.21;1
236180;43.56;1
236181;44.90;1
236182;46.24;1
236183;48.93;1
236184;52.20;1
236185;45.93;1
236186;47.97;1
236187;62.10;1
236188;63.46;1
236189;64.83;1
236210;53.88;1
236211;55.22;1
236213;57.91;1
236220;17.33;1
236221;19.13;1
236290;1.58;1
236291;1.58;1
236292;1.30;1
236293;1.30;1
236294;1.58;1
236295;1.58;1
236297;1.58;1
236298;1.81;1
236299;1.52;1
236300;2.09;1
236301;3.09;1
236302;5.79;1
236303;5.51;1
236304;15.21;1
236305;2.82;1
236306;9.28;1
236307;9.28;1
236308;9.28;1
236309;9.28;1
236339;173.91;1
23635;45.71;1
236350;8.71;1
236351;8.71;1
236352;27.03;1
236353;27.03;1
236354;27.03;1
236355;27.03;1
236356;23.71;1
236357;23.71;1
236358;17.55;1
236359;17.55;1
23636;22.12;1
236390;17.55;1
236391;17.55;1
236392;15.95;1
236393;15.95;1
236394;13.34;1
236395;86.36;100
236396;1.86;1
236397;4.86;1
236398;5.63;1
236399;6.60;1
236420;15.81;1
236421;15.81;1
236422;8.31;1
236423;8.31;1
236424;2.55;1
236425;2.96;1
236426;3.46;1
236427;3.97;1
236428;3.64;1
236429;3.64;1
236430;3.64;1
236431;3.64;1
236432;74.37;100
236433;88.81;100
236434;2.34;1
236435;7.45;1
236436;8.65;1
236437;11.45;1
236438;12.64;1
236439;13.79;1
236460;4.38;1
236461;5.48;1
236462;6.31;1
236464;12.91;1
236465;14.85;1
236466;19.69;1
236467;21.63;1
236468;23.67;1
236469;16.79;1
236470;9.36;1
236471;10.96;1
236472;17.65;1
236473;21.63;1
236474;24.84;1
236475;26.21;1
236476;31.36;1
236477;38.02;1
236478;21.41;1
236479;32.85;1
236500;9.08;1
236501;11.23;1
236502;14.16;1
236503;7.65;1
236504;6.22;1
236505;7.38;1
236506;9.13;1
236507;11.50;1
236508;13.83;1
236509;26.84;1
236513;2.41;1
236514;2.41;1
236516;4.16;1
236517;2.79;1
236518;7.30;1
236519;7.30;1
236520;7.85;1
236521;7.85;1
236522;8.39;1
236523;8.39;1
236524;10.01;1
236525;10.01;1
236526;10.77;1
236527;10.77;1
236528;3.57;1
236529;3.57;1
236530;3.83;1
236531;3.83;1
236532;4.10;1
236533;4.10;1
236534;4.76;1
236535;4.76;1
236536;59.45;1
236537;63.33;1
236538;67.04;1
236539;88.03;1
236540;94.66;1
236541;9.76;1
236542;4.62;1
236543;4.62;1
236544;220.95;1
236545;3.05;1
236546;6.32;1
236547;6.78;1
236548;7.26;1
236549;8.54;1
236550;3.28;1
236551;3.50;1
236552;4.08;1
236553;9.19;1
236554;6.92;1
236555;11.18;1
236557;38.30;1
236558;38.30;1
236559;57.85;1
236560;57.85;1
236561;83.41;1
236562;83.41;1
236563;7.39;1
236564;7.39;1
236565;7.94;1
236566;7.94;1
236567;8.49;1
236568;8.49;1
236569;6.60;1
236572;81.03;1
236573;82.37;1
236600;78.34;1
236601;79.68;1
236602;81.03;1
236603;82.37;1
236604;83.71;1
236610;7.10;1
236611;7.59;1
236612;9.89;1
236613;9.89;1
236614;17.29;1
236615;17.29;1
236616;8.11;1
236617;8.77;1
236618;9.43;1
236619;11.23;1
236620;12.07;1
236621;12.91;1
236623;14.93;1
236624;16.05;1
236625;26.07;1
236626;26.07;1
236627;29.83;1
236628;35.60;1
236629;38.97;1
236630;38.97;1
236631;30.34;1
236632;30.34;1
236633;35.60;1
236634;35.60;1
236635;38.97;1
236636;38.97;1
236637;42.33;1
236638;42.33;1
236639;30.34;1
236640;30.34;1
236641;35.60;1
236642;35.60;1
236643;38.97;1
236644;38.97;1
236645;42.33;1
236646;42.33;1
236647;30.34;1
236648;35.60;1
236649;35.60;1
236650;38.97;1
236651;38.97;1
236652;6.04;1
236653;6.47;1
236654;7.44;1
236655;8.00;1
236656;15.70;1
236657;15.70;1
236658;15.70;1
236670;29.93;1
236710;15.70;1
236711;18.25;1
236712;18.25;1
236713;18.25;1
236714;18.25;1
236715;24.26;1
236716;24.26;1
236717;28.21;1
236718;28.21;1
236719;6.47;1
236720;6.47;1
236721;6.92;1
236722;6.92;1
236723;8.02;1
236724;8.02;1
236725;8.62;1
236726;8.62;1
236727;29.15;1
236728;29.15;1
236729;33.89;1
236730;33.89;1
236731;29.15;1
236732;29.15;1
236733;33.89;1
236734;33.89;1
236735;24.59;1
236736;28.60;1
236737;28.60;1
236738;23.64;1
236739;23.64;1
236811;46.63;1
236812;47.97;1
236825;54.70;1
236832;47.97;1
236833;49.31;1
236834;50.65;1
236841;87.46;1
236844;93.03;1
236860;27.49;1
236861;27.49;1
236862;15.30;1
236863;15.30;1
236864;17.79;1
236865;17.79;1
236866;15.30;1
236867;15.30;1
236868;17.79;1
236869;17.79;1
236870;59.45;1
236871;2.79;1
236872;6.61;1
236873;6.61;1
236874;7.11;1
236875;7.11;1
236876;7.60;1
236877;7.60;1
236878;8.84;1
236879;8.84;1
23688;45.71;1
236880;6.61;1
236881;6.61;1
236882;7.11;1
236883;7.11;1
236884;7.60;1
236885;7.60;1
236886;8.84;1
236887;8.84;1
236888;23.23;1
236889;6.06;1
236893;9.31;1
236894;8.83;1
236895;9.46;1
236896;10.29;1
236897;17.37;1
236898;4.24;1
236899;6.95;1
236900;85.01;100
236901;3.67;1
236902;8.14;1
236903;7.66;1
236904;4.89;1
236905;4.17;1
236906;5.76;1
236907;3.67;1
236908;6.94;1
236909;1.59;1
236910;6.38;1
236912;2.06;1
236914;30.52;1
236915;37.32;1
236916;8.31;1
236917;8.31;1
236918;7.50;1
236919;7.50;1
236920;4.45;1
236921;4.45;1
236922;18.68;1
236923;18.68;1
236924;31.50;1
236925;118.76;1
236926;123.87;1
236928;7.46;1
236929;6.41;1
236951;15.49;1
236953;11.48;1
236955;7.63;1
236956;12.99;1
236957;15.09;1
236958;24.48;1
236959;76.41;1
236972;13.09;1
236973;17.38;1
236974;23.91;1
236975;30.34;1
236976;30.34;1
236977;35.60;1
236980;30.34;1
236981;42.33;1
236982;42.33;1
236984;1.42;1
236985;2.41;1
236987;37.02;100
236988;15.57;1
236989;15.57;1
236990;30.01;1
236991;30.01;1
236995;22.67;1
236996;29.25;1
236997;19.33;1
236998;19.33;1
236999;2.75;1
237010;104.39;1
237012;107.07;1
237015;112.44;1
237130;64.00;1
237141;42.88;1
237144;46.97;1
237150;65.36;1
237151;66.70;1
237152;68.04;1
237153;69.38;1
237154;70.73;1
237155;74.83;1
237190;2.75;1
237191;3.50;1
237192;3.50;1
237193;3.48;1
237194;6.12;1
237195;6.12;1
237196;6.12;1
237197;6.12;1
237198;7.46;1
237199;7.46;1
237212;109.36;1
23731;42.26;100
237312;114.69;1
237361;78.65;1
237583;36.99;1
237600;32.97;1
237601;34.89;1
237602;36.26;1
237603;37.62;1
237604;38.98;1
237605;45.29;1
237620;56.19;1
237621;57.53;1
237622;58.87;1
237623;60.21;1
237624;61.56;1
237625;64.24;1
237627;71.08;1
237635;64.24;1
237642;74.69;1
237652;74.69;1
237730;71.15;1
237731;72.48;1
237733;75.16;1
237734;76.51;1
237850;68.52;1
237851;69.85;1
237852;71.20;1
237853;72.53;1
237854;73.89;1
237855;76.57;1
237938;61.77;1
238355;53.79;1
238372;92.07;1
238462;98.85;1
238550;51.53;1
238553;55.56;1
238554;56.91;1
238555;59.58;1
238560;52.41;1
238561;52.87;1
238562;54.22;1
238563;55.56;1
238564;57.87;1
238565;59.58;1
238566;64.44;1
238567;67.17;1
23859;22.12;1
238600;47.06;1
238601;48.41;1
238602;49.75;1
238603;51.09;1
238605;55.12;1
238606;58.65;1
238607;61.33;1
238610;47.06;1
238612;49.75;1
238614;52.43;1
23871;5.59;1
238756;61.58;1
238762;52.45;1
238766;61.58;1
238767;64.26;1
238812;52.45;1
23883;46.38;100
23886;46.82;100
239024;86.76;1
239030;66.78;1
239031;68.12;1
239032;69.46;1
239033;70.81;1
239034;72.15;1
239035;74.83;1
239040;68.49;1
239041;71.32;1
239042;71.17;1
239044;73.86;1
239080;69.98;1
239081;71.32;1
239082;72.66;1
239083;74.00;1
239084;75.35;1
239085;78.03;1
239086;82.89;1
239090;68.49;1
239091;69.84;1
239092;71.17;1
239094;73.86;1
239095;78.03;1
239130;69.98;1
239131;71.32;1
239132;72.66;1
239133;74.00;1
239134;75.35;1
239135;78.03;1
239136;82.89;1
239142;71.89;1
239181;72.03;1
239182;73.38;1
239232;75.36;1
239242;75.36;1
239320;72.00;1
239321;73.35;1
239322;74.69;1
239324;77.37;1
239325;80.06;1
239352;92.07;1
239361;74.87;1
239364;78.90;1
239365;81.58;1
239372;78.38;1
239373;79.72;1
239375;85.17;1
239422;78.38;1
239462;79.98;1
239467;93.55;1
239492;52.96;1
239512;87.82;1
23957;15.43;1
239579;254.28;1
239582;262.18;1
239585;281.06;1
239588;206.98;1
239591;213.41;1
239594;221.67;1
239597;355.80;1
239603;381.06;1
239609;312.31;1
239855;2.67;1
239953;55.51;1
239954;56.89;1
239961;48.62;1
239962;50.00;1
239963;51.36;1
239964;52.73;1
239965;55.47;1
24003;9.23;1
24004;9.23;1
240465;70.24;1
240784;44.59;1
240785;45.95;1
240822;71.89;1
241180;65.61;1
241212;71.79;1
241582;118.53;1
241842;64.78;1
241850;17.33;1
241852;19.13;1
241854;21.81;1
241864;23.11;1
241995;60.15;1
242042;75.36;1
242093;87.65;1
24239;1.76;1
242472;115.62;1
242477;135.27;1
242724;85.14;1
243680;31.18;1
243681;36.09;1
243682;34.09;1
243683;35.82;1
243684;36.82;1
243688;5.64;1
243706;5.64;1
243761;58.61;1
244072;24.72;1
244090;24.29;1
244091;26.16;1
244092;27.50;1
244094;30.19;1
244122;53.66;1
244124;56.35;1
244201;87.75;1
24424;3.91;1
24432;17.21;1
24433;14.72;1
24434;18.88;1
24435;17.73;1
244361;39.95;1
244363;42.63;1
244373;44.97;1
244383;47.41;1
244393;50.01;1
244876;56.95;1
244879;62.85;1
245000;78.99;1
245001;80.34;1
245002;81.68;1
245003;83.02;1
245004;84.36;1
245005;85.71;1
245006;87.05;1
245007;91.74;1
245008;94.43;1
245010;83.19;1
245011;84.54;1
245012;85.88;1
245013;87.22;1
245014;88.56;1
245016;91.24;1
245017;96.25;1
245018;98.95;1
245020;84.03;1
245021;85.37;1
245022;86.71;1
245023;88.06;1
245024;89.40;1
245026;92.08;1
245030;86.33;1
245031;87.68;1
245032;89.02;1
245033;90.36;1
245034;91.71;1
245036;94.39;1
245037;99.62;1
245038;102.30;1
245040;115.83;1
245041;117.17;1
245042;118.51;1
245043;119.85;1
245044;121.19;1
245048;133.00;1
245054;94.59;1
245140;82.35;1
245141;83.69;1
245142;85.04;1
245143;86.38;1
245144;87.71;1
245146;90.40;1
245147;95.38;1
245148;98.06;1
245150;86.87;1
245151;88.21;1
245152;89.55;1
245154;92.23;1
245156;94.92;1
245157;100.27;1
245158;102.96;1
245160;87.75;1
245161;89.09;1
245162;90.43;1
245164;93.11;1
245170;90.22;1
245171;91.56;1
245172;92.90;1
245173;94.25;1
245174;95.59;1
245176;98.27;1
245177;103.85;1
245178;106.53;1
245180;120.92;1
245181;122.27;1
245182;123.61;1
245183;124.95;1
245184;126.30;1
245280;82.35;1
245283;86.37;1
245284;87.71;1
245286;90.40;1
245290;86.87;1
245292;89.55;1
245304;93.11;1
245310;90.22;1
245311;91.56;1
245312;92.90;1
245320;120.93;1
245321;122.27;1
245322;123.61;1
245323;124.95;1
245324;126.30;1
245420;78.99;1
245421;80.34;1
245422;81.68;1
245423;83.02;1
245424;84.36;1
245425;85.71;1
245426;87.05;1
245428;94.43;1
245431;84.53;1
245433;87.21;1
245435;89.90;1
245436;91.24;1
245437;96.25;1
245438;98.95;1
245440;84.03;1
245442;86.71;1
245444;89.40;1
245451;87.68;1
245453;90.36;1
245454;91.71;1
245455;93.04;1
245456;94.39;1
245457;99.62;1
245458;102.30;1
245462;123.61;1
245463;124.95;1
245481;83.69;1
245483;86.37;1
245484;87.71;1
245486;90.40;1
245487;95.38;1
245494;92.23;1
245510;330.09;1
245514;334.49;1
245515;335.60;1
245516;336.69;1
245517;356.86;1
245518;359.06;1
245520;330.09;1
245521;331.19;1
245522;332.29;1
245524;275.94;1
245527;325.33;1
245530;337.47;1
245531;338.57;1
245532;339.67;1
245533;340.77;1
245534;341.87;1
245536;344.07;1
245537;365.12;1
245538;367.32;1
245540;330.09;1
245541;331.19;1
245542;332.29;1
245543;333.39;1
245544;334.49;1
245612;332.29;1
245654;353.57;1
245656;355.76;1
245657;378.25;1
245658;380.45;1
245660;349.16;1
245661;350.26;1
245662;351.36;1
245670;357.41;1
245671;358.51;1
245672;359.62;1
245673;360.72;1
245674;361.82;1
245676;364.02;1
245677;387.55;1
245678;389.75;1
245680;349.16;1
245681;350.26;1
245682;351.36;1
245683;352.46;1
245684;353.57;1
245792;351.36;1
245820;349.16;1
245821;350.26;1
245822;351.36;1
245823;352.46;1
245824;353.57;1
245920;87.75;1
245924;93.11;1
245934;95.59;1
245936;98.27;1
245940;120.93;1
24596;6.08;1
245960;82.35;1
245961;83.69;1
245962;85.04;1
245963;86.38;1
245964;87.71;1
245966;90.40;1
245972;89.55;1
245976;94.92;1
245977;100.27;1
245978;102.96;1
245984;93.11;1
246119;59.78;1
246122;66.68;1
246125;73.58;1
246128;80.48;1
246290;46.92;1
24658;17.73;1
246866;29.52;1
246869;29.52;1
247308;81.25;1
24871;1.76;1
24988;5.75;1
24991;6.09;1
24994;6.33;1
250003;18.68;1
250004;18.68;1
250052;2.73;1
250177;3.02;1
250178;3.02;1
250179;3.29;1
250180;3.29;1
250181;3.05;1
250188;2.15;1
250192;1.45;1
250194;1.23;1
250195;7.68;1
250198;1.23;1
250200;1.23;1
250206;1.11;1
250207;1.11;1
250210;3.75;1
250215;1.16;1
250222;12.31;1
250224;32.32;1
250225;38.88;1
250226;46.87;1
250232;26.29;1
250276;55.58;1
250277;55.58;1
250287;17.45;1
250288;17.45;1
250289;19.10;1
250290;19.10;1
250291;11.36;1
250292;11.36;1
250296;12.35;1
250297;12.35;1
250298;14.17;1
250299;14.17;1
250300;15.52;1
250301;15.52;1
250302;10.50;1
250303;10.50;1
250304;12.31;1
250305;12.31;1
250306;12.19;1
250307;12.19;1
250314;17.67;1
250331;7.28;1
250333;7.28;1
250334;7.28;1
250352;11.69;1
250353;14.09;1
250358;16.95;1
250359;5.92;1
250360;6.50;1
250367;1.15;1
250368;10.29;1
250369;10.29;1
250370;12.86;1
250371;12.86;1
250372;14.07;1
250373;14.07;1
250374;10.27;1
250375;10.27;1
250376;8.81;1
250400;5.45;1
250401;5.45;1
250402;5.45;1
250403;5.45;1
250404;8.30;1
250405;8.30;1
250406;8.30;1
250407;8.30;1
250408;8.45;1
250409;8.45;1
250412;10.06;1
250413;10.06;1
250414;10.25;1
250415;10.25;1
250416;10.06;1
250417;10.06;1
250418;10.25;1
250419;10.25;1
250443;224.22;1
250461;5.89;1
250462;5.89;1
250481;14.38;1
250489;21.94;1
250494;93.25;1
250495;95.98;1
250499;235.30;1
250500;80.30;1
250501;80.30;1
250502;84.39;1
250503;84.39;1
250504;84.39;1
250505;84.39;1
250508;8.36;1
250509;8.36;1
250510;3.59;1
250511;1.53;1
250512;54.72;1
250526;2.75;1
250527;2.75;1
250529;13.31;1
250530;13.31;1
250531;13.77;1
250532;13.77;1
250533;15.28;1
250534;15.28;1
250535;15.80;1
250536;15.80;1
250537;16.72;1
250538;16.72;1
250539;17.30;1
250540;17.30;1
250546;10.27;1
250549;10.27;1
250550;10.27;1
250551;10.27;1
250552;8.97;1
250553;8.97;1
250554;13.26;1
250555;13.26;1
250556;1.15;1
250557;1.15;1
250558;3.05;1
250559;3.29;1
250560;3.29;1
250561;2.21;1
250562;2.21;1
250563;2.21;1
250564;2.21;1
250565;18.53;1
250568;18.53;1
250569;18.53;1
250570;18.53;1
250573;24.59;1
250580;46.77;1
250581;21.36;1
250587;7.27;1
250588;7.27;1
250593;6.22;1
250594;24.13;1
250596;10.97;1
250597;36.36;1
250607;11.58;1
250608;11.58;1
250609;12.43;1
250610;5.02;1
250612;1.39;1
250613;1.33;1
250618;118.87;1
250631;7.15;1
250655;6.20;1
250671;2.90;1
250672;2.90;1
250675;3.40;1
250676;3.40;1
250681;3.38;1
250683;3.92;1
250757;2.31;1
250758;1.50;1
250759;1.50;1
250781;1.39;1
250782;1.32;1
250789;5.02;1
250798;1.79;1
250799;173.75;1
250800;173.75;1
250853;1.93;1
250878;93.52;1
250925;0.87;1
250926;0.86;1
250927;1.56;1
250928;1.31;1
250941;7.18;1
250953;14.03;1
250955;15.35;1
250956;14.03;1
250958;15.35;1
250959;6.45;1
250965;14.49;1
250966;14.49;1
250970;40.36;1
250971;40.36;1
251135;161.45;1
25118;50.45;100
251190;15.20;1
251191;15.20;1
251192;20.75;1
251193;20.75;1
251304;11.53;1
251305;11.53;1
251306;8.97;1
251307;8.97;1
251342;8.36;1
251343;8.36;1
251390;4.47;1
251423;29.48;1
251424;31.91;1
251425;35.37;1
251426;38.30;1
251433;41.27;1
251434;44.68;1
251435;47.16;1
251436;51.07;1
251437;51.85;1
251438;56.17;1
251439;41.68;1
251440;45.25;1
251441;53.85;1
251442;58.46;1
251443;66.13;1
251444;73.32;1
251445;79.63;1
251531;71.78;1
251590;7.73;1
251591;7.73;1
251592;5.60;1
251637;7.46;1
251691;10.81;1
251692;10.81;1
251693;11.51;1
251694;11.51;1
251728;88.45;1
251729;88.45;1
251731;11.46;1
251759;1.27;1
251760;2.66;1
251776;8.94;1
251777;8.94;1
251781;15.02;1
251782;15.02;1
251783;11.55;1
251849;7.26;1
251850;9.72;1
251851;9.72;1
251861;16.73;1
251862;14.17;1
251863;16.73;1
251864;14.17;1
25247;2.02;1
25307;3.70;1
25371;31.31;100
25438;2.83;1
25439;2.83;1
25824;26.57;100
25838;57.94;100
25854;2.02;1
25924;3.70;1
260012;30.08;1
260013;31.45;1
260014;32.82;1
260152;136.65;1
260162;144.95;1
260270;51.42;1
260271;52.78;1
260272;54.15;1
260273;55.51;1
260274;56.89;1
260275;59.62;1
260282;332.29;1
26029;0.90;1
260360;30.13;1
260361;31.49;1
260362;32.87;1
260363;34.23;1
260364;35.60;1
260365;38.34;1
260413;92.48;1
260531;83.69;1
260532;85.04;1
260537;95.38;1
260538;98.06;1
260541;89.75;1
260543;92.48;1
260544;93.84;1
260546;96.57;1
260547;102.03;1
260548;104.75;1
260550;89.28;1
260551;90.65;1
260552;92.01;1
260563;95.89;1
260564;97.25;1
260566;99.99;1
260567;105.66;1
260568;108.40;1
260690;106.67;1
26071;1.47;1
260891;97.28;1
260911;107.37;1
261230;330.09;1
261231;331.19;1
261360;349.16;1
261361;350.26;1
261362;351.36;1
261394;353.57;1
261396;355.76;1
261400;349.16;1
261401;350.26;1
261402;351.36;1
261410;357.41;1
261411;358.51;1
261412;359.62;1
261413;360.72;1
261414;361.82;1
261416;364.02;1
261417;387.55;1
261418;389.75;1
261500;349.16;1
261501;350.26;1
261502;351.36;1
26171;46.82;100
262041;84.44;1
262042;85.80;1
262043;87.17;1
262044;88.53;1
262045;91.26;1
262051;94.19;1
262052;95.55;1
262053;96.92;1
262054;98.28;1
262055;101.02;1
262061;94.19;1
262062;95.55;1
262063;96.92;1
262064;98.28;1
262065;101.02;1
262071;94.19;1
262072;95.55;1
262073;96.92;1
262074;98.28;1
262075;101.02;1
26211;0.90;1
26238;0.90;1
26241;46.82;100
26301;10.24;1
26308;0.90;1
26309;42.26;100
26320;1.12;1
26355;46.82;100
26376;46.82;100
26410;1.12;1
26415;0.90;1
26428;0.90;1
26445;10.24;1
26453;0.90;1
26460;46.82;100
26461;46.82;100
26507;0.90;1
26610;0.90;1
26617;3.59;1
26621;0.90;1
26623;46.82;100
26707;10.24;1
26726;0.90;1
26731;0.90;1
26741;46.82;100
26745;0.90;1
26751;46.82;100
26755;46.82;100
26763;1.12;1
26770;46.82;100
26789;46.82;100
26799;3.59;1
26812;1.12;1
27054;12.43;1
27411;3.75;1
27438;22.12;1
27496;1.99;1
27744;1.83;1
27746;4.19;1
27747;5.33;1
27958;30.82;1
27960;8.12;1
28044;48.94;1
28071;8.63;1
28074;8.63;1
28077;8.63;1
28337;22.19;1
28376;35.11;1
28377;35.11;1
28576;36.24;1
28580;37.04;1
28586;1.58;1
28587;1.58;1
28603;99.01;1
28620;2.84;1
28651;3.93;1
28657;3.41;1
28695;2.15;1
28719;3.25;1
28724;8.12;1
28738;3.25;1
28773;2.70;1
28774;1.60;1
28857;4.11;1
28868;18.79;1
28869;18.50;1
28870;18.50;1
28871;18.79;1
28902;3.91;1
28906;19.07;1
29267;1.88;1
29314;8.12;1
29316;8.12;1
29420;2.73;1
29421;2.73;1
29489;16.95;1
29490;21.59;1
29776;3.27;1
29787;3.27;1
29788;3.59;1
29979;3.59;1
29980;3.59;1
29985;3.59;1
30000;1.45;1
30012;1.77;1
30013;2.64;1
30014;1.45;1
30016;1.79;1
300215;150.16;1
300359;136.18;1
300360;136.18;1
300432;1.26;1
300513;52.87;1
300518;37.63;1
30053;2.15;1
300551;27.37;1
300564;13.69;1
300567;20.14;1
301025;94.14;1
301234;126.29;1
301235;123.17;1
301236;112.83;1
301237;69.16;1
301238;56.16;1
301246;58.66;1
301253;21.63;1
301254;16.64;1
301255;14.13;1
301312;47.06;1
301314;56.64;1
301316;74.52;1
301317;47.06;1
301319;56.64;1
301321;74.52;1
301322;47.06;1
301324;56.64;1
301326;74.52;1
301334;46.89;1
301336;56.44;1
301602;94.33;1
301841;403.18;1
301846;13.69;1
301847;20.53;1
301852;162.79;1
301910;99.89;1
301911;94.28;1
301914;51.92;1
301979;2.30;1
302023;74.21;1
302026;124.88;1
302028;130.49;1
302311;58.72;1
302323;1.22;1
302326;70.65;1
302347;107.86;1
302680;4.92;1
302681;8.90;1
302701;24.70;1
30274;32.58;100
30290;2.98;1
303018;22.92;1
303052;71.06;1
303053;71.06;1
303066;110.40;1
30308;41.66;100
303089;86.58;1
303494;27.88;1
303495;34.28;1
303554;31.00;1
303610;211.16;1
303779;75.35;1
304052;136.18;1
304053;136.18;1
304267;133.31;1
304433;103.96;1
304781;70.43;1
304782;76.15;1
304783;82.73;1
304784;97.36;1
304785;110.78;1
304786;140.11;1
304787;21.26;1
304789;76.42;100
304790;1.12;1
304816;77.82;100
304817;1.14;1
305132;10.07;1
305133;10.07;1
305134;22.12;1
305140;15.11;1
305149;244.93;1
305151;15.11;1
305152;27.69;1
305169;15.11;1
30545;20.66;100
305680;22.66;1
305681;310.14;1
305882;119.30;1
305900;15.61;1
305901;15.45;1
306400;6.67;1
306401;6.67;1
306403;16.21;1
306404;16.21;1
306405;63.26;1
306408;11.69;1
306410;5.84;1
306472;120.53;1
306473;120.53;1
306474;17.13;1
306475;17.13;1
306501;4.71;1
306502;5.58;1
306503;121.77;1
306504;121.77;1
306505;5.71;1
306521;8.62;1
306522;7.15;1
306523;7.15;1
306544;5.62;1
306563;25.86;1
306564;26.09;1
306565;25.86;1
306567;10.94;1
306568;11.09;1
306569;10.94;1
306570;96.65;1
306571;96.59;1
306572;96.59;1
30717;41.66;100
30719;4.34;1
30764;1.12;1
30765;57.45;100
320526;18.89;1
320576;14.90;1
320742;26.18;1
320752;31.49;1
320784;34.80;1
320835;28.93;1
320913;42.13;1
321152;31.09;1
321167;31.09;1
321190;31.09;1
321201;55.57;1
321218;34.92;1
321288;37.83;1
321317;68.74;1
321318;37.45;1
321461;80.87;1
321463;80.87;1
321464;80.87;1
321472;73.02;1
321482;141.58;1
321487;65.81;1
321490;85.95;1
321491;119.08;1
321492;120.09;1
321504;51.92;1
321508;36.78;1
321511;68.03;1
321516;60.73;1
321517;62.52;1
321524;16.93;1
321525;25.21;1
321526;16.96;1
321527;16.96;1
321528;10.97;1
321542;67.08;1
321550;139.94;1
321562;7.11;1
321563;15.07;100
321564;14.15;100
321565;106.12;100
321572;5.59;1
321575;23.42;1
321576;24.15;1
321578;11.84;1
321579;11.84;1
321580;14.36;1
321586;4.62;1
321587;4.81;1
321612;25.83;1
321639;15.21;1
321640;15.21;1
321641;15.21;1
321642;285.87;1
321643;294.74;1
321644;306.15;1
321710;464.94;1
321711;479.39;1
321712;592.56;1
322126;366.85;1
322127;324.39;1
322146;61.22;1
322249;239.95;1
322305;610.97;1
32365;30.65;100
32412;37.90;100
33011;1.47;1
33012;1.47;1
33026;33.32;100
33027;33.32;100
33201;7.65;1
33268;47.33;100
33269;47.33;100
33320;47.33;100
33322;21.82;100
33323;21.82;100
33460;20.69;100
33461;20.69;100
33483;21.82;100
33484;21.82;100
33607;36.29;100
33615;32.58;100
33616;32.58;100
33623;28.72;100
33624;28.72;100
33629;27.45;100
33630;27.45;100
33798;62.73;100
33851;47.33;100
33860;32.58;100
33861;32.58;100
33899;62.73;100
33932;36.29;100
33970;36.29;100
33971;36.29;100
33981;32.58;100
34004;1.67;1
34009;12.93;100
34011;16.21;100
34052;4.78;1
34064;26.68;100
34073;15.11;100
34133;7.84;100
34147;20.38;100
34220;12.89;100
34223;12.93;100
34249;61.07;100
34259;61.07;100
34280;51.39;100
34283;9.43;100
34284;9.43;100
34298;16.21;100
34301;4.78;1
34407;16.21;100
34514;17.37;100
34522;12.89;100
34529;7.84;100
34542;61.07;100
34545;4.09;1
34606;12.89;100
34610;12.89;100
34615;12.33;100
34618;12.93;100
34623;7.84;100
34630;17.71;100
34631;4.78;1
34634;12.93;100
34639;16.58;100
34658;4.78;1
34666;7.84;100
34668;3.30;1
34676;61.07;100
34739;12.89;100
34741;7.84;100
34780;12.89;100
34799;16.21;100
34807;17.37;100
34824;7.84;100
34850;7.84;100
34852;61.07;100
34861;12.89;100
34880;19.49;100
34888;16.21;100
34902;12.89;100
34917;17.37;100
34921;16.21;100
34934;9.43;100
34937;16.21;100
34943;12.89;100
34958;51.39;100
34963;16.21;100
34969;17.37;100
34978;26.21;100
34979;17.37;100
34980;12.89;100
34981;12.89;100
34985;16.21;100
34986;17.37;100
34998;1.59;1
35110;2.13;1
35119;2.13;1
35125;2.13;1
35178;1.16;1
352160;1.52;1
35241;2.76;1
35250;2.13;1
35275;2.13;1
352980;21.90;100
353341;6.55;1
354023;24.62;100
35408;2.13;1
354081;53.33;100
354082;53.33;100
354090;45.21;100
354092;35.53;100
35411;2.13;1
354205;1.27;1
354206;26.68;100
354350;12.83;100
354358;37.47;100
354419;20.65;100
354420;20.65;100
354421;20.65;100
354422;20.65;100
354653;16.21;100
354662;33.98;100
354664;41.50;100
354669;11.81;100
354670;11.81;100
354671;0.77;1
354672;28.13;100
354673;28.13;100
354674;11.81;100
354675;11.81;100
354676;0.77;1
354684;33.98;100
354685;17.37;100
354686;40.36;100
354739;1.31;1
354795;0.68;1
354887;1.68;1
354930;35.76;100
354952;8.64;1
354954;8.64;1
354966;26.74;100
354970;7.84;100
354986;1.66;1
354987;1.66;1
354988;1.66;1
355000;1.66;1
355001;1.66;1
355104;12.83;100
355105;12.83;100
355106;12.83;100
355107;12.83;100
355108;16.47;100
355221;37.28;100
355267;49.45;100
355270;1.10;1
355271;12.33;100
355309;40.35;100
355310;22.65;100
355311;43.23;100
355351;46.29;100
355352;46.29;100
355365;1.27;1
355396;17.37;100
355397;33.98;100
355399;32.95;100
355403;19.80;100
355418;24.29;100
355472;44.38;100
355481;12.83;100
355483;12.83;100
355485;12.83;100
355489;1.66;1
355493;1.66;1
355494;1.66;1
355497;1.66;1
355498;1.66;1
355506;1.66;1
355509;1.66;1
355510;1.66;1
355518;20.15;100
355555;24.40;100
355556;24.40;100
355564;53.33;100
355565;53.33;100
355599;24.71;100
355606;34.11;100
355613;13.00;100
355615;14.03;100
355631;95.58;100
355632;78.51;100
355633;78.51;100
355677;50.11;100
355678;23.68;100
355815;1.58;1
355837;2.04;1
355855;25.55;100
355920;20.34;100
355923;20.65;100
355924;20.65;100
355950;27.99;100
355951;23.87;100
355952;30.06;100
355960;1.05;1
355966;16.47;100
356041;98.99;100
35626;2.13;1
356296;24.40;100
356297;24.40;100
356298;20.65;100
356299;20.65;100
356323;14.39;100
356324;14.39;100
356326;20.65;100
356327;20.65;100
356333;18.01;100
356334;18.01;100
356351;18.01;100
356352;18.01;100
356361;37.28;100
356362;16.21;100
356365;2.35;1
356366;2.35;1
356397;18.01;100
356398;18.01;100
356425;0.89;1
356497;25.55;100
356504;29.81;100
356505;29.81;100
356550;51.39;100
356551;1.39;1
356552;33.98;100
356557;26.20;100
356597;11.81;100
356598;16.47;100
356611;56.57;100
356612;56.57;100
356613;61.69;100
356633;1.05;1
356640;175.69;1
356715;38.33;100
356774;20.65;100
356775;20.65;100
356841;1.11;1
356942;12.83;100
356943;12.83;100
356953;33.98;100
356959;24.40;100
356960;24.40;100
356961;12.89;100
356966;18.01;100
356967;18.01;100
356970;43.13;100
356972;61.07;100
356973;33.98;100
356974;2.12;1
356975;2.12;1
356988;32.11;100
357004;1.56;1
357074;30.90;100
357075;30.90;100
357076;30.90;100
357077;30.90;100
357078;30.90;100
357079;30.90;100
357081;12.93;100
357088;30.90;100
357089;30.90;100
357090;30.90;100
357091;30.90;100
357092;30.90;100
357093;30.90;100
357096;33.98;100
357118;35.76;100
357141;1.00;1
357149;13.00;100
357186;4.78;1
357187;11.95;1
357189;1.05;1
357191;35.76;100
357213;22.28;100
357252;55.12;100
357272;13.00;100
357294;41.50;100
357297;27.79;100
357298;34.08;100
357299;34.08;100
357305;1.92;1
357363;1.66;1
357364;1.66;1
357365;1.66;1
357366;1.66;1
357393;0.81;1
357394;0.81;1
357399;10.98;1
357670;11.95;1
357671;21.08;100
357672;21.08;100
357673;44.45;100
357674;44.45;100
357675;29.81;100
357676;29.81;100
357677;33.98;100
357678;53.23;100
357679;53.23;100
357691;40.36;100
357695;2.11;1
357696;2.22;1
357697;12.13;1
357737;31.07;100
357738;47.33;100
357739;47.33;100
357741;45.21;100
357844;16.21;100
357866;51.81;100
357867;36.83;100
357880;10.50;100
357881;10.98;100
357923;57.10;100
357931;18.01;100
357932;18.01;100
357950;10.70;100
357960;11.83;100
357979;95.58;100
358014;61.07;100
358016;20.65;100
358017;20.65;100
358024;3.56;1
358027;32.95;100
358061;1.96;1
358063;1.96;1
358064;2.03;1
358071;20.22;100
358074;12.89;100
358106;36.29;100
358107;36.29;100
358244;41.50;100
358324;124.26;100
358338;35.76;100
358339;6.79;1
358340;6.79;1
358341;5.30;1
358342;6.09;1
358343;5.94;1
358344;7.32;1
358350;6.79;1
358368;6.94;100
358379;73.95;100
358380;1.20;1
358385;57.14;100
358387;44.22;100
358389;1.60;1
358390;104.83;100
358473;83.99;100
358575;35.76;100
358646;60.77;100
358654;35.76;100
358656;1.57;1
358680;20.65;100
358681;20.65;100
358693;35.76;100
358928;0.91;1
358929;0.91;1
358964;20.65;100
358965;20.65;100
358989;28.13;100
358993;29.17;100
358994;29.17;100
358996;45.21;100
359002;33.98;100
359003;32.58;100
359004;32.58;100
359007;17.37;100
359089;35.76;100
359148;0.91;1
359151;15.21;100
359165;26.61;100
359271;0.71;1
359272;0.71;1
359294;18.01;100
359295;18.01;100
359297;12.89;100
359344;12.83;100
359345;12.83;100
359346;12.83;100
359347;12.83;100
359348;12.83;100
359393;33.98;100
359399;49.39;100
359400;49.39;100
359407;31.42;100
359408;31.42;100
359409;31.42;100
359410;31.42;100
359495;16.21;100
359496;41.50;100
359509;1.47;1
359510;1.46;1
359546;1.66;1
359571;63.61;100
359575;32.19;100
359638;1.33;1
359639;4.35;1
359640;6.63;1
359641;10.86;1
359642;13.16;1
359643;16.65;1
359752;37.28;100
359770;36.78;100
359801;66.19;100
359802;69.58;100
359803;32.01;100
359857;1.99;1
359858;1.99;1
359859;81.52;100
359860;79.46;100
359867;58.05;100
359868;69.99;100
359870;21.41;100
359871;46.52;100
359885;1.99;1
359888;30.88;100
359891;52.30;100
359892;7.82;100
359893;27.30;100
359894;21.41;100
359898;29.23;100
359899;27.17;100
359900;15.65;100
359901;56.40;100
359970;61.07;100
359973;36.78;100
359977;33.98;100
360006;45.21;100
360009;45.21;100
360010;36.29;100
360011;36.29;100
360060;1.51;1
360074;37.47;100
360102;1.97;1
360103;1.97;1
360112;8.64;1
360113;8.64;1
360154;23.25;100
360156;22.97;100
360159;94.43;100
360166;6.28;100
360189;33.98;100
360220;34.85;100
360221;35.88;100
360231;21.90;100
360232;21.90;100
360233;21.90;100
360235;2.33;1
360236;2.33;1
360237;2.33;1
360238;2.33;1
360239;2.33;1
360240;2.33;1
360241;2.33;1
360271;38.33;100
360305;60.10;100
360327;49.57;100
360330;12.83;100
360331;12.83;100
360343;21.90;100
360344;28.13;100
360345;21.90;100
360346;21.90;100
360347;21.90;100
360348;21.90;100
360379;14.30;100
360397;32.95;100
360443;27.79;100
360444;35.53;100
360445;34.08;100
360446;34.08;100
360464;42.91;100
360506;7.37;1
360507;13.83;1
360559;27.30;100
360564;34.11;100
360614;9.05;1
360615;9.05;1
360619;82.37;100
360621;63.32;100
360624;1.00;1
360640;21.90;100
360693;40.43;100
360694;1.39;1
360726;21.90;100
360727;21.90;100
360774;27.45;100
360775;27.45;100
360778;21.90;100
360788;40.43;100
360816;20.56;100
360840;22.79;100
360849;23.25;100
360853;4.02;1
360854;4.02;1
360855;6.43;1
360856;4.02;1
360857;4.02;1
360858;4.02;1
360859;4.02;1
360889;76.17;100
360950;30.90;100
360951;30.90;100
360952;28.13;100
360953;21.90;100
360954;21.90;100
360958;32.94;100
361002;17.37;100
361003;36.78;100
361004;24.40;100
361005;24.40;100
361035;11.95;1
361093;21.90;100
361094;28.13;100
361095;21.90;100
361096;21.90;100
361097;21.90;100
361098;21.90;100
361099;56.22;100
361100;36.51;100
361166;41.50;100
361168;1.72;1
361173;23.61;1
361178;69.99;100
361179;50.64;100
361180;87.28;100
361181;64.22;100
361182;61.07;100
361183;71.64;100
361184;1.05;1
361186;2.12;1
361187;2.12;1
361188;33.98;100
361189;41.58;100
361190;41.19;100
361193;1.07;1
361255;13.84;100
361270;2.14;1
361271;2.14;1
361272;3.30;1
361273;3.30;1
361274;3.30;1
361275;3.30;1
361276;1.77;1
361277;1.77;1
361278;2.01;1
361279;2.01;1
361280;2.01;1
361284;2.71;1
361296;12.83;100
361297;12.83;100
361298;12.83;100
361299;12.83;100
361300;12.83;100
361313;12.84;100
361314;57.13;100
361315;35.36;100
361316;5.76;100
361317;28.46;100
361320;28.46;100
361343;33.98;100
361436;40.43;100
361437;1.39;1
361438;0.81;1
361453;35.30;100
361456;15.21;100
361552;10.77;100
361556;2.12;1
361583;95.58;100
361825;43.59;100
361880;1.42;1
361881;1.63;1
361882;1.63;1
361883;1.46;1
361922;2.36;1
361923;2.36;1
361924;2.75;1
361925;2.75;1
361939;0.91;1
361940;0.91;1
361949;2.75;1
361950;2.75;1
361960;25.20;100
361963;48.83;100
361964;1.47;1
361976;33.98;100
362002;2.76;1
362004;33.98;100
362010;32.44;100
362059;9.99;100
362060;13.00;100
362153;33.98;100
362161;1.72;1
362162;1.72;1
362163;25.20;100
362164;20.65;100
362165;20.65;100
362168;12.33;100
362169;35.53;100
362175;40.36;100
362183;21.90;100
362184;21.90;100
36223;1.80;1
362231;2.60;1
36224;3.12;1
36225;3.75;1
362280;33.98;100
362281;33.98;100
362282;33.98;100
362284;33.98;100
362285;33.98;100
362286;33.98;100
362287;33.98;100
362333;8.74;100
362334;8.74;100
362358;56.22;100
362446;13.00;100
362448;22.79;100
362450;1.93;1
362451;1.72;1
362452;1.60;1
362523;35.76;100
362609;8.74;100
362610;8.74;100
362623;101.45;100
362649;0.83;1
362662;35.76;100
362680;33.98;100
362704;20.20;100
362724;35.76;100
362726;33.98;100
362730;33.98;100
362736;33.98;100
362773;61.07;100
362790;9.56;1
362791;24.47;1
362792;12.46;1
362794;1.83;1
362812;17.37;100
362842;35.76;100
362897;4.03;1
362906;30.58;100
362918;3.87;100
362920;37.47;100
363018;22.79;100
363020;21.08;100
363021;21.08;100
363027;44.55;100
363030;42.34;100
363037;4.45;1
363038;10.38;1
363061;37.28;100
363116;21.90;100
363117;21.90;100
363137;21.90;100
363138;21.90;100
363139;12.83;100
363140;12.83;100
363148;8.74;100
363157;35.76;100
363159;0.60;1
363162;24.40;100
363163;24.40;100
363175;0.81;1
363176;0.81;1
363177;18.26;1
363178;26.11;1
363179;33.74;1
363180;36.29;1
363181;35.90;1
363183;1.35;1
363185;1.35;1
363192;35.76;100
363217;1.32;1
363221;1.63;1
363222;1.63;1
363223;35.76;100
363244;35.76;100
363248;21.90;100
363249;21.90;100
363250;1.05;1
363286;20.56;100
363288;47.66;100
363289;47.66;100
363300;32.58;100
363301;36.29;100
363305;26.61;100
363306;1.02;1
363307;61.59;100
363322;6.94;1
363323;20.97;100
363325;18.94;100
36333;4.34;1
363353;21.90;100
363354;21.90;100
363363;1.31;1
363403;21.90;100
363404;21.90;100
363405;21.90;100
363406;21.90;100
363472;106.83;1
363473;13.70;1
363475;33.98;100
363486;36.81;100
363487;44.55;100
363495;63.30;100
363508;8.74;100
363509;8.74;100
363510;8.74;100
363511;8.74;100
363552;12.29;1
363553;12.29;1
363554;12.29;1
363555;12.29;1
363556;12.29;1
363605;30.72;100
363606;30.72;100
363614;20.72;100
363639;1.44;1
363640;2.55;1
363670;24.38;100
363671;24.38;100
363695;10.85;100
363750;17.69;100
363787;33.30;1
363796;27.22;100
363797;1.63;1
363819;2.64;1
363820;2.64;1
363821;2.64;1
363942;33.98;100
363943;0.81;1
363944;0.81;1
363959;25.12;100
363992;20.65;100
363993;20.65;100
363994;0.91;1
363995;0.91;1
363996;21.90;100
363997;21.90;100
363998;8.74;100
363999;8.74;100
364000;8.74;100
364001;8.74;100
364002;12.83;100
364003;12.83;100
364004;21.90;100
364005;21.90;100
364006;21.90;100
364007;21.90;100
364016;0.64;1
364017;0.64;1
364018;8.74;100
364019;8.74;100
364027;0.64;1
364028;0.64;1
364029;8.74;100
364030;8.74;100
364039;5.45;1
364040;4.84;1
364062;29.33;100
364063;29.33;100
364064;29.33;100
364065;29.33;100
364066;29.33;100
364067;29.33;100
364068;29.33;100
364069;29.33;100
364070;29.33;100
364071;29.33;100
364072;29.33;100
364073;29.33;100
364074;29.33;100
364075;29.33;100
364076;29.33;100
364077;29.33;100
364087;0.64;1
364088;0.64;1
364094;8.74;100
364095;8.74;100
364096;21.90;100
364097;21.90;100
364098;0.64;1
364099;0.64;1
364100;8.74;100
364101;8.74;100
364104;0.64;1
364105;0.64;1
364106;21.90;100
364107;21.90;100
364131;5.58;1
364134;2.19;1
36415;9.47;1
364158;37.89;100
36416;8.21;1
364162;12.89;100
364163;1.03;1
364164;1.72;1
364165;1.72;1
364166;0.35;1
364167;0.35;1
364170;33.98;100
364174;29.33;100
364175;29.33;100
364176;29.33;100
364177;29.33;100
364178;29.33;100
364179;29.33;100
364180;29.33;100
364181;29.33;100
364182;1.05;1
364184;15.21;100
364189;2.04;1
364198;4.14;1
364230;3.25;1
364237;20.65;100
364238;20.65;100
364241;31.42;100
364245;35.76;100
364274;31.66;100
364275;72.05;100
364286;24.38;100
364287;24.38;100
364303;2.13;1
364310;36.78;100
364311;17.37;100
364326;32.95;100
364328;2.72;1
364329;1.14;1
364330;50.64;100
364332;52.70;100
364367;0.57;1
364487;35.76;100
364498;0.54;1
364499;0.54;1
364500;40.08;100
364501;40.08;100
364524;118.55;1
364565;8.74;100
364581;3.41;1
364602;1.59;1
364604;1.59;1
364646;1.77;1
364647;2.14;1
364666;0.81;1
364667;0.81;1
364675;3.10;1
364676;24.14;100
364677;3.10;1
364678;30.18;100
364679;0.81;1
364680;0.81;1
364686;1.80;1
364687;3.29;1
364697;1.27;1
364716;8.74;100
364726;8.74;100
364727;61.12;100
364770;3.22;1
364771;4.43;1
364772;29.80;100
364777;2.12;1
364780;51.39;100
364781;42.34;100
364783;0.91;1
364784;0.91;1
364795;4.96;1
364796;36.29;100
364797;36.29;100
364798;27.45;100
364799;27.45;100
364933;0.81;1
364934;0.81;1
364952;32.60;100
364953;34.11;100
364954;34.11;100
365043;0.91;1
365044;0.91;1
365081;9.48;1
365118;16.21;100
365130;3.11;1
365159;33.98;100
365160;33.98;100
365161;33.98;100
365165;12.25;100
365193;30.90;100
365194;30.90;100
365195;30.90;100
365196;30.90;100
365222;37.57;100
365224;0.54;1
365225;0.54;1
365270;0.91;1
365271;0.91;1
365370;3.41;1
365371;60.41;100
365392;26.68;100
365393;41.50;100
365394;34.08;100
365395;34.08;100
365400;1.63;1
365401;1.63;1
365402;48.75;100
365406;1.42;1
365409;1.42;1
365426;1.63;1
365427;1.63;1
365429;1.63;1
365432;1.63;1
365491;1.41;1
365492;62.17;100
365561;17.91;100
365566;39.12;100
365571;1.10;1
365572;1.10;1
365573;1.10;1
365574;1.10;1
365607;2.11;1
365620;1.32;1
365625;24.40;100
365626;24.40;100
365627;3.07;1
365705;1.32;1
365706;2.67;1
365715;65.37;100
365718;16.21;100
365725;36.78;100
365726;24.40;100
365727;24.40;100
365729;1.06;1
365781;7.07;1
365791;36.78;100
365862;47.92;100
365879;35.76;100
365880;32.48;100
365900;37.28;100
365912;5.58;1
365913;6.34;1
365914;6.11;1
365918;6.04;1
365924;5.58;1
365925;6.11;1
365926;6.67;1
365979;73.24;100
366006;17.53;100
366007;21.41;100
366008;22.48;100
366009;46.44;100
366011;16.26;100
366012;16.26;100
366080;3.02;1
366082;3.19;1
366218;53.33;100
366234;23.82;100
366263;36.08;100
366284;21.15;100
366339;29.33;100
366340;29.33;100
366348;5.95;100
366358;60.77;100
366410;3.09;1
366411;3.09;1
366455;2.14;1
366456;1.77;1
366505;3.09;1
366506;3.09;1
366507;3.09;1
366508;3.09;1
366509;3.09;1
366510;3.09;1
366511;3.09;1
366512;3.09;1
366541;62.02;100
366588;24.71;1
366589;25.97;1
366590;23.60;1
366591;23.93;1
366592;24.39;1
366593;4.79;1
366594;4.79;1
366595;5.12;1
366596;5.12;1
366597;5.12;1
366651;24.90;100
366654;35.76;100
36668;18.21;100
366689;6.79;1
366717;35.53;100
366718;54.59;100
366719;2.52;1
366795;9.56;1
366808;2.37;1
366873;2.14;1
366920;58.69;100
366922;29.33;100
366962;37.28;100
366983;1.40;1
367002;35.76;100
367155;33.98;100
367168;105.59;100
367169;1.22;1
367176;36.78;100
367210;94.67;100
367262;29.33;100
367263;29.33;100
367264;65.87;100
367284;69.89;100
367347;3.09;1
367348;3.09;1
367349;3.09;1
367350;3.09;1
367351;3.09;1
367352;3.09;1
367353;3.09;1
367354;3.09;1
367355;3.09;1
367356;3.09;1
367359;3.09;1
367360;3.09;1
367362;3.09;1
367364;3.09;1
367373;3.09;1
367374;3.09;1
367376;4.50;1
367377;4.50;1
367402;23.77;1
367403;23.82;1
367404;23.65;1
367427;65.37;100
367428;65.37;100
367429;65.37;100
367430;65.37;100
367431;65.37;100
367432;65.37;100
367433;65.37;100
367434;65.37;100
367435;65.37;100
367436;65.37;100
367437;65.37;100
367438;65.37;100
367439;65.37;100
367440;65.37;100
367490;12.89;100
367491;37.28;100
367492;20.65;100
367493;20.65;100
367494;33.98;100
367500;2.64;1
367505;2.13;1
367510;33.98;100
367511;71.64;100
367518;24.22;1
367573;21.90;100
367613;27.56;100
367615;12.42;1
367642;1.22;1
367652;33.98;100
367702;75.41;1
367722;2.44;1
367724;2.44;1
367725;2.13;1
367727;2.13;1
367728;2.44;1
367729;2.13;1
367730;2.01;1
367731;2.13;1
367733;2.44;1
367735;2.44;1
367736;2.36;1
367738;2.64;1
367741;0.91;1
367801;26.61;100
367811;35.76;100
367818;30.43;100
367828;4.75;100
367850;24.20;100
367851;3.47;1
367852;1.81;1
367853;4.08;1
367871;3.60;1
367872;2.29;1
367873;2.01;1
367905;20.97;100
367915;61.07;100
367938;33.98;100
368014;3.04;1
368015;45.21;100
368023;16.21;100
368024;37.28;100
368025;24.40;100
368026;24.40;100
368027;16.21;100
368028;37.28;100
368030;51.39;100
368032;0.86;1
368034;0.86;1
368035;172.44;1
368036;172.44;1
368054;53.33;100
368055;54.91;100
368056;34.94;100
368057;2.53;1
368065;2.75;1
368066;2.75;1
368067;2.44;1
368072;2.36;1
368073;53.33;100
368075;33.29;100
368076;33.29;100
368077;34.48;100
368094;172.44;1
368162;35.82;100
368176;17.70;100
368201;1.00;1
368205;28.82;100
368208;0.81;1
368209;0.81;1
368212;39.93;100
368213;40.76;100
368217;2.33;1
368286;3.09;1
368287;3.09;1
368321;33.98;100
36834;8.21;1
368345;62.73;100
368346;62.73;100
368372;29.33;100
368390;21.61;100
368392;96.75;100
368425;1.70;1
368481;50.92;100
368519;22.97;100
368520;22.97;100
368583;61.07;100
368584;1.55;1
368589;33.98;100
36860;3.40;1
368615;4.34;1
368676;16.59;1
368677;16.59;1
36870;2.83;1
368713;88.33;100
368839;33.98;100
368876;1.82;1
368904;0.87;1
368967;1.10;1
368973;20.46;100
369023;61.04;100
369024;0.75;1
369061;12.83;100
36907;24.29;100
36909;65.87;100
369092;65.37;100
369093;65.37;100
36910;51.88;100
369116;19.49;100
36912;90.16;100
369143;34.23;100
369154;82.75;100
369177;69.99;100
369178;76.17;100
369179;74.11;100
369208;15.54;1
369209;22.22;1
369210;32.24;1
369211;42.25;1
369216;67.93;100
369263;12.26;1
369301;8.68;1
369328;61.04;100
369337;45.29;100
369362;2.14;1
369363;1.77;1
369386;4.27;1
369408;3.09;1
369409;3.09;1
369464;45.21;100
369469;1.10;1
369471;1.10;1
369474;17.07;100
369525;0.87;1
369526;0.87;1
369527;0.87;1
369528;0.87;1
369529;0.87;1
369530;0.87;1
369531;0.87;1
369532;0.87;1
369535;32.57;100
369581;61.07;100
369607;11.81;100
369608;11.81;100
369609;28.13;100
369610;0.77;1
369611;11.81;100
369612;11.81;100
369613;28.13;100
369614;0.77;1
369652;0.91;1
369653;0.91;1
369655;30.18;100
369656;73.69;100
369677;2.41;1
369678;2.41;1
369679;23.99;100
369680;1.28;1
369681;67.11;100
369682;80.82;100
369683;80.82;100
369691;37.47;100
369695;0.98;1
369733;1.04;1
369734;2.87;1
369757;1.63;1
369758;1.63;1
369760;2.39;1
369761;5.86;1
369763;5.76;1
369772;6.59;1
369773;5.30;1
369775;7.32;1
369776;6.79;1
369777;6.79;1
369778;5.41;1
369788;3.37;1
369789;31.05;100
369790;33.13;100
369791;29.82;100
369795;35.76;100
369821;4.35;1
369827;27.18;100
369828;27.18;100
369834;43.64;100
369883;40.41;100
369939;29.33;100
369944;45.21;100
369945;35.15;100
369953;35.76;100
369973;29.33;100
369974;29.33;100
370017;12.83;100
370018;12.83;100
370032;14.91;100
370040;14.33;1
370071;33.98;100
370074;15.32;1
370082;29.33;100
370097;37.19;100
370098;37.19;100
370099;37.19;100
370100;37.19;100
370101;37.19;100
370103;72.30;100
370110;19.49;100
370207;37.28;100
370221;1.86;1
370252;1.74;1
370254;21.21;100
370281;0.86;1
370282;65.37;100
370284;1.69;1
370285;1.46;1
370305;2.64;1
370313;2.18;1
370314;65.37;100
370317;3.05;1
370340;9.06;1
370365;5.67;1
370390;3.51;1
370421;69.94;100
370423;1.06;1
370425;2.14;1
370432;1.77;1
370433;2.39;1
370469;0.86;1
370504;1.47;1
370507;37.47;100
370538;1.69;1
370539;1.13;1
370542;33.98;100
370543;1.64;1
370557;37.28;100
370597;2.14;1
370598;1.39;1
370614;35.76;100
370628;13.17;100
370629;38.54;100
370630;24.40;100
370631;24.40;100
370633;35.65;100
370645;1.83;1
370646;1.83;1
370711;65.37;100
370750;11.81;100
370751;11.81;100
370752;28.13;100
370753;28.13;100
370763;29.33;100
370779;35.76;100
370780;35.76;100
370782;35.76;100
370783;14.33;1
370815;4.39;1
370816;4.39;1
370820;1.77;1
370821;1.77;1
370849;44.38;100
370850;1.42;1
370851;0.81;1
370852;0.81;1
370864;470.22;1
370865;36.43;1
370875;80.59;1
370876;80.59;1
370879;32.86;100
370880;3.44;1
370881;6.55;1
370911;35.76;100
370912;0.96;1
370922;1.95;1
370925;1.76;1
370930;2.14;1
370931;1.80;1
370933;35.76;100
370955;48.42;100
370960;39.21;100
370968;61.04;100
370969;51.25;100
370973;6.79;1
371009;3.51;1
371049;2.66;1
371050;35.76;100
371175;6.01;1
371176;1.77;1
371177;1.77;1
371178;1.77;1
371179;1.77;1
371199;1.05;1
371200;0.81;1
371201;0.81;1
371249;35.76;100
371276;1.25;1
371277;1.53;1
371297;35.76;100
371299;61.04;100
371300;61.04;100
371344;35.76;100
371345;26.61;100
371370;35.76;100
371396;35.76;100
371408;35.76;100
371409;35.76;100
371410;35.76;100
371416;2.15;1
371417;2.15;1
371418;2.15;1
371421;2.15;1
371425;2.15;1
371438;26.61;100
371439;35.76;100
371442;56.41;100
371445;1.15;1
371479;1.86;1
371500;13.15;100
371501;36.85;100
371502;22.97;100
371503;22.97;100
371504;33.98;100
371505;7.25;1
371564;11.95;1
371585;8.39;1
371586;8.67;1
371595;35.76;100
371618;0.98;1
371672;35.76;100
371673;21.90;100
371674;21.90;100
371683;35.76;100
371696;60.52;100
371697;87.28;100
371698;33.35;100
371699;64.64;100
371701;62.58;100
371702;73.69;100
371703;35.82;100
371704;82.75;100
371705;76.17;100
371706;3.45;1
371707;4.12;1
371708;35.76;100
371729;16.47;100
371730;16.47;100
371736;11.81;100
371737;11.81;100
371739;35.76;100
371743;32.95;100
371757;65.37;100
371765;35.76;100
371767;35.76;100
371768;35.76;100
371769;35.76;100
371782;35.76;100
371809;35.76;100
371821;2.15;1
371824;35.76;100
371831;35.76;100
371832;35.76;100
371837;43.10;100
371838;35.76;100
371845;35.76;100
371846;1.68;1
371847;5.61;1
371848;7.17;1
371849;5.31;1
371850;8.21;1
371851;5.58;1
371852;8.21;1
371853;8.21;1
371854;7.34;1
371890;35.76;100
371900;35.76;100
371901;13.74;100
371916;0.70;1
371923;10.43;1
371943;35.76;100
371949;9.32;1
371967;35.76;100
371993;35.76;100
371995;35.76;100
371997;13.98;100
371998;16.45;100
371999;14.40;100
372000;31.66;100
372001;30.02;100
372002;32.48;100
372009;48.14;100
372017;0.75;1
372018;0.75;1
372047;3.01;1
372048;8.82;1
372049;8.82;1
372067;35.76;100
372068;35.76;100
372099;61.03;100
372104;36.44;100
372105;36.44;100
372106;30.36;100
372107;35.76;100
372124;2.10;1
372125;2.10;1
372169;35.76;100
372174;35.76;100
372197;1.40;1
372198;1.13;1
372199;84.87;100
372200;1.85;1
372201;4.34;1
372202;40.14;100
372203;35.76;100
372204;35.76;100
372206;35.76;100
372230;35.76;100
372233;35.76;100
372253;0.98;1
372264;0.96;1
372290;0.95;1
372297;35.76;100
372317;35.76;100
372339;82.22;100
372343;15.61;1
372352;1.33;1
372354;38.33;100
372355;56.22;100
372358;35.76;100
372361;35.76;100
372362;35.76;100
372366;65.67;100
372367;65.67;100
372368;65.67;100
372369;65.67;100
372370;57.10;100
372371;57.10;100
372377;73.15;100
372378;63.61;100
372379;63.61;100
372380;86.93;100
372381;63.61;100
372382;63.61;100
372383;63.61;100
372384;73.15;100
372385;63.61;100
372386;63.61;100
372387;63.61;100
372388;63.61;100
372389;73.15;100
372390;63.61;100
372391;63.61;100
372393;32.19;100
372394;32.19;100
372395;90.26;100
372396;90.26;100
372397;90.26;100
372398;90.26;100
372399;37.02;100
372400;37.02;100
372401;37.02;100
372402;1.23;1
372403;1.23;1
372404;1.23;1
372405;1.42;1
372406;1.23;1
372407;1.45;1
372408;3.02;1
372409;3.02;1
372410;1.23;1
372411;1.42;1
372414;1.23;1
372415;1.23;1
372416;1.42;1
372418;1.23;1
372419;1.42;1
372420;5.20;1
372422;2.75;1
372423;90.26;100
372424;37.02;100
372425;37.02;100
372427;90.26;100
372428;37.02;100
372429;37.02;100
372431;43.10;100
372432;32.19;100
372433;37.02;100
372434;37.02;100
372435;1.05;1
372436;1.05;1
372437;90.26;100
372439;37.02;100
372440;1.04;1
372442;90.26;100
372444;37.02;100
372445;90.26;100
372446;37.02;100
372447;37.02;100
372448;90.26;100
372450;32.19;100
372451;37.02;100
372454;1.04;1
372461;65.67;100
372462;65.67;100
372463;65.67;100
372464;65.67;100
372465;65.67;100
372466;65.67;100
372467;65.67;100
372468;65.67;100
372469;57.10;100
372470;57.10;100
372474;73.03;100
372475;73.03;100
372476;73.93;100
372477;73.93;100
372478;65.67;100
372479;65.67;100
372480;65.67;100
372481;65.67;100
372482;37.02;100
372483;90.26;100
372484;37.02;100
372485;90.26;100
372486;32.19;100
372487;90.26;100
372488;90.26;100
372489;37.02;100
372490;90.26;100
372491;37.02;100
372492;43.10;100
372493;43.10;100
372494;1.05;1
372495;1.05;1
372496;37.02;100
372497;1.04;1
372498;1.04;1
372499;65.67;100
372500;65.67;100
372501;32.19;100
372503;37.02;100
372507;90.26;100
372508;65.67;100
372509;65.67;100
372510;90.26;100
372512;2.49;1
372513;2.49;1
372516;90.26;100
372522;1.38;1
372523;1.02;1
372524;1.02;1
372525;32.19;100
372526;3.07;1
372527;1.22;1
372528;0.85;1
372531;32.11;100
372532;90.26;100
372539;58.69;100
372540;90.26;100
372544;1.04;1
372545;37.02;100
372546;57.10;100
372549;3.86;1
372550;90.26;100
372552;57.10;100
372554;32.19;100
372555;3.02;1
372556;3.02;1
372557;65.67;100
372558;65.67;100
372559;65.67;100
372561;1.36;1
372562;1.36;1
372564;65.67;100
372565;65.67;100
372572;90.26;100
372573;90.26;100
372574;90.26;100
372578;58.69;100
372581;73.93;100
372582;73.93;100
372583;1.04;1
372584;6.74;1
372586;1.04;1
372587;37.02;100
372588;65.67;100
372589;65.67;100
372590;56.95;100
372591;56.95;100
372592;37.02;100
372593;3.07;1
372598;1.07;1
372601;65.67;100
372604;32.19;100
372609;65.67;100
372616;1.04;1
372619;37.02;100
372620;58.69;100
372625;2.49;1
372636;37.02;100
372640;2.49;1
372644;1.04;1
372656;70.78;100
372657;70.78;100
372658;8.09;1
372659;1.94;1
372660;1.64;1
372672;1.57;1
372674;1.37;1
372682;32.19;100
372684;65.67;100
372685;65.67;100
372697;5.70;1
372706;2.41;1
372712;3.12;1
372714;2.39;1
372715;90.88;100
372717;35.76;100
372718;6.63;1
372719;5.73;1
372720;7.32;1
372721;1.07;1
372723;1.07;1
372724;1.07;1
372725;1.23;1
372726;1.23;1
372727;1.07;1
372728;1.07;1
372729;1.07;1
372730;1.07;1
372731;1.07;1
372733;1.07;1
372736;6.25;1
372737;6.25;1
372738;5.63;1
372739;22.39;1
372740;25.57;1
372741;50.52;1
372742;50.88;1
372743;51.38;1
372748;26.61;100
372749;72.78;100
372750;23.58;100
372752;1.32;1
372753;1.69;1
372770;35.76;100
372774;35.76;100
372777;35.76;100
372789;3.20;1
372790;124.26;100
372791;35.76;100
372826;2.19;1
372827;2.39;1
372854;1.62;1
372900;1.60;1
372926;32.95;100
372947;0.67;1
372968;10.35;1
372993;6.55;1
373006;1.47;1
373007;1.55;1
373020;1.21;1
373056;20.84;100
373057;20.84;100
373067;0.91;1
373071;1.04;1
373106;79.06;100
373107;79.06;100
373108;2.49;1
373130;2.19;1
373132;1.77;1
373133;2.38;1
373141;3.77;1
373144;49.08;100
373145;1.45;1
373147;5.63;1
373235;18.02;100
373236;18.02;100
373322;42.37;100
373323;23.52;100
373324;23.52;100
373441;48.83;100
373447;0.47;1
373448;0.47;1
373449;4.34;1
373641;2.10;1
373646;20.82;1
373738;31.81;1
373739;31.05;1
373740;31.22;1
373741;31.30;1
373746;16.66;1
373761;63.30;100
373762;63.30;100
373764;2.19;1
373794;4.68;1
373824;0.99;1
373837;63.61;100
373861;40.80;100
373914;76.44;1
373915;108.29;1
373916;110.64;1
373917;156.74;1
373918;110.64;1
373919;156.74;1
37537;6.91;1
37538;9.53;1
37571;14.65;1
37607;1.30;1
37884;1.56;1
38024;2.55;1
38162;2.83;1
38163;4.34;1
38282;2.33;1
385049;79.06;100
385050;79.06;100
385051;79.06;100
385052;1.58;1
385053;79.06;100
385054;79.06;100
385055;1.04;1
385057;79.06;100
385058;1.04;1
385059;1.04;1
385060;1.04;1
385061;79.06;100
385062;79.06;100
385063;1.58;1
385064;1.04;1
385066;1.04;1
385067;1.04;1
385069;79.06;100
385072;79.06;100
385073;1.04;1
385074;79.06;100
385075;79.06;100
385076;79.06;100
385077;79.06;100
385078;79.06;100
385079;79.06;100
385081;79.06;100
385084;47.03;100
385085;47.46;100
385086;2.91;1
385087;2.10;1
385088;1.69;1
385090;1.82;1
385091;10.41;1
385093;2.39;1
385094;2.39;1
385097;28.16;100
385098;4.44;1
385099;1.63;1
385100;1.32;1
385101;83.57;100
38593;49.50;100
38734;10.77;100
38754;16.50;1
38755;16.66;1
38924;2.76;1
39013;41.66;100
39014;41.66;100
39020;32.11;100
39029;41.66;100
39589;4.34;1
39827;9.73;1
40001;5.77;100
40002;11.11;100
40011;18.46;100
40013;15.00;100
40017;3.40;100
40044;9.47;100
40058;7.82;100
40107;31.42;100
40116;31.42;100
40157;50.78;100
40226;1.37;1
40227;1.39;1
40232;1.67;1
40234;4.03;1
40304;89.90;100
40305;1.11;1
40306;1.61;1
40313;63.55;100
40318;40.30;100
40319;41.92;100
40323;1.76;1
40341;8.74;100
40343;1.36;1
40344;1.36;1
40345;1.36;1
40346;1.36;1
40349;20.37;100
40363;9.30;100
40365;12.40;100
40370;12.40;100
40377;55.80;100
40378;1.23;1
40407;1.76;1
40418;17.70;100
40427;80.60;100
40430;58.84;100
40436;28.78;100
40456;28.31;100
40460;4.02;1
40462;4.02;1
40485;21.64;100
40486;19.97;100
40489;4.02;1
40490;4.02;1
40498;1.36;1
40499;1.36;1
40503;4.02;1
40505;4.02;1
40506;1.36;1
40508;6.43;1
40522;32.33;100
40551;0.64;1
40553;0.64;1
40642;14.17;100
40644;12.84;100
40680;1.67;1
40704;13.81;100
40720;32.79;100
40734;21.90;100
40737;0.64;1
40745;0.97;1
40746;0.97;1
40747;0.97;1
40756;21.90;100
40757;21.90;100
40758;2.33;1
40759;2.33;1
40760;2.33;1
40761;2.33;1
40762;2.33;1
40763;2.33;1
40764;2.33;1
40892;5.76;100
410007;9.19;100
41017;36.88;100
41103;50.36;100
41115;16.47;100
41116;16.47;100
41117;16.47;100
41138;13.28;100
41149;18.37;100
41193;13.81;100
41198;90.76;100
41202;0.97;1
41203;0.97;1
41204;0.97;1
41205;0.97;1
41227;43.40;100
41231;8.74;100
41233;8.74;100
41250;32.95;100
41251;32.95;100
41262;1.86;1
41263;28.83;100
41272;31.42;100
41295;10.00;100
41339;8.74;100
41340;8.74;100
41342;8.74;100
41343;8.74;100
41483;95.49;100
41490;18.48;100
41514;26.35;100
41521;20.59;100
41532;28.41;100
41537;11.27;1
41574;0.97;1
41576;0.97;1
41578;6.91;100
41582;8.74;100
41583;8.74;100
41587;0.97;1
41612;0.97;1
41613;0.97;1
41614;0.97;1
41615;0.97;1
41642;8.74;100
41695;2.33;1
41697;2.33;1
41698;21.90;100
41699;21.90;100
41701;21.90;100
41730;1.70;1
41731;70.67;100
41740;8.74;100
41741;8.74;100
41742;8.74;100
41743;8.74;100
41752;8.74;100
41760;0.64;1
41762;8.74;100
41763;0.64;1
41764;8.74;100
41769;0.64;1
41770;8.74;100
41771;0.64;1
41810;71.96;100
41811;31.66;100
41823;2.31;100
41882;51.81;100
41910;22.82;100
41925;25.91;100
42048;21.90;100
42049;21.90;100
42057;21.90;100
42058;21.90;100
42060;21.90;100
42061;21.90;100
42063;21.90;100
42064;21.90;100
42083;8.74;100
42084;8.74;100
42087;8.74;100
42093;8.74;100
42094;0.64;1
42095;21.90;100
42096;21.90;100
42097;8.74;100
42098;0.64;1
42099;21.90;100
42103;21.90;100
42105;8.74;100
42106;0.64;1
42107;21.90;100
42108;21.90;100
42120;62.00;100
42122;58.84;100
42123;1.36;1
42124;1.36;1
42126;1.36;1
42127;1.36;1
42128;57.14;100
42129;44.22;100
42130;5.97;1
42131;1.36;1
42132;1.36;1
42137;1.36;1
42146;69.08;100
42166;8.74;100
42185;8.74;100
42186;8.74;100
42187;12.83;100
42188;8.74;100
42189;8.74;100
42190;12.83;100
42191;8.74;100
42192;8.74;100
42193;12.83;100
42194;8.74;100
42195;8.74;100
42196;12.83;100
42207;8.74;100
42208;8.74;100
42209;12.83;100
42215;8.74;100
42240;7.85;1
42278;7.61;1
42279;99.20;100
42284;8.74;100
42285;8.74;100
42288;8.74;100
42306;46.06;100
42308;43.18;100
42446;3.35;1
42452;23.46;100
42454;13.98;100
42465;0.59;1
42487;43.23;100
42496;1.66;1
42497;104.43;100
42505;2.88;1
42586;15.30;100
42598;8.74;100
42599;8.74;100
42600;2.02;1
42603;24.80;100
42604;24.80;100
42686;1.16;1
42701;8.23;100
42711;5.77;100
42714;8.74;100
42723;8.74;100
42808;15.23;100
42814;18.94;100
42844;16.45;100
42845;8.87;100
42911;6.59;100
42922;16.88;100
42929;51.15;100
42932;53.84;100
43509;59.91;100
43518;12.83;100
43519;12.83;100
43524;32.95;100
43539;15.23;100
43548;17.07;100
43551;16.26;100
43552;16.26;100
43553;8.74;100
43554;8.74;100
43556;26.54;100
43558;32.69;100
43559;27.69;100
43561;28.46;100
43564;8.74;100
43565;8.74;100
43566;8.74;100
43567;8.74;100
43568;8.74;100
43569;8.74;100
43586;18.31;100
43587;8.74;100
43588;8.74;100
43590;8.74;100
43591;0.64;1
43592;21.90;100
43593;21.90;100
43595;8.74;100
43596;12.83;100
43597;8.74;100
43598;8.74;100
43601;8.74;100
43602;0.64;1
43603;21.90;100
43604;21.90;100
43606;8.74;100
43607;12.83;100
43608;8.74;100
43609;8.74;100
43613;16.26;100
43614;1.76;1
43618;8.74;100
43622;8.74;100
43623;8.74;100
43625;17.28;100
43626;8.74;100
43627;34.17;100
43647;1.52;1
43648;30.06;100
43649;23.87;100
43701;8.74;100
43702;31.42;100
43709;34.38;100
43712;1.76;1
43718;11.01;100
43727;8.74;100
43728;8.74;100
43729;0.64;1
43730;0.64;1
43731;21.90;100
43732;21.90;100
43733;21.90;100
43734;21.90;100
43735;8.74;100
43736;8.74;100
43737;12.83;100
43738;12.83;100
43739;8.74;100
43740;8.74;100
43743;8.74;100
43744;8.74;100
43747;19.00;100
43760;8.74;100
43761;8.74;100
43788;0.68;1
43789;33.98;100
43791;23.74;100
43800;8.74;100
43801;8.74;100
43802;0.64;1
43803;21.90;100
43804;8.74;100
43823;1.06;1
43832;13.00;100
43922;14.36;100
43940;8.74;100
43957;57.57;100
43992;12.83;100
44063;54.76;100
44072;58.05;100
44102;8.74;100
44108;34.54;100
44109;1.25;1
441296;31.42;100
441311;22.24;100
441422;13.98;100
441536;135.21;1
441537;135.21;1
441538;187.03;1
441539;187.03;1
441540;187.03;1
441541;187.03;1
441542;196.19;1
441543;196.19;1
441593;91.46;1
441599;193.87;1
441600;194.35;1
441601;210.55;1
441603;271.96;1
441604;285.59;1
441605;299.83;1
441607;358.24;1
441608;349.87;1
441609;385.03;1
441611;486.72;1
441612;454.60;1
441613;569.99;1
441615;79.38;1
441616;29.43;1
441617;5.49;1
441618;2.67;1
441619;5.37;1
44162;1.72;100
441620;2.74;100
441621;7.95;1
441622;8.86;1
441623;8.86;1
441626;8.86;1
441627;8.86;1
441628;8.86;1
441629;8.86;1
441630;8.86;1
441631;8.86;1
441632;8.86;1
441633;8.86;1
441634;8.86;1
441635;8.86;1
441636;8.86;1
441637;8.86;1
441638;8.86;1
441639;8.86;1
441640;8.86;1
441641;8.86;1
441728;12.60;1
441729;5.69;1
441730;17.09;1
441731;4.24;1
441732;4.24;1
44174;13.00;100
441748;5.60;1
441749;5.60;1
44175;13.00;100
441772;3.87;1
441782;20.15;100
44180;32.11;100
44182;30.06;100
44184;30.06;100
44192;36.88;100
44193;12.83;100
44194;12.83;100
44205;8.74;100
44206;8.74;100
44217;13.00;100
44222;21.99;100
44223;21.99;100
44228;21.90;100
44234;45.97;100
44235;0.64;1
44236;0.64;1
44239;0.64;1
44240;0.64;1
44241;0.64;1
44242;0.64;1
44243;0.64;1
44244;0.64;1
44245;0.64;1
44246;0.64;1
44247;0.64;1
44249;1.33;1
44250;31.22;100
44253;94.43;100
44268;20.40;100
44273;24.57;100
44274;15.46;100
44276;13.00;100
44285;2.15;1
44286;0.64;1
44287;21.90;100
44288;21.90;100
44289;21.90;100
44290;21.90;100
44291;21.90;100
44292;21.31;100
44295;8.74;100
44300;0.76;1
44316;14.01;100
44318;16.15;100
44324;25.64;1
44349;20.51;100
44350;32.91;100
44351;31.25;100
44372;94.43;100
44373;94.43;100
44374;47.66;100
44375;47.66;100
44380;27.62;100
44381;24.17;100
44382;31.07;100
44383;20.72;100
44384;17.27;100
44444;9.06;100
44445;65.87;100
44456;39.46;100
44460;39.46;100
44461;39.46;100
44463;39.46;100
44467;39.46;100
44468;39.46;100
44470;39.46;100
44474;39.46;100
44475;39.46;100
44477;39.46;100
44481;39.46;100
44482;39.46;100
44652;20.52;1
44655;27.58;100
44660;18.12;100
44749;26.54;100
45040;35.76;100
453539;16.85;1
453540;20.99;1
453541;11.32;1
453544;8.46;1
453566;14.95;1
453569;21.59;1
453570;28.29;1
453577;25.79;1
453590;61.15;1
453591;59.93;1
453593;3.51;1
453594;3.51;1
453595;2.58;1
453599;13.75;1
453601;14.76;1
453618;19.94;1
453619;65.37;100
453620;65.37;100
453621;65.37;100
453624;1.36;1
453625;3.95;1
453628;83.21;100
453690;8.25;1
453693;14.90;1
453694;16.50;1
453707;7.75;1
453710;16.61;1
453712;25.53;1
453723;123.83;100
453724;107.98;100
453728;4.84;100
453729;4.28;100
453746;18.06;1
453747;12.22;1
453748;30.77;1
453750;7.19;100
453877;100.52;100
453878;69.27;100
453879;69.27;100
453894;6.14;1
453897;109.08;100
453898;87.48;100
453899;87.48;100
453900;87.48;100
453901;87.48;100
453902;87.48;100
453903;87.48;100
453904;87.48;100
453905;86.34;100
453906;72.24;100
453907;72.24;100
453908;72.24;100
453909;72.24;100
453910;72.24;100
453911;72.24;100
453912;72.24;100
453921;64.79;100
453922;59.83;100
453923;59.83;100
453924;59.83;100
453925;59.83;100
453926;59.83;100
453927;59.83;100
453928;59.83;100
453929;85.56;100
453930;75.14;100
453931;75.14;100
453932;75.14;100
453933;75.14;100
453934;75.14;100
453935;75.14;100
453936;75.14;100
453937;13.28;1
453938;5.08;1
453939;5.08;1
453954;28.98;1
453970;14.90;1
453995;82.42;100
454001;101.75;1
454002;113.39;1
454003;685.07;1
454011;40.87;1
454012;41.95;1
454013;43.07;1
454014;44.15;1
454015;44.73;1
454016;45.84;1
454017;46.91;1
454018;47.98;1
454027;3.65;1
454028;3.65;1
454032;142.23;100
454036;69.27;100
454055;1.97;1
454056;1.97;1
454057;30.77;1
454090;146.97;1
454091;157.82;1
454097;75.14;100
454102;17.46;1
454111;71.42;100
454134;47.23;1
454136;21.66;1
454165;1.69;1
454182;30.86;1
454201;1.83;1
454218;43.07;1
454255;87.32;100
454257;87.32;100
454258;87.32;100
454259;87.32;100
454264;153.33;100
454266;153.33;100
454267;153.33;100
454281;76.16;100
454282;76.16;100
454283;76.16;100
454284;76.16;100
454285;76.16;100
454286;76.16;100
454291;73.21;100
454292;73.21;100
454294;73.21;100
454295;73.21;100
454296;73.21;100
454298;87.48;100
454326;36.83;100
454329;22.37;1
454330;39.74;1
454331;88.41;100
454332;90.92;100
454335;97.08;100
454350;88.40;100
454358;5.68;1
454362;23.01;1
454363;24.25;1
454374;69.33;100
454375;69.33;100
454376;1.36;1
454377;1.34;1
454384;107.31;100
454392;152.08;100
454393;152.08;100
454400;77.43;1
454413;141.24;100
454414;141.24;100
454418;4.13;1
454419;4.13;1
454425;0.93;1
454426;0.93;1
454427;0.93;1
454428;0.93;1
454431;83.21;100
454447;5.11;1
454448;31.51;1
454453;26.60;1
454454;27.16;1
454458;99.39;100
454460;59.83;100
454467;21.07;1
454470;10.04;1
454475;122.10;100
454476;71.34;100
454478;121.62;100
454480;83.73;100
454589;12.83;100
454590;12.83;100
454591;12.83;100
454592;12.83;100
454593;12.83;100
454768;13.98;100
454792;22.81;1
454793;55.40;1
454794;34.90;1
454796;33.74;1
454797;47.79;1
454798;69.50;1
454810;11.53;1
454811;16.47;1
454812;23.90;1
454814;13.41;1
454815;19.16;1
454816;27.81;1
454826;30.95;1
454827;39.10;1
454838;37.53;1
454839;78.10;1
454856;15.91;1
454857;2.78;1
454858;3.19;1
454859;60.94;100
454860;5.25;1
454861;1.53;1
454864;7.00;1
454865;6.71;1
454866;7.23;1
454867;61.61;1
454868;7.13;1
454869;7.70;1
454870;8.27;1
454871;8.11;1
454877;2.31;1
454878;6.54;1
454879;8.96;1
454880;7.00;1
454881;7.60;1
454882;1.74;1
454886;13.60;1
454888;1.91;1
454898;6.75;1
454976;31.07;100
454978;17.27;100
454979;17.75;100
455008;2322.28;1
455009;2322.28;1
455010;512.34;1
455011;1976.26;1
455012;1976.26;1
455048;185.32;1
455049;172.65;1
455050;172.65;1
455051;73.57;1
455052;369.48;1
455053;369.48;1
455054;11.96;1
455055;18.47;1
455056;44.88;1
455057;46.14;1
455058;228.36;1
455059;143.38;1
455092;10.43;1
455093;9.58;1
455094;13.64;1
455106;17.45;1
455115;2.06;1
455116;4.06;1
455121;51.59;100
455122;512.34;1
455123;56.67;1
455124;91.37;1
455125;2.34;1
455126;3.05;1
455127;12.33;1
455149;13.56;1
455150;2.78;1
455151;3.19;1
455152;5.25;1
455153;5.73;1
455154;5.14;1
455178;9.97;1
455181;9.97;1
455201;53.40;1
455203;60.64;1
455249;6.50;1
455268;6.45;1
455269;6.45;1
455270;4.59;1
455274;47.98;100
455291;73.24;100
455331;11.61;1
455337;2.31;1
455341;79.37;1
455347;17.13;1
455348;18.01;1
455349;55.87;100
455389;6.52;1
455393;15.50;1
455396;10.72;1
455404;7.78;1
455426;15.20;1
455427;42.81;1
455428;8.32;1
455429;9.71;1
455430;9.09;1
455449;4.22;1
455457;2261.74;1
455458;2261.74;1
455491;16.38;100
455506;188.23;1
455507;188.23;1
455508;188.23;1
455509;188.23;1
455510;275.38;1
455511;275.38;1
455512;275.38;1
455513;275.38;1
455514;458.13;1
455515;458.13;1
455519;9.63;1
455520;11.40;1
455523;21.81;1
455524;23.95;1
455525;26.07;1
455526;28.16;1
455527;30.14;1
455528;32.13;1
455529;34.11;1
455530;35.11;1
455531;28.73;1
455532;31.54;1
455533;34.35;1
455534;37.09;1
455535;39.70;1
455536;42.32;1
455537;44.93;1
455538;46.24;1
455539;35.90;1
455540;39.09;1
455541;42.21;1
455542;45.19;1
455543;48.17;1
455544;51.15;1
455545;52.64;1
455546;51.08;1
455547;54.44;1
455548;57.81;1
455549;59.49;1
455550;41.78;1
455551;45.25;1
455552;48.90;1
455553;52.38;1
455554;55.87;1
455555;59.36;1
455556;61.10;1
455557;44.76;1
455558;47.71;1
455559;50.66;1
455560;52.13;1
455561;57.16;1
455562;60.92;1
455563;64.68;1
455564;66.56;1
455565;52.10;1
455566;59.40;1
455567;63.10;1
455568;64.49;1
455569;36.46;1
455570;40.01;1
455571;43.56;1
455572;47.04;1
455573;50.35;1
455574;53.67;1
455575;56.99;1
455576;58.65;1
455577;62.97;1
455578;67.12;1
455579;71.26;1
455580;73.33;1
455581;45.65;1
455582;49.45;1
455583;53.44;1
455584;57.25;1
455585;61.06;1
455586;64.87;1
455587;66.77;1
455588;48.98;1
455590;55.42;1
455591;64.21;1
455592;64.77;1
455593;69.04;1
455594;73.30;1
455595;75.43;1
455596;58.82;1
455597;62.74;1
455598;66.65;1
455599;68.61;1
455600;55.70;1
455601;53.01;1
455603;64.88;1
455605;74.45;1
455606;79.06;1
455607;78.52;1
455608;58.99;1
455609;62.92;1
455610;66.85;1
455611;68.81;1
455612;7.42;1
455648;24.91;1
455649;24.86;1
455650;26.38;1
455651;28.23;1
455652;3.57;1
455654;3.61;1
455656;3.80;1
455658;4.11;1
455659;433.91;1
455660;3.88;1
455661;50.97;1
455662;26.38;1
455664;69.39;1
455665;75.02;1
455666;78.52;1
455667;104.43;1
455668;103.67;1
455669;109.17;1
455670;115.17;1
455671;80.32;1
455672;64.23;1
455673;9.32;1
455674;9.33;1
455675;9.36;1
455676;9.32;1
455677;9.33;1
455683;15.03;1
455685;57.41;1
455686;57.41;1
455687;66.02;1
455688;66.02;1
455689;63.14;1
455690;63.14;1
455691;53.19;1
455692;53.19;1
455693;57.41;1
455694;57.41;1
455695;68.52;1
455696;68.52;1
455697;3.04;1
455698;3.04;1
455699;6.73;1
455700;6.73;1
455701;6.73;1
455702;6.73;1
455703;6.73;1
455704;6.73;1
455705;6.73;1
455706;6.73;1
455707;6.73;1
455709;6.73;1
455711;6.87;1
455713;6.73;1
455714;6.87;1
455716;6.87;1
455717;7.17;1
455719;6.73;1
455722;10.92;1
455723;10.92;1
455728;10.92;1
455729;10.92;1
455731;10.92;1
455734;10.92;1
455735;10.92;1
455738;10.92;1
455739;10.92;1
455740;10.92;1
455741;10.92;1
455742;10.92;1
455743;10.92;1
455744;10.92;1
455745;10.92;1
455762;82.37;1
455763;82.37;1
455764;94.70;1
455765;94.70;1
455766;90.58;1
455767;90.58;1
455768;77.07;1
455769;77.07;1
455770;91.87;1
455771;91.87;1
455772;29.24;1
455773;33.58;1
455774;26.15;1
455775;29.24;1
455776;52.35;1
455777;71.76;1
455778;47.11;1
455779;62.38;1
455780;43.72;1
455781;51.20;1
455783;38.29;1
455784;43.72;1
455785;60.67;1
455786;69.90;1
455787;66.77;1
455788;56.14;1
455789;60.67;1
455798;83.69;1
455799;83.69;1
456006;29.89;100
456011;150.19;1
456012;79.88;100
456013;109.61;100
456030;135.73;1
456031;150.19;1
456032;195.10;1
456033;195.10;1
456034;218.50;1
456035;202.07;1
456036;236.53;1
456037;140.64;1
456038;195.10;1
456059;195.10;1
456060;218.50;1
456061;218.50;1
456062;160.79;1
456063;160.79;1
456064;218.50;1
456065;218.50;1
456066;218.50;1
456067;202.07;1
456068;160.79;1
456069;3.10;1
456070;2.32;1
456071;236.53;1
456072;236.53;1
456073;160.79;1
456074;218.50;1
456075;203.88;1
456076;218.50;1
456077;202.07;1
456078;236.53;1
456127;23.22;1
456128;0.93;1
456129;0.93;1
456143;12.72;1
456148;109.66;1
456149;36.83;100
456150;109.56;100
456156;27.02;1
456157;27.02;1
456158;62.81;1
456159;30.73;1
456160;27.02;1
456161;27.02;1
456162;62.81;1
456163;27.02;1
456164;23.08;1
456165;23.08;1
456166;23.08;1
456167;23.08;1
456215;2116.43;1
456232;3.42;1
456233;3.42;1
456234;0.68;1
456235;0.68;1
456236;12.29;1
456237;12.29;1
456241;118.20;1
456247;19.76;1
456248;19.76;1
456250;6.14;1
456278;18.85;1
456279;7.19;1
456306;20.92;1
456307;20.86;1
456314;8.64;1
456315;8.64;1
456316;108.08;100
456317;44.12;1
456320;41.70;1
456321;44.12;1
456329;1.73;1
456330;8.70;1
456331;45.50;1
456337;12.12;1
456340;241.57;1
456341;17.78;1
456343;15.55;1
456371;149.44;100
456372;149.44;100
456393;101.08;100
456394;101.08;100
456395;101.08;100
456396;101.08;100
456397;101.08;100
456415;115.08;100
456416;95.60;100
456418;27.50;1
456645;112.42;100
456646;112.42;100
456647;112.42;100
456648;112.42;100
456649;112.42;100
456650;112.42;100
456651;112.42;100
456652;138.30;100
456653;138.30;100
456655;138.30;100
456657;127.99;100
456658;128.80;100
456662;4.13;1
456663;4.13;1
456670;135.73;1
456671;150.19;1
456672;195.10;1
456673;195.10;1
456674;218.50;1
456675;202.07;1
456676;254.97;1
456677;140.64;1
456678;150.19;1
456679;195.10;1
456680;195.10;1
456681;218.50;1
456682;202.07;1
456683;254.97;1
456684;160.79;1
456685;160.79;1
456686;218.50;1
456687;218.50;1
456688;218.50;1
456689;202.07;1
456690;236.53;1
456691;143.93;1
456692;160.79;1
456693;202.07;1
456694;218.50;1
456695;218.50;1
456696;202.07;1
456697;236.53;1
456704;109.61;100
456712;112.73;100
456718;30.73;1
456737;254.97;1
456746;30.73;1
456750;155.72;100
456754;147.23;1
456758;154.52;1
456767;23.08;1
456789;76.58;100
456795;112.73;100
456809;109.61;100
456810;278.43;1
456825S;80.19;100
456840;10.24;1
456841;10.24;1
456842;1.96;1
456856;91.92;100
456871;30.72;1
456881;15.32;1
456895;76.58;100
456896;76.58;100
456901;76.58;100
456914;125.99;100
456952;1.02;1
456953;1.02;1
456964;27.43;1
456972;166.70;1
456988;67.87;100
457063;109.61;100
457074;26.67;1
457078;114.45;100
457079;142.03;100
457080;182.01;1
457099;112.73;100
457100;112.73;100
457117;128.64;100
457118;128.64;100
457131;75.79;1
457132;77.55;1
457133;27.33;1
457134;27.33;1
457135;27.78;1
457136;27.78;1
457138;3.19;1
457139;3.19;1
457140;3.19;1
457141;3.19;1
457142;3.19;1
457143;3.19;1
457144;3.19;1
457145;3.19;1
457177;128.14;100
457187;32.24;1
457225;597.08;1
457226;141.24;100
457229;30.77;1
457239;18.27;1
457246;4.68;1
457264;10.04;1
457274;101.08;100
457276;109.61;100
457279;128.64;100
457281;2.38;1
457282;2.38;1
457291;1.71;1
457298;97.08;100
457304;79.29;1
457305;80.12;1
457310;3.32;1
457340;99.12;1
457341;140.42;1
457342;203.80;1
457343;266.19;1
457344;92.63;1
457348;12.59;1
457349;35.40;1
457350;73.40;1
457351;12.85;1
457352;36.09;1
457353;74.85;1
457354;23.09;1
457355;48.06;1
457356;24.02;1
457357;49.98;1
457360;2.38;1
457361;155.72;100
457363;5.17;1
457365;4.96;1
457370;2.38;1
457371;77.52;100
457372;77.52;100
457374;4.54;1
457376;4.72;1
457378;15.91;1
457379;15.91;1
457443;76.58;100
457465;110.24;100
457466;110.24;100
457468;110.24;100
457472;92.56;100
457481;26.42;1
457494;6.94;1
457495;7.65;1
457527;102.86;100
457541;71.81;100
457566;36.83;100
457573;10.00;1
457584;76.58;100
457603;10.59;100
457606;15.51;100
457610;131.42;100
457611;131.42;100
457617;109.56;100
457622;130.60;1
457623;185.03;1
457624;268.68;1
457625;350.92;1
457626;127.70;1
457627;180.91;1
457628;249.70;1
457629;326.14;1
457630;130.60;1
457631;185.03;1
457632;268.68;1
457633;350.92;1
457634;127.70;1
457635;180.91;1
457636;249.70;1
457637;326.14;1
457639;3.10;1
457646;3.16;1
457659;149.02;1
457660;152.53;1
457661;156.08;1
457662;159.57;1
457679;3.86;1
457681;1.97;1
457696;64.73;100
457704;2.84;1
457705;5.17;1
457707;28.98;1
457712;42.40;1
457713;60.07;1
457714;87.18;1
457715;113.86;1
457716;45.58;1
457717;64.58;1
457718;93.78;1
457719;122.48;1
457720;12.43;1
457721;34.95;1
457722;72.47;1
457723;12.69;1
457724;35.64;1
457725;73.90;1
457726;16.90;1
457727;35.17;1
457729;35.17;1
457730;16.93;1
457742;20.39;100
457743;20.39;100
457744;20.39;100
457745;20.39;100
457746;20.39;100
457747;20.39;100
457748;20.39;100
457749;20.39;100
457750;20.39;100
457755;40.54;1
457757;93.65;1
457764;1.74;1
457767;2.87;1
457768;2.39;1
457769;3.24;1
457770;2.87;1
457771;2.39;1
457772;3.24;1
457779;15.91;1
457780;15.91;1
457800;76.61;100
457801;59.45;1
457811;7.62;1
457827;0.68;1
457835;9.25;1
457836;14.11;1
457845;4.51;1
457846;3.93;1
457847;4.04;1
457870;4.72;1
457871;8.24;1
457894;13.62;1
457907;4.48;1
457908;2.87;1
457909;2.39;1
457910;3.24;1
457927;29.84;1
457937;20.39;100
457938;43.23;100
457939;43.23;100
457961;26.30;1
457963;158.70;1
457970;158.70;1
457971;16.10;1
457977;3453.27;1
457992;6.17;1
457993;6.08;1
458062;123.93;1
458149;158.70;1
458171;176.34;1
458176;192.29;1
458274;7.97;1
458281;57.59;1
458290;176.34;1
458439;118.66;1
459013;3.19;1
459014;3.19;1
459015;3.19;1
459016;3.19;1
459017;3.19;1
459018;3.19;1
459019;3.19;1
459020;3.19;1
459024;167.57;1
459025;164.94;1
459026;173.73;1
459027;177.24;1
459028;182.52;1
459029;180.60;1
459030;190.20;1
459031;193.10;1
459044;30.73;1
459046;17.07;1
459050;4.54;1
459060;169.30;1
459080;26.90;100
459093;17.04;1
459094;17.04;1
459095;17.04;1
459096;17.04;1
459097;18.55;1
459098;18.55;1
459099;18.55;1
459100;18.55;1
459101;214.04;1
459102;214.04;1
459103;214.04;1
459120;8.29;100
459132;76.58;100
459138;98.11;100
459150;5.84;1
459153;172.94;1
459156;1.74;1
459163;2.94;1
459164;2.98;1
459166;94.44;100
459167;120.92;100
459174;2.11;1
459175;2.11;1
459176;10.04;1
459179;2.08;1
459180;6.62;100
459181;5.64;100
459195;182.52;1
459196;177.01;1
459221;4.45;1
459222;111.13;100
459224;111.13;100
459230;61.24;100
459255;14.30;100
459256;17.27;100
459261;167.78;1
459276;0.86;1
459279;92.98;100
459280;80.19;100
459287;138.30;100
459374;0.83;1
459386;152.30;100
459387;1.73;1
459388;36.83;100
459395;121.27;100
459424;173.73;1
459425;173.68;1
459432;92.98;100
459445;39.90;1
459446;44.49;1
459449;44.15;1
459452;50.17;100
459481;72.73;100
459489;23.54;1
459493;95.82;100
459494;72.39;100
459496;125.39;100
459521;24.12;1
459524;24.26;1
459525;158.27;100
459560;9.59;1
459562;81.97;1
459565;39.84;1
459566;6.60;1
459567;6.29;1
459568;6.29;1
459569;180.34;1
459875;15.32;1
459900;6.85;100
459901;7.76;100
459902;8.32;100
459903;8.78;100
459906;9.34;100
459907;10.03;100
459911;68.76;1
459913;74.05;1
459923;85.68;100
459924;85.68;100
459925;85.68;100
459926;85.68;100
459927;97.56;100
459930;9.45;1
459932;81.97;1
459933;31.90;1
459934;15.97;1
459936;135.76;1
459945;5.42;1
459953;23.08;1
459963;58.46;100
459964;58.46;100
459965;0.93;1
459966;0.93;1
459971;91.92;100
459977;102.12;100
459978;102.12;100
459980;102.12;100
459998;75.14;100
460008;127.79;100
460012;86.95;100
460013;86.95;100
460014;86.95;100
460015;86.95;100
460027;7.49;100
460028;8.44;100
460029;9.32;100
460030;2.53;1
460048;256.08;1
460051;65.70;1
460052;10.29;1
460056;85.28;100
460057;85.28;100
460067;77.52;100
460076;31.11;1
460077;102.12;100
460078;31.11;1
460089;176.34;1
460091;1.38;1
460092;1.38;1
460132;50.15;1
460135;166.63;1
460138;7.50;1
460149;81.97;1
460150;81.97;1
460151;81.97;1
460154;1.91;1
460155;81.97;1
460158;44.68;1
460189;1.89;1
460198;80.19;100
460205;6.73;1
460222;159.79;1
460241;0.99;1
460242;0.99;1
460271;15.41;1
460272;15.41;1
460299;64.73;100
460300;23.08;1
460303;1.85;1
460306;2.34;1
460339;6.00;1
460342;3.29;1
460343;2.76;1
460359;57.51;1
460366;57.57;100
460370;7.87;100
460371;8.20;100
460411;80.19;100
460420;80.19;100
460421;80.19;100
460423;3.75;1
460429;39.53;1
460430;60.57;1
460446;100.06;100
460448;4.54;1
460454;8.11;1
460455;286.74;1
460456;464.89;1
460457;7.36;1
460458;260.28;1
460460;7.51;1
460463;10.84;1
460464;5.30;1
460468;10.84;1
460469;8.08;1
460470;7.50;1
460482;4.81;1
460483;4.81;1
460484;7.80;1
460489;60.29;1
460490;60.29;1
460491;62.11;1
460502;100.19;100
460510;23.65;1
460515;23.65;1
460516;81.97;1
460517;81.97;1
460518;81.97;1
460521;56.99;1
460528;126.32;100
460529;4.96;1
460548;10.89;1
460575;5.17;1
460587;29.19;1
460588;29.19;1
460589;29.19;1
460590;29.19;1
460591;31.25;1
460592;31.25;1
460593;31.25;1
460594;31.25;1
460595;34.01;1
460596;34.01;1
460597;34.01;1
460598;34.01;1
460603;57.79;1
460604;12.69;1
460649;81.97;1
460666;81.97;1
460668;6.99;100
460706;16.15;1
460707;16.29;1
460708;16.87;1
460709;17.18;1
460710;17.51;1
460711;18.20;1
460712;21.87;1
460713;18.72;1
460714;19.10;1
460715;19.34;1
460716;19.44;1
460717;19.79;1
460718;20.82;1
460719;24.70;1
460720;137.26;100
460757;126.32;100
460760;100.19;100
460761;100.19;100
460762;9.00;100
460763;14.72;1
460764;1.71;1
460774;5.32;1
460775;86.95;100
460776;86.95;100
460777;85.68;100
460778;85.68;100
460790;30.19;1
460806;10.45;1
460809;80.19;100
460821;3.16;1
460850;112.73;100
460861;12.15;1
460885;12.53;1
460886;17.76;1
460887;13.32;1
460888;18.87;1
460916;190.47;1
460917;190.47;1
460919;4.54;1
460920;5.17;1
460928;109.56;100
460937;4.54;1
460938;5.17;1
460939;3.39;1
460940;20.22;1
460945;0.93;1
460948;0.93;1
460949;0.93;1
460950;192.29;1
460959;2.45;1
460960;3.75;1
460961;66.94;1
460962;158.70;1
460987;100.19;100
460995;138.71;1
460996;128.64;100
461016;23.08;1
461019;99.80;100
461022;2.14;1
461023;2.14;1
461040;1.81;1
461044;3.79;1
461094;42.94;1
461095;60.82;1
461096;88.70;1
461097;115.31;1
461098;46.17;1
461099;65.40;1
461101;124.05;1
461105;52.98;1
461106;9.00;100
461180;17.75;1
461181;12.82;1
461183;9.79;1
461185;7.60;1
461192;37.59;1
461193;20.83;1
461194;20.83;1
461214;23.08;1
461216;30.73;1
461219;0.68;1
461220;10.62;1
461227;3.16;1
461232;8.45;1
461233;8.45;1
461234;9.04;1
461235;9.04;1
461236;9.85;1
461237;9.85;1
461251;16.23;100
461252;16.23;100
461253;16.23;100
461254;16.23;100
461255;16.23;100
461256;16.23;100
461283;102.18;100
461293;5.17;1
461294;4.54;1
461295;4.48;1
461323;50.33;100
461350;36.83;100
461351;171.13;1
461352;85.68;100
461358;39.24;1
461359;42.21;1
461379;23.12;1
461380;40.92;1
461381;22.50;1
461382;22.50;1
461383;166.63;1
461384;173.73;1
461385;166.63;1
461386;189.59;1
461388;15.52;1
461395;3.42;1
461401;75.14;100
461402;75.14;100
461403;75.14;100
461404;75.14;100
461405;75.14;100
461407;17.57;1
461408;17.57;1
461409;17.57;1
461410;17.57;1
461411;18.82;1
461412;18.82;1
461413;18.82;1
461414;18.82;1
461415;20.49;1
461416;20.49;1
461417;20.49;1
461418;20.49;1
461440;17.23;1
461441;17.23;1
461442;17.23;1
461443;17.23;1
461444;18.46;1
461445;18.46;1
461446;18.46;1
461447;18.46;1
461448;20.08;1
461449;20.08;1
461450;20.08;1
461451;20.08;1
461452;119.77;1
461453;157.81;1
461454;157.81;1
461455;176.34;1
461459;19.22;1
461460;19.86;1
461461;20.53;1
461462;21.38;1
461463;21.87;1
461464;21.90;1
461465;26.44;1
461470;26.98;1
461471;38.57;1
461472;55.94;1
461473;73.33;1
461490;36.83;100
461505;5.52;1
461514;19.19;1
461515;1.02;1
461516;1.02;1
461517;1.02;1
461518;1.02;1
461535;126.32;100
461544;89.11;1
461549;73.32;100
461550;27.09;1
461552;24.57;1
461553;27.09;1
461555;87.48;100
461567;57.26;1
461569;46.00;1
461570;34.97;1
461571;42.67;1
461572;51.92;1
461573;68.03;1
461584;0.95;1
461585;7.74;1
461586;9.05;1
461607;32.74;1
461608;32.74;1
461610;2.10;1
461625;14.34;1
461626;20.49;1
461627;15.42;1
461628;22.04;1
461666;197.05;1
461672;65.56;100
461673;65.56;100
461674;65.56;100
461681;34.14;1
461685;16.23;100
461701;96.01;100
461702;96.01;100
461703;96.01;100
461742;41.54;1
461745;109.56;100
461753;90.73;100
461754;90.73;100
461755;90.73;100
461769;63.07;1
461770;63.07;1
461771;63.07;1
461772;63.07;1
461773;63.07;1
461786;102.18;100
461787;102.18;100
461788;197.61;1
461789;200.44;1
461793;170.21;1
461797;8.26;1
461798;8.10;1
461816;49.58;1
461889;66.94;1
461895;166.63;1
461896;173.66;1
461914;134.32;1
461916;5.53;1
461995;142.23;100
461996;194.63;1
462006;4.92;1
462010;90.73;100
462011;90.73;100
462012;90.73;100
462016;89.82;100
462017;89.82;100
462018;89.82;100
462019;89.82;100
462020;89.82;100
462021;89.82;100
462022;91.96;100
462023;91.96;100
462024;91.96;100
462025;91.96;100
462026;91.96;100
462027;91.96;100
462028;97.84;100
462029;97.84;100
462030;97.84;100
462031;97.84;100
462032;97.84;100
462033;97.84;100
462070;8.05;1
462138;1.89;1
462140;2.74;1
462141;4.37;1
462154;7.69;1
462169;0.93;1
462170;0.93;1
462171;1.78;1
462172;1.78;1
462173;1.02;1
462174;1.02;1
462175;0.93;1
462176;0.93;1
462177;4.13;1
462178;4.13;1
462186;176.34;1
462188;72.73;100
462227;7.61;100
462241;10.83;1
462245;8.29;1
462246;7.65;1
462248;132.27;1
462249;146.37;1
462250;158.70;1
462251;132.27;1
462252;146.35;1
462253;158.70;1
462271;5.53;1
462272;5.53;1
462276;21.14;1
462277;30.22;1
462278;55.06;1
462279;100.58;1
462280;142.50;1
462281;206.92;1
462282;270.26;1
462283;84.99;1
462284;120.40;1
462285;166.38;1
462286;217.31;1
462287;105.76;1
462288;149.84;1
462289;206.92;1
462290;270.26;1
462302;109.92;100
462303;22.35;1
462304;22.35;1
462306;48.15;1
462307;48.15;1
462316;16.01;1
462374;1049.29;1
462378;149.02;1
462379;149.02;1
462380;135.79;1
462381;145.54;1
462382;157.52;1
462383;137.22;1
462384;149.92;1
462385;157.52;1
462386;114.39;1
462387;162.06;1
462388;223.93;1
462389;292.49;1
462393;7.65;1
462396;63.43;1
462405;178.09;1
462406;192.74;1
462407;17.38;1
462421;22.42;1
462422;22.42;1
462423;25.92;1
462424;25.92;1
462425;26.59;1
462426;26.59;1
462427;33.13;1
462428;33.13;1
462429;36.43;1
462430;42.55;1
462434;34.25;1
462435;25.84;1
462436;36.54;1
462437;74.52;1
462451;92.56;100
462461;134.90;1
462463;169.32;1
462492;80.19;100
462502;32.07;1
462506;402.08;1
462515;102.18;100
462516;619.15;1
462521;21.38;1
462522;24.29;1
462523;20.40;1
462524;23.17;1
462533;69.49;1
462534;98.44;1
462535;142.88;1
462536;186.61;1
462537;78.58;1
462538;111.32;1
462540;200.80;1
462561;5.87;1
462574;182.46;1
462586;8.26;1
462589;8.26;1
462591;8.20;1
462593;8.26;1
462597;7.88;1
462605;18.09;1
462606;18.09;1
462607;18.58;1
462608;18.58;1
462609;18.48;1
462610;18.48;1
462612;18.09;1
462613;18.09;1
462614;18.05;1
462616;19.03;1
462617;19.03;1
462624;142.23;100
462626;52.91;1
462627;75.65;1
462628;144.91;1
462629;28.08;1
462630;40.14;1
462632;76.32;1
462658;98.11;100
462659;98.11;100
462660;98.11;100
462661;98.11;100
462670;11.91;100
462699;5.65;1
462705;6.30;1
462746;38.69;100
462747;38.69;100
462748;38.69;100
462751;5.42;1
462762;138.44;1
462764;98.11;100
462766;149.02;1
462784;0.86;1
462792;52.15;1
462794;131.98;1
462802;168.01;1
462814;1.49;1
462848;151.37;1
462852;156.67;1
462862;184.05;1
462871;134.90;1
462872;138.44;1
462873;161.39;1
462876;148.10;1
462904;4.18;1
462905;5.31;1
462906;5.55;1
462907;6.72;1
462912;151.67;1
462914;5.44;1
462920;51.47;1
462921;51.47;1
462923;9.95;1
462934;266.26;1
462938;141.04;100
462954;161.39;1
462971;161.39;1
462978;6.17;100
462982;147.24;1
462999;146.34;1
463002;5.42;1
463016;1.93;1
463019;60.53;1
463022;11.76;1
463023;16.81;1
463024;31.96;1
463025;13.68;1
463026;19.56;1
463027;42.37;1
463033;166.63;1
463035;57.90;1
463036;37.08;1
463037;52.54;1
463038;94.99;1
463039;121.05;1
463040;171.49;1
463041;310.34;1
463042;19.52;1
463043;19.52;1
463044;32.02;1
463045;19.44;1
463046;19.44;1
463047;32.12;1
463051;84.43;100
463053;21.84;1
463068;3.61;1
463075;93.04;100
463076;1.93;1
463077;112.61;100
463086;36.72;1
463088;40.83;1
463089;40.83;1
463090;36.82;1
463091;36.82;1
463092;40.83;1
463096;49.12;1
463103;13.74;1
463122;120.06;100
463123;43.07;1
463126;16.35;1
463135;16.60;1
463138;1.29;1
463150;102.18;100
463153;6.03;1
463188;3.00;1
463199;2.92;1
463200;23.83;1
463201;8.98;1
463202;23.31;1
463212;7.50;1
463271;103.04;100
463272;103.04;100
463273;103.04;100
463298;75.34;100
463306;26.52;1
463307;26.18;1
463313;38.54;100
463314;19.13;100
463315;30.49;100
463316;46.59;100
463317;55.89;100
463318;50.42;100
463319;1.28;1
463320;67.69;100
463321;70.87;100
463322;1.47;1
463323;1.89;1
463325;2.27;1
463326;2.86;1
463327;5.01;1
463333;7.75;1
463337;0.80;1
463344;3.00;1
463345;3.33;1
463346;4.57;1
463347;5.67;1
463348;3.36;1
463349;3.61;1
463350;4.45;1
463351;5.08;1
463352;6.15;1
463362;62.07;100
463363;85.92;100
463377;12.52;100
463378;18.32;100
463379;11.06;100
463383;38.54;100
463384;37.80;100
463385;50.22;100
463388;1.94;1
463393;2.45;1
463394;1.42;1
463401;1.94;1
463449;116.72;100
463450;116.72;100
463485;96.80;100
463488;287.30;1
463510;132.32;100
463536;3.38;1
463538;70.45;100
463540;136.60;100
463541;13.03;1
463542;2.00;1
463543;2.00;1
463544;2.00;1
463561;7.24;1
463654;3.85;1
463657;2.53;1
463671;5.53;1
463672;5.53;1
463681;53.81;1
463683;1.78;1
463684;1.78;1
463685;1.38;1
463691;6.80;1
463701;1.84;1
463702;4.75;1
463703;70.33;100
463707;126.39;100
463715;74.48;100
463718;92.83;100
463726;111.69;100
463738;128.64;100
463744;74.48;100
463745;85.68;100
463752;117.81;100
463756;105.44;100
463757;161.72;100
463758;159.65;100
463769;138.70;100
463770;132.10;100
463771;3.75;1
463775;134.64;100
463776;156.32;100
463777;142.23;100
463784;111.61;100
463786;137.36;100
463796;165.74;100
463799;92.83;100
463806;98.79;100
463808;137.36;100
463810;2.16;1
463811;123.68;100
463814;155.79;100
463817;92.41;100
463818;117.81;100
463825;110.67;100
463828;122.86;100
463832;133.60;100
463833;131.17;100
463835;96.80;100
463878;134.90;1
463884;117.81;100
463889;116.72;100
463893;117.46;100
463895;402.08;1
463900;0.93;1
463901;0.93;1
463902;1.78;1
463903;1.78;1
463904;1.02;1
463905;1.02;1
463906;0.93;1
463907;0.93;1
463908;4.13;1
463909;4.13;1
463910;0.93;1
463911;0.93;1
463917;1.86;1
463918;159.16;100
463945;245.89;1
463946;245.89;1
463947;245.89;1
463956;145.54;1
463965;9.15;100
463973;5.42;1
463974;96.80;100
463976;126.76;1
463977;126.76;1
463979;126.76;1
463980;126.76;1
464002;134.64;100
464022;2.31;1
464023;3.07;1
464025;3.92;1
464026;3.92;1
464027;13.65;1
464028;13.65;1
464040;9.95;1
464044;10.92;1
464045;4.67;1
464051;117.46;100
464052;10.63;100
464054;6.80;1
464056;1.79;1
464068;95.66;100
464069;95.66;100
464070;95.66;100
464080;93.04;100
464081;93.04;100
464083;73.91;100
464084;70.81;100
464086;5.11;1
464109;5.35;1
464110;9.20;1
464111;9.28;1
464115;2.53;1
464116;116.72;100
464135;0.93;1
464136;0.93;1
464137;4.13;1
464138;4.13;1
464139;31.48;1
464140;53.96;1
464141;8.44;100
464152;94.29;1
464153;110.90;1
464157;2.59;1
464158;2.59;1
464159;10.59;1
464169;1.78;1
464170;1.78;1
464171;102.18;100
464194;38.69;100
464198;0.77;1
464200;5.56;1
464206;63.07;1
464233;32.74;1
464234;32.74;1
464243;19.74;1
464244;20.07;1
464245;21.54;1
464246;22.60;1
464247;23.46;1
464248;24.71;1
464253;1.90;1
464254;6.74;1
464255;1401.86;1
464257;13.77;1
464258;38.70;1
464260;14.04;1
464261;39.46;1
464266;1.23;1
464278;17.37;1
464298;20.57;1
464300;7.17;1
464311;12.17;100
464312;14.54;100
464328;157.23;100
464329;157.23;100
464330;157.23;100
464331;157.23;100
464332;65.56;100
464335;9.16;1
464337;5.28;1
464339;4.22;1
464344;137.12;100
464352;48.17;1
464353;2.47;1
464354;5.83;1
464355;26.55;1
464356;1.93;1
464357;5.93;1
464359;7.31;1
464360;12.77;1
464361;24.42;1
464362;13.04;1
464364;84.43;100
464367;7.79;1
464368;14.86;100
464369;14.86;100
464370;14.86;100
464371;14.86;100
464372;14.86;100
464407;13.73;100
464409;92.14;1
464410;157.95;1
464411;112.39;1
464412;180.23;1
464413;70.61;1
464414;44.58;1
464416;28.96;1
464417;28.96;1
464418;3.87;1
464419;3.87;1
464420;3.87;1
464421;3.87;1
464422;184.46;100
464455;99.74;1
464456;24.36;1
464457;9.87;1
464458;9.87;1
464460;9.74;1
464461;9.74;1
464462;110.97;1
464463;25.51;1
464464;9.71;1
464465;9.71;1
464466;1.87;1
464467;2.83;1
464468;1.93;1
464469;2.27;1
464470;5.14;1
464471;38.69;100
464476;8.85;100
464497;1.02;1
464498;1.02;1
464513;8.72;1
464537;6.00;1
464539;5.85;1
464540;5.84;1
464550;7.53;1
464555;145.50;100
464556;145.50;100
464557;145.50;100
464558;145.50;100
464559;145.50;100
464560;154.19;100
464561;154.19;100
464562;154.19;100
464563;154.19;100
464564;154.19;100
464565;1.68;1
464566;1.68;1
464567;1.68;1
464568;1.68;1
464569;1.68;1
464577;254.25;1
464580;105.12;1
464581;175.01;1
464582;247.93;1
464583;57.78;1
464584;99.04;1
464585;140.32;1
464586;132.39;1
464588;324.48;1
464594;5.55;1
464615;346.82;1
464626;6.46;1
464628;117.96;1
464643;157.23;100
464648;69.33;100
464650;2.03;1
464651;4.21;1
464655;194.52;1
464656;2510.91;1
464660;11.05;100
464669;88.71;100
464670;88.71;100
464671;88.71;100
464672;123.00;1
464675;6.69;1
464678;40.07;1
464681;59.45;1
464682;74.38;1
464685;159.72;1
464686;140.16;1
464689;15.42;1
464691;145.50;100
464697;4.09;1
464708;111.13;100
464723;24.82;1
464724;1.82;1
464725;6.39;1
464772;84.40;100
464773;1.27;1
464774;1.83;1
464775;2.56;1
464776;1.72;1
464782;8.25;1
464791;5.06;1
464792;7.06;1
464793;8.88;1
464795;7.27;1
464796;7.27;1
464807;1.20;1
464821;24.48;1
464826;11.46;100
464831;6.86;1
464832;5.81;1
464835;10.63;100
464841;6.47;1
464844;55.56;1
464845;5.63;1
464846;25.57;1
464847;1.92;1
464850;38.69;100
464851;108.79;1
464852;6.00;1
464853;24.78;1
464854;1.88;1
464855;9.71;1
464856;9.71;1
464861;5.15;1
464862;7.16;1
464863;8.97;1
464874;85.08;100
464876;6.39;1
464888;24.48;1
464905;149.02;1
464912;39.40;100
464925;5.99;1
464929;4.07;1
464933;6.73;1
464954;9.05;1
464973;1.99;1
464975;2.13;1
464976;1.86;1
464977;5.55;1
464978;9.71;1
464979;9.71;1
464998;36.82;1
464999;36.82;1
465024;18.54;1
465025;20.53;1
465026;24.74;1
465150;42.87;1
465173;25.96;1
465174;17.28;1
465176;31.67;1
465177;31.67;1
465181;44.99;1
465182;44.99;1
465183;47.17;1
465184;50.31;1
465185;47.17;1
465210;17.27;100
465211;6.91;100
465212;9.30;100
465217;2.10;1
465218;3.12;1
465219;3.56;1
465220;3.65;1
465224;2.10;1
465225;1.74;1
465242;2.32;1
465243;4.78;1
465245;12.88;1
465249;9.17;1
465250;8.92;1
465251;10.92;1
465252;10.92;1
465253;7.17;1
465254;6.18;1
465255;8.31;1
465256;7.22;1
465257;1.60;1
465258;1.93;1
465260;2.88;1
465261;2.47;1
465276;6.39;1
465277;86.26;100
465285;14.40;100
465288;2.37;1
465323;5.42;1
465347;32.12;1
465349;6.16;1
465350;6.28;1
465351;6.16;1
465352;6.28;1
465353;12.57;1
465354;6.73;1
465355;6.73;1
465356;6.73;1
465357;10.92;1
465358;10.92;1
465359;10.92;1
465360;10.92;1
465361;10.92;1
465362;10.92;1
465372;546.87;1
465373;546.87;1
465375;90.58;1
465376;51.78;1
465378;56.03;1
465379;40.36;1
465380;11.53;1
465387;15.15;1
465390;80.48;1
465392;85.86;1
465393;90.35;1
465394;85.86;1
465395;38.70;1
465396;32.86;1
465397;34.40;1
465398;34.70;1
465399;44.62;1
465400;8.05;1
465401;8.05;1
465402;8.05;1
465403;8.05;1
465404;8.95;1
465405;8.95;1
465406;8.95;1
465407;8.95;1
465408;8.60;1
465409;8.60;1
465410;6.45;1
465416;0.72;1
465423;31.57;100
465508;4.45;1
465509;56.67;1
465510;56.67;1
465511;31.20;1
465512;31.20;1
465513;56.67;1
465514;56.67;1
465515;31.20;1
465516;31.20;1
465517;56.67;1
465518;56.67;1
465519;70.43;1
465520;70.43;1
465521;56.67;1
465522;56.67;1
465523;33.56;1
465524;33.56;1
465526;6.49;1
465527;70.43;1
465528;70.43;1
465531;556.98;1
465554;145.74;1
465555;176.10;1
465556;206.46;1
465557;236.82;1
465558;267.18;1
465559;300.07;1
465560;330.69;1
465561;361.30;1
465577;33.94;1
465578;46.06;1
465579;58.19;1
465580;82.43;1
465623;6.87;1
465624;6.87;1
465625;6.87;1
465626;31.67;1
465729;6.73;1
465739;10.51;1
465740;12.39;1
465741;13.28;1
465742;13.95;1
465747;4.13;1
465766;21.78;100
465776;2.21;1
465939;6.87;1
465940;6.87;1
465941;10.92;1
465942;10.92;1
465945;4.49;1
465969;26.93;1
465970;39.82;1
465971;43.82;1
465972;47.50;1
465973;51.30;1
465978;40.35;1
465983;48.11;1
466013;24.70;1
466014;33.53;1
466015;42.35;1
466016;59.99;1
466034;148.89;1
466035;179.90;1
466036;210.92;1
466037;241.94;1
466038;272.96;1
466039;306.65;1
466040;337.94;1
466041;369.23;1
466052;52.39;1
466053;56.64;1
466054;61.53;1
466055;72.31;1
466056;82.28;1
466057;104.07;1
466058;52.39;1
466059;56.64;1
466060;61.53;1
466061;72.31;1
466062;82.28;1
466063;104.07;1
466064;59.33;1
466065;64.15;1
466066;69.70;1
466067;81.95;1
466068;93.25;1
466069;117.94;1
466070;59.33;1
466071;64.15;1
466072;69.70;1
466073;81.95;1
466074;93.25;1
466075;117.94;1
466076;59.33;1
466077;64.15;1
466078;69.70;1
466079;81.95;1
466080;93.25;1
466081;117.94;1
466113;18.20;1
466115;18.20;1
466119;18.20;1
466121;18.20;1
466123;17.78;1
466127;33.99;1
466129;18.20;1
466131;18.20;1
466135;18.20;1
466139;17.78;1
466143;18.20;1
466147;16.51;1
466151;21.03;1
466155;21.03;1
466159;21.03;1
466163;16.51;1
466167;21.54;1
466171;21.03;1
466175;21.03;1
466179;33.44;1
466183;21.03;1
466187;21.03;1
466191;21.03;1
466211;68.92;1
466215;43.77;1
466219;43.77;1
466223;43.77;1
466227;60.11;1
466231;34.02;1
466235;34.87;1
466239;37.08;1
466241;68.23;100
466242;68.23;100
466246;68.23;100
466247;68.23;100
466251;68.23;100
466252;68.23;100
466258;39.30;1
466259;142.45;1
466266;26.19;1
466270;26.19;1
466274;26.19;1
466290;26.19;1
466294;26.19;1
466298;26.19;1
466303;26.19;1
466307;26.19;1
466315;29.97;1
466319;29.97;1
466323;29.97;1
466343;29.97;1
466347;29.97;1
466351;29.97;1
466367;29.97;1
466395;29.97;1
466426;39.30;1
466427;142.45;1
466503;142.54;1
466505;182.30;1
466572;32.01;1
466573;32.79;1
466574;35.25;1
466575;35.42;1
466576;49.42;1
466577;32.01;1
466578;32.01;1
466579;35.25;1
466580;35.25;1
466581;48.26;1
466582;33.62;1
466583;33.62;1
466584;36.88;1
466585;36.88;1
466586;53.88;1
466671;391.92;1
466673;400.52;1
466674;225.61;1
466677;156.68;1
466678;238.18;1
466681;238.18;1
466682;238.18;1
466683;270.95;1
466684;346.91;1
466686;90.78;1
466687;31.32;1
466688;36.43;1
466690;37.93;1
466699;298.89;1
466717;25.81;1
466718;30.02;1
466719;36.34;1
466720;25.81;1
466721;30.02;1
466722;36.34;1
466723;26.27;1
466724;30.56;1
466725;38.41;1
466726;65.00;1
466727;65.00;1
466728;68.25;1
466729;71.02;1
466730;68.25;1
466731;66.49;100
466732;66.49;100
466733;66.49;100
466734;66.49;100
466735;66.49;100
466736;66.49;100
466737;63.93;100
466738;63.93;100
466739;67.79;100
466740;67.79;100
466777;151.76;1
466778;151.76;1
466779;101.69;1
466780;122.31;1
466781;147.76;1
466782;101.69;1
466783;122.31;1
466784;147.76;1
466785;101.69;1
466786;122.31;1
466787;147.76;1
466788;101.69;1
466789;122.31;1
466790;147.76;1
466791;103.86;1
466792;124.93;1
466793;150.95;1
466794;103.86;1
466795;124.93;1
466796;150.95;1
466797;103.86;1
466798;124.93;1
466799;150.95;1
466800;103.86;1
466801;124.93;1
466802;150.95;1
466803;103.86;1
466804;124.93;1
466805;150.95;1
466806;103.86;1
466807;124.93;1
466808;150.95;1
466809;4.73;1
466810;4.73;1
466817;253.14;1
466833;80.21;1
466834;93.23;1
466835;28.09;1
466836;7.92;1
466837;14.43;1
466838;13.23;1
466842;122.63;1
466850;52.63;1
466859;25.99;1
466887;25.36;1
466888;36.24;1
466889;52.57;1
466890;68.91;1
466891;26.70;1
466892;36.24;1
466893;45.77;1
466894;64.84;1
466895;14.23;1
466896;19.32;1
466897;28.02;1
466898;36.72;1
466909;200.09;1
466910;234.59;1
466911;269.08;1
466912;341.35;1
466913;445.84;1
466914;620.00;1
466915;38.84;1
466916;55.62;1
466917;80.82;1
466918;2.70;1
466919;3.72;1
466920;38.84;1
466921;55.62;1
466922;38.84;1
466923;80.82;1
466978;16.47;1
466979;31.32;1
466980;19.16;1
466981;36.43;1
467000;337.40;1
467001;337.39;1
467022;2.70;1
467023;3.72;1
467024;62.75;1
467025;62.75;1
467026;62.75;1
467068;255.09;1
467069;255.09;1
467070;168.65;1
467071;168.65;1
467072;168.65;1
467073;168.65;1
467074;172.31;1
467075;172.31;1
467076;172.31;1
467077;172.31;1
467089;99.61;1
467131;8.29;100
467143;5.29;1
467147;154.19;100
467150;80.66;1
467151;110.23;1
467153;119.77;1
467155;443.62;1
467160;4.32;1
467162;3.46;1
467165;3.96;1
467166;6.70;1
467170;2.65;1
467171;4.41;1
467172;6.41;1
467173;4.92;1
467177;199.96;1
467179;199.96;1
467180;81.76;1
467181;81.76;1
467182;91.46;1
467183;91.46;1
467184;101.31;1
467185;101.31;1
467186;111.95;1
467187;111.95;1
467188;120.24;1
467189;120.24;1
467190;134.82;1
467191;134.82;1
467192;162.16;1
467193;162.16;1
467194;134.82;1
467195;134.82;1
467196;16.64;1
467197;16.64;1
467206;39.82;100
467209;15.89;1
467223;134.90;1
467233;3.59;1
467234;3.18;1
467261;29.95;1
467272;61.65;1
467277;18.82;1
467283;53.76;1
467284;54.76;1
467285;11.38;1
467295;2.65;1
467296;2.86;1
467297;4.13;1
467298;2.66;1
467299;2.86;1
467300;3.18;1
467301;3.46;1
467302;3.97;1
467303;3.08;1
467304;96.80;100
467305;3.59;1
467306;4.50;1
467307;3.08;1
467310;1.40;1
467313;1.30;1
467314;1.35;1
467317;1.30;1
467320;3.16;1
467321;3.34;1
467328;346.54;1
467329;346.54;1
467332;1.31;1
467333;1.56;1
467334;1.72;1
467335;1.92;1
467336;2.23;1
467337;1.31;1
467338;1.64;1
467339;1.78;1
467340;2.19;1
467341;2.37;1
467342;2.37;1
467343;2.99;1
467344;3.48;1
467345;1.39;1
467346;1.60;1
467347;1.78;1
467348;2.09;1
467349;2.55;1
467350;2.68;1
467351;3.09;1
467352;3.60;1
467353;1.43;1
467354;1.91;1
467355;1.86;1
467358;2.52;1
467366;3.58;1
467367;4.66;1
467368;2.74;1
467369;3.00;1
467370;6.19;1
467371;3.46;1
467373;2.73;1
467374;2.95;1
467376;3.56;1
467377;4.09;1
467378;1.91;1
467379;2.33;1
467380;2.65;1
467381;3.17;1
467382;3.70;1
467383;2.02;1
467384;2.34;1
467386;2.65;1
467387;3.05;1
467389;3.08;1
467390;3.59;1
467391;4.00;1
467392;2.95;1
467393;3.46;1
467394;3.87;1
467401;5.30;1
467402;7.38;1
467403;4.34;1
467404;5.41;1
467405;6.46;1
467406;7.32;1
467407;5.39;1
467408;5.00;1
467409;6.17;1
467410;5.95;1
467411;7.19;1
467412;1.81;1
467435;86.95;100
467437;3.82;1
467438;4.01;1
467439;5.29;1
467440;5.05;1
467448;1.99;1
467459;3.44;1
467486;3.08;1
467487;3.78;1
467488;4.47;1
467506;44.50;100
467512;73.23;1
467513;81.11;100
467519;4.67;1
467521;4.58;1
467522;4.07;1
467527;5.38;1
467528;5.60;1
467529;5.89;1
467530;5.91;1
467531;4.65;1
467532;5.08;1
467534;6.08;1
467536;6.76;1
467537;6.49;1
467538;5.01;1
467539;6.14;1
467540;6.37;1
467542;7.06;1
467543;3.23;1
467545;4.47;1
467548;12.22;1
467549;12.22;1
467564;28.89;100
467567;98.36;1
467568;139.35;1
467569;202.36;1
467570;264.30;1
467583;68.06;1
467585;6.28;1
467586;6.91;1
467588;4.15;1
467589;4.89;1
467591;5.97;1
467592;6.64;1
467593;8.05;1
467594;9.55;1
467597;7.33;1
467599;7.57;1
467602;7.77;1
467604;8.41;1
467608;8.47;1
467609;7.94;1
467610;24.36;1
467613;4.05;1
467616;5.37;1
467617;5.03;1
467618;4.84;1
467619;6.20;1
467620;7.12;1
467621;197.69;1
467624;7.64;1
467625;9.70;1
467628;4.87;1
467629;5.41;1
467630;5.28;1
467631;6.55;1
467632;6.77;1
467633;6.53;1
467634;6.71;1
467635;8.56;1
467642;13.26;1
467648;4.60;1
467650;4.40;1
467652;4.03;1
467653;3.71;1
467656;149.05;1
467658;4.98;1
467659;5.71;1
467660;43.80;1
467667;149.05;1
467672;154.01;1
467673;146.30;1
467681;6.97;100
467683;7.94;100
467685;10.67;100
467692;148.54;1
467693;118.41;1
467694;118.41;1
467695;108.17;1
467696;97.89;1
467697;88.37;1
467698;79.00;1
467699;116.18;1
467702;44.62;1
467704;38.71;1
467705;38.71;1
467706;65.50;1
467707;56.96;1
467708;56.96;1
467709;75.95;100
467711;75.95;100
467712;26.95;1
467713;29.24;1
467719;188.07;1
467720;24.36;1
467721;1.93;1
467722;6.00;1
467723;9.85;1
467724;9.85;1
467730;102.22;100
467734;73.78;1
467753;9.33;1
467763;91.82;100
467764;95.62;100
467765;3.97;1
467767;2.41;1
467769;33.53;1
467770;11.74;1
467771;24.35;1
467772;11.70;1
467773;24.26;1
467774;48.63;1
467776;63.75;1
467809;2.56;1
467810;2.02;1
467811;2.90;1
467817;18.69;1
467818;18.69;1
467819;13.45;1
467820;13.45;1
467821;141.99;1
467822;168.45;1
467824;224.23;1
467825;98.84;1
467826;46.67;1
467827;199.35;100
467828;70.33;100
467831;38.69;100
467832;38.69;100
467834;1.76;1
467835;2.42;1
467836;2.40;1
467837;3.08;1
467838;3.68;1
467841;2.33;1
467842;2.83;1
467843;3.17;1
467844;3.90;1
467845;3.90;1
467846;4.89;1
467847;5.48;1
467849;22.17;1
467851;1.69;1
467852;1.95;1
467853;2.79;1
467854;3.00;1
467855;3.42;1
467856;4.36;1
467857;2.89;1
467858;3.08;1
467859;3.59;1
467860;4.13;1
467861;26.51;1
467862;24.66;1
467863;1.99;1
467864;6.12;1
467865;9.71;1
467866;9.71;1
467869;3.13;1
467870;3.50;1
467871;3.40;1
467872;3.93;1
467873;4.43;1
467874;5.15;1
467875;6.31;1
467876;6.27;1
467878;2.70;1
467879;3.29;1
467880;3.76;1
467881;3.71;1
467882;4.36;1
467883;4.60;1
467884;5.84;1
467885;7.47;1
467886;7.64;1
467888;3.03;1
467890;4.30;1
467891;4.68;1
467892;6.15;1
467894;2.38;1
467895;2.89;1
467896;3.68;1
467897;4.23;1
467898;4.68;1
467899;5.32;1
467902;6.94;1
467908;3.42;1
467909;3.57;1
467910;3.74;1
467911;4.30;1
467913;5.46;1
467920;3.47;1
467921;3.81;1
467922;3.77;1
467923;4.66;1
467925;5.20;1
467926;5.67;1
467927;6.52;1
467930;3.58;1
467931;3.64;1
467932;4.03;1
467933;4.56;1
467943;158.70;1
467944;161.01;1
467945;16.23;100
467946;5.83;1
467947;4.88;1
467948;5.17;1
467952;3.68;1
467953;3.97;1
467954;4.01;1
467955;4.42;1
467956;4.98;1
467957;5.36;1
467958;5.97;1
467960;8.12;1
467962;6.34;1
467964;4.30;1
467965;5.01;1
467968;6.82;1
467969;8.32;1
467970;3.29;1
467971;3.40;1
467972;3.57;1
467973;4.03;1
467974;4.54;1
467975;4.56;1
467976;5.25;1
467977;6.49;1
467979;7.45;1
467981;5.55;1
467982;5.55;1
467987;5.74;1
467990;81.11;100
467993;4.09;1
467996;5.93;1
468006;3.57;1
468007;4.23;1
468008;3.68;1
468009;5.29;1
468010;5.62;1
468011;4.88;1
468012;6.59;1
468013;7.25;1
468014;7.99;1
468015;24.51;1
468021;6.21;1
468023;6.77;1
468024;6.63;1
468025;8.81;1
468045;91.92;100
468049;5.88;1
468061;4.85;1
468062;6.43;1
468063;6.24;1
468064;6.77;1
468066;8.64;1
468073;6.60;1
468083;4.07;1
468084;4.53;1
468110;2.01;1
468111;10.59;1
468112;10.59;1
468113;6.45;1
468117;54.09;1
468122;116.72;100
468125;47.11;1
468131;4.48;1
468148;102.71;100
468160;149.05;1
468163;5.76;1
468164;5.76;1
468165;5.81;1
468166;5.81;1
468181;21.08;1
468184;184.05;1
468186;67.36;1
468187;77.57;1
468188;8.44;1
468189;8.56;1
468190;8.00;1
468197;2.89;1
468202;69.55;100
468203;63.49;100
468205;5.15;1
468206;283.51;1
468207;225.43;1
468208;102.71;100
468209;192.41;1
468213;66.25;100
468216;5.55;1
468219;73.95;100
468220;73.95;100
468223;2.74;1
468224;2.86;1
468226;56.56;100
468227;7.42;1
468228;2.12;1
468229;3.92;1
468230;4.58;1
468231;7.30;1
468235;23.25;1
468236;31.54;1
468237;39.85;1
468238;56.45;1
468240;33.86;1
468241;41.84;1
468242;41.84;1
468243;142.03;100
468244;3.15;1
468245;3.34;1
468246;3.34;1
468247;3.42;1
468257;3.02;1
468263;27.05;100
468266;20.17;100
468269;18.25;100
468271;17.46;100
468280;229.62;1
468282;8.77;1
468283;8.77;1
468292;1.89;1
468293;30.79;1
468294;6.75;1
468304;4.79;1
468305;4.76;1
468306;4.76;1
468312;4.90;1
468313;4.90;1
468314;4.76;1
468315;4.76;1
468321;2.39;1
468322;2.70;1
468323;5.62;1
468324;2.90;1
468327;4.92;1
468328;5.93;1
468329;4.48;1
468330;4.92;1
468331;4.92;1
468332;5.21;1
468333;5.21;1
468334;6.69;1
468335;6.69;1
468336;121.15;100
468344;4.48;1
468347;2.75;1
468348;2.33;1
468367;4.53;1
468368;2.79;1
468372;137.26;100
468382;6.91;1
468383;8.97;1
468384;9.64;1
468385;10.14;1
468388;1.84;1
468389;1.95;1
468390;2.19;1
468392;7.93;1
468393;76.94;100
468394;76.94;100
468395;79.52;100
468396;76.94;100
468397;76.94;100
468398;82.03;100
468399;74.53;100
468400;74.53;100
468404;35.35;1
468408;13.86;1
468409;15.71;1
468410;30.65;1
468411;15.71;1
468412;3.97;1
468413;4.48;1
468423;5.52;1
468431;5.71;1
468432;4.13;1
468438;99.89;1
468455;307.10;1
468460;117.46;100
468462;12.24;1
468464;365.25;1
468468;3.91;1
468469;4.74;1
468471;12.26;1
468478;80.25;1
468479;81.83;1
468480;80.41;100
468487;147.33;1
468490;164.13;1
468492;133.67;1
468493;151.77;1
468513;21.87;1
468514;3.41;1
468526;48.64;1
468527;1.89;1
468528;10.00;1
468529;10.00;1
468532;3.91;1
468542;110.38;100
468543;110.38;100
468544;3.31;1
468545;4.26;1
468546;5.08;1
468552;11.73;100
468555;96.80;100
468562;7.53;1
468563;37.46;1
468564;37.46;1
468568;63.23;1
468569;89.57;1
468570;130.00;1
468571;156.54;1
468572;80.32;1
468573;113.79;1
468574;165.23;1
468575;198.95;1
468576;68.08;1
468577;96.43;1
468578;172.37;1
468579;207.53;1
468580;90.57;1
468581;128.31;1
468582;186.42;1
468583;224.47;1
468594;5.89;1
468604;4.80;1
468605;4.23;1
468618;4.24;1
468644;0.87;1
468646;149.02;1
468647;0.87;1
468668;24.78;1
468669;24.83;1
468670;24.36;1
468671;24.83;1
468673;26.17;1
468675;24.83;1
468677;26.96;1
468678;24.62;1
468679;24.36;1
468682;25.05;1
468686;9.85;1
468687;9.85;1
468688;9.71;1
468689;9.71;1
468692;9.71;1
468693;9.71;1
468694;11.23;1
468697;9.72;1
468698;9.72;1
468699;9.71;1
468700;9.71;1
468701;9.71;1
468702;9.71;1
468705;1.88;1
468706;2.43;1
468707;1.84;1
468709;1.93;1
468710;1.88;1
468711;1.98;1
468713;6.00;1
468714;5.83;1
468716;5.83;1
468717;5.90;1
468718;5.99;1
468721;39.28;1
468722;43.13;1
468724;5.55;1
468735;6.38;1
468738;20.81;1
468740;5.89;1
468752;28.79;100
468754;17.46;100
468763;27.25;1
468764;3.17;1
468765;14.68;1
468766;19.07;1
468773;129.16;100
468775;6.11;1
468776;6.11;1
468777;155.59;100
468778;162.46;100
468779;1.78;1
468780;2.22;1
468781;160.80;100
468782;171.94;1
468790;136.22;100
468791;153.11;100
468792;131.47;100
468795;8.26;1
468796;2.21;1
468797;2.80;1
468798;3.90;1
468799;4.14;1
468801;3.15;1
468802;3.32;1
468803;4.07;1
468804;4.13;1
468805;3.79;1
468806;3.57;1
468807;5.24;1
468808;5.27;1
468809;2.39;1
468810;2.86;1
468811;3.75;1
468812;2.82;1
468813;3.04;1
468814;4.36;1
468815;1.78;1
468821;11.14;1
468822;4.24;1
468832;34.31;1
468833;49.77;1
468834;65.23;1
468835;24.46;1
468839;19.55;100
468840;31.78;100
468847;35.58;1
468848;36.46;1
468849;36.46;1
468850;36.46;1
468851;36.46;1
468852;37.93;1
468853;19.82;1
468864;5.65;1
468866;154.07;1
468867;37.28;1
468868;19.27;1
468869;19.27;1
468880;4.54;1
468881;5.55;1
468882;3.40;1
468883;195.21;1
468884;24.34;1
468890;5.65;1
468893;3.76;1
468894;6.43;100
468895;5.45;1
468896;6.20;1
468905;36.97;1
468906;46.70;1
468907;66.17;1
468908;20.98;1
468909;30.44;1
468910;39.90;1
468911;27.26;1
468912;39.54;1
468913;51.82;1
468927;3.66;1
468938;153.60;1
468946;5.37;1
468947;6.81;1
468948;8.99;1
468949;5.87;1
468950;9.36;1
468951;25.24;100
468958;1.98;1
468964;93.84;1
468965;93.84;1
469003;4.13;1
469006;5.32;1
469007;9.14;1
469022;1.27;1
469024;2.78;1
469025;2.99;1
469026;2.01;1
469027;12.11;1
469028;12.35;1
469030;10.17;1
469031;21.08;1
469039;96.11;1
469040;76.00;1
469043;69.95;100
469051;7.90;1
469067;98.79;100
469068;1.79;1
469069;1.79;1
469078;10.02;1
469079;17.65;1
469080;25.28;1
469085;6.07;1
469086;8.51;1
469091;8.66;100
469092;148.89;1
469093;10.05;1
469095;21.87;1
469122;102.12;100
469127;367.18;1
469131;48.43;1
469132;48.43;1
469133;48.43;1
469134;48.43;1
469135;48.43;1
469136;48.43;1
469137;46.42;1
469138;46.42;1
469139;46.42;1
469140;46.42;1
469141;46.42;1
469142;46.42;1
469143;55.28;1
469144;55.28;1
469145;55.28;1
469146;55.28;1
469147;55.28;1
469148;55.28;1
469149;21.91;1
469150;21.91;1
469151;21.91;1
469152;21.91;1
469153;21.91;1
469154;21.91;1
469155;20.90;1
469156;20.90;1
469157;20.90;1
469158;20.90;1
469159;20.90;1
469160;20.90;1
469161;24.89;1
469162;24.89;1
469163;24.89;1
469164;24.89;1
469165;24.89;1
469166;24.89;1
469167;8.31;1
469174;9.71;1
469179;2.31;1
469208;10.60;1
469213;21.10;1
469214;4.30;1
469219;7.97;1
469220;2.87;1
469221;4.97;1
469226;6.27;1
469227;6.27;1
469228;7.54;1
469229;7.30;1
469235;17.04;1
469236;15.63;1
469243;176.34;1
469244;179.89;1
469255;16.23;100
469256;16.23;100
469257;16.23;100
469259;13.34;1
469260;5.89;1
469262;22.06;1
469263;24.36;1
469265;9.71;1
469266;9.71;1
469273;410.83;1
469274;176.18;1
469284;15.22;1
469285;42.78;1
469286;88.72;1
469287;21.43;1
469288;60.22;1
469289;90.46;1
469293;7.57;1
469294;6.54;1
469295;2.99;1
469296;2.01;1
469298;1.16;1
469301;167.87;1
469307;20.99;1
469308;20.99;1
469309;20.99;1
469310;20.99;1
469311;20.99;1
469312;20.99;1
469313;18.64;1
469314;18.64;1
469315;18.64;1
469316;18.64;1
469317;18.64;1
469318;18.64;1
469319;27.51;1
469320;27.51;1
469321;27.51;1
469322;27.51;1
469323;27.51;1
469324;27.51;1
469337;22.05;1
469338;11.53;1
469354;4.04;1
469355;3.88;1
469357;1.54;1
469358;10.22;1
469368;134.79;1
469369;171.94;1
469373;47.11;1
469400;41.70;1
469402;2.65;1
469403;76.92;100
469404;33.31;1
469411;3.19;1
469412;3.19;1
469413;3.19;1
469431;18.34;1
469436;149.05;1
469444;4.71;1
469445;91.92;100
469459;9.72;100
469460;48.69;1
469461;4.67;1
469463;4.67;1
469464;5.55;1
469466;7.85;1
469468;7.85;1
469469;4.74;1
469470;5.22;1
469472;5.22;1
469473;259.79;1
469474;259.79;1
469475;146.56;1
469476;146.56;1
469477;146.56;1
469478;29.46;1
469479;2.83;1
469485;6.75;1
469499;2.42;1
469512;203.65;1
469518;18.17;1
469523;36.13;1
469525;36.88;1
469527;39.77;1
469528;43.45;1
469529;53.52;1
469530;77.75;1
469532;124.42;1
469533;113.02;1
469538;6.01;1
469539;6.78;1
469540;8.56;1
469543;16.70;1
469544;16.70;1
469547;7.63;1
469553;3.53;1
469554;176.34;1
469555;179.88;1
469556;3.77;1
469561;37.44;1
469562;104.49;100
469564;46.92;1
469567;85.28;100
469568;812.70;1
469570;12.00;1
469571;21.14;1
469572;30.27;1
469573;9.46;1
469574;13.45;1
469576;5.83;1
469584;7.16;1
469586;3.56;1
469587;6.66;1
469594;176.34;1
469595;179.89;1
469596;165.00;1
469602;4.63;1
469603;4.63;1
469604;179.28;1
469605;8.16;1
469606;8.16;1
469613;79.95;1
469618;136.52;1
469620;5.57;1
469621;1.03;1
469622;1.03;1
469623;1.13;1
469624;1.13;1
469625;2.29;1
469626;2.29;1
469627;5.32;1
469628;5.32;1
469636;196.29;1
469638;7.60;1
469640;4.90;1
469648;21.87;1
469649;11.98;1
469650;11.98;1
469651;78.39;1
469653;195.96;1
469661;6.26;1
469663;40.64;1
469665;1.48;1
469667;11.98;1
469668;11.98;1
469669;8.19;1
469670;1.56;1
469671;1.70;1
469672;2.24;1
469673;4.31;1
469683;21.97;1
469684;82.67;1
469685;112.73;100
469694;26.15;100
469698;22.54;1
469703;7.52;1
469711;35.88;1
469715;93.29;100
469716;93.29;100
469717;93.29;100
469719;196.91;1
469730;116.72;100
469736;32.01;1
469737;54.88;1
469744;121.34;100
469749;161.45;1
469750;161.45;1
469751;205.18;1
469752;182.46;1
469799;180.88;1
469801;3.36;1
469808;196.20;1
469814;5.15;1
469821;163.84;1
469822;134.16;1
469823;7.75;1
469828;155.21;100
469830;97.08;100
469832;73.21;100
469833;67.60;100
469839;175.00;1
469840;205.22;1
469841;190.38;1
469843;16.58;1
469844;17.95;1
469845;17.95;1
469855;16.23;100
469858;6.40;1
469859;7.50;1
469860;53.07;1
469861;17.80;1
469866;65.56;100
469886;96.80;100
469887;5.87;1
469889;31.26;1
469891;4.99;1
469899;107.34;1
469910;181.71;1
469911;190.40;1
469912;190.40;1
469913;199.25;1
469936;26.50;1
469943;16.23;100
469944;16.23;100
469946;5.54;1
469947;5.82;1
469948;8.09;1
469954;189.52;1
469955;209.88;1
469956;209.88;1
469973;1.60;1
469974;1.84;1
469976;26.44;1
469979;1.73;1
469980;91.25;100
469988;154.55;1
469996;192.04;1
469998;206.91;1
473003;17.70;1
473004;196.20;1
473007;197.21;1
473008;215.65;1
473010;4.45;1
473011;5.31;1
473012;7.73;1
473013;15.13;1
473014;1.52;1
473015;65.55;100
473016;21.64;1
473017;24.93;1
473018;32.23;1
473019;4.18;1
473029;23.61;1
473030;164.06;1
473031;161.36;1
473032;1.73;1
473033;2.92;1
473034;4.39;1
473035;1.74;1
473036;128.64;100
473037;11.80;100
473038;10.78;100
473039;11.35;100
473040;11.84;100
473041;12.45;100
473042;13.01;100
473049;7.79;1
473055;183.96;1
473056;7.77;1
473086;102.83;100
473087;4.96;1
473088;4.96;1
473090;171.47;1
473097;105.34;100
473098;183.96;1
473099;6.41;1
473100;183.96;1
473101;4.02;1
473102;196.86;1
473104;45.38;1
473107;2.27;1
473108;4.05;1
473109;4.75;1
473110;8.51;1
473113;142.05;1
473122;201.69;1
473125;3.52;1
473128;14.27;1
473129;6.42;1
473130;6.42;1
473131;12.22;1
473132;12.31;1
473135;183.96;1
473136;56.79;1
473159;1.65;1
473161;1.63;1
473162;1.88;1
473163;2.35;1
473164;8.56;1
473165;16.24;1
473176;3.52;1
473177;3.68;1
473179;196.20;1
473186;3.55;1
473193;3.45;1
473195;3.55;1
473202;3.04;1
473204;2.84;1
473206;2.95;1
473214;3.00;1
473215;3.68;1
473217;2.46;1
473219;2.91;1
473221;1.51;1
473222;1.88;1
473223;2.16;1
473225;2.87;1
473282;6.10;1
473283;95.34;1
473297;41.70;1
473303;22.02;1
473304;11.18;1
473305;11.18;1
473307;222.11;1
473321;5.17;1
473322;5.17;1
473323;25.53;1
473324;2.27;1
473325;9.51;1
473326;9.51;1
473327;189.52;1
473337;5.55;1
473340;16.96;1
473342;58.23;1
473349;117.46;100
473350;12.82;1
473351;12.05;1
473352;8.77;1
473353;6.57;1
473355;2.68;1
473356;122.99;1
473357;10.44;100
473362;2.44;1
473365;198.37;1
473375;169.68;1
473382;3.42;1
473384;183.96;1
473385;189.52;1
473387;138.30;100
473389;81.97;1
473390;15.17;1
473391;29.39;1
473392;28.92;1
473393;131.47;100
473394;136.22;100
473395;153.11;100
473396;59.83;100
473430;168.62;1
473440;41.41;1
473441;41.41;1
473444;114.53;100
473445;3.44;1
473446;196.20;1
473451;73.52;100
473452;73.52;100
473454;183.96;1
473455;2.34;1
473456;189.52;1
473457;195.12;1
473458;183.96;1
473459;183.96;1
473460;201.83;1
473461;6.17;1
473462;7.75;1
473463;190.47;1
473468;6.55;1
473469;24.83;1
473470;1.84;1
473471;9.71;1
473472;9.71;1
473473;8.82;1
473474;11.93;1
473475;11.93;1
473476;11.93;1
473477;11.93;1
473480;7.49;1
473481;8.18;1
473482;8.85;1
473483;9.53;1
473491;6.46;1
473492;10.61;1
473493;11.92;100
473494;6.97;1
473495;6.99;1
473496;1.94;1
473497;1.83;1
473498;5.91;1
473499;7.30;1
473500;9.24;1
473502;29.26;1
473514;18.25;1
473518;36.83;100
473528;11.06;1
473531;22.54;1
473532;18.60;1
473533;27.60;1
473534;5.37;1
473535;5.61;1
473539;14.97;1
473544;15.42;1
473551;1.65;1
473552;3.40;1
473553;5.34;1
473564;21.54;1
473565;25.20;1
473566;25.06;1
473576;183.96;1
473577;189.52;1
473578;18.73;1
473579;31.26;1
473599;4.97;1
473602;185.62;1
473620;122.27;1
473621;122.27;1
473624;193.68;1
473625;22.87;1
473626;201.83;1
473631;199.85;1
473632;189.52;1
473644;189.52;1
473645;20.30;1
473646;20.30;1
473647;22.68;1
473648;22.68;1
473649;3.89;1
473650;3.89;1
473651;58.25;1
473652;33.21;1
473653;38.56;1
473654;42.73;1
473655;48.08;1
473656;82.17;1
473657;91.90;1
473658;101.61;1
473659;111.34;1
473660;121.05;1
473661;82.17;1
473662;91.90;1
473663;101.61;1
473664;111.34;1
473665;121.05;1
473670;106.50;100
473676;2.88;1
473680;177.63;1
473681;192.04;1
473682;16.98;1
473683;16.98;1
473689;33.79;1
473692;8.16;1
473694;176.34;1
473697;5.74;1
473698;5.47;1
473699;5.74;1
473700;5.74;1
473701;196.20;1
473702;21.23;1
473708;189.41;1
473713;12.51;1
473714;12.51;1
473718;185.62;1
473720;14.54;100
473722;179.89;1
473723;199.85;1
473724;23.93;1
473725;206.88;1
473726;192.66;1
473727;103.49;1
473728;25.02;1
473729;2.22;1
473730;9.71;1
473731;9.71;1
473732;5.45;1
473733;5.45;1
473742;132.97;100
473754;7.90;1
473768;183.96;1
473780;8.88;1
473783;183.96;1
473784;24.47;1
473785;62.00;1
473786;172.45;1
473787;166.78;1
473788;201.83;1
473789;7.75;1
473792;28.52;1
473795;176.34;1
473805;4.49;1
473806;3.94;1
473807;3.54;1
473811;6.20;1
473812;90.60;100
473813;114.24;100
473814;62.40;100
473815;6.50;1
473817;16.68;1
473824;201.83;1
473825;8.16;1
473827;7.88;1
473828;7.79;1
473842;171.87;1
473843;175.45;1
473855;26.25;1
473857;12.80;1
473860;2.05;1
473872;30.95;1
473873;5.55;1
473879;201.83;1
473881;154.37;1
473882;6.03;1
473883;203.06;1
473884;186.65;1
473885;201.83;1
473886;209.17;1
473887;3.85;1
473888;4.31;1
473889;5.26;1
473891;91.01;100
473893;91.01;100
473895;183.96;1
473896;8.16;1
473897;111.33;1
473900;141.81;1
473902;47.75;1
473903;57.44;1
473904;49.38;1
473912;4.89;1
473913;179.89;1
473914;183.96;1
473918;1.02;1
473921;9.41;1
473960;9.59;1
473966;9.88;1
473970;9.59;1
473971;9.86;1
473982;24.13;1
473995;175.00;1
475001;2.83;1
475002;78.21;1
475010;9.48;1
475012;24.36;1
475013;1.98;1
475014;5.71;1
475016;10.00;1
475032;200.44;1
475037;11.60;1
475038;14.33;1
475040;14.78;1
475042;14.33;1
475043;4.08;1
475044;5.97;1
475045;27.88;1
475051;66.36;1
475052;79.25;1
475053;113.00;1
475055;17.71;1
475056;22.15;1
475057;18.62;1
475058;23.08;1
475059;25.04;1
475064;48.44;1
475067;4.13;1
475073;72.37;100
475077;74.78;100
475095;2.21;1
475096;9.71;1
475104;15.60;1
475105;15.18;1
475108;81.97;1
475109;81.97;1
475118;30.65;1
475137;9.71;1
475140;10.00;1
475141;11.23;1
475168;100.19;100
475180;103.04;100
475190;1.89;1
475191;1.89;1
475193;1.78;1
475194;1.78;1
475199;73.64;1
475203;7.48;1
475204;7.69;1
475208;95.66;100
475209;95.66;100
475210;95.66;100
475212;5.28;1
475213;5.74;1
475214;5.69;1
475215;2.75;1
475220;110.38;100
475221;110.38;100
475222;110.38;100
475223;110.38;100
475228;64.64;100
476002;6.27;1
476005;6.58;1
476006;6.58;1
476009;6.27;1
476013;22.27;1
476014;1.29;1
476015;0.95;1
476017;3.02;1
476019;191.52;1
476020;8.63;1
476021;2.90;1
476022;1.27;1
476023;1.16;1
476040;3.00;1
476042;2.84;1
476043;8.22;1
476069;196.91;1
476070;183.96;1
476071;189.52;1
476077;19.24;100
476080;210.05;1
476081;180.31;1
476082;5.53;1
476084;21.12;1
476085;9.91;1
476086;36.20;1
476087;51.29;1
476088;15.63;1
476089;21.39;1
476093;183.96;1
476094;28.85;1
476096;29.02;1
476099;2.52;1
476108;197.63;1
476110;209.17;1
476112;9.30;1
476113;1.42;1
476114;115.85;100
476118;38.69;100
476121;207.36;1
476134;3.70;1
476135;5.00;1
476136;5.62;1
476137;4.18;1
476140;4.20;1
476148;6.10;1
476163;48.69;1
476166;68.74;1
476169;183.96;1
476171;130.48;100
476185;189.52;1
476190;186.66;1
476192;182.71;1
476196;191.97;1
476197;16.68;1
476198;40.98;1
476199;44.15;1
476200;44.73;1
476201;45.84;1
476202;46.91;1
476212;13.82;1
476213;14.18;1
476216;14.36;1
476217;184.46;100
476218;14.95;1
476219;15.41;1
476220;16.22;1
476221;16.59;1
476242;16.96;1
476245;16.08;1
476248;3.40;1
476249;4.83;1
476250;7.73;1
476251;7.73;1
476252;14.18;1
476253;15.35;1
476254;15.54;1
476255;16.61;1
476256;17.46;1
476257;17.84;1
476265;12.68;1
476267;11.49;1
476268;12.12;1
476269;12.12;1
476270;12.83;1
476271;13.59;1
476272;13.75;1
476276;10.46;1
476277;11.03;1
476278;11.04;1
476279;11.56;1
476280;11.77;1
476281;12.50;1
476282;12.69;1
476284;228.80;1
476285;9.00;100
476286;20.45;1
476289;16.17;1
476290;16.50;1
476291;16.87;1
476292;17.37;1
476293;17.51;1
476294;18.31;1
476295;21.87;1
476297;21.87;1
476301;18.79;1
476302;19.76;1
476303;20.08;1
476304;20.08;1
476305;20.42;1
476306;21.45;1
476307;25.29;1
476308;32.09;1
476311;196.91;1
476313;27.91;1
476320;18.53;1
476334;18.27;1
476337;18.89;1
476338;19.52;1
476339;21.23;1
476341;21.87;1
476342;21.90;1
476343;21.23;1
476344;21.87;1
476349;44.12;1
476353;21.23;1
476360;22.55;1
476366;135.87;100
476367;135.87;100
476368;101.60;100
476369;101.60;100
476370;101.60;100
476376;94.60;100
476377;94.60;100
476378;94.60;100
476379;94.60;100
476380;94.60;100
476384;20.53;1
476385;19.86;1
476413;189.52;1
476431;10.44;100
476480;180.31;1
476481;210.05;1
476482;150.17;100
476483;150.17;100
476484;119.44;100
476485;119.44;100
476486;119.44;100
476487;59.58;100
476488;59.58;100
476489;59.58;100
476490;59.58;100
476491;59.58;100
476492;78.99;100
476493;78.99;100
476494;78.99;100
476495;78.99;100
476496;78.99;100
476497;81.16;100
476498;81.16;100
476499;81.16;100
476500;81.16;100
476501;81.16;100
476502;210.05;1
476503;83.74;100
476504;83.74;100
476505;83.74;100
476506;83.74;100
476507;83.74;100
476508;86.01;100
476509;86.01;100
476510;86.01;100
476511;86.01;100
476512;86.01;100
476513;367.28;1
476514;426.15;1
476515;426.15;1
476540;10.68;100
476541;11.23;100
476542;11.79;100
476543;12.46;100
476544;13.14;100
476545;34.76;1
476546;178.10;1
476547;34.76;1
476550;34.76;1
476551;45.76;1
476552;45.76;1
476555;45.76;1
476556;29.24;1
476557;29.24;1
476560;29.24;1
476566;104.83;100
476567;104.83;100
476568;104.83;100
476569;104.83;100
476570;104.83;100
476571;116.29;100
476572;116.29;100
476573;116.29;100
476574;116.29;100
476575;116.29;100
476576;126.94;100
476577;126.94;100
476578;126.94;100
476579;126.94;100
476580;126.94;100
476581;84.61;100
476582;84.61;100
476583;84.61;100
476584;84.61;100
476585;84.61;100
476586;82.60;100
476587;82.60;100
476588;82.60;100
476589;82.60;100
476590;82.60;100
476592;189.52;1
476614;21.82;100
476617;24.29;100
476618;16.64;100
476621;2.56;1
476622;23.09;1
476624;144.39;1
476625;111.33;1
476632;192.66;1
476633;199.85;1
476634;89.44;100
476635;89.44;100
476636;89.44;100
476637;89.44;100
476638;89.44;100
476641;219.84;1
476643;209.17;1
476644;191.97;1
476645;92.56;100
476646;203.65;1
476647;14.87;1
476650;3.46;1
476651;3.63;1
476652;5.13;1
476653;6.47;1
476654;11.45;1
476655;3.31;1
476656;3.46;1
476657;4.80;1
476658;5.95;1
476659;10.50;1
476660;9.92;1
476669;3.65;1
476670;3.65;1
476671;3.65;1
476672;3.65;1
476673;3.65;1
476674;3.65;1
476675;3.65;1
476677;3.65;1
476678;3.65;1
476679;3.65;1
476680;3.65;1
476681;3.65;1
476682;3.65;1
476683;3.65;1
476685;21.04;1
476687;25.32;1
476690;127.72;100
476691;114.34;100
476692;127.72;100
476693;114.34;100
476694;114.34;100
476695;117.31;100
476696;117.31;100
476697;117.31;100
476698;117.31;100
476699;117.31;100
476703;175.00;1
476705;41.70;1
476706;41.70;1
476707;101.08;100
476709;19.26;1
476710;11.96;100
476713;79.55;100
476714;79.55;100
476715;79.55;100
476716;79.55;100
476717;79.55;100
476720;33.69;1
476722;141.81;1
476725;3.11;1
476726;3.11;1
476727;3.11;1
476728;3.11;1
476729;3.11;1
476730;3.65;1
476731;3.15;1
476732;3.15;1
476733;3.15;1
476734;3.15;1
476735;3.15;1
476736;3.65;1
476737;4.05;1
476738;4.05;1
476739;4.05;1
476740;4.05;1
476741;4.05;1
476742;3.65;1
476743;4.06;1
476744;4.06;1
476745;4.06;1
476746;4.06;1
476747;4.06;1
476748;3.65;1
476749;196.20;1
476750;7.33;1
476751;196.91;1
476752;53.35;1
476753;44.12;1
476754;73.00;100
476755;98.62;100
476776;56.63;1
476777;56.63;1
476778;50.75;1
476779;183.96;1
476781;2.89;1
476782;19521.12;1
476783;30.78;1
476787;117.48;100
476788;3.34;1
476797;4.13;1
476800;1.86;1
476805;35.91;1
476806;7.75;1
476807;7.75;1
476808;7.75;1
476809;39.46;1
476810;57.39;1
476811;73.24;1
476812;47.85;1
476813;59.78;1
476814;83.65;1
476815;7.05;1
476816;7.05;1
476852;3.32;1
476853;9.62;100
476854;203.58;1
476855;6.94;1
476856;8.28;1
476857;9.59;1
476858;10.88;1
476866;12.58;1
476879;167.26;100
476880;167.26;100
476881;167.26;100
476882;167.26;100
476883;167.26;100
476884;3.65;1
476885;1.96;1
476886;1.96;1
476887;1.96;1
476888;1.96;1
476889;1.96;1
476890;3.65;1
476891;120.78;100
476892;120.78;100
476893;120.78;100
476894;120.78;100
476895;120.78;100
476896;3.65;1
476900;113.31;100
476901;113.31;100
476902;113.31;100
476903;113.31;100
476904;113.31;100
476905;3.65;1
476906;111.34;100
476907;111.34;100
476908;111.34;100
476909;111.34;100
476910;111.34;100
476911;3.65;1
476912;113.75;100
476913;113.75;100
476914;113.75;100
476915;113.75;100
476916;113.75;100
476917;3.65;1
476918;203.93;1
476919;224.46;1
476920;99.89;1
476921;2.28;1
476943;196.91;1
476945;83.28;1
476947;189.52;1
476950;22.57;1
476951;195.76;1
476952;201.83;1
476953;6.12;1
476965;123.48;1
476968;167.78;1
476969;176.34;1
476970;182.89;1
476972;163.96;100
476973;163.96;100
476974;163.96;100
476975;163.96;100
476976;163.96;100
476977;3.65;1
476980;5.15;1
476981;8.16;1
476983;67.87;100
476984;67.87;100
476985;67.87;100
476986;67.87;100
476987;67.87;100
476988;67.87;100
476989;67.87;100
476990;67.87;100
476991;67.87;100
476992;67.87;100
476993;71.81;100
476994;71.81;100
476995;71.81;100
476996;71.81;100
476997;71.81;100
476998;100.06;100
476999;100.06;100
477000;100.06;100
477001;100.06;100
477002;100.06;100
477003;100.06;100
477004;100.06;100
477005;100.06;100
477006;100.06;100
477007;100.06;100
477008;41.70;1
477010;14.18;1
477011;14.18;1
477012;13.92;1
477013;7.67;1
477035;8.09;1
477036;10.13;1
477039;7.04;1
477040;12.36;1
477042;1.73;1
477043;171.94;1
477047;179.28;1
477049;153.33;100
477050;110.72;100
477051;110.72;100
477052;110.72;100
477053;110.72;100
477054;110.72;100
477055;3.65;1
477056;100.75;100
477057;100.75;100
477058;100.75;100
477059;100.75;100
477060;100.75;100
477061;3.65;1
477065;149.02;1
477067;179.86;1
477068;185.17;1
477070;206.39;1
477071;226.31;1
477072;20.04;1
477078;119.87;1
477080;154.01;1
477081;148.54;1
477082;161.36;1
477083;149.02;1
477084;166.86;1
477088;123.48;1
477091;16.47;1
477097;126.41;100
477103;29.24;1
477104;45.76;1
477105;34.76;1
477106;31.32;1
477107;201.19;1
477109;184.46;100
477118;11.13;1
477119;18.36;1
477124;70.07;100
477125;70.07;100
477127;33.71;1
477129;7.11;1
477137;8.91;1
477138;78.28;1
477144;152.69;1
477145;222.11;1
477146;9.59;1
477147;3.65;1
477148;3.65;1
477158;46.63;1
477159;660.82;1
477160;2.89;1
477161;691.21;1
477162;1168.47;1
477163;1287.02;1
477166;2.89;1
477167;116.43;1
477168;167.87;1
477169;167.87;1
477170;167.87;1
477171;15.61;1
477172;15.61;1
477173;15.61;1
477174;46.43;1
477175;75.91;1
477176;5.48;1
477179;154.01;1
477194;60.73;1
477195;8.16;1
477198;2.89;1
477201;172.45;1
477220;16.39;1
477221;17.34;1
477222;100.60;100
477227;1.71;1
477233;139.52;100
477243;85.96;1
477244;88.15;1
477256;41.05;1
477260;6.10;1
477263;116.72;100
477274;3.38;1
477275;3.38;1
477276;3.38;1
477277;3.38;1
477278;3.11;1
477279;3.65;1
477280;3.57;1
477281;3.90;1
477282;3.90;1
477283;3.57;1
477284;3.41;1
477285;3.65;1
477286;4.38;1
477287;4.38;1
477288;4.38;1
477289;4.38;1
477290;4.38;1
477291;3.65;1
477297;3.65;1
477298;34.16;1
477306;3.65;1
477312;18.20;1
477315;18.20;1
477357;54.59;1
477358;54.59;1
477359;54.59;1
477360;54.59;1
477361;54.59;1
477362;54.59;1
477363;54.59;1
477364;54.59;1
477373;102.46;1
477376;12.73;1
477390;87.74;100
477391;87.74;100
477392;87.74;100
477393;87.74;100
477394;87.74;100
477395;3.65;1
477396;96.05;100
477397;100.75;100
477398;100.75;100
477399;114.34;100
477400;114.34;100
477401;3.65;1
477402;107.55;100
477403;107.55;100
477404;93.50;100
477405;107.55;100
477406;93.50;100
477407;3.65;1
477408;98.94;100
477409;98.94;100
477410;98.94;100
477411;98.94;100
477412;98.94;100
477413;3.65;1
477414;101.44;100
477415;101.44;100
477416;3.65;1
477418;14.29;100
477419;22.50;100
477423;22.78;1
477427;37.97;1
477428;37.97;1
477463;56.28;1
477468;1.71;1
477469;1.71;1
477470;1.71;1
477480;41.66;1
477481;47.17;1
477482;54.07;1
477483;66.32;1
477484;73.97;1
477485;41.66;1
477486;47.17;1
477487;54.07;1
477488;66.32;1
477489;73.97;1
477494;196.91;1
477499;48.70;1
477500;48.70;1
477501;48.70;1
477503;12.72;1
477504;657.38;1
477505;657.38;1
477506;82.93;1
477507;82.93;1
477508;83.88;1
477509;83.88;1
477510;83.88;1
477511;83.88;1
477512;83.88;1
477513;83.88;1
477514;108.21;1
477515;163.52;1
477516;153.76;1
477517;233.10;1
477518;153.76;1
477519;233.10;1
477520;153.76;1
477521;233.10;1
477522;65.13;1
477523;65.13;1
477524;65.13;1
477525;65.13;1
477526;65.13;1
477528;3.74;1
477533;12.35;1
477536;34.87;1
477538;197.63;1
477542;7.20;1
477543;7.20;1
477544;7.20;1
477545;30.34;1
477551;96.01;100
477555;25.53;1
477556;2.21;1
477557;9.24;1
477558;9.24;1
477572;171.93;1
477584;5.46;1
477585;2.33;1
477588;8.03;1
477590;209.17;1
477592;98.71;100
477593;98.71;100
477594;54.65;1
477595;59.42;1
477596;133.00;1
477597;196.20;1
477602;246.99;1
477605;65.52;1
477606;2.30;1
477607;2.24;1
477616;183.96;1
477617;189.52;1
477620;716.53;1
477631;189.41;1
477658;51.06;1
477661;5.02;1
477684;40.01;1
477685;58.87;1
477697;111.19;1
477698;79.42;1
477699;18.48;1
477705;77.32;100
477706;2.06;1
477707;189.52;1
477708;197.99;1
477712;189.52;1
477713;196.91;1
477714;217.47;1
477719;8.79;1
477720;8.35;1
477723;8.16;1
477724;8.16;1
477728;7.90;1
477729;196.91;1
477741;3.79;1
477750;123.52;1
477752;9.59;1
477754;183.23;1
477762;189.52;1
477765;47.74;1
477767;19.00;1
477779;6.47;1
477780;11.42;1
477784;25.19;1
477785;48.48;1
477786;15.24;1
477787;6.98;1
477788;25.19;1
477789;25.19;1
477790;8.07;1
477791;13.53;1
477792;25.19;1
477793;52.70;1
477794;25.19;1
477795;25.19;1
477796;25.19;1
477797;25.19;1
477798;26.14;1
477799;25.21;1
477800;25.19;1
477801;25.19;1
477802;25.21;1
477803;25.19;1
477805;25.19;1
477806;25.19;1
477807;24.97;1
477808;25.19;1
477809;25.19;1
477810;26.20;1
477811;64.42;1
477812;114.67;1
477813;127.57;1
477814;127.97;1
477821;116.17;100
477822;171.93;1
477823;149.05;1
477827;3.68;1
477828;165.39;1
477835;11.19;1
477840;6.42;1
477841;6.42;1
477842;7.34;1
477843;7.34;1
477844;7.34;1
477845;7.34;1
477846;186.55;1
477853;2.33;1
477854;99.66;100
477855;1.79;1
477856;153.22;100
477857;120.91;100
477858;91.78;100
477861;124.66;100
477862;145.31;100
477866;164.62;100
477867;164.62;100
477868;164.62;100
477869;164.62;100
477871;3.65;1
477883;63.46;1
477884;63.46;1
477885;162.35;100
477886;138.55;100
477887;138.55;100
477888;3.65;1
477889;115.36;100
477890;101.63;100
477891;101.63;100
477892;3.65;1
477894;34.61;1
477895;84.07;1
477896;140.91;1
477897;126.41;100
477901;113.93;1
477902;117.53;1
477914;21.78;1
477920;192.21;1
477936;4.01;1
477943;3.21;1
477944;3.23;1
477945;3.86;1
477946;5.36;1
477948;3.65;1
477949;3.65;1
477950;4.18;1
477955;77.79;100
477956;77.79;100
477957;90.95;100
477958;90.95;100
477959;90.95;100
477960;3.65;1
477961;73.21;100
477962;133.90;100
477963;3.65;1
477964;133.90;100
477965;3.23;1
477966;3.86;1
477967;5.36;1
477968;3.23;1
477969;3.86;1
477970;5.36;1
477971;3.51;1
477972;3.86;1
477973;4.46;1
477974;5.88;1
477975;10.39;1
477976;12.70;1
477977;15.54;1
477978;7.58;1
477979;8.13;1
477980;8.66;1
477981;8.13;1
477982;8.66;1
477983;8.13;1
477984;8.66;1
477985;13.42;1
477986;18.42;1
477987;21.23;1
477988;18.42;1
477989;18.07;1
477990;133.90;100
477991;133.90;100
477992;133.90;100
478029;134.31;100
478030;1.73;1
478031;1.73;1
478032;1.73;1
478033;1.73;1
478034;3.65;1
478035;1.99;1
478036;1.99;1
478037;1.99;1
478038;3.65;1
478045;193.10;1
478046;198.68;1
478047;89.44;100
478048;120.78;100
478049;113.75;100
478050;55.39;1
478052;8.16;1
478059;164.48;1
478060;164.48;1
478061;336.04;1
478063;65.80;1
478064;26.27;1
478065;1010.29;1
478080;5.32;1
478081;5.92;1
478082;5.92;1
478086;193.79;1
478087;189.59;1
478093;218.91;1
478102;124.31;100
478103;3.65;1
478104;90.62;1
478105;128.25;1
478106;118.24;1
478107;136.23;1
478108;21.87;1
478109;12.61;1
478110;12.61;1
478111;51.40;1
478112;49.03;1
478114;4.12;1
478119;4.87;1
478120;113.37;100
478121;108.34;100
478131;179.93;1
478132;8.16;1
478133;125.84;100
478134;125.84;100
478135;2.51;1
478136;2.51;1
478137;2.51;1
478138;114.68;100
478139;114.68;100
478140;114.68;100
478141;2.03;1
478142;2.03;1
478143;2.03;1
478144;149.02;1
478146;203.58;1
478152;27.27;1
478153;141.34;100
478154;3.65;1
478155;2.22;1
478156;149.02;1
478161;195.19;1
478162;2.17;1
478163;2.57;1
478170;196.20;1
478175;4.13;1
478181;50.43;1
478184;3.46;1
478185;3.60;1
478186;3.74;1
478187;105.19;100
478188;3.65;1
478192;4.44;1
478196;47.74;1
478197;99.42;100
478198;99.42;100
478199;99.42;100
478200;99.42;100
478201;3.65;1
478202;145.36;100
478203;145.36;100
478204;145.36;100
478205;145.36;100
478206;3.65;1
478213;124.19;1
478215;9.88;1
478218;2.71;1
478222;27.84;1
478230;161.39;1
478232;8.12;1
478236;91.35;1
478237;91.35;1
478238;38.20;1
478239;38.20;1
478240;24.76;1
478241;106.74;100
478242;29.61;1
478243;29.61;1
478244;29.61;1
478245;29.61;1
478246;29.61;1
478247;29.61;1
478248;29.61;1
478249;29.61;1
478250;29.61;1
478251;29.61;1
478254;125.84;100
478266;102.50;1
478271;9.85;1
478279;5.53;1
478281;195.19;1
478291;84.13;100
478325;114.74;100
478326;127.64;100
478327;127.64;100
478328;127.64;100
478329;3.65;1
478330;50.69;1
478331;19.57;1
478332;8.12;1
478333;62.35;1
478351;195.19;1
478362;210.57;1
478367;35.35;1
478368;117.46;1
478372;29.61;1
478373;29.61;1
478374;29.61;1
478375;29.61;1
478382;110.11;100
478383;110.11;100
478384;110.11;100
478385;110.11;100
478386;110.11;100
478387;118.22;100
478388;118.22;100
478389;118.22;100
478390;118.22;100
478391;118.22;100
478392;3.65;1
478393;8.16;1
478396;127.64;100
478400;119.72;100
478401;119.72;100
478402;122.14;100
478403;3.65;1
478404;63.54;1
478405;63.77;1
478406;210.05;1
478409;229.81;1
478421;231.91;1
478429;17.51;1
478432;3.82;1
478433;3.82;1
478434;3.82;1
478435;3.82;1
478448;2.89;1
478453;102.85;1
478454;6.10;1
478455;5.15;1
478456;25.09;1
478457;1.89;1
478458;7.63;1
478459;7.63;1
478460;7.40;1
478461;7.40;1
478474;8.12;1
478475;8.12;1
478476;8.12;1
478477;181.76;1
478478;210.81;1
478479;223.17;1
478480;209.17;1
478484;4.98;1
478485;5.85;1
478486;6.49;1
478487;132.64;100
478488;132.64;100
478489;118.89;100
478490;132.64;100
478491;132.64;100
478492;3.65;1
478493;151.75;100
478494;3.65;1
478495;95.38;100
478496;3.65;1
478500;7.30;1
478501;7.30;1
478504;44.99;1
478505;153.82;100
478506;153.82;100
478507;153.82;100
478508;153.82;100
478509;3.65;1
478512;20.77;1
478514;2.90;1
478515;2.90;1
478516;3.65;1
478522;120.42;100
478526;32.09;1
478527;136.74;1
478531;8.12;1
478532;124.19;1
478533;37.07;1
478536;71.39;1
478540;19.94;1
478541;3.93;1
478542;3.93;1
478548;1.79;1
478553;81.91;100
478554;99.85;100
478555;99.77;100
478556;1.33;1
478557;2.54;1
478558;2.54;1
478559;1.94;1
478560;1.94;1
478563;97.71;100
478565;71.94;100
478567;5.61;1
478571;38.69;100
478573;160.35;100
478574;86.42;1
478581;26.50;1
478584;112.73;100
478596;121.15;100
478631;2.39;1
478632;3.83;1
478633;6.51;1
478640;122.27;1
478641;122.27;1
478642;60.98;1
478643;13.14;1
478645;16.17;1
478647;6.56;1
478648;8.57;1
478649;11.12;1
478650;6.56;1
478651;8.57;1
478652;11.12;1
478666;192.52;1
478671;13.32;1
478672;78.64;100
478673;78.64;100
478674;3.65;1
478676;0.82;1
478677;0.82;1
478679;88.07;1
478680;37.82;1
478681;40.64;1
478682;40.64;1
478683;39.23;1
478684;27.85;1
478685;30.09;1
478686;30.09;1
478687;29.11;1
478696;329.69;1
478701;4.94;1
478702;12.40;1
478703;16.97;1
478705;4.13;1
478713;4.87;1
478714;4.87;1
478716;1.99;1
478717;1.99;1
478728;11.96;1
478730;84.01;1
478736;32.75;1
478738;13.97;1
478742;189.52;1
478743;11.96;1
478747;24.83;1
478748;30.68;1
478749;83.14;100
478751;209.17;1
478752;196.20;1
478753;49.58;1
478754;66.39;1
478758;91.94;1
478759;130.24;1
478760;180.26;1
478768;10.64;1
478769;10.64;1
478772;389.02;1
478773;21.24;1
478774;189.34;1
478775;189.34;1
478777;120.06;100
478778;120.06;100
478779;120.06;100
478780;120.06;100
478781;120.06;100
478782;3.10;1
478783;3.52;1
478784;3.74;1
478785;3.10;1
478786;3.74;1
478787;3.10;1
478788;3.62;1
478789;4.97;1
478790;3.93;1
478792;4.25;1
478793;3.55;1
478794;4.48;1
478795;4.48;1
478796;6.54;1
478797;6.54;1
478798;6.88;1
478799;13.65;1
478800;6.88;1
478801;13.65;1
478802;6.88;1
478803;5.73;1
478804;6.88;1
478805;5.73;1
478806;6.28;1
478807;5.23;1
478808;6.28;1
478809;5.23;1
478810;6.88;1
478811;5.73;1
478812;6.88;1
478813;5.73;1
478814;7.44;1
478815;6.18;1
478816;7.44;1
478817;6.18;1
478819;190.43;1
478820;20.82;1
478821;51.21;1
478822;3.52;1
478823;7.44;1
478824;7.44;1
478825;3.52;1
478826;7.44;1
478827;7.44;1
478838;16.17;1
478878;119.96;100
478879;119.96;100
478880;119.96;100
478881;119.96;100
478882;3.65;1
478883;25.09;1
478884;10.48;1
478885;13.06;1
478886;10.64;1
478887;10.64;1
478889;70.07;100
478916;5.16;1
478917;5.53;1
478940;62.66;1
478950;134.90;1
478951;149.02;1
478956;1.51;1
478957;14.86;100
478961;11.40;1
478965;2.30;1
478967;8.28;1
478968;11.60;1
478973;67.87;100
478974;67.87;100
478975;67.87;100
478976;67.87;100
478977;67.87;100
478978;67.87;100
478979;67.87;100
478980;67.87;100
478981;67.87;100
478982;67.87;100
478983;67.87;100
478984;67.87;100
478989;47.76;1
478990;21.23;1
478991;37.56;1
478993;1.96;1
478995;210.08;1
478998;18.34;1
478999;3.30;1
479001;104.83;100
479002;95.38;100
479003;1.81;1
479005;7.71;1
479006;11.04;1
479007;182.74;1
479008;201.83;1
479010;198.33;1
479011;203.93;1
479012;211.28;1
479013;211.28;1
479014;8.16;1
479015;8.16;1
479040;262.87;1
479041;3.65;1
479045;2.03;1
479046;196.20;1
479047;18.34;1
479053;121.66;1
479054;9.88;1
479071;210.05;1
479076;5.53;1
479077;90.69;1
479078;25.02;1
479079;2.21;1
479080;9.71;1
479081;9.71;1
479083;5.11;1
479084;3.65;1
479085;151.77;1
479086;67.87;100
479087;67.87;100
479088;67.87;100
479089;27.47;1
479090;38.44;1
479091;5.55;1
479092;5.22;1
479093;4.92;1
479097;3.67;1
479099;141.03;1
479111;17.49;1
479116;55.51;1
479137;183.96;1
479138;23.22;1
479142;2.05;1
479148;207.43;1
479150;30.78;1
479151;36.24;1
479152;30.78;1
479153;19.00;1
479154;23.35;1
479155;19.00;1
479156;17.85;1
479157;22.14;1
479158;17.85;1
479159;16.67;1
479160;20.54;1
479161;16.67;1
479163;211.80;1
479167;222.11;1
479169;7.39;1
479170;12.41;1
479178;5.53;1
479182;2.32;1
479191;8.12;1
479193;210.05;1
479200;18.34;1
479201;18.34;1
479210;24.93;1
479211;32.23;1
479214;12.22;1
479220;100.06;100
479221;25.73;1
479224;8.12;1
479225;8.12;1
479226;8.12;1
479227;8.12;1
479228;8.12;1
479229;8.12;1
479230;8.12;1
479231;8.12;1
479235;4.04;1
479237;7.48;1
479245;178.57;1
479251;21.87;1
479252;55.94;1
479253;70.21;1
479254;17.84;1
479255;29.26;1
479260;196.94;1
479263;6.27;1
479267;82.33;1
479268;91.02;1
479269;346.91;1
479270;381.72;1
479272;2.52;1
479273;2.52;1
479274;3.65;1
479275;6.26;1
479276;9.18;1
479277;9.42;1
479279;2.06;1
479281;31.46;1
479292;4.08;1
479293;4.08;1
479294;4.08;1
479295;3.65;1
479296;196.23;1
479297;4.02;1
479298;4.02;1
479299;4.02;1
479300;3.65;1
479303;13.88;1
479304;13.88;1
479305;13.88;1
479306;13.88;1
479308;103.22;100
479309;103.22;100
479310;103.22;100
479311;3.65;1
479312;2.04;1
479315;165.45;1
479316;179.80;1
479317;176.65;1
479318;192.35;1
479319;172.22;1
479320;178.49;1
479321;191.52;1
479322;206.03;1
479323;173.67;1
479324;188.02;1
479325;166.57;1
479326;179.80;1
479327;176.65;1
479328;190.98;1
479329;178.40;1
479330;192.74;1
479331;181.02;1
479332;195.36;1
479333;199.04;1
479334;213.38;1
479335;173.67;1
479336;188.02;1
479337;178.40;1
479338;192.74;1
479339;89.87;100
479340;89.87;100
479341;89.87;100
479342;3.65;1
479345;20.88;1
479349;162.35;100
479350;13.88;1
479351;13.88;1
479367;13.75;1
479369;8.12;1
479370;158.70;1
479371;158.70;1
479372;67.02;1
479375;41.70;1
479378;238.56;1
479379;2.20;1
479380;165.45;1
479381;181.76;1
479382;109.99;1
479383;109.49;1
479384;143.62;1
479385;146.41;1
479386;110.82;1
479387;113.61;1
479388;58.15;1
479389;63.74;1
479390;67.83;1
479391;76.78;1
479392;13.97;1
479393;13.88;1
479394;13.97;1
479395;13.88;1
479396;13.97;1
479399;100.06;100
479412;141.73;1
479413;130.24;1
479414;130.24;1
479415;56.59;1
479424;209.17;1
479434;83.74;100
479435;86.01;100
479441;82.60;100
479442;81.16;100
479445;10.64;1
479446;10.64;1
479447;3.91;1
479448;2.97;1
479449;2.97;1
479450;2.97;1
479451;210.05;1
479452;6.57;1
479453;216.18;1
479456;37.07;1
479457;177.18;1
479459;192.21;1
479464;198.86;1
479465;164.24;1
479467;123.48;1
479468;13.88;1
479477;13.84;1
479478;105.65;100
479479;105.65;100
479480;105.65;100
479481;3.65;1
479485;10.41;100
479486;118.68;1
479487;169.98;1
479488;246.93;1
479489;118.68;1
479490;169.98;1
479491;118.68;1
479492;246.93;1
479493;5.43;1
479494;6.32;1
479495;5.43;1
479496;6.32;1
479497;7.91;1
479498;7.91;1
479500;39.03;1
479506;120.79;100
479511;37.07;1
479515;20.23;1
479516;8.12;1
479529;196.94;1
479530;2.01;1
479537;3.10;1
479538;137.12;100
479539;123.60;100
479540;2.01;1
479541;8.61;100
479545;195.19;1
479549;133.90;100
479550;101.44;100
479551;117.19;100
479552;3.65;1
479553;18.34;1
479555;14.09;1
479556;29.26;1
479560;8.12;1
479561;201.83;1
479566;189.52;1
479567;8.16;1
479571;2.01;1
479572;19.82;1
479573;204.29;1
479595;196.20;1
479596;59.58;100
479597;115.77;100
479598;115.77;100
479599;112.12;100
479600;119.41;100
479601;119.41;100
479602;119.41;100
479603;3.65;1
479604;4.15;1
479605;5.32;1
479606;18.34;1
479607;18.83;1
479608;18.83;1
479616;13.97;1
479617;2.01;1
479618;16.68;1
479621;149.02;1
479627;98.36;100
479628;98.36;100
479634;10.93;100
479635;155.60;100
479636;155.60;100
479637;155.60;100
479638;155.60;100
479639;3.65;1
479641;2.71;1
479643;201.83;1
479644;209.17;1
479646;86.01;100
479647;83.74;100
479650;16.95;1
479652;22.46;1
479654;14.20;1
479655;14.20;1
479658;195.19;1
479659;4.85;1
479686;8.16;1
479687;8.16;1
479688;8.16;1
479689;8.16;1
479695;112.77;100
479696;112.77;100
479697;112.77;100
479698;112.77;100
479699;3.65;1
479701;11.60;1
479702;8.28;1
479703;3.60;1
479706;2.97;1
479707;2.97;1
479708;2.97;1
479720;203.58;1
479723;1.16;1
479727;18.34;1
479728;18.34;1
479729;150.45;100
479730;150.45;100
479731;150.45;100
479732;3.65;1
479733;116.12;100
479734;116.12;100
479735;3.65;1
479736;1.16;1
479740;2.79;1
479750;115.36;100
479755;3.60;1
479757;11.60;1
479758;2.54;1
479760;3.60;1
479762;11.60;1
479763;2.54;1
479767;184.00;1
479769;12.91;1
479771;19.54;1
479776;24.63;1
479799;3.29;1
479800;8.28;1
479801;11.60;1
479802;2.54;1
479805;9.42;100
479825;2.97;1
479826;2.97;1
479827;2.97;1
479831;196.20;1
479847;10.71;100
479848;22.58;1
479849;12.10;1
479850;12.10;1
479851;2.01;1
479852;89.32;1
479855;40.87;1
479856;188.40;1
479857;199.08;1
479858;129.41;1
479859;4.30;1
479860;4.34;1
479861;4.38;1
479862;4.42;1
479863;4.46;1
479864;18.48;1
479865;18.48;1
479866;18.05;1
479867;18.05;1
479868;10.64;1
479869;10.64;1
479870;10.64;1
479871;10.64;1
479872;21.74;1
479873;23.47;1
479874;19.82;1
479877;2.52;1
479881;10.64;1
479882;10.64;1
479884;4.92;1
479889;207.43;1
479891;206.24;1
479898;16.67;1
479913;191.64;1
479919;135.87;100
479926;29.26;1
479928;57.68;1
479935;18.39;1
479936;18.39;1
479948;3.57;1
479952;3.60;1
479953;8.28;1
479954;11.60;1
479955;2.54;1
479958;56.99;1
479959;57.46;1
479960;57.92;1
479961;58.38;1
479962;58.85;1
479963;27.50;1
479964;28.19;1
479965;1.64;1
479966;1.64;1
479969;1.16;1
479972;39.57;1
479978;207.43;1
479982;3.81;1
479984;2.60;1
479995;2.01;1
479997;133.57;100
479998;133.57;100
480000;133.57;100
480001;133.57;100
480002;133.57;100
480003;3.65;1
480004;13.33;1
480011;8.28;1
480012;11.60;1
480013;3.60;1
480014;1.83;1
480016;188.36;1
480022;81.37;1
480023;90.03;1
480026;195.19;1
480028;189.59;1
480030;23.47;1
480032;221.77;1
480034;94.60;100
480037;89.87;100
480042;1.79;1
480043;153.22;100
480044;120.91;100
480045;91.78;100
480046;81.91;100
480047;99.77;100
480048;97.71;100
480049;99.85;100
480059;156.85;1
480065;89.87;100
480074;10.64;1
480075;10.64;1
480076;4.86;1
480077;5.14;1
480079;90.52;100
480087;8.28;1
480088;11.60;1
480089;3.60;1
480093;32.09;1
480094;22.87;1
480095;109.46;100
480099;109.46;100
480100;3.65;1
480102;29.31;1
480110;1.78;1
480111;120.06;100
480112;3.65;1
480113;13.97;1
480125;55.70;1
480129;188.89;1
480133;3.82;1
480136;2.52;1
480137;189.52;1
480141;3.29;1
480144;38.83;1
480145;37.07;1
480146;142.83;1
480153;42.42;1
480158;1.08;1
480159;1.08;1
480166;405.04;1
480171;109.28;100
480172;109.28;100
480173;3.65;1
480181;7.83;1
480182;9.16;1
480192;89.20;100
480193;89.20;100
480194;3.65;1
480195;85.92;100
480196;3.65;1
480199;30.78;1
480200;19.00;1
480201;17.85;1
480202;16.67;1
480203;201.83;1
480204;209.17;1
480215;9.88;100
480216;12.00;100
480217;9.23;100
480220;16.23;100
480221;16.23;100
480222;16.23;100
480223;16.23;100
480224;171.87;1
480225;175.45;1
480226;171.05;1
480227;201.83;1
480228;10.55;1
480230;201.83;1
480234;37.07;1
480235;84.41;100
480236;84.41;100
480237;3.65;1
480241;19.77;1
480242;41.70;1
480244;192.46;1
480245;44.99;1
480247;195.19;1
480248;8.12;1
480250;318.34;1
480251;93.83;1
480252;19.82;1
480253;145.69;1
480258;52.22;1
480259;110.53;1
480262;73.78;100
480263;73.78;100
480264;73.78;100
480265;3.65;1
480267;5.53;1
480270;171.94;1
480272;207.43;1
480273;204.46;1
480274;211.62;1
480275;8.16;1
480276;79.26;1
480277;79.26;1
480281;211.62;1
480286;34.28;100
480289;161.68;1
480291;3.60;1
480292;8.28;1
480293;11.60;1
480294;183.96;1
480295;128.91;100
480296;128.91;100
480297;128.91;100
480298;128.91;100
480299;3.65;1
480300;149.24;100
480301;149.24;100
480302;149.24;100
480303;149.24;100
480304;3.65;1
480305;223.52;1
480313;56.63;1
480322;56.63;1
480323;233.24;1
480330;225.44;1
480334;214.46;1
480339;22.87;1
480344;225.44;1
480345;210.55;1
480347;14.05;1
480348;10.46;1
480349;201.30;1
480350;227.92;1
480355;167.90;1
480377;228.94;1
480378;165.59;1
480379;303.58;1
480380;376.17;1
480381;411.01;1
480382;3.39;1
480383;3.39;1
480384;3.65;1
480386;27.05;1
480387;210.55;1
480389;19.43;1
480390;168.99;1
480393;204.80;1
480405;225.44;1
480406;243.81;1
480407;228.94;1
480408;178.20;1
480431;46.98;1
480435;37.87;1
480436;37.87;1
480437;37.87;1
480438;37.87;1
480439;37.87;1
480440;37.87;1
480444;115.97;100
480445;115.97;100
480446;3.65;1
480448;187.48;1
480449;80.95;100
480451;4.27;1
480452;8.35;1
480453;9.42;1
480458;3.60;1
480467;155.60;100
480468;8.35;1
480470;8.35;1
480471;8.35;1
480476;8.77;1
480489;503.49;1
480494;202.89;1
480496;1.64;1
480497;1.64;1
480498;1.64;1
480501;111.59;100
480502;111.59;100
480503;111.59;100
480504;3.65;1
480505;14.94;1
480506;84.61;100
480509;58.44;1
480521;51.54;1
480522;69.95;1
480523;88.35;1
480524;125.17;1
480527;192.42;1
480528;207.96;1
480531;10.17;1
480532;230.34;1
480533;210.57;1
480534;207.88;1
480536;36.82;1
480545;88.35;1
480546;106.76;1
480547;125.17;1
480548;143.57;1
480549;88.35;1
480550;106.76;1
480551;125.17;1
480552;143.57;1
480555;228.59;1
480556;230.34;1
480559;12.72;1
480560;12.72;1
480571;48.90;1
480572;50.06;1
480573;51.12;1
480582;30.15;1
480583;49.61;1
480584;197.28;1
480602;235.80;1
480618;161.78;1
480619;179.44;1
480624;139.64;100
480625;139.64;100
480626;139.64;100
480627;3.65;1
480629;7.79;1
480632;12.43;1
480633;7.79;1
480634;12.31;1
480635;7.54;1
480636;17.04;1
480637;8.03;1
480642;10.17;1
480643;10.17;1
480646;4.79;1
480651;2.11;1
480654;231.40;1
480655;18.42;1
480656;197.28;1
480657;208.65;1
480661;15.41;1
480662;41.70;1
480663;41.70;1
480664;16.35;1
480665;41.70;1
480666;41.70;1
480668;41.70;1
480670;41.70;1
480671;41.70;1
480672;41.70;1
480673;43.92;1
480674;41.70;1
480675;41.70;1
480676;41.70;1
480677;43.92;1
480679;109.79;1
480680;43.92;1
480681;109.79;1
480682;22.87;1
480683;53.80;1
480684;57.69;1
480685;53.80;1
480686;53.80;1
480687;53.80;1
480688;57.69;1
480689;53.80;1
480690;102.99;1
480706;311.57;1
480707;41.70;1
480708;43.92;1
480709;16.35;1
480712;41.70;1
480714;1.33;1
480715;98.80;100
480716;1.42;1
480719;202.89;1
480720;115.97;100
480722;127.06;1
480723;27.66;1
480724;2.34;1
480725;10.31;1
480726;10.31;1
480727;6.86;1
480728;6.18;1
480729;144.65;100
480730;33.36;1
480731;33.36;1
480732;33.36;1
480733;38.26;1
480734;38.26;1
480735;38.26;1
480736;30.91;1
480737;30.91;1
480738;30.91;1
480742;223.69;1
480756;214.43;1
480771;71.73;100
480772;32.09;1
480773;5.45;1
480778;119.81;100
480779;3.65;1
480780;183.12;1
480804;56.63;1
480805;56.63;1
480806;77.40;100
480807;77.40;100
480808;77.40;100
480809;116.32;100
480810;116.32;100
480811;3.65;1
480820;220.55;1
480832;22.58;1
480843;70.56;1
480844;207.08;1
480845;227.19;1
480846;10.17;1
480847;77.40;100
480848;44.21;1
480858;4.35;1
480859;4.35;1
480860;4.04;1
480861;4.04;1
480862;3.57;1
480863;10.17;1
480870;200.40;1
480872;7.39;1
480873;7.91;1
480874;8.71;1
480875;9.78;1
480877;3.60;1
480880;11.60;1
480882;218.07;1
480884;165.90;1
480885;212.12;1
480897;215.45;1
480898;247.71;1
480899;262.16;1
480901;8.54;1
480902;8.54;1
480905;165.90;1
480906;186.43;1
480908;2.14;1
480909;3.65;1
480912;176.34;1
480914;18.13;1
480915;8.28;1
480916;2.54;1
480919;154.45;100
480920;154.45;100
480921;154.45;100
480922;3.65;1
480925;3.57;1
480926;22.32;1
480928;2.97;1
480929;135.46;1
480931;72.55;1
480932;15.03;1
480949;75.35;100
480950;3.65;1
480955;2.24;1
480961;10.70;1
480965;199.20;1
480968;8.81;1
480969;227.38;1
480970;127.23;100
480971;188.27;1
480972;212.05;1
480976;159.57;1
480980;11.61;1
480981;11.61;1
480982;210.05;1
480987;113.56;1
480988;116.36;100
480989;116.36;100
480990;3.65;1
480991;15.12;1
480994;216.37;1
480996;65.64;1
480998;11.46;1
480999;24.53;1
481000;24.53;1
481001;11.46;1
481002;206.00;1
481003;15.12;1
481004;3.60;1
481005;3.29;1
481006;8.28;1
481007;11.60;1
481016;15.28;1
481017;18.13;1
481018;3.60;1
481019;8.28;1
481020;11.60;1
481021;2.54;1
481022;182.39;1
481023;188.15;1
481045;3.39;1
481056;82.60;100
481057;82.60;100
481058;82.60;100
481059;131.03;100
481060;131.03;100
481062;71.73;100
481063;95.54;100
481064;113.55;100
481065;83.22;100
481066;99.83;100
481067;124.73;100
481068;86.82;100
481069;104.20;100
481070;130.23;100
481071;75.69;1
481076;208.98;1
481077;15.12;1
481078;3.60;1
481079;8.28;1
481080;11.60;1
481081;7.38;1
481082;3.44;1
481090;3.90;1
481091;3.60;1
481092;8.28;1
481093;11.60;1
481095;192.91;1
481096;207.13;1
481097;200.21;1
481098;214.43;1
481099;6.08;1
481100;194.65;1
481101;7.45;1
481102;182.41;1
481103;6.50;1
481104;29.84;1
481108;62.23;1
481109;63.16;1
481110;64.10;1
481111;65.03;1
481112;65.97;1
481113;66.90;1
481114;67.84;1
481115;68.78;1
481116;69.71;1
481117;70.65;1
481118;22.84;1
481120;27.31;1
481124;516.51;1
481125;18.70;1
481126;201.89;1
481127;5.37;1
481129;200.12;1
481130;202.18;1
481131;16.65;1
481132;31.78;1
481134;1.33;1
481180;12.51;1
481192;192.96;1
481193;168.64;1
481198;131.74;100
481203;114.14;100
481207;114.14;100
481223;14.95;1
481224;15.41;1
481225;16.10;1
481226;14.36;1
481227;16.22;1
481228;13.82;1
481229;16.59;1
481230;14.18;1
481231;15.41;1
481232;14.95;1
481233;14.36;1
481234;16.22;1
481235;14.18;1
481236;13.82;1
481237;16.59;1
481238;13.67;1
481239;14.95;1
481240;11.77;1
481241;12.50;1
481242;11.56;1
481243;12.69;1
481244;11.03;1
481245;11.04;1
481246;11.77;1
481247;12.50;1
481248;11.60;1
481249;11.04;1
481250;10.46;1
481251;12.69;1
481252;10.05;1
481352;95.38;100
481375;116.36;100
481382;100.58;1
481383;142.50;1
481384;206.92;1
481385;270.26;1
481387;44.62;1
481388;65.50;1
481415;32.29;1
481416;32.29;1
481417;32.29;1
481418;32.29;1
481419;32.29;1
481420;2.11;1
481422;2.11;1
481433;82.54;1
481434;150.68;1
481435;159.85;1
481469;1.49;1
481497;56.56;1
481498;56.56;1
481499;56.56;1
481500;60.48;1
481501;114.53;1
481502;160.35;1
481503;229.07;1
481504;297.79;1
481515;2.39;1
481567;7.78;1
481568;7.78;1
481627;1.72;1
481639;223.74;1
481665;4.55;1
481666;4.71;1
481667;4.81;1
481668;5.18;1
481669;5.34;1
481670;5.50;1
481694;10.21;1
481695;8.29;1
481710;10.39;1
481722;205.27;1
481723;227.62;1
481724;297.29;1
481725;297.29;1
481726;125.99;1
481727;176.39;1
481728;251.98;1
481729;327.57;1
481731;174.33;1
481732;205.11;1
481733;256.72;1
481734;239.92;1
481735;53.06;1
481736;86.65;1
481737;16.03;1
481739;40.97;1
481740;38.42;1
481741;49.82;1
481742;50.14;1
481743;4.14;1
481835;33.53;1
481836;48.63;1
481837;63.75;1
481838;38.44;1
481839;71.39;1
481840;16.47;1
481841;36.43;1
481842;31.32;1
481843;19.16;1
481844;18.23;1
481845;18.23;1
481846;16.24;1
481847;16.24;1
481848;18.23;1
481849;18.23;1
481850;15.05;1
481851;4.84;1
481852;4.84;1
481856;6.92;1
481857;6.92;1
481858;4.84;1
481859;4.23;1
481860;6.63;1
481861;10.86;1
481862;13.16;1
481863;51.38;1
481864;1.33;1
481865;1.64;1
481866;1.64;1
481869;41.79;1
481870;41.79;1
481990;1.68;1
482032;70.96;100
482033;65.72;100
482049;60.48;1
482060;35.17;1
482113;34.45;1
482157;169.98;1
485020;81.25;1
485029;21.74;1
485030;21.88;1
485031;22.50;1
485032;33.76;1
485033;62.12;1
485034;103.59;1
485035;16.28;1
485036;18.23;1
485040;151.04;1
485231;99.90;1
485310;15.61;1
485311;15.61;1
485312;99.90;1
485649;30.67;1
485968;7.62;1
485969;7.62;1
485970;7.62;1
485972;7.62;1
485973;7.62;1
485974;7.62;1
485977;7.62;1
485978;7.62;1
485979;7.62;1
485981;7.62;1
485982;7.62;1
485983;7.62;1
486284;999.85;1
486285;1105.45;1
486690;1168.47;1
486691;1287.02;1
486855;54.91;1
486857;122.53;1
486858;49.61;1
486860;70.65;1
486861;97.52;1
486863;25.19;1
486864;20.78;1
486865;26.93;1
486866;22.22;1
486867;34.39;1
486868;28.38;1
486876;58.17;1
486877;44.62;1
486878;42.88;1
486884;89.11;1
486885;120.61;1
486887;19.16;1
486888;25.89;1
486889;23.58;1
486890;31.86;1
486891;20.20;1
486892;26.06;1
487037;69.18;1
487039;69.18;1
500016;31.97;1
50568;4.01;1
50576;3.11;1
50579;3.11;1
50598;9.93;1
50599;9.93;1
50771;15.43;1
509003;11.39;1
509008;12.54;1
509410;194.35;1
51650;3.57;1
51726;3.32;1
51750;3.57;1
51817;3.57;1
51886;3.81;1
52125;4.50;1
52126;3.57;1
52132;9.69;1
52202;4.08;1
52321;1.89;1
52389;61.02;100
52396;18.19;1
52397;18.19;1
52400;24.03;1
52401;24.03;1
52402;24.91;1
52403;28.99;1
52405;3.88;1
52406;4.84;1
52415;33.64;1
52416;34.60;1
52417;38.52;1
52418;35.92;1
52419;41.05;1
52420;49.28;1
52421;58.82;1
52423;24.96;1
52432;9.03;1
52433;9.03;1
52443;23.98;1
52444;23.98;1
52445;29.53;1
52446;9.20;1
52453;2.95;1
52458;28.75;1
52462;0.86;1
52468;48.64;100
52478;0.68;1
52479;0.82;1
52480;43.74;100
52481;44.88;100
52483;0.85;1
52484;1.04;1
52485;1.04;1
52486;53.69;100
52487;53.69;100
52488;0.72;1
52489;53.69;100
52490;28.87;1
52491;31.75;1
52498;59.03;1
52502;9.64;1
52504;2.34;1
52505;15.38;1
52516;21.27;1
52522;2.38;1
52642;18.12;1
52643;18.12;1
52686;5.91;1
52702;1.19;1
52703;1.05;1
52704;1.05;1
52706;1.28;1
52707;1.28;1
52753;10.91;1
52754;10.91;1
52757;16.36;1
52758;16.36;1
52764;0.98;1
52767;23.01;1
52768;26.00;1
52769;26.00;1
52770;28.85;1
52772;16.80;1
52779;20.31;1
52794;0.86;1
52812;19.45;1
52832;24.95;1
52833;26.49;1
52834;30.01;1
52835;34.11;1
52836;37.67;1
52837;41.89;1
52839;16.12;1
52841;22.04;1
52904;36.71;1
52905;36.71;1
52907;40.97;1
52908;44.03;1
52912;34.60;1
52913;37.52;1
52920;22.01;1
52926;25.54;1
52936;26.59;1
52966;22.72;1
52975;47.99;1
52976;3.89;1
52977;4.20;1
52978;3.99;1
53731;13.08;1
53732;12.77;1
53733;13.08;1
53830;3.87;1
53972;3.57;1
53979;3.57;1
53989;3.57;1
53992;3.91;1
54024;13.47;1
54027;12.77;1
54061;13.47;1
54063;13.47;1
54064;13.47;1
54099;3.57;1
54115;3.57;1
54116;3.57;1
54117;3.57;1
54124;3.57;1
54133;3.32;1
54142;18.79;1
54161;3.41;1
54341;3.75;1
54425;3.32;1
54440;18.91;1
54449;16.25;1
54451;14.25;1
54452;17.38;1
54453;15.76;1
54462;14.34;1
54564;28.85;1
54594;41.89;1
54639;1.12;1
54641;0.86;1
54645;1.50;1
54665;1.12;1
54667;1.12;1
54674;19.81;1
54675;5.46;1
54676;23.08;1
54684;1.61;1
54685;1.61;1
54688;1.61;1
54689;1.61;1
54690;1.91;1
54691;1.91;1
54692;1.76;1
54693;1.76;1
54694;0.64;1
54695;58.70;100
54697;1.18;1
54698;2.09;1
54699;2.09;1
54700;2.09;1
54701;2.09;1
54702;2.09;1
54703;2.09;1
54704;2.09;1
54705;2.09;1
54706;53.69;100
54709;53.69;100
54710;1.35;1
54711;1.35;1
54712;1.35;1
54713;1.35;1
54726;1.05;1
54727;1.05;1
54728;1.28;1
54729;1.28;1
54775;16.98;1
54783;61.02;100
54840;1.12;1
54855;1.12;1
54884;20.44;1
54885;20.44;1
54890;1.17;1
54891;1.17;1
54892;1.17;1
54893;1.17;1
54917;2.15;1
54918;13.63;1
54919;13.63;1
54924;23.86;1
54925;23.86;1
54964;28.69;1
54965;30.46;1
54966;34.53;1
54968;39.22;1
54970;43.30;1
54972;48.18;1
55006;18.94;1
55008;10.75;1
55025;1.59;1
55027;1.83;1
55028;61.02;100
55039;34.10;100
55049;10.76;1
55051;53.69;100
55066;1.12;1
55085;53.69;100
55092;1.05;1
55093;1.05;1
55112;46.38;100
55150;30.40;1
55155;32.35;1
55156;34.60;1
55167;2.34;1
55168;4.51;1
55169;3.40;1
55170;4.52;1
55171;5.64;1
55172;2.28;1
55174;25.93;1
55189;1.27;1
55214;1.92;1
55215;3.40;1
55216;4.52;1
55217;5.64;1
55252;2.76;1
55270;20.94;1
55277;1.59;1
55280;29.92;1
55291;3.64;1
55292;3.64;1
55314;4.25;1
55315;4.25;1
55316;7.05;1
55317;7.05;1
55330;1.12;1
55334;22.47;1
55335;22.47;1
55336;25.74;1
55337;25.74;1
55338;2.29;1
55354;11.01;1
55359;53.69;100
55362;15.38;1
55398;31.29;1
55409;2.53;1
55418;16.36;1
55424;1.22;1
55425;1.22;1
55443;32.72;1
55452;1.35;1
55453;1.35;1
55481;31.79;1
55482;41.74;1
55488;3.40;1
55489;4.52;1
55490;5.64;1
55491;2.28;1
55492;1.05;1
55493;1.05;1
55494;1.35;1
55495;1.35;1
55503;3.57;1
55508;3.57;1
55513;13.08;1
55644;3.57;1
55647;13.08;1
55658;4.10;1
55688;3.57;1
55691;4.50;1
55708;20.94;1
55711;29.92;1
55712;29.92;1
55720;23.18;1
55789;8.53;1
55821;3.25;1
55822;18.50;1
55826;3.88;1
55831;3.57;1
55832;4.11;1
55860;1.59;1
55883;0.72;1
55950;24.19;1
55951;51.83;1
55970;9.14;1
55971;2.82;1
55985;13.65;1
55986;3.11;1
55987;3.27;1
55988;1.18;1
55989;10.00;1
55992;6.98;1
55993;5.61;1
55994;31.65;1
55995;29.20;1
55996;33.89;1
55997;42.40;1
55998;55.69;1
56308;1.83;1
56355;1.83;1
56414;1.83;1
56460;1.83;1
56799;1.83;1
56819;1.04;1
56827;1.16;1
56831;1.23;1
56835;1.23;1
56839;1.85;1
56850;1.83;1
56891;1.77;1
56910;1.83;1
56921;9.02;1
56924;9.52;1
56928;9.87;1
56930;1.83;1
56932;9.99;1
56936;10.43;1
56941;10.86;1
56944;8.89;1
56948;5.14;1
56950;5.47;1
56954;5.80;1
56958;5.88;1
56962;5.25;1
56966;5.35;1
56970;5.66;1
56974;5.89;1
56978;8.64;1
56982;9.11;1
56986;9.48;1
56990;8.64;1
56994;9.11;1
56998;9.48;1
57050;10.79;1
57054;5.74;1
57056;5.14;1
57064;2.18;1
57066;1.71;1
57067;75.34;100
57068;1.34;1
57070;1.34;1
57072;1.64;1
57073;67.11;100
57074;2.12;1
57076;86.46;100
57077;1.48;1
57079;1.48;1
57081;1.97;1
57082;1.23;1
57083;1.16;1
57094;1.34;1
57098;1.85;1
57099;7.07;1
57101;7.96;1
57102;7.96;1
57103;7.96;1
57107;1.86;1
57110;1.75;1
57116;1.76;1
57117;1.76;1
57151;6.11;1
57152;6.21;1
57153;7.10;1
57154;7.86;1
57155;8.98;1
57156;9.63;1
57163;6.11;1
57164;6.21;1
57165;7.10;1
57166;7.86;1
57167;8.98;1
57168;9.63;1
57170;6.25;1
57175;3.72;1
57176;3.72;1
57207;28.73;1
57215;1.00;1
57223;2.73;1
57247;41.05;1
57248;3.31;1
57249;3.31;1
57250;3.21;1
57251;3.31;1
57272;10.04;1
57273;10.33;1
57274;10.92;1
57275;11.21;1
57277;32.72;1
57280;19.60;1
57300;1.97;1
57379;7.85;1
57384;22.92;1
57419;16.65;1
57421;20.75;1
57425;2.28;1
57824;4.36;1
57825;6.14;1
57826;6.86;1
57827;7.38;1
57839;23.15;1
57891;1.27;1
57892;2.97;1
57915;8.77;1
57916;10.78;1
57919;71.30;1
57930;0.76;1
58004;53.69;100
58006;0.79;1
58014;2.84;1
58029;8.82;1
58030;10.82;1
58056;2.33;1
58105;2.82;1
58107;5.21;1
58131;4.76;1
58132;4.76;1
58161;2.30;1
58163;3.18;1
58165;3.46;1
58170;2.42;1
58171;2.30;1
58172;3.18;1
58173;3.46;1
58177;1.83;1
58191;6.04;1
58223;5.66;1
58225;6.09;1
58226;5.89;1
58228;6.33;1
58229;6.21;1
58231;6.68;1
58232;6.30;1
58234;6.78;1
58240;15.56;100
58311;9.14;1
58331;6.04;1
58333;9.51;1
58335;6.04;1
58354;29.21;1
58452;34.35;1
58453;31.67;1
58455;30.32;1
58456;33.01;1
58457;37.04;1
58458;7.74;1
58461;27.11;1
58462;28.99;1
58463;13.65;1
58464;10.00;1
58465;13.45;1
58467;10.00;1
58468;13.65;1
58469;13.14;1
58472;2.99;1
58475;1.22;1
58476;1.22;1
58477;0.72;1
58486;3.49;1
58488;3.49;1
58493;3.85;1
58494;3.85;1
58501;4.28;1
58502;4.28;1
58504;4.28;1
58508;4.53;1
58509;4.53;1
58515;5.10;1
58516;5.10;1
58522;6.08;1
58528;7.03;1
58529;7.03;1
58574;10.00;1
58575;10.00;1
58576;4.01;1
58577;2.73;1
58578;2.73;1
58587;2.73;1
58588;2.73;1
58601;1.46;1
58602;1.46;1
58606;28.25;1
58608;10.00;1
58609;10.00;1
58619;53.69;100
58646;3.27;1
58647;3.27;1
58648;3.27;1
58649;3.27;1
58658;2.73;1
58659;2.73;1
58661;3.56;1
58667;3.59;1
58671;2.73;1
58672;2.73;1
58674;2.73;1
58675;2.73;1
58676;3.56;1
58677;2.73;1
58678;2.73;1
58679;3.56;1
58680;2.73;1
58681;2.73;1
58683;2.73;1
58684;2.73;1
58685;3.56;1
58686;2.73;1
58687;2.73;1
58688;3.56;1
58712;2.73;1
58713;2.73;1
58714;2.78;1
58715;2.78;1
58724;2.73;1
58725;2.73;1
58727;3.56;1
58745;2.73;1
58746;2.73;1
58750;3.56;1
58776;3.56;1
58806;2.73;1
58807;2.73;1
58875;20.94;1
58876;27.97;1
58922;3.74;1
58934;29.39;1
59045;17.21;1
59046;44.42;1
59048;39.76;1
59050;46.12;1
59051;39.75;1
59146;4.46;1
59147;4.46;1
59148;3.20;1
59149;4.46;1
59150;4.46;1
59209;3.57;1
59420;6.24;1
59421;6.24;1
59424;10.00;1
59425;10.00;1
59426;13.65;1
59427;13.65;1
59428;10.00;1
59429;10.00;1
59430;13.65;1
59431;13.65;1
59432;1.09;1
59442;2.02;1
59443;1.17;1
59444;1.17;1
59448;3.59;1
59450;1.83;1
59468;3.70;1
59469;0.72;1
59474;2.82;1
59490;1.46;1
59491;1.46;1
59505;5.32;1
59506;4.22;1
59507;4.22;1
59509;4.21;1
59512;4.22;1
59515;4.62;1
59517;4.22;1
59518;4.22;1
59519;4.21;1
59526;3.82;1
59527;3.82;1
59529;3.86;1
59555;4.62;1
59556;4.22;1
59557;4.22;1
59559;4.21;1
59575;4.87;1
59576;4.40;1
59577;3.82;1
59579;3.86;1
59612;24.10;1
59614;21.23;1
59616;22.95;1
59622;21.84;1
59624;19.22;1
59626;21.84;1
59654;13.33;1
59790;3.48;1
59791;3.48;1
59910;2.82;1
59916;1.22;1
59917;1.22;1
59920;34.42;1
59932;2.82;1
93228;43.51;100
94019;13.65;1
94022;12.09;100
94030;49.48;100
94031;20.34;100
94035;9.70;100
94036;16.65;100
94038;27.82;100
94045;45.21;100
94047;2.38;1
94050;2.38;1
94068;85.08;100
94069;96.01;100
94079;41.27;100
94088;45.21;100
94089;45.21;100
94098;4.58;1
94100;2.35;1
94101;3.23;1
94111;13.00;100
94118;2.76;1
94122;3.52;1
94126;1.77;1
94130;2.64;1
94134;3.12;1
94137;26.35;100
94141;0.97;1
94142;81.10;100
94143;1.21;1
94145;77.50;100
94147;58.46;100
94148;79.05;100
94149;58.90;100
94150;27.69;100
94151;48.99;100
94153;84.81;100
94154;62.17;100
94157;20.59;100
94159;69.58;100
94163;45.29;100
94165;56.40;100
94166;2.56;1
94184;1.10;1
94185;0.68;1
94196;13.00;100
94200;2.35;1
94208;1.31;1
94217;30.51;100
94218;30.51;100
94219;26.94;100
94228;41.66;100
94236;13.00;100
94243;67.93;100
94246;1.94;1
94258;45.21;100
94269;95.58;100
94275;95.58;100
94276;95.58;100
94310;78.51;100
94322;2.76;1
94355;95.58;100
94433;87.28;100
94463;61.07;100
94472;2.31;1
94477;33.98;100
94478;33.98;100
94479;33.98;100
94480;33.98;100
94483;33.98;100
94484;33.98;100
94489;1.61;1
94491;12.25;100
95002;3.97;1
95004U;4.17;1
95008U;88.76;100
95013U;1.71;1
95020U;11.37;1
95021U;11.37;1
95022U;4.17;1
95023U;4.17;1
95075;3.97;1
95107;3.97;1
95111;3.97;1
95112;3.97;1
95113;3.97;1
95117;3.97;1
95127;3.97;1
95136;3.97;1
95141;3.97;1
95198;3.97;1
95211;3.97;1
95252;3.97;1
95283;3.97;1
95623;3.97;1
96066;10.79;1
96116;41.50;100
96118;11.95;1
96140;32.44;100
96200;48.72;100
96201;48.72;100
96237;41.50;100
96240;35.53;100
96263;1.39;1
96264;37.28;100
96305;42.64;100
96306;42.64;100
96335;54.59;100
96340;41.50;100
96341;35.53;100
96355;35.53;100
96358;11.95;1
96359;11.95;1
96429;32.44;100
96459;1.04;1
96482;40.36;100
96558;37.28;100
96561;34.11;100
96563;36.78;100
96564;37.28;100
96565;44.45;100
96566;44.45;100
96570;32.44;100
96587;40.36;100
96590;41.50;100
96591;32.44;100
96593;1.05;1
96619;32.44;100
96623;35.53;100
96633;1.55;1
96641;37.28;100
96656;41.50;100
96660;37.28;100
96666;35.53;100
96674;32.44;100
96675;41.50;100
96680;41.50;100
96690;36.78;100
96692;37.28;100
96715;41.50;100
96722;1.27;1
96756;36.78;100
96760;1.39;1
96779;37.28;100
96845;51.70;100
96846;51.70;100
96860;34.11;100
96861;37.28;100
96883;35.53;100
96884;32.44;100
96890;36.78;100
96961;11.95;1
96974;35.53;100
96977;41.50;100
97100;8.57;1
97134;8.57;1
97507;3.54;1
97509;4.22;1
97510;3.30;1
97511;2.62;1
97528;45.21;100
97529;45.21;100
97531;35.82;100
97540;0.68;1
97550;41.05;100
97553;23.58;100
97837;2.13;1
97879;2.13;1
98021;1.00;1
98110;28.82;100
98129;35.57;100
98155;35.57;100
98250;33.98;100
98265;33.98;100
B134699;97.31;1
B220022;233.98;1
B223623;15.40;1
B223650;12.67;1
B223672;2.06;1
B223684;2.04;1
B225017;21.01;1
B225018;20.29;1
B225020;21.01;1
B225021;20.29;1
B225023;36.26;1
B270231;41.92;1
B270244;34.64;1
B270277;35.86;1
B270331;68.21;1
B270344;61.75;1
B270366;60.00;1
B270377;66.19;1
B271231;40.93;1
B271244;35.15;1
B271266;34.04;1
B271277;36.42;1
B271331;72.52;1
B271344;62.31;1
B271366;60.84;1
B271377;59.34;1
B272231;43.38;1
B272244;37.01;1
B272266;34.80;1
B272277;35.86;1
B273605;23.63;1
B273684;39.58;100
B273699;11.88;100
B335017;11.77;1
B335020;7.38;1
B335021;8.88;1
B335022;9.67;1
B414507;6.72;1
B414530;4.65;1
B414531;4.65;1
B415022;4.98;1
B415072;16.22;1
B415172;15.27;1
B419022;6.87;1
B419172;13.25;1
B420053;13.56;1
B420153;11.49;1
B421022;5.94;1
B421072;16.62;1
B461598;14.84;1
B501301;28.04;1
B501309;29.63;1
B501507;6.39;1
B501515;6.39;1
B501530;3.63;1
B501531;3.63;1
B501532;3.63;1
B501701;12.24;1
B502001;20.09;1
B502301;27.89;1
B502309;31.44;1
B502317;31.48;1
B502507;7.65;1
B502515;8.10;1
B502530;3.74;1
B502531;3.74;1
B502532;3.56;1
B525020;1.23;1
B865020;1.43;1
D101121;3.96;1
D1011213;3.96;1
D101122;3.96;1
D101123;3.96;1
D101124;3.96;1
D101125;3.96;1
D101126;3.96;1
D101551;4.48;1
D101552;4.48;1
D101553;4.48;1
D101554;4.48;1
D101555;4.48;1
D101556;4.48;1
D101851;4.80;1
D1018513;4.80;1
D101853;4.80;1
D101854;4.80;1
D101855;4.80;1
D101856;4.80;1
D10424;12.67;1
D10433;16.07;1
D112181;4.96;1
D112184;4.96;1
D112185;4.96;1
D13530;14.76;1
D13531;14.91;1
D13532;15.35;1
D13533;15.54;1
D13534;16.61;1
D13535;17.46;1
D13536;17.84;1
D13537;13.67;1
D13538;13.82;1
D13539;14.18;1
D13540;14.36;1
D13541;14.95;1
D13542;15.41;1
D13543;16.22;1
D13544;16.59;1
D13545;10.97;1
D13546;11.49;1
D13547;11.64;1
D13548;12.11;1
D13549;12.83;1
D13550;13.61;1
D13551;13.75;1
D13552;10.05;1
D13553;10.46;1
D13554;11.04;1
D13555;11.04;1
D13556;11.60;1
D13557;11.77;1
D13558;12.50;1
D13559;12.69;1
D13560;24.19;1
D13561;25.58;1
D13562;25.61;1
D13563;27.12;1
D13564;27.72;1
D13565;28.82;1
D13566;29.99;1
D13567;21.93;1
D13568;24.01;1
D13569;24.77;1
D13570;25.50;1
D13571;26.05;1
D13572;27.12;1
D13573;28.24;1
D400011;134.72;100
D400015;134.72;100
D400023;92.56;100
D400120;97.21;100
D400121;97.21;100
D400123;97.21;100
D400124;97.21;100
D400125;97.21;100
D400126;97.21;100
D401043;75.47;100
D401051;77.17;100
D401053;77.17;100
D401055;77.17;100
D401141;80.96;100
D401143;80.96;100
D401250;102.83;100
D401251;102.83;100
D4012513;102.83;100
D401252;102.83;100
D401254;102.83;100
D401255;102.83;100
D401256;102.83;100
D401421;102.86;100
D401423;102.86;100
D401424;102.86;100
D401554;115.43;100
D401555;115.43;100
D401803;134.00;100
D401805;134.00;100
D405101;104.10;100
D405120;102.86;100
D405121;102.86;100
D4051213;102.86;100
D405123;102.86;100
D405124;102.86;100
D405125;102.86;100
D405126;102.86;100
D500321;109.18;100
D500322;109.18;100
D500325;109.18;100
D500330;72.07;100
D500331;72.07;100
D5003313;72.07;100
D500332;72.07;100
D500333;72.07;100
D500334;72.07;100
D500335;72.07;100
D500336;72.07;100
D506801;72.18;100
D5068014;72.18;100
D506802;72.18;100
D506803;72.18;100
D506804;72.18;100
D506805;72.18;100
D506806;72.18;100
D506807;72.18;100
D511341;102.37;100
D511344;102.37;100
D511345;102.37;100
D514614;97.10;100
D514616;97.10;100
D522461;117.22;100
D522463;117.22;100
D522464;117.22;100
D522465;117.22;100
D522466;117.22;100
D525771;137.26;100
D525772;137.26;100
D525773;137.26;100
D525774;137.26;100
D525775;137.26;100
D525776;137.26;100
D530281;127.16;100
D530282;127.16;100
D530283;127.16;100
D530285;127.16;100
D531171;150.96;100
D5311712;1.84;1
D531172;150.96;100
D531175;150.96;100
D531176;150.96;100
D536911;95.27;100
D536912;95.27;100
D536915;95.27;100
D538351;109.32;100
D538354;109.32;100
D538355;109.32;100
D538356;109.32;100
D539671;73.16;100
D539672;73.16;100
D539673;73.16;100
D539674;73.16;100
D539675;73.16;100
D539676;73.16;100
D560008;589.86;1
D560105;246.38;1
D560155;30.66;1
D560159;11.08;1
D560162;65.42;1
D560163;391.47;1
D560164;48.69;1
D560168;89.58;1
D565121;115.99;100
D5651214;115.99;100
D565123;115.99;100
D565124;115.99;100
D565125;115.99;100
D565131;139.52;100
D565133;139.52;100
D565134;139.52;100
D565135;139.52;100
D565151;125.99;100
D565152;125.99;100
D565153;125.99;100
D565154;125.99;100
D565155;125.99;100
D565156;125.99;100
D565181;165.37;100
D565183;165.37;100
D565184;165.37;100
D565185;165.37;100
D565311;87.70;100
D565313;87.70;100
D565314;87.70;100
D565315;87.70;100
D565316;87.70;100
D565441;97.08;100
D565443;97.08;100
D565444;97.08;100
D565445;97.08;100
D565446;97.08;100
D565511;124.13;100
D565515;124.13;100
D565516;124.13;100
D565561;120.76;100
D565565;120.76;100
D565566;120.76;100
D565571;158.27;100
D565576;158.27;100
D565770;99.80;100
D565771;99.80;100
D565772;99.80;100
D565773;99.80;100
D565774;99.80;100
D565775;99.80;100
D565776;99.80;100
D565853;144.49;100
D566001;91.01;100
D566003;91.01;100
D566004;91.01;100
D566005;91.01;100
D566006;91.01;100
D566011;116.04;100
D566020;90.02;100
D566026;90.02;100
D566031;104.73;100
D566035;104.73;100
D566124;128.64;100
D566140;97.84;100
D566141;97.84;100
D566143;97.84;100
D566144;97.84;100
D566145;97.84;100
D566151;1.76;1
D566153;1.76;1
D566154;1.76;1
D566155;1.76;1
D566156;1.76;1
D566270;95.09;100
D566271;95.09;100
D566273;95.09;100
D566275;95.09;100
D566276;95.09;100
D566440;99.65;100
D566441;99.65;100
D566443;99.65;100
D566444;99.65;100
D566445;99.65;100
D566531;67.60;100
D566533;67.60;100
D566534;67.60;100
D566535;67.60;100
D566621;87.19;100
D566625;87.19;100
D566931;91.50;100
D567041;67.02;100
D567045;67.02;100
D567051;105.23;100
D567053;105.23;100
D567055;105.23;100
D567120;76.91;100
D567121;76.91;100
D567123;76.91;100
D567124;76.91;100
D567125;76.91;100
D567224;82.06;100
D567225;82.06;100
D567291;91.29;100
D567293;91.29;100
D567295;91.29;100
D567513;1.87;1
D567517;1.88;1
D567561;81.11;100
D567565;81.11;100
D569529;118.82;1
D570526;141.04;100
D581951;90.04;100
D581953;90.04;100
D581955;90.04;100
D584173;152.08;100
D591001;151.66;100
D591002;151.66;100
D591003;151.66;100
D591004;151.66;100
D591005;151.66;100
D591006;151.66;100
D591681;109.56;100
D592001;146.36;100
D592002;146.36;100
D592003;146.36;100
D592004;146.36;100
D592005;146.36;100
D592161;1.91;1
D592163;1.91;1
D592164;1.91;1
D592165;1.91;1
D594143;142.23;100
D594411;102.71;100
D594901;158.79;100
D594903;158.79;100
D596083;126.32;100
D597101;72.70;100
D597103;72.70;100
D597104;72.70;100
D597105;72.70;100
D597106;72.70;100
D597281;1.92;1
D597283;1.92;1
D601031;84.52;100
D601033;84.52;100
D601034;84.52;100
D601036;84.52;100
D667517;1.88;1
D736914;141.07;100
D736915;141.07;100
D739671;95.60;100
D739672;95.60;100
D739673;95.60;100
D739674;95.60;100
D739675;95.60;100
D739676;95.60;100
D767513;129.95;100
D767517;131.29;100
D772105;133.27;100
D780161;83.18;100
D780163;83.18;100
D780164;83.18;100
D780165;83.18;100
D780166;83.18;100
D781631;152.30;100
D781635;152.30;100
D796123;1.71;1
D796125;1.71;1
D8671214;76.94;100
D900024;4.02;1
D900124;2.09;1
D910025;4.34;1
D910035;6.08;1
D910050;8.69;1
D910065;11.29;1
D971255;51.16;100
D981051;36.83;100
D981053;36.83;100
D981055;36.83;100
D981251;36.83;100
D981255;36.83;100
D990321;61.22;1
D990323;61.22;1
D990324;61.22;1
D991254;36.83;100
D991256;36.83;100
DC40012;100.65;100
DC40105;103.83;100
DC40125;106.49;100
DC40142;106.49;100
DC40512;111.83;100
DC50032;94.19;100
DC50033;82.09;100
DC50318;77.96;100
DC51134;97.15;100
DC53117;1.56;1
DC56512;120.06;100
DC56515;130.35;100
DC56531;118.69;100
DC56544;105.26;100
DC56590;122.80;100
I11094;11.59;100
I12478;100.03;1
I12479;100.03;1
I200010;18.79;1
I200012;16.60;1
I200013;13.29;1
I200014;22.68;1
I200015;17.16;1
I200016;3.56;1
I200017;3.90;1
I200020;11.50;1
I200021;11.50;1
I200022;14.38;1
I200023;14.38;1
I601251;20.66;1
I601255;20.66;1
I601551;22.09;1
I601555;22.09;1
I70404;0.93;1
I70500;0.68;1
I70501;0.68;1
I70502;0.68;1
I70503;0.68;1
I70504;1.38;1
I70505;0.68;1
I70614;0.93;1
I70615;0.93;1
I70632;0.93;1
I70633;0.93;1
I70636;2.78;1
I930014;1.38;1
I990001;28.43;1
K400132;24.66;1
K400133;26.19;1
K702501;16.50;1
K702505;16.60;1
K705607;21.09;1
K705608;14.90;1
L90152;42.43;100
L91156;1.16;1
MA3503;8.17;1
N103000;28.85;1
N103001;28.31;1
N123000;28.85;1
N123001;28.33;1
N19813;37.20;1
N19814;53.17;1
N19815;77.14;1
N19816;101.09;1
N19833;37.95;1
N19834;54.25;1
N19836;103.15;1
N19853;37.95;1
N19854;54.25;1
N19856;103.15;1
N19913;37.20;1
N19914;53.17;1
N19915;77.14;1
N19916;101.09;1
N19933;37.95;1
N19934;54.25;1
N19936;103.15;1
N20113;19.61;1
N20114;28.04;1
N20115;40.67;1
N20116;53.31;1
N20133;19.99;1
N20134;28.57;1
N20136;54.32;1
N20153;19.99;1
N20154;28.57;1
N20156;54.32;1
N20213;15.60;1
N20214;22.30;1
N20215;32.35;1
N20216;42.39;1
N20253;15.91;1
N20254;22.73;1
N20256;43.24;1
N20313;7.39;1
N20314;10.56;1
N20315;15.32;1
N20316;20.07;1
N20333;7.52;1
N20336;20.44;1
N20353;7.52;1
N20354;10.75;1
N20355;15.60;1
N20356;20.44;1
N20553;36.27;1
N20555;75.49;1
N20613;10.46;1
N20615;21.50;1
N20913;19.19;1
N20914;27.43;1
N20915;39.79;1
N20916;52.15;1
N20933;19.58;1
N20934;27.99;1
N20935;40.60;1
N20936;53.21;1
N20953;19.58;1
N20954;27.99;1
N20955;40.60;1
N20956;53.21;1
N21004;1.44;1
N21014;2.87;1
N21016;2.95;1
N21018;10.36;1
N21020;5.85;1
N21052;4.41;1
N21053;5.28;1
N21054;5.24;1
N21200;1.95;1
N21210;9.50;1
N21220;3.59;1
N21221;3.26;1
N21222;2.96;1
N21230;10.54;1
N22003;20.43;1
N22006;41.46;1
N22113;47.86;1
N22114;67.80;1
N22115;98.39;1
N22116;128.51;1
N22133;51.41;1
N22134;72.82;1
N22153;51.41;1
N22154;72.82;1
N22156;138.09;1
N22203;17.88;1
N22205;36.75;1
N22313;8.63;1
N22314;12.33;1
N22315;17.88;1
N22316;23.44;1
N22353;8.79;1
N22354;12.57;1
N22356;23.88;1
N22413;29.95;1
N22414;42.82;1
N22415;62.11;1
N22416;81.41;1
N22433;31.07;1
N22434;43.82;1
N22436;83.32;1
N22453;30.66;1
N22454;43.82;1
N22455;63.57;1
N22456;83.28;1
N300000;30.86;100
N400000;2.62;100
N520000;2.04;1
N520001;2.63;1
N520006;31.03;1
N520020;118.91;100
N525000;151.94;1
N625000;146.45;1
R100201;3.18;100
R100202;4.20;100
R100203;4.50;100
R100204;4.53;100
R100205;4.54;100
R100223;4.58;100
R100224;5.59;100
R100225;5.87;100
R100226;5.89;100
R100241;4.16;100
R100242;3.48;100
R100243;4.20;100
R100244;4.58;100
R100245;5.11;100
R100246;5.67;100
R100261;4.31;100
R100262;3.74;100
R100263;4.01;100
R100264;4.43;100
R100265;4.84;100
R100266;5.49;100
R100281;4.73;100
R100282;4.09;100
R100283;4.43;100
R100284;5.18;100
R100285;5.20;100
R100286;5.37;100
R100287;8.14;100
R100288;9.83;100
R100301;4.39;100
R100302;3.87;100
R100303;3.90;100
R100304;4.81;100
R100305;4.99;100
R100306;5.59;100
R100321;5.26;100
R100322;4.05;100
R100323;4.39;100
R100324;4.99;100
R100325;5.67;100
R100326;6.05;100
R100342;4.43;100
R100343;5.07;100
R100344;5.94;100
R100345;7.19;100
R100346;7.34;100
R100362;4.46;100
R100363;5.29;100
R100364;5.59;100
R100401;6.85;100
R100402;4.54;100
R100403;5.03;100
R100404;6.12;100
R100405;6.89;100
R100406;6.92;100
R20065;7.49;100
R40401;1.71;1
R50402;1.71;1
R65452;1.16;1
R99000;5.59;1
R99003;2.08;1
S30401;52.72;1
S30402;49.97;1
S30403;49.97;1
S30701;52.47;1
S30702;51.53;1
S30703;54.38;1
S30811;64.16;1
S30812;74.33;1
S30813;70.61;1
S30822;57.55;1
S30823;52.56;1
S30830;52.15;1
S30831;52.15;1
S30840;20.66;1
S30841;19.63;1
S30851;68.40;1
S30852;80.07;1
S30853;76.08;1
S30861;22.93;1
S30862;27.24;1
S30863;25.81;1
S30891;109.53;1
S30892;164.21;1
S30893;120.70;1
S30902;142.44;1
S30903;133.08;1
S30911;105.81;1
S30912;111.09;1
S30913;108.98;1
S30930;89.20;1
S30931;85.40;1
S31001;54.97;1
S31002;52.96;1
S31003;60.40;1
S31252;54.44;1
S31253;57.42;1
S31811;36.40;1
S31812;40.94;1
S31813;39.63;1
S31821;83.14;1
S31822;96.12;1
S31823;91.27;1
S32811;65.91;1
S32812;75.82;1
S32813;72.03;1
S34001;16.83;1
S34003;18.76;1
S34151;46.95;1
S34152;53.34;1
S34153;50.43;1
S34161;61.21;1
S34162;64.06;1
S34163;67.63;1
S345021;12.80;1
S345022;26.14;1
S345023;36.76;1
S345024;50.10;1
S345025;58.55;1
S36001;54.05;1
S37002;2.95;1
S37003;2.78;1
S37006;6.70;1
S37008;14.18;1
S37009;12.95;100
S37010;4.18;1
S37011;16.19;100
S37012;100.85;1
S37013;14.86;1
S37016;54.57;1
S37032;2.62;1
S37033;2.50;1
S37044;20.66;1
S37083;25.91;100
S38002;24.61;1
S38003;23.39;1
U42654;3.57;1
U42655;3.49;1
U42656;3.57;1
U42657;4.33;1
U42658;3.57;1
U42659;3.52;1
U42660;232.28;1
U42661;248.08;1
U42665;5.34;1
U42666;8.61;1
U42667;17.72;1
U42683;90.44;1
U42684;92.05;1
U42690;86.51;1
U42691;86.22;1
U42693;167.08;1
U42694;187.12;1
U42700;169.78;1
U42701;179.66;1
U42713;29.04;1
U42714;55.00;1
U42802;42.77;1
U42803;46.01;1
U42804;52.02;1
U42805;58.54;1
U42806;19.91;1
U42807;27.44;1
U42808;31.27;1
U42809;43.47;1
U42810;4.74;1
U42811;8.29;1
U42812;3.52;1
V80035;1608.14;1
V80040;1330.83;1
V90035;787.59;1
V90040;714.53;1
W001006;6.67;1
W9001;47.82;1
W9003;47.82;1
W9012;6.96;1
W902020;346.31;1
X106000;149.69;1
X11090;5.25;100
X11091;7.70;100
X11092;4.98;100
X202021;33.67;1
X202025;33.67;1
X28719;14.07;1
X335052;8.78;1
X335053;12.28;1
X335054;15.45;1
X34201;21.11;1
X34202;20.85;1
X34203;21.73;1
X34301;30.09;1
X34302;38.76;1
X34303;30.19;1
X40100;13.09;100
X40200;26.99;100
X42560;7.57;100
X42561;18.80;100
X42562;30.05;100
X42563;33.86;100
X43000;10.04;1
X542000;3.65;1
X543000;3.65;1
X557130;3.65;1
X557131;3.65;1
X60000;2521.90;1
X60010;29.39;1
X801920;3.95;1
X909682;5.37;1
X909683;8.13;1
X909684;9.17;1
X909686;9.68;1
X928704;21.81;1
X928705;20.74;1
X992304;11.32;1
X992351;2.81;1
X992424;39.85;100
X99977;1.39;1
